# mahimahi mm-link (Downlink) [/mnt/md3/xiangjie/ACE_evaluation/mahi_trace/rest-wifi_0.pitree-trace] > logs/mah.log
# command line: 'mm-link' '/mnt/md3/xiangjie/Mahimahi-Test/traces/24mbps.t' '/mnt/md3/xiangjie/ACE_evaluation/mahi_trace/rest-wifi_0.pitree-trace' '--downlink-log=logs/mah.log' '--downlink-queue=droptail' '--downlink-queue-args=packets=500' '--link-config=/home/xiangjie/sparkrtc/profix/good.conf'
# link_queue config: /home/xiangjie/sparkrtc/profix/good.conf
# link_queue params: delay_ms=5 loss_start_ms=250000 loss_duration_ms=0 loss_ratio=0
# queue: droptail [packets=500]
# init timestamp: 1772769929589
# base timestamp: 33
33 # 1504
33 # 1504
33 # 1504
34 # 1504
34 # 1504
35 # 1504
35 # 1504
35 # 1504
36 # 1504
36 # 1504
37 # 1504
37 # 1504
38 # 1504
38 # 1504
38 # 1504
39 # 1504
39 # 1504
40 # 1504
40 # 1504
40 # 1504
41 # 1504
41 # 1504
42 # 1504
42 # 1504
43 # 1504
43 # 1504
43 # 1504
44 # 1504
44 # 1504
45 # 1504
45 # 1504
45 # 1504
46 # 1504
46 # 1504
47 # 1504
47 # 1504
48 # 1504
48 # 1504
48 # 1504
49 # 1504
49 # 1504
50 # 1504
50 # 1504
51 # 1504
51 # 1504
51 # 1504
52 # 1504
52 # 1504
53 # 1504
53 # 1504
53 # 1504
54 # 1504
54 # 1504
55 # 1504
55 # 1504
56 # 1504
56 # 1504
56 # 1504
57 # 1504
57 # 1504
58 # 1504
58 # 1504
58 # 1504
59 # 1504
59 # 1504
60 # 1504
60 # 1504
61 # 1504
61 # 1504
61 # 1504
62 # 1504
62 # 1504
63 # 1504
63 # 1504
64 # 1504
64 # 1504
64 # 1504
65 # 1504
65 # 1504
66 # 1504
66 # 1504
66 # 1504
66 + 80 0
66 + 52 0
66 + 80 0
66 + 80 0
66 + 64 2685599368
67 # 1504
67 - 80 1 0
67 - 52 1 0
67 - 80 1 0
67 - 80 1 0
67 - 64 1 2685599368
67 # 1504
68 # 1504
68 # 1504
69 # 1504
69 # 1504
69 # 1504
70 # 1504
70 # 1504
71 # 1504
71 # 1504
71 # 1504
72 # 1504
72 # 1504
73 # 1504
73 # 1504
74 # 1504
74 # 1504
74 # 1504
75 # 1504
75 # 1504
76 # 1504
76 # 1504
77 # 1504
77 # 1504
77 # 1504
78 # 1504
78 # 1504
79 # 1504
79 # 1504
79 # 1504
80 # 1504
80 # 1504
81 # 1504
81 # 1504
82 # 1504
82 # 1504
82 # 1504
83 # 1504
83 # 1504
84 # 1504
84 # 1504
84 # 1504
85 # 1504
85 # 1504
86 # 1504
86 # 1504
87 # 1504
87 # 1504
87 # 1504
88 # 1504
88 # 1504
89 # 1504
89 # 1504
90 # 1504
90 # 1504
90 # 1504
91 # 1504
91 # 1504
92 # 1504
92 # 1504
92 # 1504
93 # 1504
93 # 1504
94 # 1504
94 # 1504
95 # 1504
95 # 1504
95 # 1504
96 # 1504
96 # 1504
97 # 1504
97 # 1504
97 # 1504
98 # 1504
98 # 1504
99 # 1504
99 # 1504
100 # 1504
100 # 1504
100 # 1504
101 # 1504
101 # 1504
101 + 56 2148532733
101 + 489 2149057021
102 # 1504
102 - 56 1 2148532733
102 - 489 1 2149057021
102 # 1504
103 # 1504
103 # 1504
103 # 1504
104 # 1504
104 # 1504
105 # 1504
105 # 1504
105 # 1504
106 # 1504
106 # 1504
107 # 1504
107 # 1504
108 # 1504
108 # 1504
108 # 1504
109 # 1504
109 # 1504
110 # 1504
110 # 1504
110 # 1504
111 # 1504
111 # 1504
112 # 1504
112 # 1504
113 # 1504
113 # 1504
113 # 1504
114 # 1504
114 # 1504
115 # 1504
115 # 1504
115 # 1504
116 # 1504
116 # 1504
117 # 1504
117 # 1504
118 # 1504
118 # 1504
118 # 1504
119 # 1504
119 # 1504
120 # 1504
120 # 1504
121 # 1504
121 # 1504
121 # 1504
122 # 1504
122 # 1504
123 # 1504
123 # 1504
123 # 1504
124 # 1504
124 # 1504
125 # 1504
125 # 1504
126 # 1504
126 # 1504
126 # 1504
127 # 1504
127 # 1504
128 # 1504
128 # 1504
128 # 1504
129 # 1504
129 # 1504
130 # 1504
130 # 1504
131 # 1504
131 # 1504
131 # 1504
132 # 1504
132 # 1504
133 # 1504
133 # 1504
134 # 1504
134 # 1504
134 # 1504
135 # 1504
135 # 1504
136 # 1504
136 # 1504
136 # 1504
137 # 1504
137 # 1504
138 # 1504
138 # 1504
139 # 1504
139 # 1504
139 # 1504
140 # 1504
140 # 1504
141 # 1504
141 # 1504
141 # 1504
142 # 1504
142 # 1504
143 # 1504
143 # 1504
144 # 1504
144 # 1504
144 # 1504
145 # 1504
145 # 1504
146 # 1504
146 # 1504
147 # 1504
147 # 1504
147 # 1504
148 # 1504
148 # 1504
149 # 1504
149 # 1504
149 # 1504
150 # 1504
150 # 1504
151 # 1504
151 # 1504
152 # 1504
152 # 1504
152 # 1504
152 + 56 2148598269
152 + 64 2685599368
153 # 1504
153 - 56 1 2148598269
153 - 64 1 2685599368
153 # 1504
154 # 1504
154 # 1504
154 # 1504
155 # 1504
155 # 1504
156 # 1504
156 # 1504
157 # 1504
157 # 1504
157 # 1504
158 # 1504
158 # 1504
159 # 1504
159 # 1504
160 # 1504
160 # 1504
160 # 1504
161 # 1504
161 # 1504
162 # 1504
162 # 1504
162 # 1504
163 # 1504
163 # 1504
164 # 1504
164 # 1504
165 # 1504
165 # 1504
165 # 1504
166 # 1504
166 # 1504
167 # 1504
167 # 1504
167 # 1504
168 # 1504
168 # 1504
169 # 1504
169 # 1504
170 # 1504
170 # 1504
170 # 1504
171 # 1504
171 # 1504
172 # 1504
172 # 1504
173 # 1504
173 # 1504
173 # 1504
174 # 1504
174 # 1504
175 # 1504
175 # 1504
175 # 1504
176 # 1504
176 # 1504
177 # 1504
177 # 1504
178 # 1504
178 # 1504
178 # 1504
179 # 1504
179 # 1504
180 # 1504
180 # 1504
180 # 1504
181 # 1504
181 # 1504
182 # 1504
182 # 1504
183 # 1504
183 # 1504
183 # 1504
184 # 1504
184 # 1504
185 # 1504
185 # 1504
185 # 1504
186 # 1504
186 # 1504
187 # 1504
187 # 1504
188 # 1504
188 # 1504
188 # 1504
189 # 1504
189 # 1504
190 # 1504
190 # 1504
191 # 1504
191 # 1504
191 # 1504
192 # 1504
192 # 1504
193 # 1504
193 # 1504
193 # 1504
194 # 1504
194 # 1504
195 # 1504
195 # 1504
196 # 1504
196 # 1504
196 # 1504
197 # 1504
197 # 1504
198 # 1504
198 # 1504
198 # 1504
199 # 1504
199 # 1504
200 # 1504
200 # 1504
201 # 1504
201 # 1504
201 # 1504
202 # 1504
202 # 1504
202 + 56 2148532733
203 # 1504
203 - 56 1 2148532733
203 # 1504
204 # 1504
204 # 1504
204 # 1504
205 # 1504
205 # 1504
206 # 1504
206 # 1504
206 # 1504
207 # 1504
207 # 1504
208 # 1504
208 # 1504
209 # 1504
209 # 1504
209 # 1504
210 # 1504
210 # 1504
211 # 1504
211 # 1504
211 # 1504
212 # 1504
212 # 1504
213 # 1504
213 # 1504
214 # 1504
214 # 1504
214 # 1504
215 # 1504
215 # 1504
216 # 1504
216 # 1504
217 # 1504
217 # 1504
217 # 1504
218 # 1504
218 # 1504
219 # 1504
219 # 1504
219 # 1504
220 # 1504
220 # 1504
221 # 1504
221 # 1504
222 # 1504
222 # 1504
222 # 1504
223 # 1504
223 # 1504
224 # 1504
224 # 1504
224 # 1504
225 # 1504
225 # 1504
226 # 1504
226 # 1504
227 # 1504
227 # 1504
227 # 1504
228 # 1504
228 # 1504
229 # 1504
229 # 1504
230 # 1504
230 # 1504
230 # 1504
231 # 1504
231 # 1504
232 # 1504
232 # 1504
232 # 1504
233 # 1504
233 # 1504
233 # 1504
234 # 1504
235 # 1504
236 # 1504
237 # 1504
238 # 1504
239 # 1504
240 # 1504
242 # 1504
243 # 1504
244 # 1504
245 # 1504
246 # 1504
247 # 1504
248 # 1504
249 # 1504
250 # 1504
251 # 1504
252 # 1504
253 # 1504
254 # 1504
255 # 1504
256 # 1504
258 # 1504
259 # 1504
260 # 1504
261 # 1504
262 # 1504
263 # 1504
264 # 1504
265 # 1504
266 # 1504
267 # 1504
268 # 1504
269 # 1504
270 # 1504
271 # 1504
272 # 1504
274 # 1504
275 # 1504
276 # 1504
277 # 1504
278 # 1504
279 # 1504
280 # 1504
281 # 1504
282 # 1504
283 # 1504
284 # 1504
285 # 1504
286 # 1504
287 # 1504
288 # 1504
290 # 1504
291 # 1504
292 # 1504
293 # 1504
294 # 1504
295 # 1504
296 # 1504
297 # 1504
298 # 1504
299 # 1504
300 # 1504
301 # 1504
302 # 1504
303 # 1504
305 # 1504
306 # 1504
307 # 1504
308 # 1504
309 # 1504
310 # 1504
311 # 1504
312 # 1504
313 # 1504
314 # 1504
315 # 1504
316 # 1504
317 # 1504
318 # 1504
319 # 1504
321 # 1504
322 # 1504
323 # 1504
324 # 1504
325 # 1504
326 # 1504
327 # 1504
328 # 1504
329 # 1504
330 # 1504
331 # 1504
332 # 1504
333 # 1504
334 # 1504
335 # 1504
337 # 1504
338 # 1504
339 # 1504
340 # 1504
341 # 1504
342 # 1504
343 # 1504
344 # 1504
345 # 1504
346 # 1504
347 # 1504
348 # 1504
349 # 1504
350 # 1504
351 # 1504
353 # 1504
354 # 1504
355 # 1504
356 # 1504
357 # 1504
358 # 1504
359 # 1504
360 # 1504
361 # 1504
362 # 1504
363 # 1504
364 # 1504
365 # 1504
366 # 1504
367 # 1504
369 # 1504
370 # 1504
371 # 1504
372 # 1504
373 # 1504
374 # 1504
375 # 1504
376 # 1504
377 # 1504
378 # 1504
379 # 1504
380 # 1504
381 # 1504
382 # 1504
383 # 1504
385 # 1504
386 # 1504
387 # 1504
388 # 1504
389 # 1504
390 # 1504
391 # 1504
392 # 1504
393 # 1504
394 # 1504
395 # 1504
396 # 1504
397 # 1504
398 # 1504
399 # 1504
401 # 1504
402 # 1504
403 # 1504
404 # 1504
405 # 1504
406 # 1504
407 # 1504
408 # 1504
409 # 1504
410 # 1504
411 # 1504
412 # 1504
413 # 1504
414 # 1504
415 # 1504
417 # 1504
418 # 1504
419 # 1504
420 # 1504
421 # 1504
422 # 1504
423 # 1504
424 # 1504
425 # 1504
426 # 1504
427 # 1504
428 # 1504
429 # 1504
430 # 1504
431 # 1504
433 # 1504
433 # 1504
433 # 1504
434 # 1504
434 # 1504
435 # 1504
435 # 1504
436 # 1504
436 # 1504
437 # 1504
437 # 1504
438 # 1504
438 # 1504
439 # 1504
440 # 1504
440 # 1504
441 # 1504
441 # 1504
442 # 1504
442 # 1504
443 # 1504
443 # 1504
444 # 1504
444 # 1504
445 # 1504
445 # 1504
446 # 1504
446 # 1504
447 # 1504
448 # 1504
448 # 1504
449 # 1504
449 # 1504
450 # 1504
450 # 1504
451 # 1504
451 # 1504
452 # 1504
452 # 1504
453 # 1504
453 # 1504
454 # 1504
455 # 1504
455 # 1504
456 # 1504
456 # 1504
457 # 1504
457 # 1504
458 # 1504
458 # 1504
459 # 1504
459 # 1504
460 # 1504
460 # 1504
461 # 1504
461 # 1504
462 # 1504
463 # 1504
463 # 1504
464 # 1504
464 # 1504
465 # 1504
465 # 1504
466 # 1504
466 # 1504
467 # 1504
467 # 1504
468 # 1504
468 # 1504
469 # 1504
470 # 1504
470 # 1504
471 # 1504
471 # 1504
472 # 1504
472 # 1504
473 # 1504
473 # 1504
474 # 1504
474 # 1504
475 # 1504
475 # 1504
476 # 1504
476 # 1504
477 # 1504
478 # 1504
478 # 1504
479 # 1504
479 # 1504
480 # 1504
480 # 1504
481 # 1504
481 # 1504
482 # 1504
482 # 1504
483 # 1504
483 # 1504
484 # 1504
485 # 1504
485 # 1504
486 # 1504
486 # 1504
487 # 1504
487 # 1504
488 # 1504
488 # 1504
489 # 1504
489 # 1504
490 # 1504
490 # 1504
491 # 1504
492 # 1504
492 # 1504
493 # 1504
493 # 1504
494 # 1504
494 # 1504
495 # 1504
495 # 1504
496 # 1504
496 # 1504
497 # 1504
497 # 1504
498 # 1504
498 # 1504
499 # 1504
500 # 1504
500 # 1504
501 # 1504
501 # 1504
502 # 1504
502 # 1504
503 # 1504
503 # 1504
504 # 1504
504 # 1504
505 # 1504
505 # 1504
506 # 1504
507 # 1504
507 # 1504
508 # 1504
508 # 1504
509 # 1504
509 # 1504
510 # 1504
510 # 1504
511 # 1504
511 # 1504
512 # 1504
512 # 1504
513 # 1504
513 # 1504
514 # 1504
515 # 1504
515 # 1504
516 # 1504
516 # 1504
517 # 1504
517 # 1504
518 # 1504
518 # 1504
519 # 1504
519 # 1504
520 # 1504
520 # 1504
521 # 1504
522 # 1504
522 # 1504
523 # 1504
523 # 1504
524 # 1504
524 # 1504
525 # 1504
525 # 1504
526 # 1504
526 # 1504
527 # 1504
527 # 1504
528 # 1504
528 # 1504
529 # 1504
530 # 1504
530 # 1504
531 # 1504
531 # 1504
532 # 1504
532 # 1504
533 # 1504
533 # 1504
534 # 1504
534 # 1504
535 # 1504
535 # 1504
536 # 1504
537 # 1504
537 # 1504
538 # 1504
538 # 1504
539 # 1504
539 # 1504
540 # 1504
540 # 1504
541 # 1504
541 # 1504
542 # 1504
542 # 1504
543 # 1504
543 # 1504
544 # 1504
545 # 1504
545 # 1504
546 # 1504
546 # 1504
547 # 1504
547 # 1504
548 # 1504
548 # 1504
549 # 1504
549 # 1504
550 # 1504
550 # 1504
551 # 1504
552 # 1504
552 # 1504
553 # 1504
553 # 1504
554 # 1504
554 # 1504
555 # 1504
555 # 1504
556 # 1504
556 # 1504
557 # 1504
557 # 1504
558 # 1504
558 # 1504
559 # 1504
560 # 1504
560 # 1504
561 # 1504
561 # 1504
562 # 1504
562 # 1504
563 # 1504
563 # 1504
564 # 1504
564 # 1504
565 # 1504
565 # 1504
566 # 1504
567 # 1504
567 # 1504
568 # 1504
568 # 1504
569 # 1504
569 # 1504
570 # 1504
570 # 1504
571 # 1504
571 # 1504
572 # 1504
572 # 1504
573 # 1504
574 # 1504
574 # 1504
575 # 1504
575 # 1504
576 # 1504
576 # 1504
577 # 1504
577 # 1504
578 # 1504
578 # 1504
579 # 1504
579 # 1504
580 # 1504
580 # 1504
581 # 1504
582 # 1504
582 # 1504
583 # 1504
583 # 1504
584 # 1504
584 # 1504
585 # 1504
585 # 1504
586 # 1504
586 # 1504
587 # 1504
587 # 1504
588 # 1504
589 # 1504
589 # 1504
590 # 1504
590 # 1504
591 # 1504
591 # 1504
592 # 1504
592 # 1504
593 # 1504
593 # 1504
594 # 1504
594 # 1504
595 # 1504
595 # 1504
596 # 1504
597 # 1504
597 # 1504
598 # 1504
598 # 1504
599 # 1504
599 # 1504
600 # 1504
600 # 1504
601 # 1504
601 # 1504
602 # 1504
602 # 1504
603 # 1504
604 # 1504
604 # 1504
605 # 1504
605 # 1504
606 # 1504
606 # 1504
607 # 1504
607 # 1504
608 # 1504
608 # 1504
609 # 1504
609 # 1504
610 # 1504
610 # 1504
611 # 1504
612 # 1504
612 # 1504
613 # 1504
613 # 1504
614 # 1504
614 # 1504
615 # 1504
615 # 1504
616 # 1504
616 # 1504
617 # 1504
617 # 1504
618 # 1504
619 # 1504
619 # 1504
620 # 1504
620 # 1504
621 # 1504
621 # 1504
622 # 1504
622 # 1504
623 # 1504
623 # 1504
624 # 1504
624 # 1504
625 # 1504
625 # 1504
626 # 1504
627 # 1504
627 # 1504
628 # 1504
628 # 1504
629 # 1504
629 # 1504
630 # 1504
630 # 1504
631 # 1504
631 # 1504
632 # 1504
632 # 1504
633 # 1504
634 # 1504
634 # 1504
634 # 1504
634 # 1504
635 # 1504
635 # 1504
635 # 1504
636 # 1504
636 # 1504
637 # 1504
637 # 1504
638 # 1504
638 # 1504
639 # 1504
639 # 1504
640 # 1504
640 # 1504
640 # 1504
641 # 1504
641 # 1504
642 # 1504
642 # 1504
643 # 1504
643 # 1504
644 # 1504
644 # 1504
645 # 1504
645 # 1504
646 # 1504
646 # 1504
646 # 1504
647 # 1504
647 # 1504
648 # 1504
648 # 1504
649 # 1504
649 # 1504
650 # 1504
650 # 1504
651 # 1504
651 # 1504
651 # 1504
652 # 1504
652 # 1504
653 # 1504
653 # 1504
654 # 1504
654 # 1504
655 # 1504
655 # 1504
656 # 1504
656 # 1504
657 # 1504
657 # 1504
657 # 1504
658 # 1504
658 # 1504
659 # 1504
659 # 1504
660 # 1504
660 # 1504
661 # 1504
661 # 1504
662 # 1504
662 # 1504
662 # 1504
663 # 1504
663 # 1504
664 # 1504
664 # 1504
665 # 1504
665 # 1504
666 # 1504
666 # 1504
667 # 1504
667 # 1504
668 # 1504
668 # 1504
668 # 1504
669 # 1504
669 # 1504
670 # 1504
670 # 1504
671 # 1504
671 # 1504
672 # 1504
672 # 1504
673 # 1504
673 # 1504
673 # 1504
674 # 1504
674 # 1504
675 # 1504
675 # 1504
676 # 1504
676 # 1504
677 # 1504
677 # 1504
678 # 1504
678 # 1504
679 # 1504
679 # 1504
679 # 1504
680 # 1504
680 # 1504
681 # 1504
681 # 1504
682 # 1504
682 # 1504
683 # 1504
683 # 1504
684 # 1504
684 # 1504
684 # 1504
685 # 1504
685 # 1504
686 # 1504
686 # 1504
687 # 1504
687 # 1504
688 # 1504
688 # 1504
689 # 1504
689 # 1504
690 # 1504
690 # 1504
690 # 1504
691 # 1504
691 # 1504
692 # 1504
692 # 1504
693 # 1504
693 # 1504
694 # 1504
694 # 1504
695 # 1504
695 # 1504
695 # 1504
696 # 1504
696 # 1504
697 # 1504
697 # 1504
698 # 1504
698 # 1504
699 # 1504
699 # 1504
700 # 1504
700 # 1504
701 # 1504
701 # 1504
701 # 1504
702 # 1504
702 # 1504
703 # 1504
703 # 1504
704 # 1504
704 # 1504
705 # 1504
705 # 1504
706 # 1504
706 # 1504
706 # 1504
707 # 1504
707 # 1504
708 # 1504
708 # 1504
709 # 1504
709 # 1504
710 # 1504
710 # 1504
711 # 1504
711 # 1504
712 # 1504
712 # 1504
712 # 1504
713 # 1504
713 # 1504
714 # 1504
714 # 1504
715 # 1504
715 # 1504
716 # 1504
716 # 1504
717 # 1504
717 # 1504
717 # 1504
718 # 1504
718 # 1504
719 # 1504
719 # 1504
720 # 1504
720 # 1504
721 # 1504
721 # 1504
722 # 1504
722 # 1504
723 # 1504
723 # 1504
723 # 1504
724 # 1504
724 # 1504
725 # 1504
725 # 1504
726 # 1504
726 # 1504
727 # 1504
727 # 1504
728 # 1504
728 # 1504
729 # 1504
729 # 1504
729 # 1504
730 # 1504
730 # 1504
731 # 1504
731 # 1504
732 # 1504
732 # 1504
733 # 1504
733 # 1504
734 # 1504
734 # 1504
734 # 1504
735 # 1504
735 # 1504
736 # 1504
736 # 1504
737 # 1504
737 # 1504
738 # 1504
738 # 1504
739 # 1504
739 # 1504
740 # 1504
740 # 1504
740 # 1504
741 # 1504
741 # 1504
742 # 1504
742 # 1504
743 # 1504
743 # 1504
744 # 1504
744 # 1504
745 # 1504
745 # 1504
745 # 1504
746 # 1504
746 # 1504
747 # 1504
747 # 1504
748 # 1504
748 # 1504
749 # 1504
749 # 1504
750 # 1504
750 # 1504
751 # 1504
751 # 1504
751 # 1504
752 # 1504
752 # 1504
753 # 1504
753 # 1504
753 + 80 0
754 # 1504
754 - 80 1 0
754 # 1504
755 # 1504
755 # 1504
756 # 1504
756 # 1504
756 # 1504
757 # 1504
757 # 1504
758 # 1504
758 # 1504
759 # 1504
759 # 1504
760 # 1504
760 # 1504
761 # 1504
761 # 1504
762 # 1504
762 # 1504
762 # 1504
763 # 1504
763 # 1504
764 # 1504
764 # 1504
765 # 1504
765 # 1504
766 # 1504
766 # 1504
767 # 1504
767 # 1504
767 # 1504
768 # 1504
768 # 1504
769 # 1504
769 # 1504
770 # 1504
770 # 1504
771 # 1504
771 # 1504
772 # 1504
772 # 1504
773 # 1504
773 # 1504
773 # 1504
774 # 1504
774 # 1504
775 # 1504
775 # 1504
776 # 1504
776 # 1504
777 # 1504
777 # 1504
778 # 1504
778 # 1504
778 # 1504
779 # 1504
779 # 1504
780 # 1504
780 # 1504
781 # 1504
781 # 1504
782 # 1504
782 # 1504
783 # 1504
783 # 1504
784 # 1504
784 # 1504
784 # 1504
785 # 1504
785 # 1504
786 # 1504
786 # 1504
787 # 1504
787 # 1504
788 # 1504
788 # 1504
789 # 1504
789 # 1504
789 # 1504
790 # 1504
790 # 1504
791 # 1504
791 # 1504
792 # 1504
792 # 1504
793 # 1504
793 # 1504
794 # 1504
794 # 1504
795 # 1504
795 # 1504
795 # 1504
796 # 1504
796 # 1504
797 # 1504
797 # 1504
798 # 1504
798 # 1504
799 # 1504
799 # 1504
800 # 1504
800 # 1504
800 # 1504
801 # 1504
801 # 1504
802 # 1504
802 # 1504
803 # 1504
803 # 1504
804 # 1504
804 # 1504
805 # 1504
805 # 1504
806 # 1504
806 # 1504
806 # 1504
807 # 1504
807 # 1504
808 # 1504
808 # 1504
809 # 1504
809 # 1504
810 # 1504
810 # 1504
811 # 1504
811 # 1504
811 # 1504
812 # 1504
812 # 1504
813 # 1504
813 # 1504
814 # 1504
814 # 1504
815 # 1504
815 # 1504
816 # 1504
816 # 1504
817 # 1504
817 # 1504
817 # 1504
818 # 1504
818 # 1504
819 # 1504
819 # 1504
820 # 1504
820 # 1504
821 # 1504
821 # 1504
822 # 1504
822 # 1504
823 # 1504
823 # 1504
823 # 1504
824 # 1504
824 # 1504
825 # 1504
825 # 1504
826 # 1504
826 # 1504
827 # 1504
827 # 1504
828 # 1504
828 # 1504
828 # 1504
829 # 1504
829 # 1504
830 # 1504
830 # 1504
831 # 1504
831 # 1504
832 # 1504
832 # 1504
833 # 1504
833 # 1504
834 # 1504
834 # 1504
834 # 1504
834 # 1504
835 # 1504
835 # 1504
836 # 1504
837 # 1504
837 # 1504
838 # 1504
838 # 1504
839 # 1504
840 # 1504
840 # 1504
841 # 1504
842 # 1504
842 # 1504
843 # 1504
843 # 1504
844 # 1504
845 # 1504
845 # 1504
846 # 1504
847 # 1504
847 # 1504
848 # 1504
848 # 1504
849 # 1504
850 # 1504
850 # 1504
851 # 1504
852 # 1504
852 # 1504
853 # 1504
853 # 1504
854 # 1504
855 # 1504
855 # 1504
856 # 1504
857 # 1504
857 # 1504
858 # 1504
858 # 1504
859 # 1504
860 # 1504
860 # 1504
861 # 1504
862 # 1504
862 # 1504
863 # 1504
864 # 1504
864 # 1504
865 # 1504
865 # 1504
866 # 1504
867 # 1504
867 # 1504
868 # 1504
869 # 1504
869 # 1504
870 # 1504
870 # 1504
871 # 1504
872 # 1504
872 # 1504
873 # 1504
874 # 1504
874 # 1504
875 # 1504
875 # 1504
876 # 1504
877 # 1504
877 # 1504
878 # 1504
879 # 1504
879 # 1504
880 # 1504
880 # 1504
881 # 1504
882 # 1504
882 # 1504
883 # 1504
884 # 1504
884 # 1504
885 # 1504
885 # 1504
886 # 1504
887 # 1504
887 # 1504
888 # 1504
889 # 1504
889 # 1504
890 # 1504
891 # 1504
891 # 1504
892 # 1504
892 # 1504
893 # 1504
894 # 1504
894 # 1504
895 # 1504
896 # 1504
896 # 1504
897 # 1504
897 # 1504
898 # 1504
899 # 1504
899 # 1504
900 # 1504
901 # 1504
901 # 1504
902 # 1504
902 # 1504
903 # 1504
904 # 1504
904 # 1504
905 # 1504
906 # 1504
906 # 1504
907 # 1504
907 # 1504
908 # 1504
909 # 1504
909 # 1504
910 # 1504
911 # 1504
911 # 1504
912 # 1504
912 # 1504
913 # 1504
914 # 1504
914 # 1504
915 # 1504
916 # 1504
916 # 1504
917 # 1504
917 # 1504
918 # 1504
919 # 1504
919 # 1504
920 # 1504
921 # 1504
921 # 1504
922 # 1504
923 # 1504
923 # 1504
924 # 1504
924 # 1504
925 # 1504
926 # 1504
926 # 1504
927 # 1504
928 # 1504
928 # 1504
929 # 1504
929 # 1504
930 # 1504
931 # 1504
931 # 1504
932 # 1504
933 # 1504
933 # 1504
934 # 1504
934 # 1504
935 # 1504
936 # 1504
936 # 1504
937 # 1504
938 # 1504
938 # 1504
939 # 1504
939 # 1504
940 # 1504
941 # 1504
941 # 1504
942 # 1504
943 # 1504
943 # 1504
944 # 1504
944 # 1504
945 # 1504
946 # 1504
946 # 1504
947 # 1504
948 # 1504
948 # 1504
949 # 1504
949 # 1504
950 # 1504
951 # 1504
951 # 1504
952 # 1504
953 # 1504
953 # 1504
954 # 1504
955 # 1504
955 # 1504
956 # 1504
956 # 1504
957 # 1504
958 # 1504
958 # 1504
959 # 1504
960 # 1504
960 # 1504
961 # 1504
961 # 1504
962 # 1504
963 # 1504
963 # 1504
964 # 1504
965 # 1504
965 # 1504
966 # 1504
966 # 1504
967 # 1504
968 # 1504
968 # 1504
969 # 1504
970 # 1504
970 # 1504
971 # 1504
971 # 1504
972 # 1504
973 # 1504
973 # 1504
974 # 1504
975 # 1504
975 # 1504
976 # 1504
976 # 1504
977 # 1504
978 # 1504
978 # 1504
979 # 1504
980 # 1504
980 # 1504
981 # 1504
982 # 1504
982 # 1504
983 # 1504
983 # 1504
984 # 1504
985 # 1504
985 # 1504
986 # 1504
987 # 1504
987 # 1504
988 # 1504
988 # 1504
989 # 1504
990 # 1504
990 # 1504
991 # 1504
992 # 1504
992 # 1504
993 # 1504
993 # 1504
994 # 1504
995 # 1504
995 # 1504
996 # 1504
997 # 1504
997 # 1504
998 # 1504
998 # 1504
999 # 1504
1000 # 1504
1000 # 1504
1001 # 1504
1002 # 1504
1002 # 1504
1003 # 1504
1003 # 1504
1004 # 1504
1005 # 1504
1005 # 1504
1006 # 1504
1007 # 1504
1007 # 1504
1008 # 1504
1008 # 1504
1009 # 1504
1010 # 1504
1010 # 1504
1011 # 1504
1012 # 1504
1012 # 1504
1013 # 1504
1014 # 1504
1014 # 1504
1015 # 1504
1015 # 1504
1016 # 1504
1017 # 1504
1017 # 1504
1018 # 1504
1019 # 1504
1019 # 1504
1020 # 1504
1020 # 1504
1021 # 1504
1022 # 1504
1022 # 1504
1023 # 1504
1024 # 1504
1024 # 1504
1025 # 1504
1025 # 1504
1026 # 1504
1027 # 1504
1027 # 1504
1028 # 1504
1029 # 1504
1029 # 1504
1030 # 1504
1030 # 1504
1031 # 1504
1032 # 1504
1032 # 1504
1033 # 1504
1034 # 1504
1034 # 1504
1035 # 1504
1035 # 1504
1036 # 1504
1050 # 1504
1052 + 486 2149057021
1091 # 1504
1091 - 486 39 2149057021
1103 + 56 2148598269
1103 + 64 2685599368
1132 # 1504
1132 - 56 29 2148598269
1132 - 64 29 2685599368
1154 + 56 2148532733
1173 # 1504
1173 - 56 19 2148532733
1214 # 1504
1236 + 1504 2148532733
1236 + 1504 2149057021
1236 + 964 2149057021
1237 # 1504
1237 - 1504 1 2148532733
1237 # 1504
1237 - 1504 1 2149057021
1238 # 1504
1238 - 964 2 2149057021
1238 # 1504
1239 # 1504
1239 # 1504
1240 # 1504
1241 # 1504
1241 # 1504
1242 # 1504
1242 # 1504
1243 # 1504
1243 # 1504
1244 # 1504
1244 # 1504
1245 # 1504
1246 # 1504
1246 # 1504
1247 # 1504
1247 # 1504
1248 # 1504
1248 # 1504
1249 # 1504
1249 # 1504
1250 # 1504
1250 # 1504
1251 # 1504
1252 # 1504
1252 # 1504
1253 # 1504
1253 # 1504
1253 + 56 2148598269
1253 + 64 2685599368
1254 # 1504
1254 - 56 1 2148598269
1254 - 64 1 2685599368
1254 # 1504
1255 # 1504
1255 # 1504
1256 # 1504
1256 # 1504
1257 # 1504
1258 # 1504
1258 # 1504
1259 # 1504
1259 # 1504
1260 # 1504
1260 # 1504
1261 # 1504
1261 # 1504
1262 # 1504
1263 # 1504
1263 # 1504
1264 # 1504
1264 # 1504
1265 # 1504
1265 # 1504
1266 # 1504
1266 # 1504
1267 # 1504
1267 # 1504
1268 # 1504
1269 # 1504
1269 # 1504
1270 # 1504
1270 # 1504
1271 # 1504
1271 # 1504
1272 # 1504
1272 # 1504
1273 # 1504
1273 # 1504
1274 # 1504
1275 # 1504
1275 # 1504
1276 # 1504
1276 # 1504
1277 # 1504
1277 # 1504
1278 # 1504
1278 # 1504
1279 # 1504
1280 # 1504
1280 # 1504
1281 # 1504
1281 # 1504
1282 # 1504
1282 # 1504
1283 # 1504
1283 # 1504
1284 # 1504
1284 # 1504
1285 # 1504
1286 # 1504
1286 # 1504
1287 # 1504
1287 # 1504
1288 # 1504
1288 # 1504
1289 # 1504
1289 # 1504
1290 # 1504
1290 # 1504
1291 # 1504
1292 # 1504
1292 # 1504
1293 # 1504
1293 # 1504
1294 # 1504
1294 # 1504
1295 # 1504
1295 # 1504
1296 # 1504
1297 # 1504
1297 # 1504
1298 # 1504
1298 # 1504
1299 # 1504
1299 # 1504
1300 # 1504
1300 # 1504
1301 # 1504
1301 # 1504
1302 # 1504
1303 # 1504
1303 # 1504
1304 # 1504
1304 # 1504
1305 # 1504
1305 # 1504
1306 # 1504
1306 # 1504
1307 # 1504
1307 # 1504
1308 # 1504
1309 # 1504
1309 # 1504
1310 # 1504
1310 # 1504
1311 # 1504
1311 # 1504
1312 # 1504
1312 # 1504
1313 # 1504
1314 # 1504
1314 # 1504
1315 # 1504
1315 # 1504
1316 # 1504
1316 # 1504
1317 # 1504
1317 # 1504
1318 # 1504
1318 # 1504
1319 # 1504
1320 # 1504
1320 # 1504
1321 # 1504
1321 # 1504
1322 # 1504
1322 # 1504
1323 # 1504
1323 # 1504
1324 # 1504
1324 # 1504
1325 # 1504
1326 # 1504
1326 # 1504
1327 # 1504
1327 # 1504
1328 # 1504
1328 # 1504
1329 # 1504
1329 # 1504
1330 # 1504
1331 # 1504
1331 # 1504
1332 # 1504
1332 # 1504
1333 # 1504
1333 # 1504
1334 # 1504
1334 # 1504
1335 # 1504
1335 # 1504
1336 # 1504
1337 # 1504
1337 # 1504
1338 # 1504
1338 # 1504
1339 # 1504
1339 # 1504
1340 # 1504
1340 # 1504
1341 # 1504
1341 # 1504
1342 # 1504
1343 # 1504
1343 # 1504
1344 # 1504
1344 # 1504
1345 # 1504
1345 # 1504
1346 # 1504
1346 # 1504
1347 # 1504
1348 # 1504
1348 # 1504
1349 # 1504
1349 # 1504
1350 # 1504
1350 # 1504
1351 # 1504
1351 # 1504
1352 # 1504
1352 # 1504
1353 # 1504
1354 # 1504
1354 # 1504
1355 # 1504
1355 # 1504
1356 # 1504
1356 # 1504
1357 # 1504
1357 # 1504
1358 # 1504
1358 # 1504
1359 # 1504
1360 # 1504
1360 # 1504
1361 # 1504
1361 # 1504
1362 # 1504
1362 # 1504
1363 # 1504
1363 # 1504
1364 # 1504
1365 # 1504
1365 # 1504
1366 # 1504
1366 # 1504
1367 # 1504
1367 # 1504
1368 # 1504
1368 # 1504
1369 # 1504
1369 # 1504
1370 # 1504
1371 # 1504
1371 # 1504
1372 # 1504
1372 # 1504
1373 # 1504
1373 # 1504
1374 # 1504
1374 # 1504
1375 # 1504
1375 # 1504
1376 # 1504
1377 # 1504
1377 # 1504
1378 # 1504
1378 # 1504
1379 # 1504
1379 # 1504
1380 # 1504
1380 # 1504
1381 # 1504
1382 # 1504
1382 # 1504
1383 # 1504
1383 # 1504
1384 # 1504
1384 # 1504
1385 # 1504
1385 # 1504
1386 # 1504
1386 # 1504
1387 # 1504
1388 # 1504
1388 # 1504
1389 # 1504
1389 # 1504
1390 # 1504
1390 # 1504
1391 # 1504
1391 # 1504
1392 # 1504
1392 # 1504
1393 # 1504
1394 # 1504
1394 # 1504
1395 # 1504
1395 # 1504
1396 # 1504
1396 # 1504
1397 # 1504
1397 # 1504
1398 # 1504
1399 # 1504
1399 # 1504
1400 # 1504
1400 # 1504
1401 # 1504
1401 # 1504
1402 # 1504
1402 # 1504
1403 # 1504
1403 # 1504
1404 # 1504
1405 # 1504
1405 # 1504
1406 # 1504
1406 # 1504
1407 # 1504
1407 # 1504
1408 # 1504
1408 # 1504
1409 # 1504
1409 # 1504
1410 # 1504
1411 # 1504
1411 # 1504
1412 # 1504
1412 # 1504
1413 # 1504
1413 # 1504
1414 # 1504
1414 # 1504
1415 # 1504
1416 # 1504
1416 # 1504
1417 # 1504
1417 # 1504
1418 # 1504
1418 # 1504
1419 # 1504
1419 # 1504
1420 # 1504
1420 # 1504
1421 # 1504
1422 # 1504
1422 # 1504
1423 # 1504
1423 # 1504
1424 # 1504
1424 # 1504
1425 # 1504
1425 # 1504
1426 # 1504
1426 # 1504
1427 # 1504
1428 # 1504
1428 # 1504
1429 # 1504
1429 # 1504
1430 # 1504
1430 # 1504
1431 # 1504
1431 # 1504
1432 # 1504
1433 # 1504
1433 # 1504
1434 # 1504
1434 # 1504
1435 # 1504
1435 # 1504
1436 # 1504
1436 # 1504
1437 # 1504
1437 # 1504
1438 # 1504
1439 # 1504
1439 # 1504
1440 # 1504
1440 # 1504
1441 # 1504
1441 # 1504
1442 # 1504
1442 # 1504
1443 # 1504
1443 # 1504
1444 # 1504
1445 # 1504
1445 # 1504
1446 # 1504
1446 # 1504
1447 # 1504
1447 # 1504
1448 # 1504
1448 # 1504
1449 # 1504
1450 # 1504
1450 # 1504
1451 # 1504
1451 # 1504
1452 # 1504
1452 # 1504
1453 # 1504
1453 # 1504
1454 # 1504
1454 # 1504
1455 # 1504
1456 # 1504
1456 # 1504
1457 # 1504
1457 # 1504
1458 # 1504
1458 # 1504
1459 # 1504
1459 # 1504
1460 # 1504
1460 # 1504
1461 # 1504
1462 # 1504
1462 # 1504
1463 # 1504
1463 # 1504
1464 # 1504
1464 # 1504
1465 # 1504
1465 # 1504
1466 # 1504
1467 # 1504
1467 # 1504
1468 # 1504
1468 # 1504
1469 # 1504
1469 # 1504
1470 # 1504
1470 # 1504
1471 # 1504
1471 # 1504
1472 # 1504
1473 # 1504
1473 # 1504
1474 # 1504
1474 # 1504
1475 # 1504
1475 # 1504
1476 # 1504
1476 # 1504
1477 # 1504
1477 # 1504
1478 # 1504
1479 # 1504
1479 # 1504
1480 # 1504
1480 # 1504
1481 # 1504
1481 # 1504
1482 # 1504
1482 # 1504
1483 # 1504
1484 # 1504
1484 # 1504
1485 # 1504
1485 # 1504
1486 # 1504
1486 # 1504
1487 # 1504
1487 # 1504
1488 # 1504
1488 # 1504
1489 # 1504
1490 # 1504
1490 # 1504
1491 # 1504
1491 # 1504
1492 # 1504
1492 # 1504
1493 # 1504
1493 # 1504
1494 # 1504
1494 # 1504
1495 # 1504
1495 # 1504
1495 # 1504
1496 # 1504
1496 # 1504
1497 # 1504
1497 # 1504
1498 # 1504
1498 # 1504
1499 # 1504
1499 # 1504
1500 # 1504
1500 # 1504
1501 # 1504
1501 # 1504
1502 # 1504
1503 # 1504
1503 # 1504
1504 # 1504
1504 # 1504
1505 # 1504
1505 # 1504
1506 # 1504
1506 # 1504
1507 # 1504
1507 # 1504
1508 # 1504
1508 # 1504
1509 # 1504
1509 # 1504
1510 # 1504
1510 # 1504
1511 # 1504
1512 # 1504
1512 # 1504
1513 # 1504
1513 # 1504
1514 # 1504
1514 # 1504
1515 # 1504
1515 # 1504
1516 # 1504
1516 # 1504
1517 # 1504
1517 # 1504
1518 # 1504
1518 # 1504
1519 # 1504
1520 # 1504
1520 # 1504
1521 # 1504
1521 # 1504
1522 # 1504
1522 # 1504
1523 # 1504
1523 # 1504
1524 # 1504
1524 # 1504
1525 # 1504
1525 # 1504
1526 # 1504
1526 # 1504
1527 # 1504
1527 # 1504
1528 # 1504
1529 # 1504
1529 # 1504
1530 # 1504
1530 # 1504
1531 # 1504
1531 # 1504
1532 # 1504
1532 # 1504
1533 # 1504
1533 # 1504
1534 # 1504
1534 # 1504
1535 # 1504
1535 # 1504
1536 # 1504
1537 # 1504
1537 # 1504
1538 # 1504
1538 # 1504
1539 # 1504
1539 # 1504
1540 # 1504
1540 # 1504
1541 # 1504
1541 # 1504
1542 # 1504
1542 # 1504
1543 # 1504
1543 # 1504
1544 # 1504
1544 # 1504
1545 # 1504
1546 # 1504
1546 # 1504
1547 # 1504
1547 # 1504
1548 # 1504
1548 # 1504
1549 # 1504
1549 # 1504
1550 # 1504
1550 # 1504
1551 # 1504
1551 # 1504
1552 # 1504
1552 # 1504
1553 # 1504
1553 # 1504
1554 # 1504
1555 # 1504
1555 # 1504
1556 # 1504
1556 # 1504
1557 # 1504
1557 # 1504
1558 # 1504
1558 # 1504
1559 # 1504
1559 # 1504
1560 # 1504
1560 # 1504
1561 # 1504
1561 # 1504
1562 # 1504
1563 # 1504
1563 # 1504
1564 # 1504
1564 # 1504
1565 # 1504
1565 # 1504
1566 # 1504
1566 # 1504
1567 # 1504
1567 # 1504
1568 # 1504
1568 # 1504
1569 # 1504
1569 # 1504
1570 # 1504
1570 # 1504
1571 # 1504
1572 # 1504
1572 # 1504
1573 # 1504
1573 # 1504
1574 # 1504
1574 # 1504
1575 # 1504
1575 # 1504
1576 # 1504
1576 # 1504
1577 # 1504
1577 # 1504
1578 # 1504
1578 # 1504
1579 # 1504
1579 # 1504
1580 # 1504
1581 # 1504
1581 # 1504
1582 # 1504
1582 # 1504
1583 # 1504
1583 # 1504
1584 # 1504
1584 # 1504
1585 # 1504
1585 # 1504
1586 # 1504
1586 # 1504
1587 # 1504
1587 # 1504
1588 # 1504
1589 # 1504
1589 # 1504
1590 # 1504
1590 # 1504
1591 # 1504
1591 # 1504
1592 # 1504
1592 # 1504
1593 # 1504
1593 # 1504
1594 # 1504
1594 # 1504
1595 # 1504
1595 # 1504
1596 # 1504
1596 # 1504
1597 # 1504
1598 # 1504
1598 # 1504
1599 # 1504
1599 # 1504
1600 # 1504
1600 # 1504
1601 # 1504
1601 # 1504
1602 # 1504
1602 # 1504
1603 # 1504
1603 # 1504
1604 # 1504
1604 # 1504
1605 # 1504
1605 # 1504
1606 # 1504
1607 # 1504
1607 # 1504
1608 # 1504
1608 # 1504
1609 # 1504
1609 # 1504
1610 # 1504
1610 # 1504
1611 # 1504
1611 # 1504
1612 # 1504
1612 # 1504
1613 # 1504
1613 # 1504
1614 # 1504
1615 # 1504
1615 # 1504
1616 # 1504
1616 # 1504
1617 # 1504
1617 # 1504
1618 # 1504
1618 # 1504
1619 # 1504
1619 # 1504
1620 # 1504
1620 # 1504
1621 # 1504
1621 # 1504
1622 # 1504
1622 # 1504
1623 # 1504
1624 # 1504
1624 # 1504
1625 # 1504
1625 # 1504
1626 # 1504
1626 # 1504
1627 # 1504
1627 # 1504
1628 # 1504
1628 # 1504
1629 # 1504
1629 # 1504
1630 # 1504
1630 # 1504
1631 # 1504
1631 # 1504
1632 # 1504
1633 # 1504
1633 # 1504
1634 # 1504
1634 # 1504
1635 # 1504
1635 # 1504
1636 # 1504
1636 # 1504
1637 # 1504
1637 # 1504
1638 # 1504
1638 # 1504
1639 # 1504
1639 # 1504
1640 # 1504
1641 # 1504
1641 # 1504
1642 # 1504
1642 # 1504
1643 # 1504
1643 # 1504
1644 # 1504
1644 # 1504
1645 # 1504
1645 # 1504
1646 # 1504
1646 # 1504
1647 # 1504
1647 # 1504
1648 # 1504
1648 # 1504
1649 # 1504
1650 # 1504
1650 # 1504
1651 # 1504
1651 # 1504
1652 # 1504
1652 # 1504
1653 # 1504
1653 # 1504
1654 # 1504
1654 # 1504
1655 # 1504
1655 # 1504
1656 # 1504
1656 # 1504
1657 # 1504
1657 # 1504
1658 # 1504
1659 # 1504
1659 # 1504
1660 # 1504
1660 # 1504
1661 # 1504
1661 # 1504
1661 + 94 65537
1662 # 1504
1662 - 94 1 65537
1662 # 1504
1663 # 1504
1663 # 1504
1664 # 1504
1664 # 1504
1665 # 1504
1665 # 1504
1666 # 1504
1667 # 1504
1667 # 1504
1667 + 64 2685599368
1668 # 1504
1668 - 64 1 2685599368
1668 # 1504
1669 # 1504
1669 # 1504
1670 # 1504
1670 # 1504
1671 # 1504
1671 # 1504
1672 # 1504
1672 # 1504
1673 # 1504
1673 # 1504
1674 # 1504
1674 # 1504
1675 # 1504
1676 # 1504
1676 # 1504
1677 # 1504
1677 # 1504
1678 # 1504
1678 # 1504
1679 # 1504
1679 # 1504
1680 # 1504
1680 # 1504
1681 # 1504
1681 # 1504
1682 # 1504
1682 # 1504
1683 # 1504
1683 # 1504
1684 # 1504
1685 # 1504
1685 # 1504
1686 # 1504
1686 # 1504
1687 # 1504
1687 # 1504
1688 # 1504
1688 # 1504
1689 # 1504
1689 # 1504
1690 # 1504
1690 # 1504
1691 # 1504
1691 # 1504
1692 # 1504
1693 # 1504
1693 # 1504
1694 # 1504
1694 # 1504
1695 # 1504
1695 # 1504
1696 # 1504
1696 # 1504
1697 # 1504
1697 # 1504
1698 # 1504
1698 # 1504
1699 # 1504
1699 # 1504
1700 # 1504
1700 # 1504
1700 # 1504
1700 # 1504
1701 # 1504
1701 # 1504
1701 # 1504
1702 # 1504
1702 # 1504
1703 # 1504
1703 # 1504
1703 # 1504
1704 # 1504
1704 # 1504
1705 # 1504
1705 # 1504
1705 # 1504
1706 # 1504
1706 # 1504
1707 # 1504
1707 # 1504
1707 # 1504
1708 # 1504
1708 # 1504
1709 # 1504
1709 # 1504
1709 # 1504
1710 # 1504
1710 # 1504
1711 # 1504
1711 # 1504
1711 # 1504
1712 # 1504
1712 # 1504
1713 # 1504
1713 # 1504
1713 # 1504
1714 # 1504
1714 # 1504
1715 # 1504
1715 # 1504
1715 # 1504
1716 # 1504
1716 # 1504
1716 # 1504
1717 # 1504
1717 # 1504
1717 + 56 2148532733
1717 + 56 2148532725
1717 + 650 2149057021
1718 # 1504
1718 - 56 1 2148532733
1718 - 56 1 2148532725
1718 - 650 1 2149057021
1718 # 1504
1718 # 1504
1718 + 56 2148532725
1718 + 56 2148532723
1718 + 458 2149057013
1719 # 1504
1719 - 56 1 2148532725
1719 - 56 1 2148532723
1719 - 458 1 2149057013
1719 # 1504
1720 # 1504
1720 # 1504
1720 # 1504
1721 # 1504
1721 # 1504
1722 # 1504
1722 # 1504
1722 # 1504
1723 # 1504
1723 # 1504
1724 # 1504
1724 # 1504
1724 # 1504
1725 # 1504
1725 # 1504
1726 # 1504
1726 # 1504
1726 # 1504
1727 # 1504
1727 # 1504
1728 # 1504
1728 # 1504
1728 # 1504
1729 # 1504
1729 # 1504
1730 # 1504
1730 # 1504
1730 # 1504
1731 # 1504
1731 # 1504
1732 # 1504
1732 # 1504
1732 # 1504
1733 # 1504
1733 # 1504
1733 # 1504
1734 # 1504
1734 # 1504
1735 # 1504
1735 # 1504
1735 # 1504
1736 # 1504
1736 # 1504
1737 # 1504
1737 # 1504
1737 # 1504
1738 # 1504
1738 # 1504
1739 # 1504
1739 # 1504
1739 # 1504
1740 # 1504
1740 # 1504
1741 # 1504
1741 # 1504
1741 # 1504
1742 # 1504
1742 # 1504
1743 # 1504
1743 # 1504
1743 # 1504
1744 # 1504
1744 # 1504
1745 # 1504
1745 # 1504
1745 # 1504
1746 # 1504
1746 # 1504
1747 # 1504
1747 # 1504
1747 # 1504
1748 # 1504
1748 # 1504
1749 # 1504
1749 # 1504
1749 # 1504
1750 # 1504
1750 # 1504
1751 # 1504
1751 # 1504
1751 # 1504
1752 # 1504
1752 # 1504
1752 # 1504
1753 # 1504
1753 # 1504
1754 # 1504
1754 # 1504
1754 # 1504
1755 # 1504
1755 # 1504
1756 # 1504
1756 # 1504
1756 # 1504
1757 # 1504
1757 # 1504
1758 # 1504
1758 # 1504
1758 # 1504
1759 # 1504
1759 # 1504
1760 # 1504
1760 # 1504
1760 # 1504
1761 # 1504
1761 # 1504
1762 # 1504
1762 # 1504
1762 # 1504
1763 # 1504
1763 # 1504
1764 # 1504
1764 # 1504
1764 # 1504
1765 # 1504
1765 # 1504
1766 # 1504
1766 # 1504
1766 # 1504
1767 # 1504
1767 # 1504
1767 + 56 2148598269
1767 + 64 2685599368
1767 + 56 2148598261
1767 + 64 2685599368
1767 + 96 554869826
1767 + 132 554869826
1768 # 1504
1768 - 56 1 2148598269
1768 - 64 1 2685599368
1768 - 56 1 2148598261
1768 - 64 1 2685599368
1768 - 96 1 554869826
1768 - 132 1 554869826
1768 # 1504
1768 # 1504
1769 # 1504
1769 # 1504
1770 # 1504
1770 # 1504
1770 # 1504
1771 # 1504
1771 # 1504
1771 # 1504
1772 # 1504
1772 # 1504
1773 # 1504
1773 # 1504
1773 # 1504
1774 # 1504
1774 # 1504
1775 # 1504
1775 # 1504
1775 # 1504
1776 # 1504
1776 # 1504
1777 # 1504
1777 # 1504
1777 # 1504
1778 # 1504
1778 # 1504
1779 # 1504
1779 # 1504
1779 # 1504
1780 # 1504
1780 # 1504
1780 + 647 0
1781 # 1504
1781 - 647 1 0
1781 # 1504
1781 # 1504
1782 # 1504
1782 # 1504
1783 # 1504
1783 # 1504
1783 # 1504
1784 # 1504
1784 # 1504
1785 # 1504
1785 # 1504
1785 # 1504
1786 # 1504
1786 # 1504
1787 # 1504
1787 # 1504
1787 # 1504
1788 # 1504
1788 # 1504
1788 # 1504
1789 # 1504
1789 # 1504
1790 # 1504
1790 # 1504
1790 # 1504
1791 # 1504
1791 # 1504
1792 # 1504
1792 # 1504
1792 # 1504
1793 # 1504
1793 # 1504
1794 # 1504
1794 # 1504
1794 # 1504
1795 # 1504
1795 # 1504
1796 # 1504
1796 # 1504
1796 # 1504
1797 # 1504
1797 # 1504
1797 + 602 0
1798 # 1504
1798 - 602 1 0
1798 # 1504
1798 # 1504
1799 # 1504
1799 # 1504
1800 # 1504
1800 # 1504
1800 # 1504
1800 + 62 2802403873
1801 # 1504
1801 - 62 1 2802403873
1801 # 1504
1802 # 1504
1802 # 1504
1802 # 1504
1803 # 1504
1803 # 1504
1804 # 1504
1804 # 1504
1804 # 1504
1805 # 1504
1805 # 1504
1806 # 1504
1806 # 1504
1806 # 1504
1806 + 102 2802403873
1806 + 321 0
1806 + 806 406500091
1807 # 1504
1807 - 102 1 2802403873
1807 - 321 1 0
1807 - 806 1 406500091
1807 # 1504
1807 # 1504
1808 # 1504
1808 # 1504
1809 # 1504
1809 # 1504
1809 # 1504
1809 + 1114 406500091
1810 # 1504
1810 - 1114 1 406500091
1810 # 1504
1811 # 1504
1811 # 1504
1811 # 1504
1812 # 1504
1812 # 1504
1813 # 1504
1813 # 1504
1813 # 1504
1813 + 930 406500091
1814 # 1504
1814 - 930 1 406500091
1814 # 1504
1815 # 1504
1815 # 1504
1815 # 1504
1816 # 1504
1816 # 1504
1816 + 132 554869826
1816 + 916 406500091
1817 # 1504
1817 - 132 1 554869826
1817 - 916 1 406500091
1817 # 1504
1817 # 1504
1817 + 56 2148532733
1817 + 56 2148532731
1817 + 649 2149057021
1817 + 458 2149057019
1817 + 96 554869826
1818 # 1504
1818 - 56 1 2148532733
1818 - 56 1 2148532731
1818 - 649 1 2149057021
1818 - 458 1 2149057019
1818 - 96 1 554869826
1818 # 1504
1818 + 102 2802403873
1818 + 834 406500091
1819 # 1504
1819 - 102 1 2802403873
1819 - 834 1 406500091
1819 # 1504
1819 # 1504
1820 # 1504
1820 # 1504
1820 + 321 406500361
1820 + 751 406500091
1820 + 902 406500091
1821 # 1504
1821 - 321 1 406500361
1821 - 751 1 406500091
1821 # 1504
1821 - 902 1 406500091
1821 # 1504
1822 # 1504
1822 # 1504
1823 # 1504
1823 # 1504
1823 # 1504
1824 # 1504
1824 # 1504
1824 # 1504
1824 + 907 406500091
1824 + 994 406500091
1825 # 1504
1825 - 907 1 406500091
1825 # 1504
1825 - 994 1 406500091
1826 # 1504
1826 # 1504
1826 # 1504
1826 + 1134 406501621
1826 + 321 406501621
1827 # 1504
1827 - 1134 1 406501621
1827 - 321 1 406501621
1827 # 1504
1828 # 1504
1828 # 1504
1828 # 1504
1828 + 102 2802403873
1829 # 1504
1829 - 102 1 2802403873
1829 # 1504
1829 + 1132 406501621
1829 + 992 406500091
1830 # 1504
1830 - 1132 1 406501621
1830 # 1504
1830 - 992 1 406500091
1830 # 1504
1831 # 1504
1831 # 1504
1831 + 905 406500091
1831 + 900 406500091
1832 # 1504
1832 - 905 1 406500091
1832 # 1504
1832 - 900 1 406500091
1832 # 1504
1833 # 1504
1833 # 1504
1834 # 1504
1834 # 1504
1834 # 1504
1835 # 1504
1835 # 1504
1836 # 1504
1836 # 1504
1836 # 1504
1837 # 1504
1837 # 1504
1838 # 1504
1838 # 1504
1838 # 1504
1839 # 1504
1839 # 1504
1840 # 1504
1840 # 1504
1840 # 1504
1840 + 102 2802403873
1841 # 1504
1841 - 102 1 2802403873
1841 # 1504
1842 # 1504
1842 # 1504
1842 # 1504
1843 # 1504
1843 # 1504
1843 # 1504
1844 # 1504
1844 # 1504
1845 # 1504
1845 # 1504
1845 # 1504
1846 # 1504
1846 # 1504
1847 # 1504
1847 # 1504
1847 # 1504
1848 # 1504
1848 # 1504
1849 # 1504
1849 # 1504
1849 # 1504
1850 # 1504
1850 # 1504
1851 # 1504
1851 # 1504
1851 # 1504
1852 # 1504
1852 # 1504
1853 # 1504
1853 # 1504
1853 # 1504
1854 # 1504
1854 # 1504
1854 + 102 2802403873
1855 # 1504
1855 - 102 1 2802403873
1855 # 1504
1855 # 1504
1856 # 1504
1856 # 1504
1857 # 1504
1857 # 1504
1857 # 1504
1858 # 1504
1858 # 1504
1859 # 1504
1859 # 1504
1859 # 1504
1860 # 1504
1860 # 1504
1860 # 1504
1860 + 102 2802403873
1861 # 1504
1861 - 102 1 2802403873
1861 # 1504
1862 # 1504
1862 # 1504
1862 # 1504
1862 + 1041 406503241
1862 + 626 406504861
1863 # 1504
1863 - 1041 1 406503241
1863 # 1504
1863 - 626 1 406504861
1863 + 96 554869826
1864 # 1504
1864 - 96 1 554869826
1864 # 1504
1864 # 1504
1864 + 132 554869826
1865 # 1504
1865 - 132 1 554869826
1865 # 1504
1866 # 1504
1866 # 1504
1866 # 1504
1867 # 1504
1867 # 1504
1867 + 56 2148598269
1867 + 64 2685599368
1868 # 1504
1868 - 56 1 2148598269
1868 - 64 1 2685599368
1868 # 1504
1868 # 1504
1868 + 56 2148598267
1868 + 64 2685599368
1869 # 1504
1869 - 56 1 2148598267
1869 - 64 1 2685599368
1869 # 1504
1869 + 118 2802403873
1870 # 1504
1870 - 118 1 2802403873
1870 # 1504
1870 # 1504
1871 # 1504
1871 # 1504
1871 + 321 406505671
1871 + 1096 406506481
1871 + 478 406506481
1871 + 480 406506481
1871 + 1098 406506481
1871 + 628 406504861
1872 # 1504
1872 - 321 1 406505671
1872 - 1096 1 406506481
1872 # 1504
1872 - 478 1 406506481
1872 - 480 1 406506481
1872 # 1504
1872 - 1098 1 406506481
1872 - 628 1 406504861
1873 # 1504
1873 # 1504
1874 # 1504
1874 # 1504
1874 # 1504
1874 + 1043 406503241
1874 + 480 406506481
1874 + 1098 406506481
1874 + 628 406504861
1874 + 1043 406503241
1875 # 1504
1875 - 1043 1 406503241
1875 # 1504
1875 - 480 1 406506481
1875 - 1098 1 406506481
1875 + 480 406506481
1875 + 1098 406506481
1875 + 628 406504861
1875 + 1043 406503241
1875 + 480 406506481
1875 + 1098 406506481
1876 # 1504
1876 - 628 2 406504861
1876 - 1043 2 406503241
1876 # 1504
1876 - 480 1 406506481
1876 - 1098 1 406506481
1876 # 1504
1876 - 628 1 406504861
1876 + 102 2802403873
1877 # 1504
1877 - 1043 2 406503241
1877 - 480 2 406506481
1877 # 1504
1877 - 1098 2 406506481
1877 - 102 1 2802403873
1878 # 1504
1878 # 1504
1878 # 1504
1878 + 628 406504861
1878 + 1043 406503241
1878 + 480 406506481
1878 + 1098 406506481
1878 + 628 406504861
1879 # 1504
1879 - 628 1 406504861
1879 # 1504
1879 - 1043 1 406503241
1879 - 480 1 406506481
1879 # 1504
1879 - 1098 1 406506481
1879 - 628 1 406504861
1880 # 1504
1880 # 1504
1880 + 1043 406503241
1880 + 480 406506481
1880 + 1098 406506481
1880 + 628 406504861
1880 + 1043 406503241
1881 # 1504
1881 - 1043 1 406503241
1881 # 1504
1881 - 480 1 406506481
1881 - 1098 1 406506481
1881 # 1504
1881 - 628 1 406504861
1881 - 1043 1 406503241
1882 # 1504
1882 # 1504
1883 # 1504
1883 # 1504
1883 # 1504
1884 # 1504
1884 # 1504
1884 + 102 2802403873
1885 # 1504
1885 - 102 1 2802403873
1885 # 1504
1885 # 1504
1886 # 1504
1886 # 1504
1887 # 1504
1887 # 1504
1887 # 1504
1888 # 1504
1888 # 1504
1889 # 1504
1889 # 1504
1889 # 1504
1890 # 1504
1890 # 1504
1890 + 865 406508101
1891 # 1504
1891 - 865 1 406508101
1891 # 1504
1891 # 1504
1892 # 1504
1892 # 1504
1893 # 1504
1893 # 1504
1893 # 1504
1893 + 999 406508101
1893 + 1210 406508101
1893 + 717 406508101
1894 # 1504
1894 - 999 1 406508101
1894 # 1504
1894 - 1210 1 406508101
1894 - 717 1 406508101
1895 # 1504
1895 # 1504
1895 # 1504
1895 + 102 2802403873
1896 # 1504
1896 - 102 1 2802403873
1896 # 1504
1897 # 1504
1897 # 1504
1897 # 1504
1898 # 1504
1898 # 1504
1898 # 1504
1899 # 1504
1899 # 1504
1900 # 1504
1900 # 1504
1900 # 1504
1901 # 1504
1901 # 1504
1902 # 1504
1902 # 1504
1902 # 1504
1903 # 1504
1903 # 1504
1903 + 102 2802403873
1904 # 1504
1904 - 102 1 2802403873
1904 # 1504
1904 # 1504
1905 # 1504
1905 # 1504
1906 # 1504
1906 # 1504
1906 # 1504
1906 # 1504
1906 # 1504
1907 # 1504
1907 # 1504
1908 # 1504
1908 # 1504
1908 + 1202 406509631
1909 # 1504
1909 - 1202 1 406509631
1909 # 1504
1910 # 1504
1910 # 1504
1910 + 1204 406509631
1910 + 1151 406509631
1910 + 669 406509631
1911 # 1504
1911 - 1204 1 406509631
1911 # 1504
1911 - 1151 1 406509631
1912 # 1504
1912 - 669 2 406509631
1912 # 1504
1912 + 102 2802403873
1913 # 1504
1913 - 102 1 2802403873
1913 # 1504
1913 + 128 554869826
1913 + 669 406509631
1913 + 707 406509631
1913 + 708 406509631
1913 + 735 406509631
1913 + 735 406509631
1914 # 1504
1914 - 128 1 554869826
1914 - 669 1 406509631
1914 - 707 1 406509631
1914 # 1504
1914 - 708 1 406509631
1914 - 735 1 406509631
1914 # 1504
1914 - 735 1 406509631
1914 + 967 406509631
1914 + 847 406509631
1915 # 1504
1915 - 967 1 406509631
1915 # 1504
1915 - 847 1 406509631
1916 # 1504
1916 # 1504
1917 # 1504
1917 # 1504
1917 + 118 2802403873
1918 # 1504
1918 - 118 1 2802403873
1918 # 1504
1918 + 56 2148532733
1918 + 56 2148532731
1918 + 647 2149057021
1918 + 458 2149057019
1919 # 1504
1919 - 56 1 2148532733
1919 - 56 1 2148532731
1919 - 647 1 2149057021
1919 - 458 1 2149057019
1919 # 1504
1920 # 1504
1920 # 1504
1921 # 1504
1921 # 1504
1922 # 1504
1922 # 1504
1923 # 1504
1923 # 1504
1924 # 1504
1924 # 1504
1925 # 1504
1925 # 1504
1926 # 1504
1926 # 1504
1926 + 905 406511251
1927 # 1504
1927 - 905 1 406511251
1927 # 1504
1927 # 1504
1927 + 1154 406511251
1927 + 729 406511251
1927 + 730 406511251
1928 # 1504
1928 - 1154 1 406511251
1928 # 1504
1928 - 729 1 406511251
1928 - 730 1 406511251
1928 + 661 406511251
1928 + 662 406511251
1928 + 1144 406511251
1929 # 1504
1929 - 661 1 406511251
1929 - 662 1 406511251
1929 # 1504
1929 - 1144 1 406511251
1929 + 102 2802403873
1929 + 950 406511251
1929 + 951 406511251
1929 + 922 406511251
1929 + 922 406511251
1929 + 872 406511251
1929 + 873 406511251
1930 # 1504
1930 - 102 1 2802403873
1930 - 950 1 406511251
1930 # 1504
1930 - 951 1 406511251
1930 - 922 1 406511251
1931 # 1504
1931 - 922 2 406511251
1931 # 1504
1931 - 872 2 406511251
1931 - 873 2 406511251
1932 # 1504
1932 # 1504
1933 # 1504
1933 # 1504
1934 # 1504
1934 # 1504
1935 # 1504
1935 # 1504
1936 # 1504
1936 # 1504
1937 # 1504
1937 # 1504
1938 # 1504
1938 # 1504
1939 # 1504
1939 # 1504
1939 # 1504
1940 # 1504
1940 # 1504
1941 # 1504
1941 # 1504
1942 # 1504
1942 # 1504
1943 # 1504
1943 # 1504
1944 # 1504
1944 # 1504
1944 + 102 2802403873
1944 + 1054 406512871
1945 # 1504
1945 - 102 1 2802403873
1945 - 1054 1 406512871
1945 # 1504
1946 # 1504
1946 # 1504
1946 + 1188 406512871
1946 + 1004 406512871
1946 + 1004 406512871
1946 + 1008 406512871
1946 + 1008 406512871
1947 # 1504
1947 - 1188 1 406512871
1947 # 1504
1947 - 1004 1 406512871
1947 + 1010 406512871
1947 + 1010 406512871
1947 + 859 406512871
1947 + 860 406512871
1947 + 860 406512871
1947 + 1112 406512871
1947 + 1113 406512871
1948 # 1504
1948 - 1004 2 406512871
1948 - 1008 2 406512871
1948 # 1504
1948 - 1008 2 406512871
1948 + 1160 406512871
1948 + 1160 406512871
1949 # 1504
1949 - 1010 2 406512871
1949 - 1010 2 406512871
1949 # 1504
1949 - 859 2 406512871
1949 - 860 2 406512871
1950 # 1504
1950 - 860 3 406512871
1950 # 1504
1950 - 1112 3 406512871
1951 # 1504
1951 - 1113 4 406512871
1951 - 1160 3 406512871
1951 # 1504
1951 - 1160 3 406512871
1951 # 1504
1952 # 1504
1952 # 1504
1953 # 1504
1953 # 1504
1953 + 102 2802403873
1954 # 1504
1954 - 102 1 2802403873
1954 # 1504
1954 + 64 2684549872
1954 + 64 2684549872
1954 + 64 2684549872
1955 # 1504
1955 - 64 1 2684549872
1955 - 64 1 2684549872
1955 - 64 1 2684549872
1955 # 1504
1956 # 1504
1956 # 1504
1957 # 1504
1957 # 1504
1958 # 1504
1958 # 1504
1959 # 1504
1959 # 1504
1960 # 1504
1960 # 1504
1961 # 1504
1961 # 1504
1961 + 128 554869826
1962 # 1504
1962 - 128 1 554869826
1962 # 1504
1962 + 980 406514491
1963 # 1504
1963 - 980 1 406514491
1963 # 1504
1963 # 1504
1964 # 1504
1964 # 1504
1964 + 1036 406514491
1964 + 1050 406514491
1964 + 1051 406514491
1964 + 938 406514491
1964 + 939 406514491
1964 + 939 406514491
1964 + 102 2802403873
1964 + 1056 406514491
1964 + 1056 406514491
1965 # 1504
1965 - 1036 1 406514491
1965 # 1504
1965 - 1050 1 406514491
1965 + 986 406514491
1965 + 987 406514491
1965 + 987 406514491
1965 + 884 406514491
1965 + 884 406514491
1966 # 1504
1966 - 1051 2 406514491
1966 - 938 2 406514491
1966 # 1504
1966 - 939 2 406514491
1966 - 939 2 406514491
1966 + 56 2148532726
1966 + 56 2148532726
1966 + 56 2148532726
1967 # 1504
1967 - 102 3 2802403873
1967 - 1056 3 406514491
1967 # 1504
1967 - 1056 3 406514491
1967 + 884 406514491
1967 + 1033 406514491
1967 + 1034 406514491
1968 # 1504
1968 - 986 3 406514491
1968 - 987 3 406514491
1968 # 1504
1968 - 987 3 406514491
1968 - 884 3 406514491
1968 + 56 2148598269
1968 + 64 2685599368
1968 + 56 2148598267
1969 # 1504
1969 - 884 4 406514491
1969 - 56 3 2148532726
1969 - 56 3 2148532726
1969 - 56 3 2148532726
1969 # 1504
1969 - 884 2 406514491
1969 - 1033 2 406514491
1970 # 1504
1970 - 1034 3 406514491
1970 - 56 2 2148598269
1970 - 64 2 2685599368
1970 - 56 2 2148598267
1970 # 1504
1971 # 1504
1971 # 1504
1972 # 1504
1972 # 1504
1973 # 1504
1973 # 1504
1973 + 102 2802403873
1974 # 1504
1974 - 102 1 2802403873
1974 # 1504
1975 # 1504
1975 # 1504
1975 # 1504
1976 # 1504
1976 # 1504
1977 # 1504
1977 # 1504
1978 # 1504
1978 # 1504
1979 # 1504
1979 # 1504
1980 # 1504
1980 # 1504
1980 + 792 406516111
1981 # 1504
1981 - 792 1 406516111
1981 # 1504
1981 + 793 406516111
1981 + 793 406516111
1981 + 793 406516111
1982 # 1504
1982 - 793 1 406516111
1982 # 1504
1982 - 793 1 406516111
1982 - 793 1 406516111
1982 + 1142 406516111
1982 + 1143 406516111
1983 # 1504
1983 - 1142 1 406516111
1983 # 1504
1983 - 1143 1 406516111
1983 + 1157 406516111
1983 + 1157 406516111
1983 + 1058 406516111
1983 + 1058 406516111
1983 + 900 406516111
1983 + 900 406516111
1984 # 1504
1984 - 1157 1 406516111
1984 # 1504
1984 - 1157 1 406516111
1984 + 900 406516111
1984 + 1089 406516111
1984 + 1090 406516111
1984 + 1090 406516111
1984 + 1227 406516111
1984 + 1227 406516111
1985 # 1504
1985 - 1058 2 406516111
1985 - 1058 2 406516111
1985 # 1504
1985 - 900 2 406516111
1985 + 102 2802403873
1986 # 1504
1986 - 900 3 406516111
1986 - 900 2 406516111
1986 # 1504
1986 - 1089 2 406516111
1987 # 1504
1987 - 1090 3 406516111
1987 - 1090 3 406516111
1987 # 1504
1987 - 1227 3 406516111
1987 # 1504
1987 - 1227 3 406516111
1987 - 102 2 2802403873
1988 # 1504
1988 # 1504
1989 # 1504
1989 # 1504
1990 # 1504
1990 # 1504
1991 # 1504
1991 # 1504
1992 # 1504
1992 # 1504
1993 # 1504
1993 # 1504
1993 + 102 2802403873
1994 # 1504
1994 - 102 1 2802403873
1994 # 1504
1995 # 1504
1995 # 1504
1996 # 1504
1996 # 1504
1997 # 1504
1997 # 1504
1998 # 1504
1998 # 1504
1998 + 830 406517731
1999 # 1504
1999 - 830 1 406517731
1999 # 1504
1999 # 1504
1999 + 831 406517731
2000 # 1504
2000 - 831 1 406517731
2000 # 1504
2000 + 828 406517731
2000 + 828 406517731
2000 + 860 406517731
2000 + 861 406517731
2000 + 1027 406517731
2000 + 1028 406517731
2001 # 1504
2001 - 828 1 406517731
2001 # 1504
2001 - 828 1 406517731
2001 - 860 1 406517731
2001 + 1028 406517731
2001 + 929 406517731
2001 + 930 406517731
2001 + 930 406517731
2001 + 1052 406517731
2002 # 1504
2002 - 861 2 406517731
2002 - 1027 2 406517731
2002 # 1504
2002 - 1028 2 406517731
2002 + 1052 406517731
2002 + 1052 406517731
2002 + 1045 406517731
2002 + 1045 406517731
2002 + 1045 406517731
2002 + 1026 406517731
2003 # 1504
2003 - 1028 2 406517731
2003 - 929 2 406517731
2003 # 1504
2003 - 930 2 406517731
2004 # 1504
2004 - 930 3 406517731
2004 - 1052 3 406517731
2004 # 1504
2004 - 1052 2 406517731
2004 + 1027 406517731
2004 + 1027 406517731
2005 # 1504
2005 - 1052 3 406517731
2005 - 1045 3 406517731
2005 # 1504
2005 - 1045 3 406517731
2006 # 1504
2006 - 1045 4 406517731
2006 # 1504
2006 - 1026 4 406517731
2006 - 1027 2 406517731
2007 # 1504
2007 - 1027 3 406517731
2007 # 1504
2007 + 118 2802403873
2008 # 1504
2008 - 118 1 2802403873
2008 # 1504
2009 # 1504
2009 # 1504
2010 # 1504
2010 # 1504
2011 # 1504
2011 # 1504
2011 # 1504
2012 # 1504
2012 # 1504
2013 # 1504
2013 # 1504
2014 # 1504
2014 # 1504
2015 # 1504
2015 # 1504
2016 # 1504
2016 # 1504
2016 + 923 406519351
2017 # 1504
2017 - 923 1 406519351
2017 # 1504
2018 # 1504
2018 # 1504
2018 + 56 2148532733
2018 + 666 2149057021
2018 + 923 406519351
2018 + 843 406519351
2018 + 843 406519351
2018 + 869 406519351
2018 + 870 406519351
2018 + 1039 406519351
2018 + 1039 406519351
2018 + 1089 406519351
2019 # 1504
2019 - 56 1 2148532733
2019 - 666 1 2149057021
2019 # 1504
2019 - 923 1 406519351
2019 - 843 1 406519351
2019 + 1090 406519351
2019 + 1090 406519351
2019 + 1090 406519351
2019 + 891 406519351
2019 + 891 406519351
2020 # 1504
2020 - 843 2 406519351
2020 - 869 2 406519351
2020 # 1504
2020 - 870 2 406519351
2021 # 1504
2021 - 1039 3 406519351
2021 - 1039 3 406519351
2021 # 1504
2021 - 1089 3 406519351
2021 + 102 2802403873
2021 + 891 406519351
2021 + 1130 406519351
2021 + 1130 406519351
2021 + 1130 406519351
2021 + 1060 406519351
2021 + 1060 406519351
2022 # 1504
2022 - 1090 3 406519351
2022 - 1090 3 406519351
2022 # 1504
2022 - 1090 3 406519351
2022 + 1061 406519351
2023 # 1504
2023 - 891 4 406519351
2023 - 891 4 406519351
2023 - 102 2 2802403873
2023 # 1504
2023 - 891 2 406519351
2023 # 1504
2023 - 1130 2 406519351
2023 - 1130 2 406519351
2024 # 1504
2024 - 1130 3 406519351
2024 # 1504
2024 - 1060 3 406519351
2025 # 1504
2025 - 1060 4 406519351
2025 - 1061 3 406519351
2025 # 1504
2026 # 1504
2026 # 1504
2026 + 102 2802403873
2027 # 1504
2027 - 102 1 2802403873
2027 # 1504
2028 # 1504
2028 # 1504
2029 # 1504
2029 # 1504
2030 # 1504
2030 # 1504
2031 # 1504
2031 # 1504
2032 # 1504
2032 # 1504
2033 # 1504
2033 # 1504
2034 # 1504
2034 # 1504
2034 + 919 406520881
2035 # 1504
2035 - 919 1 406520881
2035 # 1504
2035 + 919 406520881
2035 + 919 406520881
2035 + 1223 406520881
2036 # 1504
2036 - 919 1 406520881
2036 # 1504
2036 - 919 1 406520881
2036 # 1504
2036 - 1223 1 406520881
2036 + 1224 406520881
2036 + 1096 406520881
2037 # 1504
2037 - 1224 1 406520881
2037 # 1504
2037 - 1096 1 406520881
2037 + 1096 406520881
2037 + 1050 406520881
2037 + 1050 406520881
2037 + 1120 406520881
2037 + 1120 406520881
2038 # 1504
2038 - 1096 1 406520881
2038 # 1504
2038 - 1050 1 406520881
2038 + 1120 406520881
2038 + 1121 406520881
2038 + 983 406520881
2038 + 984 406520881
2038 + 984 406520881
2038 + 971 406520881
2039 # 1504
2039 - 1050 2 406520881
2039 - 1120 2 406520881
2039 # 1504
2039 - 1120 2 406520881
2039 + 971 406520881
2039 + 971 406520881
2039 + 972 406520881
2039 + 967 406520881
2039 + 967 406520881
2039 + 967 406520881
2040 # 1504
2040 - 1120 2 406520881
2040 # 1504
2040 - 1121 2 406520881
2040 - 983 2 406520881
2041 # 1504
2041 - 984 3 406520881
2041 # 1504
2041 - 984 3 406520881
2041 - 971 3 406520881
2041 + 102 2802403873
2041 + 968 406520881
2042 # 1504
2042 - 971 3 406520881
2042 # 1504
2042 - 971 3 406520881
2042 - 972 3 406520881
2043 # 1504
2043 - 967 4 406520881
2043 - 967 4 406520881
2043 # 1504
2043 - 967 4 406520881
2043 - 102 2 2802403873
2044 # 1504
2044 - 968 3 406520881
2044 # 1504
2045 # 1504
2045 # 1504
2046 # 1504
2046 # 1504
2047 # 1504
2047 # 1504
2047 + 102 2802403873
2048 # 1504
2048 - 102 1 2802403873
2048 # 1504
2048 # 1504
2049 # 1504
2049 # 1504
2050 # 1504
2050 # 1504
2051 # 1504
2051 # 1504
2052 # 1504
2052 # 1504
2052 + 799 406522501
2053 # 1504
2053 - 799 1 406522501
2053 # 1504
2053 + 800 406522501
2053 + 794 406522501
2053 + 795 406522501
2053 + 1085 406522501
2053 + 1085 406522501
2053 + 1142 406522501
2054 # 1504
2054 - 800 1 406522501
2054 # 1504
2054 - 794 1 406522501
2054 - 795 1 406522501
2055 # 1504
2055 - 1085 2 406522501
2055 # 1504
2055 - 1085 2 406522501
2055 - 1142 2 406522501
2055 + 1142 406522501
2055 + 1122 406522501
2055 + 1122 406522501
2055 + 1123 406522501
2055 + 1123 406522501
2055 + 1032 406522501
2056 # 1504
2056 - 1142 1 406522501
2056 # 1504
2056 - 1122 1 406522501
2056 + 1033 406522501
2056 + 1033 406522501
2056 + 1220 406522501
2056 + 1221 406522501
2057 # 1504
2057 - 1122 2 406522501
2057 - 1123 2 406522501
2057 # 1504
2057 - 1123 2 406522501
2057 + 102 2802403873
2057 + 1221 406522501
2057 + 1072 406522501
2057 + 1072 406522501
2057 + 1072 406522501
2058 # 1504
2058 - 1032 3 406522501
2058 # 1504
2058 - 1033 2 406522501
2058 - 1033 2 406522501
2059 # 1504
2059 - 1220 3 406522501
2059 # 1504
2059 - 1221 3 406522501
2059 - 102 2 2802403873
2060 # 1504
2060 - 1221 3 406522501
2060 # 1504
2060 - 1072 3 406522501
2060 - 1072 3 406522501
2060 # 1504
2060 - 1072 3 406522501
2061 # 1504
2061 # 1504
2062 # 1504
2062 # 1504
2063 # 1504
2063 # 1504
2064 # 1504
2064 # 1504
2065 # 1504
2065 # 1504
2066 # 1504
2066 # 1504
2067 # 1504
2067 # 1504
2067 + 102 2802403873
2068 # 1504
2068 - 102 1 2802403873
2068 # 1504
2068 + 56 2148598269
2068 + 64 2685599368
2069 # 1504
2069 - 56 1 2148598269
2069 - 64 1 2685599368
2069 # 1504
2069 + 64 2685599368
2070 # 1504
2070 - 64 1 2685599368
2070 # 1504
2070 + 853 406524121
2071 # 1504
2071 - 853 1 406524121
2071 # 1504
2071 + 853 406524121
2071 + 837 406524121
2071 + 837 406524121
2071 + 1198 406524121
2071 + 1199 406524121
2072 # 1504
2072 - 853 1 406524121
2072 # 1504
2072 - 837 1 406524121
2072 - 837 1 406524121
2072 # 1504
2072 - 1198 1 406524121
2072 + 1127 406524121
2072 + 1128 406524121
2072 + 1128 406524121
2073 # 1504
2073 - 1199 2 406524121
2073 # 1504
2073 - 1127 1 406524121
2073 - 1128 1 406524121
2073 + 1128 406524121
2073 + 1067 406524121
2074 # 1504
2074 - 1128 2 406524121
2074 # 1504
2074 - 1128 1 406524121
2074 - 1067 1 406524121
2074 + 1067 406524121
2074 + 1068 406524121
2074 + 1068 406524121
2074 + 1065 406524121
2074 + 1065 406524121
2074 + 1065 406524121
2074 + 1066 406524121
2075 # 1504
2075 - 1067 1 406524121
2075 # 1504
2075 - 1068 1 406524121
2075 + 988 406524121
2075 + 988 406524121
2075 + 988 406524121
2075 + 989 406524121
2075 + 853 406524121
2076 # 1504
2076 - 1068 2 406524121
2076 - 1065 2 406524121
2076 # 1504
2076 - 1065 2 406524121
2076 + 854 406524121
2076 + 854 406524121
2077 # 1504
2077 - 1065 3 406524121
2077 - 1066 3 406524121
2077 # 1504
2077 - 988 2 406524121
2078 # 1504
2078 - 988 3 406524121
2078 - 988 3 406524121
2078 # 1504
2078 - 989 3 406524121
2079 # 1504
2079 - 853 4 406524121
2079 - 854 3 406524121
2079 # 1504
2079 - 854 3 406524121
2079 + 102 2802403873
2080 # 1504
2080 - 102 1 2802403873
2080 # 1504
2081 # 1504
2081 # 1504
2082 # 1504
2082 # 1504
2083 # 1504
2083 # 1504
2084 # 1504
2084 # 1504
2084 # 1504
2085 # 1504
2085 # 1504
2086 # 1504
2086 # 1504
2087 # 1504
2087 # 1504
2087 + 102 2802403873
2088 # 1504
2088 - 102 1 2802403873
2088 # 1504
2088 + 979 406525741
2089 # 1504
2089 - 979 1 406525741
2089 # 1504
2089 + 979 406525741
2089 + 1036 406525741
2089 + 1037 406525741
2089 + 948 406525741
2090 # 1504
2090 - 979 1 406525741
2090 # 1504
2090 - 1036 1 406525741
2090 + 949 406525741
2091 # 1504
2091 - 1037 2 406525741
2091 - 948 2 406525741
2091 # 1504
2091 - 949 1 406525741
2091 + 949 406525741
2091 + 949 406525741
2091 + 1049 406525741
2091 + 1050 406525741
2091 + 1050 406525741
2091 + 1050 406525741
2091 + 1164 406525741
2091 + 1165 406525741
2092 # 1504
2092 - 949 1 406525741
2092 # 1504
2092 - 949 1 406525741
2092 - 1049 1 406525741
2092 + 1165 406525741
2092 + 1126 406525741
2092 + 1126 406525741
2092 + 1126 406525741
2092 + 1127 406525741
2093 # 1504
2093 - 1050 2 406525741
2093 # 1504
2093 - 1050 2 406525741
2093 + 1005 406525741
2094 # 1504
2094 - 1050 3 406525741
2094 - 1164 3 406525741
2094 # 1504
2094 - 1165 3 406525741
2094 + 1005 406525741
2094 + 1005 406525741
2094 + 1005 406525741
2094 + 1119 406525741
2094 + 1120 406525741
2095 # 1504
2095 - 1165 3 406525741
2095 # 1504
2095 - 1126 3 406525741
2095 - 1126 3 406525741
2095 + 102 2802403873
2095 + 1120 406525741
2096 # 1504
2096 - 1126 4 406525741
2096 # 1504
2096 - 1127 4 406525741
2096 # 1504
2096 - 1005 3 406525741
2096 - 1005 2 406525741
2097 # 1504
2097 - 1005 3 406525741
2097 # 1504
2097 - 1005 3 406525741
2097 - 1119 3 406525741
2098 # 1504
2098 - 1120 4 406525741
2098 - 102 3 2802403873
2098 # 1504
2098 - 1120 3 406525741
2099 # 1504
2099 # 1504
2100 # 1504
2100 # 1504
2101 # 1504
2101 # 1504
2102 # 1504
2102 # 1504
2103 # 1504
2103 # 1504
2104 # 1504
2104 # 1504
2105 # 1504
2105 # 1504
2106 # 1504
2106 # 1504
2106 + 940 406527361
2106 + 941 406527361
2106 + 972 406527361
2107 # 1504
2107 - 940 1 406527361
2107 # 1504
2107 - 941 1 406527361
2107 - 972 1 406527361
2107 + 973 406527361
2107 + 994 406527361
2107 + 994 406527361
2107 + 994 406527361
2107 + 995 406527361
2108 # 1504
2108 - 973 1 406527361
2108 # 1504
2108 - 994 1 406527361
2108 - 994 1 406527361
2108 # 1504
2108 - 994 1 406527361
2108 + 998 406527361
2108 + 998 406527361
2108 + 999 406527361
2109 # 1504
2109 - 995 2 406527361
2109 - 998 1 406527361
2109 # 1504
2109 - 998 1 406527361
2109 + 999 406527361
2109 + 958 406527361
2109 + 958 406527361
2110 # 1504
2110 - 999 2 406527361
2110 - 999 1 406527361
2110 # 1504
2110 - 958 1 406527361
2110 + 959 406527361
2110 + 959 406527361
2110 + 1093 406527361
2110 + 1093 406527361
2110 + 1093 406527361
2110 + 1093 406527361
2110 + 118 2802403873
2111 # 1504
2111 - 958 2 406527361
2111 - 959 1 406527361
2111 # 1504
2111 - 959 1 406527361
2111 + 1049 406527361
2111 + 1049 406527361
2111 + 1050 406527361
2111 + 1050 406527361
2111 + 913 406527361
2111 + 914 406527361
2112 # 1504
2112 - 1093 2 406527361
2112 - 1093 2 406527361
2112 # 1504
2112 - 1093 2 406527361
2112 + 914 406527361
2113 # 1504
2113 - 1093 3 406527361
2113 - 118 3 2802403873
2113 # 1504
2113 - 1049 2 406527361
2113 - 1049 2 406527361
2114 # 1504
2114 - 1050 3 406527361
2114 # 1504
2114 - 1050 3 406527361
2114 - 913 3 406527361
2115 # 1504
2115 - 914 4 406527361
2115 # 1504
2115 - 914 3 406527361
2116 # 1504
2116 # 1504
2117 # 1504
2117 # 1504
2117 # 1504
2117 # 1504
2117 + 102 2802403873
2118 # 1504
2118 - 102 1 2802403873
2118 # 1504
2119 # 1504
2119 + 56 2148532733
2119 + 666 2149057021
2120 # 1504
2120 - 56 1 2148532733
2120 - 666 1 2149057021
2120 # 1504
2121 # 1504
2121 # 1504
2122 # 1504
2122 # 1504
2123 # 1504
2123 + 1054 406528981
2124 # 1504
2124 - 1054 1 406528981
2124 # 1504
2125 # 1504
2125 # 1504
2125 + 1054 406528981
2125 + 1055 406528981
2125 + 1156 406528981
2125 + 1157 406528981
2126 # 1504
2126 - 1054 1 406528981
2126 + 1029 406528981
2126 + 1029 406528981
2126 + 1030 406528981
2126 + 1166 406528981
2126 + 1167 406528981
2126 + 1167 406528981
2127 # 1504
2127 - 1055 2 406528981
2127 # 1504
2127 - 1156 2 406528981
2127 - 1157 2 406528981
2127 + 1232 406528981
2127 + 1233 406528981
2127 + 1233 406528981
2127 + 1074 406528981
2127 + 1075 406528981
2128 # 1504
2128 - 1029 2 406528981
2128 # 1504
2128 - 1029 2 406528981
2128 - 1030 2 406528981
2128 + 102 2802403873
2128 + 1075 406528981
2129 # 1504
2129 - 1166 3 406528981
2129 # 1504
2129 - 1167 3 406528981
2129 + 1075 406528981
2129 + 1095 406528981
2129 + 1095 406528981
2129 + 1096 406528981
2130 # 1504
2130 - 1167 4 406528981
2130 + 1096 406528981
2130 + 1199 406528981
2130 + 1200 406528981
2130 + 1200 406528981
2131 # 1504
2131 - 1232 4 406528981
2131 - 1233 4 406528981
2131 # 1504
2131 - 1233 4 406528981
2132 # 1504
2132 - 1074 5 406528981
2132 # 1504
2132 - 1075 5 406528981
2132 - 102 4 2802403873
2132 - 1075 4 406528981
2133 # 1504
2133 - 1075 4 406528981
2134 # 1504
2134 - 1095 5 406528981
2134 # 1504
2134 - 1095 5 406528981
2134 - 1096 5 406528981
2135 # 1504
2135 - 1096 5 406528981
2135 # 1504
2135 - 1199 5 406528981
2136 # 1504
2136 - 1200 6 406528981
2136 # 1504
2136 - 1200 6 406528981
2137 # 1504
2138 # 1504
2138 # 1504
2139 # 1504
2139 # 1504
2140 # 1504
2140 + 102 2802403873
2141 # 1504
2141 - 102 1 2802403873
2141 # 1504
2141 + 1005 406530601
2142 # 1504
2142 - 1005 1 406530601
2142 # 1504
2142 + 1005 406530601
2142 + 1005 406530601
2143 # 1504
2143 - 1005 1 406530601
2143 # 1504
2143 - 1005 1 406530601
2143 + 1005 406530601
2143 + 898 406530601
2143 + 898 406530601
2143 + 899 406530601
2143 + 1059 406530601
2143 + 1059 406530601
2144 # 1504
2144 - 1005 1 406530601
2144 + 1060 406530601
2144 + 1239 406530601
2144 + 1239 406530601
2145 # 1504
2145 - 898 2 406530601
2145 - 898 2 406530601
2145 # 1504
2145 - 899 2 406530601
2145 + 1239 406530601
2145 + 1057 406530601
2146 # 1504
2146 - 1059 3 406530601
2146 - 1059 3 406530601
2146 # 1504
2146 - 1060 2 406530601
2146 + 1057 406530601
2146 + 1058 406530601
2146 + 1058 406530601
2146 + 977 406530601
2146 + 978 406530601
2147 # 1504
2147 - 1239 3 406530601
2147 + 978 406530601
2147 + 978 406530601
2147 + 1208 406530601
2147 + 1208 406530601
2147 + 1208 406530601
2148 # 1504
2148 - 1239 4 406530601
2148 # 1504
2148 - 1239 3 406530601
2148 - 1057 3 406530601
2148 + 1209 406530601
2148 + 1040 406530601
2148 + 1040 406530601
2148 + 1041 406530601
2148 + 1041 406530601
2149 # 1504
2149 - 1057 3 406530601
2149 # 1504
2149 - 1058 3 406530601
2149 - 1058 3 406530601
2150 # 1504
2150 - 977 4 406530601
2150 # 1504
2150 - 978 4 406530601
2150 - 978 3 406530601
2151 # 1504
2151 - 978 4 406530601
2152 # 1504
2152 - 1208 5 406530601
2152 # 1504
2152 - 1208 5 406530601
2152 - 1208 5 406530601
2153 # 1504
2153 - 1209 5 406530601
2153 # 1504
2153 - 1040 5 406530601
2154 # 1504
2154 - 1040 6 406530601
2154 - 1041 6 406530601
2155 # 1504
2155 - 1041 7 406530601
2155 # 1504
2155 + 102 2802403873
2156 # 1504
2156 - 102 1 2802403873
2156 # 1504
2157 # 1504
2157 # 1504
2158 # 1504
2159 # 1504
2159 # 1504
2160 # 1504
2160 # 1504
2160 + 1091 406532221
2160 + 1091 406532221
2161 # 1504
2161 - 1091 1 406532221
2161 + 1091 406532221
2161 + 1092 406532221
2161 + 1092 406532221
2161 + 1055 406532221
2161 + 1056 406532221
2162 # 1504
2162 - 1091 2 406532221
2162 # 1504
2162 - 1091 1 406532221
2162 - 1092 1 406532221
2162 + 1056 406532221
2162 + 1005 406532221
2162 + 1005 406532221
2162 + 1005 406532221
2162 + 1005 406532221
2163 # 1504
2163 - 1092 2 406532221
2163 # 1504
2163 - 1055 2 406532221
2164 # 1504
2164 - 1056 3 406532221
2164 - 1056 2 406532221
2164 # 1504
2164 - 1005 2 406532221
2164 + 1208 406532221
2164 + 1208 406532221
2164 + 1209 406532221
2164 + 1209 406532221
2164 + 1072 406532221
2164 + 1073 406532221
2165 # 1504
2165 - 1005 3 406532221
2165 - 1005 3 406532221
2165 + 1073 406532221
2165 + 1073 406532221
2165 + 1073 406532221
2165 + 1008 406532221
2165 + 1008 406532221
2166 # 1504
2166 - 1005 4 406532221
2166 # 1504
2166 - 1208 2 406532221
2166 + 1008 406532221
2166 + 1009 406532221
2166 + 1009 406532221
2166 + 1216 406532221
2167 # 1504
2167 - 1208 3 406532221
2167 - 1209 3 406532221
2167 # 1504
2167 - 1209 3 406532221
2167 + 1216 406532221
2167 + 1216 406532221
2167 + 1216 406532221
2167 + 1216 406532221
2168 # 1504
2168 - 1072 4 406532221
2168 + 1224 406532221
2168 + 1225 406532221
2168 + 1225 406532221
2168 + 1225 406532221
2168 + 118 2802403873
2169 # 1504
2169 - 1073 5 406532221
2169 - 1073 4 406532221
2169 # 1504
2169 - 1073 4 406532221
2170 # 1504
2170 - 1073 5 406532221
2170 - 1008 5 406532221
2170 # 1504
2170 - 1008 5 406532221
2170 + 56 2148598269
2170 + 64 2685599368
2170 + 64 2685599368
2171 # 1504
2171 - 1008 5 406532221
2171 - 1009 5 406532221
2171 # 1504
2171 - 1009 5 406532221
2172 # 1504
2172 - 1216 6 406532221
2173 # 1504
2173 - 1216 6 406532221
2173 - 1216 6 406532221
2173 # 1504
2173 - 1216 6 406532221
2174 # 1504
2174 - 1216 7 406532221
2174 # 1504
2174 - 1224 6 406532221
2175 # 1504
2175 - 1225 7 406532221
2176 # 1504
2176 - 1225 8 406532221
2176 - 1225 8 406532221
2176 - 118 8 2802403873
2176 - 56 6 2148598269
2176 - 64 6 2685599368
2176 # 1504
2176 - 64 6 2685599368
2177 # 1504
2177 # 1504
2177 + 102 2802403873
2178 # 1504
2178 - 102 1 2802403873
2178 # 1504
2178 + 1055 406533751
2179 # 1504
2179 - 1055 1 406533751
2179 + 1055 406533751
2179 + 1055 406533751
2179 + 1055 406533751
2179 + 1055 406533751
2179 + 1056 406533751
2180 # 1504
2180 - 1055 1 406533751
2180 # 1504
2180 - 1055 1 406533751
2180 + 861 406533751
2180 + 862 406533751
2180 + 862 406533751
2180 + 1210 406533751
2180 + 1210 406533751
2181 # 1504
2181 - 1055 2 406533751
2181 - 1055 2 406533751
2181 # 1504
2181 - 1056 2 406533751
2181 + 1211 406533751
2181 + 1123 406533751
2181 + 1123 406533751
2181 + 1124 406533751
2182 # 1504
2182 - 861 2 406533751
2182 - 862 2 406533751
2182 + 1124 406533751
2182 + 1124 406533751
2182 + 1093 406533751
2183 # 1504
2183 - 862 3 406533751
2183 # 1504
2183 - 1210 3 406533751
2183 - 1210 3 406533751
2183 + 1094 406533751
2183 + 1094 406533751
2183 + 1094 406533751
2183 + 1094 406533751
2183 + 1237 406533751
2184 # 1504
2184 - 1211 3 406533751
2184 # 1504
2184 - 1123 3 406533751
2184 + 1237 406533751
2184 + 1238 406533751
2184 + 1238 406533751
2184 + 1238 406533751
2184 + 1120 406533751
2185 # 1504
2185 - 1123 4 406533751
2185 - 1124 4 406533751
2185 # 1504
2185 - 1124 3 406533751
2186 # 1504
2186 - 1124 4 406533751
2186 + 1120 406533751
2186 + 1120 406533751
2186 + 1120 406533751
2186 + 1121 406533751
2186 + 1121 406533751
2187 # 1504
2187 - 1093 5 406533751
2187 - 1094 4 406533751
2187 # 1504
2187 - 1094 4 406533751
2187 + 1203 406533751
2187 + 1203 406533751
2187 + 1203 406533751
2187 + 1204 406533751
2188 # 1504
2188 - 1094 5 406533751
2188 # 1504
2188 - 1094 5 406533751
2188 - 1237 5 406533751
2188 + 118 2802403873
2189 # 1504
2189 - 1237 5 406533751
2190 # 1504
2190 - 1238 6 406533751
2190 # 1504
2190 - 1238 6 406533751
2191 # 1504
2191 - 1238 7 406533751
2191 - 1120 7 406533751
2191 # 1504
2191 - 1120 5 406533751
2192 # 1504
2192 - 1120 6 406533751
2192 # 1504
2192 - 1120 6 406533751
2192 - 1121 6 406533751
2193 # 1504
2193 - 1121 7 406533751
2194 # 1504
2194 - 1203 7 406533751
2194 # 1504
2194 - 1203 7 406533751
2194 - 1203 7 406533751
2195 # 1504
2195 - 1204 8 406533751
2195 - 118 7 2802403873
2195 # 1504
2196 # 1504
2196 + 1195 406535371
2197 # 1504
2197 - 1195 1 406535371
2197 # 1504
2197 + 1195 406535371
2197 + 1195 406535371
2197 + 1195 406535371
2197 + 1195 406535371
2197 + 1195 406535371
2198 # 1504
2198 - 1195 1 406535371
2198 # 1504
2198 - 1195 1 406535371
2198 + 1196 406535371
2198 + 1198 406535371
2198 + 1198 406535371
2199 # 1504
2199 - 1195 2 406535371
2199 # 1504
2199 - 1195 2 406535371
2199 - 1195 2 406535371
2199 + 1199 406535371
2199 + 1201 406535371
2199 + 118 2802403873
2199 + 1201 406535371
2200 # 1504
2200 - 1196 2 406535371
2200 + 1202 406535371
2200 + 1043 406535371
2200 + 1043 406535371
2200 + 1043 406535371
2201 # 1504
2201 - 1198 3 406535371
2201 # 1504
2201 - 1198 3 406535371
2201 + 1043 406535371
2201 + 1043 406535371
2201 + 1221 406535371
2201 + 1221 406535371
2201 + 1221 406535371
2202 # 1504
2202 - 1199 3 406535371
2202 - 1201 3 406535371
2202 # 1504
2202 - 118 3 2802403873
2202 - 1201 3 406535371
2202 + 1221 406535371
2202 + 1079 406535371
2202 + 1080 406535371
2203 # 1504
2203 - 1202 3 406535371
2203 + 1080 406535371
2203 + 1080 406535371
2203 + 1080 406535371
2203 + 1080 406535371
2204 # 1504
2204 - 1043 4 406535371
2204 # 1504
2204 - 1043 4 406535371
2204 - 1043 4 406535371
2204 + 1131 406535371
2204 + 1132 406535371
2204 + 1132 406535371
2204 + 1132 406535371
2204 + 1132 406535371
2205 # 1504
2205 - 1043 4 406535371
2205 # 1504
2205 - 1043 4 406535371
2205 - 1221 4 406535371
2205 + 1132 406535371
2205 + 1155 406535371
2205 + 1156 406535371
2205 + 1156 406535371
2205 + 1156 406535371
2206 # 1504
2206 - 1221 5 406535371
2206 # 1504
2206 - 1221 5 406535371
2206 + 1156 406535371
2207 # 1504
2207 - 1221 5 406535371
2208 # 1504
2208 - 1079 6 406535371
2208 - 1080 6 406535371
2208 # 1504
2208 - 1080 5 406535371
2209 # 1504
2209 - 1080 6 406535371
2209 - 1080 6 406535371
2209 # 1504
2209 - 1080 6 406535371
2210 # 1504
2210 - 1131 6 406535371
2211 # 1504
2211 - 1132 7 406535371
2211 - 1132 7 406535371
2211 # 1504
2211 - 1132 7 406535371
2211 + 102 2802403873
2212 # 1504
2212 - 1132 8 406535371
2212 # 1504
2212 - 1132 7 406535371
2212 - 1155 7 406535371
2213 # 1504
2213 - 1156 8 406535371
2213 # 1504
2213 - 1156 8 406535371
2213 + 1147 406536991
2214 # 1504
2214 - 1156 9 406535371
2215 # 1504
2215 - 1156 9 406535371
2215 - 102 4 2802403873
2215 - 1147 2 406536991
2215 # 1504
2215 + 1147 406536991
2215 + 1147 406536991
2215 + 1147 406536991
2215 + 1147 406536991
2215 + 1147 406536991
2216 # 1504
2216 - 1147 1 406536991
2216 # 1504
2216 - 1147 1 406536991
2216 + 1148 406536991
2216 + 1182 406536991
2216 + 1182 406536991
2216 + 1182 406536991
2216 + 1182 406536991
2217 # 1504
2217 - 1147 2 406536991
2218 # 1504
2218 - 1147 3 406536991
2218 - 1147 3 406536991
2218 # 1504
2218 - 1148 2 406536991
2218 + 1182 406536991
2218 + 1011 406536991
2218 + 1011 406536991
2218 + 1011 406536991
2218 + 1011 406536991
2218 + 984 406536991
2218 + 984 406536991
2218 + 985 406536991
2219 # 1504
2219 - 1182 3 406536991
2219 # 1504
2219 - 1182 3 406536991
2219 - 1182 3 406536991
2220 # 1504
2220 - 1182 4 406536991
2220 # 1504
2220 - 1182 2 406536991
2220 + 56 2148532733
2220 + 663 2149057021
2220 + 118 2802403873
2220 + 985 406536991
2220 + 1062 406536991
2220 + 1062 406536991
2220 + 1062 406536991
2220 + 1063 406536991
2220 + 1063 406536991
2220 + 1092 406536991
2220 + 1092 406536991
2220 + 1092 406536991
2221 # 1504
2221 - 1011 3 406536991
2221 - 1011 3 406536991
2221 + 1092 406536991
2221 + 1093 406536991
2221 + 1093 406536991
2221 + 1082 406536991
2221 + 1082 406536991
2222 # 1504
2222 - 1011 4 406536991
2222 # 1504
2222 - 1011 4 406536991
2222 - 984 4 406536991
2223 # 1504
2223 - 984 5 406536991
2223 # 1504
2223 - 985 5 406536991
2223 - 56 3 2148532733
2223 - 663 3 2149057021
2223 - 118 3 2802403873
2223 + 1082 406536991
2223 + 1082 406536991
2223 + 1082 406536991
2223 + 1082 406536991
2223 + 1171 406536991
2223 + 1171 406536991
2223 + 1171 406536991
2224 # 1504
2224 - 985 4 406536991
2224 + 1172 406536991
2224 + 1172 406536991
2225 # 1504
2225 - 1062 5 406536991
2225 - 1062 5 406536991
2225 # 1504
2225 - 1062 5 406536991
2226 # 1504
2226 - 1063 6 406536991
2226 - 1063 6 406536991
2226 # 1504
2226 - 1092 6 406536991
2227 # 1504
2227 - 1092 7 406536991
2227 # 1504
2227 - 1092 7 406536991
2227 - 1092 6 406536991
2228 # 1504
2228 - 1093 7 406536991
2229 # 1504
2229 - 1093 8 406536991
2229 - 1082 8 406536991
2229 # 1504
2229 - 1082 8 406536991
2230 # 1504
2230 - 1082 7 406536991
2230 # 1504
2230 - 1082 7 406536991
2230 - 1082 7 406536991
2231 # 1504
2231 - 1082 8 406536991
2231 # 1504
2231 - 1171 8 406536991
2231 + 1214 406538611
2232 # 1504
2232 - 1171 9 406536991
2232 - 1171 9 406536991
2233 # 1504
2233 - 1172 9 406536991
2233 # 1504
2233 - 1172 9 406536991
2233 + 1214 406538611
2233 + 1214 406538611
2233 + 1214 406538611
2233 + 1215 406538611
2233 + 1215 406538611
2233 + 1215 406538611
2234 # 1504
2234 - 1214 3 406538611
2234 # 1504
2234 - 1214 1 406538611
2234 - 1214 1 406538611
2234 + 1156 406538611
2234 + 1156 406538611
2234 + 1156 406538611
2234 + 1156 406538611
2234 + 1156 406538611
2234 + 102 2802403873
2235 # 1504
2235 - 1214 2 406538611
2236 # 1504
2236 - 1215 3 406538611
2236 # 1504
2236 - 1215 3 406538611
2236 + 1157 406538611
2236 + 1075 406538611
2236 + 1075 406538611
2236 + 1076 406538611
2236 + 1076 406538611
2237 # 1504
2237 - 1215 4 406538611
2237 - 1156 3 406538611
2237 # 1504
2237 - 1156 3 406538611
2237 + 984 406538611
2237 + 984 406538611
2237 + 985 406538611
2237 + 985 406538611
2237 + 1193 406538611
2237 + 1193 406538611
2238 # 1504
2238 - 1156 4 406538611
2238 # 1504
2238 - 1156 4 406538611
2238 - 1156 4 406538611
2238 + 1193 406538611
2238 + 1193 406538611
2238 + 1085 406538611
2238 + 1085 406538611
2238 + 1085 406538611
2239 # 1504
2239 - 102 5 2802403873
2239 - 1157 3 406538611
2239 + 1085 406538611
2239 + 1085 406538611
2240 # 1504
2240 - 1075 4 406538611
2240 # 1504
2240 - 1075 4 406538611
2240 - 1076 4 406538611
2240 + 1209 406538611
2240 + 1209 406538611
2240 + 1210 406538611
2241 # 1504
2241 - 1076 5 406538611
2241 # 1504
2241 - 984 4 406538611
2241 - 984 4 406538611
2241 + 102 2802403873
2241 + 1210 406538611
2241 + 1210 406538611
2241 + 1102 406538611
2241 + 1102 406538611
2241 + 1102 406538611
2241 + 1103 406538611
2242 # 1504
2242 - 985 5 406538611
2242 + 1103 406538611
2242 + 1103 406538611
2243 # 1504
2243 - 985 6 406538611
2243 # 1504
2243 - 1193 6 406538611
2243 - 1193 6 406538611
2244 # 1504
2244 - 1193 6 406538611
2244 # 1504
2244 - 1193 6 406538611
2245 # 1504
2245 - 1085 7 406538611
2245 - 1085 7 406538611
2245 # 1504
2245 - 1085 7 406538611
2246 # 1504
2246 - 1085 7 406538611
2247 # 1504
2247 - 1085 8 406538611
2247 - 1209 7 406538611
2247 # 1504
2247 - 1209 7 406538611
2248 # 1504
2248 - 1210 8 406538611
2248 - 102 7 2802403873
2248 # 1504
2248 - 1210 7 406538611
2249 # 1504
2249 - 1210 8 406538611
2249 - 1102 8 406538611
2249 + 1236 406540231
2250 # 1504
2250 - 1102 9 406538611
2250 # 1504
2250 - 1102 9 406538611
2250 + 1236 406540231
2250 + 1236 406540231
2250 + 1236 406540231
2250 + 1237 406540231
2251 # 1504
2251 - 1103 10 406538611
2251 - 1103 9 406538611
2251 # 1504
2251 - 1103 9 406538611
2251 + 1237 406540231
2251 + 1237 406540231
2251 + 1177 406540231
2252 # 1504
2252 - 1236 3 406540231
2252 # 1504
2252 - 1236 2 406540231
2252 + 1177 406540231
2252 + 1177 406540231
2253 # 1504
2253 - 1236 3 406540231
2253 - 1236 3 406540231
2253 + 1177 406540231
2253 + 1178 406540231
2253 + 1178 406540231
2253 + 1237 406540231
2254 # 1504
2254 - 1237 4 406540231
2254 # 1504
2254 - 1237 3 406540231
2254 + 1237 406540231
2254 + 1238 406540231
2254 + 1238 406540231
2254 + 1024 406540231
2254 + 1024 406540231
2254 + 102 2802403873
2255 # 1504
2255 - 1237 4 406540231
2255 # 1504
2255 - 1177 4 406540231
2255 - 1177 3 406540231
2255 + 1025 406540231
2255 + 1025 406540231
2255 + 1213 406540231
2255 + 1214 406540231
2255 + 1214 406540231
2255 + 1214 406540231
2256 # 1504
2256 - 1177 4 406540231
2256 + 1010 406540231
2256 + 1011 406540231
2257 # 1504
2257 - 1177 4 406540231
2257 # 1504
2257 - 1178 4 406540231
2257 - 1178 4 406540231
2257 + 1011 406540231
2257 + 1011 406540231
2257 + 1011 406540231
2257 + 1061 406540231
2258 # 1504
2258 - 1237 5 406540231
2258 # 1504
2258 - 1237 4 406540231
2258 + 1061 406540231
2258 + 1062 406540231
2258 + 1062 406540231
2258 + 1062 406540231
2258 + 1062 406540231
2259 # 1504
2259 - 1238 5 406540231
2259 # 1504
2259 - 1238 5 406540231
2259 - 1024 5 406540231
2259 + 1098 406540231
2259 + 1098 406540231
2259 + 1098 406540231
2259 + 1099 406540231
2259 + 1099 406540231
2259 + 1099 406540231
2260 # 1504
2260 - 1024 6 406540231
2260 - 102 6 2802403873
2261 # 1504
2261 - 1025 6 406540231
2261 # 1504
2261 - 1025 6 406540231
2261 - 1213 6 406540231
2261 + 118 2802403873
2262 # 1504
2262 - 1214 7 406540231
2262 # 1504
2262 - 1214 7 406540231
2263 # 1504
2263 - 1214 8 406540231
2263 - 1010 7 406540231
2264 # 1504
2264 - 1011 8 406540231
2264 # 1504
2264 - 1011 7 406540231
2264 - 1011 7 406540231
2265 # 1504
2265 - 1011 8 406540231
2265 # 1504
2265 - 1061 8 406540231
2266 # 1504
2266 - 1061 8 406540231
2266 - 1062 8 406540231
2266 # 1504
2266 - 1062 8 406540231
2267 # 1504
2267 - 1062 9 406540231
2267 - 1062 9 406540231
2268 # 1504
2268 - 1098 9 406540231
2268 # 1504
2268 - 1098 9 406540231
2268 + 1108 406541851
2269 # 1504
2269 - 1098 10 406540231
2269 - 1099 10 406540231
2269 # 1504
2269 - 1099 10 406540231
2269 + 56 2148598269
2269 + 64 2685599368
2269 + 1108 406541851
2269 + 1108 406541851
2269 + 1108 406541851
2270 # 1504
2270 - 1099 11 406540231
2270 - 118 9 2802403873
2270 + 1108 406541851
2270 + 1109 406541851
2270 + 64 2685599368
2271 # 1504
2271 - 1108 3 406541851
2271 - 56 2 2148598269
2271 - 64 2 2685599368
2271 - 1108 2 406541851
2271 # 1504
2271 - 1108 2 406541851
2271 + 1109 406541851
2271 + 1109 406541851
2271 + 1082 406541851
2271 + 1082 406541851
2271 + 1082 406541851
2272 # 1504
2272 - 1108 3 406541851
2272 # 1504
2272 - 1108 2 406541851
2272 - 1109 2 406541851
2272 - 64 2 2685599368
2272 + 1082 406541851
2272 + 1083 406541851
2272 + 1083 406541851
2272 + 1076 406541851
2272 + 1076 406541851
2273 # 1504
2273 - 1109 2 406541851
2273 # 1504
2273 - 1109 2 406541851
2274 # 1504
2274 - 1082 3 406541851
2274 - 1082 3 406541851
2274 + 1076 406541851
2274 + 1077 406541851
2274 + 1077 406541851
2274 + 1114 406541851
2274 + 1115 406541851
2274 + 1115 406541851
2274 + 1115 406541851
2274 + 1192 406541851
2274 + 1192 406541851
2275 # 1504
2275 - 1082 4 406541851
2275 # 1504
2275 - 1082 3 406541851
2275 - 1083 3 406541851
2275 + 1193 406541851
2275 + 1193 406541851
2275 + 1019 406541851
2275 + 1019 406541851
2275 + 1020 406541851
2276 # 1504
2276 - 1083 4 406541851
2276 # 1504
2276 - 1076 4 406541851
2277 # 1504
2277 - 1076 5 406541851
2277 - 1076 3 406541851
2277 + 118 2802403873
2277 + 1020 406541851
2277 + 1020 406541851
2277 + 1203 406541851
2277 + 1203 406541851
2277 + 1203 406541851
2278 # 1504
2278 - 1077 4 406541851
2278 # 1504
2278 - 1077 4 406541851
2278 + 1203 406541851
2278 + 1203 406541851
2278 + 1204 406541851
2278 + 1147 406541851
2278 + 1147 406541851
2279 # 1504
2279 - 1114 5 406541851
2279 - 1115 5 406541851
2279 # 1504
2279 - 1115 5 406541851
2279 + 1147 406541851
2279 + 1148 406541851
2279 + 1148 406541851
2279 + 1148 406541851
2280 # 1504
2280 - 1115 6 406541851
2280 # 1504
2280 - 1192 6 406541851
2280 - 1192 6 406541851
2281 # 1504
2281 - 1193 6 406541851
2282 # 1504
2282 - 1193 7 406541851
2282 # 1504
2282 - 1019 7 406541851
2282 - 1019 7 406541851
2283 # 1504
2283 - 1020 8 406541851
2283 - 118 6 2802403873
2283 # 1504
2283 - 1020 6 406541851
2283 - 1020 6 406541851
2284 # 1504
2284 - 1203 7 406541851
2285 # 1504
2285 - 1203 8 406541851
2285 # 1504
2285 - 1203 8 406541851
2285 + 1217 406543471
2286 # 1504
2286 - 1203 8 406541851
2286 - 1203 8 406541851
2286 # 1504
2286 - 1204 8 406541851
2286 + 1217 406543471
2286 + 1217 406543471
2286 + 1217 406543471
2286 + 1218 406543471
2286 + 1218 406543471
2287 # 1504
2287 - 1147 9 406541851
2287 # 1504
2287 - 1147 9 406541851
2287 - 1147 8 406541851
2288 # 1504
2288 - 1148 9 406541851
2288 + 1142 406543471
2288 + 1142 406543471
2288 + 1142 406543471
2288 + 1142 406543471
2288 + 1142 406543471
2289 # 1504
2289 - 1148 10 406541851
2289 # 1504
2289 - 1148 10 406541851
2289 + 1216 406543471
2289 + 1216 406543471
2289 + 1217 406543471
2289 + 1217 406543471
2290 # 1504
2290 - 1217 5 406543471
2290 - 1217 4 406543471
2290 # 1504
2290 - 1217 4 406543471
2290 + 1217 406543471
2290 + 1220 406543471
2290 + 1220 406543471
2290 + 1220 406543471
2290 + 1220 406543471
2290 + 102 2802403873
2291 # 1504
2291 - 1217 5 406543471
2291 + 1222 406543471
2291 + 1222 406543471
2291 + 1222 406543471
2291 + 1222 406543471
2291 + 1021 406543471
2292 # 1504
2292 - 1218 6 406543471
2292 # 1504
2292 - 1218 6 406543471
2292 - 1142 4 406543471
2293 # 1504
2293 - 1142 5 406543471
2293 # 1504
2293 - 1142 5 406543471
2293 + 1021 406543471
2293 + 1021 406543471
2293 + 1021 406543471
2293 + 1021 406543471
2293 + 1177 406543471
2294 # 1504
2294 - 1142 6 406543471
2294 - 1142 6 406543471
2294 # 1504
2294 - 1216 5 406543471
2294 + 1177 406543471
2294 + 1177 406543471
2294 + 1177 406543471
2294 + 1177 406543471
2294 + 1177 406543471
2295 # 1504
2295 - 1216 6 406543471
2295 + 1177 406543471
2295 + 1062 406543471
2295 + 1062 406543471
2295 + 1062 406543471
2295 + 1062 406543471
2295 + 1063 406543471
2296 # 1504
2296 - 1217 7 406543471
2296 # 1504
2296 - 1217 7 406543471
2296 - 1217 6 406543471
2296 + 1063 406543471
2297 # 1504
2297 - 1220 7 406543471
2297 # 1504
2297 - 1220 7 406543471
2298 # 1504
2298 - 1220 8 406543471
2299 # 1504
2299 - 1220 9 406543471
2299 - 102 9 2802403873
2299 # 1504
2299 - 1222 8 406543471
2299 - 1222 8 406543471
2300 # 1504
2300 - 1222 9 406543471
2300 # 1504
2300 - 1222 9 406543471
2301 # 1504
2301 - 1021 10 406543471
2301 - 1021 8 406543471
2301 # 1504
2301 - 1021 8 406543471
2302 # 1504
2302 - 1021 9 406543471
2302 - 1021 9 406543471
2303 # 1504
2303 - 1177 10 406543471
2303 # 1504
2303 - 1177 9 406543471
2303 + 1098 406545091
2304 # 1504
2304 - 1177 10 406543471
2304 # 1504
2304 - 1177 10 406543471
2304 - 1177 10 406543471
2304 + 1098 406545091
2304 + 1098 406545091
2304 + 1099 406545091
2304 + 1099 406545091
2304 + 1099 406545091
2305 # 1504
2305 - 1177 11 406543471
2305 + 102 2802403873
2305 + 1099 406545091
2305 + 1099 406545091
2305 + 1113 406545091
2305 + 1113 406545091
2305 + 1113 406545091
2306 # 1504
2306 - 1177 11 406543471
2306 # 1504
2306 - 1062 11 406543471
2306 - 1062 11 406543471
2307 # 1504
2307 - 1062 12 406543471
2307 # 1504
2307 - 1062 12 406543471
2307 - 1063 12 406543471
2307 + 1114 406545091
2307 + 1114 406545091
2307 + 1114 406545091
2307 + 1114 406545091
2307 + 1114 406545091
2307 + 1114 406545091
2308 # 1504
2308 - 1063 12 406543471
2308 # 1504
2308 - 1098 5 406545091
2308 + 1115 406545091
2308 + 1115 406545091
2308 + 1115 406545091
2308 + 1115 406545091
2308 + 1216 406545091
2309 # 1504
2309 - 1098 5 406545091
2309 - 1098 5 406545091
2309 + 1216 406545091
2309 + 1216 406545091
2309 + 1216 406545091
2309 + 1009 406545091
2309 + 1010 406545091
2310 # 1504
2310 - 1099 6 406545091
2310 # 1504
2310 - 1099 6 406545091
2310 + 1010 406545091
2310 + 1010 406545091
2311 # 1504
2311 - 1099 7 406545091
2311 - 102 6 2802403873
2311 - 1099 6 406545091
2311 # 1504
2311 - 1099 6 406545091
2311 + 1010 406545091
2311 + 1018 406545091
2311 + 1018 406545091
2311 + 1018 406545091
2312 # 1504
2312 - 1113 7 406545091
2312 + 102 2802403873
2312 + 1019 406545091
2312 + 1019 406545091
2312 + 1214 406545091
2312 + 1214 406545091
2312 + 1214 406545091
2312 + 1215 406545091
2313 # 1504
2313 - 1113 8 406545091
2313 - 1113 8 406545091
2313 # 1504
2313 - 1114 6 406545091
2313 + 1215 406545091
2313 + 1215 406545091
2313 + 1215 406545091
2313 + 1214 406545091
2314 # 1504
2314 - 1114 7 406545091
2314 - 1114 7 406545091
2314 # 1504
2314 - 1114 7 406545091
2314 + 1214 406545091
2315 # 1504
2315 - 1114 8 406545091
2315 # 1504
2315 - 1114 8 406545091
2315 - 1115 7 406545091
2315 + 1215 406545091
2315 + 1215 406545091
2315 + 1215 406545091
2315 + 1215 406545091
2316 # 1504
2316 - 1115 8 406545091
2317 # 1504
2317 - 1115 9 406545091
2317 # 1504
2317 - 1115 9 406545091
2317 - 1216 9 406545091
2318 # 1504
2318 - 1216 9 406545091
2318 # 1504
2318 - 1216 9 406545091
2318 # 1504
2318 - 1216 9 406545091
2318 # 1504
2318 - 1009 9 406545091
2318 - 1010 9 406545091
2319 # 1504
2319 - 1010 9 406545091
2319 # 1504
2319 - 1010 9 406545091
2319 - 1010 8 406545091
2319 + 118 2802403873
2320 # 1504
2320 - 1018 9 406545091
2320 # 1504
2320 - 1018 9 406545091
2320 - 1018 9 406545091
2320 - 102 8 2802403873
2320 # 1504
2320 - 1019 8 406545091
2320 + 56 2148532733
2320 + 1139 406546621
2321 # 1504
2321 - 1019 9 406545091
2321 # 1504
2321 - 1214 9 406545091
2321 - 1214 9 406545091
2321 + 1139 406546621
2321 + 1139 406546621
2321 + 1140 406546621
2321 + 1140 406546621
2322 # 1504
2322 - 1214 10 406545091
2322 # 1504
2322 - 1215 10 406545091
2323 # 1504
2323 - 1215 10 406545091
2323 # 1504
2323 - 1215 10 406545091
2323 - 1215 10 406545091
2323 # 1504
2323 - 1214 10 406545091
2323 + 1140 406546621
2323 + 981 406546621
2323 + 981 406546621
2323 + 981 406546621
2323 + 982 406546621
2323 + 1182 406546621
2323 + 1183 406546621
2324 # 1504
2324 - 1214 10 406545091
2324 # 1504
2324 - 1215 9 406545091
2324 + 1183 406546621
2324 + 1183 406546621
2324 + 1183 406546621
2324 + 1151 406546621
2325 # 1504
2325 - 1215 10 406545091
2325 - 1215 10 406545091
2325 # 1504
2325 - 1215 10 406545091
2325 - 118 6 2802403873
2325 - 56 5 2148532733
2325 + 1151 406546621
2325 + 1151 406546621
2325 + 1152 406546621
2325 + 1029 406546621
2325 + 1029 406546621
2326 # 1504
2326 - 1139 6 406546621
2326 # 1504
2326 - 1139 5 406546621
2326 # 1504
2326 - 1139 5 406546621
2326 - 1140 5 406546621
2326 + 1030 406546621
2327 # 1504
2327 - 1140 6 406546621
2327 # 1504
2327 - 1140 4 406546621
2327 + 1030 406546621
2327 + 1030 406546621
2327 + 1086 406546621
2327 + 1087 406546621
2327 + 1087 406546621
2327 + 1087 406546621
2328 # 1504
2328 - 981 5 406546621
2328 - 981 5 406546621
2328 # 1504
2328 - 981 5 406546621
2328 - 982 5 406546621
2328 + 1087 406546621
2328 + 1239 406546621
2328 + 1240 406546621
2328 + 1240 406546621
2328 + 1240 406546621
2329 # 1504
2329 - 1182 6 406546621
2329 # 1504
2329 - 1183 6 406546621
2329 # 1504
2329 - 1183 5 406546621
2329 + 1240 406546621
2329 + 1096 406546621
2329 + 1096 406546621
2329 + 1096 406546621
2330 # 1504
2330 - 1183 6 406546621
2330 - 1183 6 406546621
2330 # 1504
2330 - 1151 6 406546621
2330 + 1096 406546621
2331 # 1504
2331 - 1151 6 406546621
2331 # 1504
2331 - 1151 6 406546621
2331 - 1152 6 406546621
2331 + 1097 406546621
2331 + 1097 406546621
2332 # 1504
2332 - 1029 7 406546621
2332 # 1504
2332 - 1029 7 406546621
2332 # 1504
2332 - 1030 6 406546621
2332 - 1030 5 406546621
2333 # 1504
2333 - 1030 6 406546621
2333 # 1504
2333 - 1086 6 406546621
2333 - 1087 6 406546621
2334 # 1504
2334 - 1087 7 406546621
2334 # 1504
2334 - 1087 7 406546621
2334 + 102 2802403873
2335 # 1504
2335 - 1087 7 406546621
2335 - 1239 7 406546621
2335 # 1504
2335 - 1240 7 406546621
2335 # 1504
2335 - 1240 7 406546621
2336 # 1504
2336 - 1240 8 406546621
2336 # 1504
2336 - 1240 7 406546621
2336 - 1096 7 406546621
2337 # 1504
2337 - 1096 8 406546621
2337 # 1504
2337 - 1096 8 406546621
2338 # 1504
2338 - 1096 8 406546621
2338 - 1097 7 406546621
2338 # 1504
2338 - 1097 7 406546621
2338 - 102 4 2802403873
2338 # 1504
2338 + 1130 406548241
2339 # 1504
2339 - 1130 1 406548241
2339 # 1504
2340 # 1504
2340 # 1504
2340 + 1130 406548241
2340 + 1130 406548241
2340 + 1131 406548241
2340 + 1131 406548241
2340 + 1131 406548241
2341 # 1504
2341 - 1130 1 406548241
2341 # 1504
2341 - 1130 1 406548241
2341 # 1504
2341 - 1131 1 406548241
2341 + 1131 406548241
2341 + 1131 406548241
2341 + 1151 406548241
2341 + 1151 406548241
2341 + 1151 406548241
2342 # 1504
2342 - 1131 2 406548241
2342 - 1131 2 406548241
2342 # 1504
2342 - 1131 1 406548241
2343 # 1504
2343 - 1131 2 406548241
2343 # 1504
2343 - 1151 2 406548241
2343 - 1151 2 406548241
2343 + 102 2802403873
2343 + 1151 406548241
2343 + 1151 406548241
2343 + 1152 406548241
2343 + 1180 406548241
2343 + 1180 406548241
2343 + 1180 406548241
2343 + 1180 406548241
2343 + 1180 406548241
2344 # 1504
2344 - 1151 3 406548241
2344 - 102 1 2802403873
2344 # 1504
2344 - 1151 1 406548241
2344 # 1504
2344 - 1151 1 406548241
2344 - 1152 1 406548241
2344 + 1180 406548241
2344 + 1181 406548241
2344 + 1113 406548241
2344 + 1113 406548241
2345 # 1504
2345 - 1180 2 406548241
2345 # 1504
2345 - 1180 2 406548241
2346 # 1504
2346 - 1180 3 406548241
2346 # 1504
2346 - 1180 3 406548241
2346 - 1180 3 406548241
2346 + 1113 406548241
2346 + 1113 406548241
2346 + 994 406548241
2346 + 995 406548241
2346 + 995 406548241
2346 + 995 406548241
2347 # 1504
2347 - 1180 3 406548241
2347 # 1504
2347 - 1181 3 406548241
2347 # 1504
2347 - 1113 3 406548241
2347 - 1113 3 406548241
2347 + 1018 406548241
2347 + 1019 406548241
2347 + 1019 406548241
2347 + 1019 406548241
2347 + 1019 406548241
2347 + 1221 406548241
2348 # 1504
2348 - 1113 2 406548241
2348 # 1504
2348 - 1113 2 406548241
2348 + 1221 406548241
2348 + 1222 406548241
2348 + 1222 406548241
2348 + 1222 406548241
2348 + 1222 406548241
2348 + 1192 406548241
2349 # 1504
2349 - 994 3 406548241
2349 - 995 3 406548241
2349 # 1504
2349 - 995 3 406548241
2349 + 1192 406548241
2349 + 1193 406548241
2349 + 1193 406548241
2349 + 1193 406548241
2350 # 1504
2350 - 995 4 406548241
2350 - 1018 3 406548241
2350 # 1504
2350 - 1019 3 406548241
2350 # 1504
2350 - 1019 3 406548241
2350 - 1019 3 406548241
2351 # 1504
2351 - 1019 4 406548241
2351 # 1504
2351 - 1221 4 406548241
2351 + 1193 406548241
2352 # 1504
2352 - 1221 4 406548241
2352 - 1222 4 406548241
2352 # 1504
2352 - 1222 4 406548241
2352 + 102 2802403873
2353 # 1504
2353 - 1222 5 406548241
2353 # 1504
2353 - 1222 5 406548241
2353 # 1504
2353 - 1192 5 406548241
2353 - 1192 4 406548241
2354 # 1504
2354 - 1193 5 406548241
2354 # 1504
2354 - 1193 5 406548241
2355 # 1504
2355 - 1193 6 406548241
2355 # 1504
2355 - 1193 4 406548241
2355 - 102 3 2802403873
2356 # 1504
2356 # 1504
2356 # 1504
2356 + 1177 406549861
2357 # 1504
2357 - 1177 1 406549861
2357 # 1504
2358 # 1504
2358 # 1504
2358 + 1177 406549861
2358 + 1177 406549861
2358 + 1177 406549861
2358 + 1178 406549861
2358 + 1205 406549861
2359 # 1504
2359 - 1177 1 406549861
2359 # 1504
2359 - 1177 1 406549861
2359 # 1504
2359 - 1177 1 406549861
2359 + 1205 406549861
2359 + 1205 406549861
2359 + 1205 406549861
2359 + 1205 406549861
2359 + 1127 406549861
2360 # 1504
2360 - 1178 2 406549861
2360 - 1205 2 406549861
2360 # 1504
2360 - 1205 1 406549861
2360 + 1128 406549861
2360 + 1128 406549861
2360 + 1128 406549861
2360 + 1128 406549861
2360 + 1128 406549861
2361 # 1504
2361 - 1205 2 406549861
2361 # 1504
2361 - 1205 2 406549861
2361 + 1128 406549861
2361 + 1050 406549861
2361 + 1050 406549861
2361 + 1050 406549861
2361 + 1051 406549861
2362 # 1504
2362 - 1205 3 406549861
2362 - 1127 3 406549861
2362 # 1504
2362 - 1128 2 406549861
2362 # 1504
2362 - 1128 2 406549861
2363 # 1504
2363 - 1128 3 406549861
2363 - 1128 3 406549861
2363 # 1504
2363 - 1128 3 406549861
2363 + 1051 406549861
2363 + 1060 406549861
2363 + 1060 406549861
2363 + 1060 406549861
2363 + 1061 406549861
2363 + 1061 406549861
2364 # 1504
2364 - 1128 3 406549861
2364 # 1504
2364 - 1050 3 406549861
2364 - 1050 3 406549861
2365 # 1504
2365 - 1050 4 406549861
2365 # 1504
2365 - 1051 4 406549861
2365 - 1051 2 406549861
2365 # 1504
2365 - 1060 2 406549861
2365 + 1167 406549861
2365 + 1167 406549861
2365 + 1167 406549861
2365 + 1167 406549861
2365 + 1168 406549861
2365 + 1205 406549861
2365 + 1205 406549861
2365 + 1205 406549861
2365 + 1205 406549861
2365 + 1205 406549861
2366 # 1504
2366 - 1060 3 406549861
2366 - 1060 3 406549861
2366 # 1504
2366 - 1061 3 406549861
2366 + 1205 406549861
2366 + 1166 406549861
2366 + 1167 406549861
2367 # 1504
2367 - 1061 4 406549861
2367 # 1504
2367 - 1167 2 406549861
2367 - 1167 2 406549861
2367 + 1167 406549861
2368 # 1504
2368 - 1167 3 406549861
2368 # 1504
2368 - 1167 3 406549861
2368 # 1504
2368 - 1168 3 406549861
2368 + 102 2802403873
2369 # 1504
2369 - 1205 4 406549861
2369 - 1205 4 406549861
2369 # 1504
2369 - 1205 4 406549861
2370 # 1504
2370 - 1205 5 406549861
2370 # 1504
2370 - 1205 5 406549861
2371 # 1504
2371 - 1205 5 406549861
2371 - 1166 5 406549861
2371 # 1504
2371 - 1167 5 406549861
2371 # 1504
2371 - 1167 4 406549861
2371 - 102 3 2802403873
2372 # 1504
2372 # 1504
2373 # 1504
2373 # 1504
2374 # 1504
2374 # 1504
2374 # 1504
2374 + 1178 406551481
2375 # 1504
2375 - 1178 1 406551481
2375 # 1504
2375 + 1178 406551481
2375 + 1179 406551481
2375 + 1179 406551481
2375 + 1179 406551481
2376 # 1504
2376 - 1178 1 406551481
2376 # 1504
2376 - 1179 1 406551481
2376 + 1179 406551481
2376 + 1228 406551481
2376 + 1228 406551481
2376 + 1228 406551481
2376 + 1228 406551481
2377 # 1504
2377 - 1179 2 406551481
2377 # 1504
2377 - 1179 2 406551481
2377 - 1179 1 406551481
2377 # 1504
2377 - 1228 1 406551481
2378 # 1504
2378 - 1228 2 406551481
2378 # 1504
2378 - 1228 2 406551481
2378 + 1228 406551481
2378 + 1228 406551481
2378 + 1229 406551481
2378 + 1099 406551481
2378 + 1099 406551481
2379 # 1504
2379 - 1228 3 406551481
2379 # 1504
2379 - 1228 1 406551481
2379 - 1228 1 406551481
2379 + 1099 406551481
2379 + 1099 406551481
2379 + 1099 406551481
2379 + 1099 406551481
2379 + 1100 406551481
2379 + 102 2802403873
2380 # 1504
2380 - 1229 2 406551481
2380 # 1504
2380 - 1099 2 406551481
2380 # 1504
2380 - 1099 2 406551481
2380 - 1099 1 406551481
2380 + 1173 406551481
2381 # 1504
2381 - 1099 2 406551481
2381 # 1504
2381 - 1099 2 406551481
2381 + 1173 406551481
2381 + 1174 406551481
2381 + 1174 406551481
2381 + 1111 406551481
2381 + 1111 406551481
2381 + 1112 406551481
2381 + 1112 406551481
2382 # 1504
2382 - 1099 3 406551481
2382 - 1100 3 406551481
2382 - 102 3 2802403873
2382 # 1504
2382 - 1173 2 406551481
2382 + 1112 406551481
2382 + 1031 406551481
2382 + 1032 406551481
2382 + 1032 406551481
2382 + 1032 406551481
2382 + 1032 406551481
2383 # 1504
2383 - 1173 2 406551481
2383 # 1504
2383 - 1174 2 406551481
2383 - 1174 2 406551481
2383 # 1504
2383 - 1111 2 406551481
2383 + 1205 406551481
2383 + 1205 406551481
2384 # 1504
2384 - 1111 3 406551481
2384 # 1504
2384 - 1112 3 406551481
2384 - 1112 3 406551481
2384 + 1206 406551481
2384 + 1206 406551481
2384 + 1206 406551481
2385 # 1504
2385 - 1112 3 406551481
2385 # 1504
2385 - 1031 3 406551481
2385 + 869 406551481
2385 + 869 406551481
2385 + 869 406551481
2386 # 1504
2386 - 1032 4 406551481
2386 - 1032 4 406551481
2386 # 1504
2386 - 1032 4 406551481
2386 # 1504
2386 - 1032 4 406551481
2386 - 1205 3 406551481
2387 # 1504
2387 - 1205 4 406551481
2387 # 1504
2387 - 1206 3 406551481
2388 # 1504
2388 - 1206 4 406551481
2388 # 1504
2388 - 1206 4 406551481
2388 - 869 3 406551481
2388 + 102 2802403873
2389 # 1504
2389 - 869 4 406551481
2389 - 869 4 406551481
2389 - 102 1 2802403873
2389 # 1504
2389 # 1504
2390 # 1504
2390 # 1504
2391 # 1504
2391 # 1504
2392 # 1504
2392 # 1504
2392 # 1504
2392 + 1030 406553101
2393 # 1504
2393 - 1030 1 406553101
2393 # 1504
2394 # 1504
2394 # 1504
2394 + 1030 406553101
2394 + 1031 406553101
2394 + 1031 406553101
2394 + 1031 406553101
2394 + 1148 406553101
2394 + 1148 406553101
2394 + 1148 406553101
2394 + 1149 406553101
2394 + 1149 406553101
2395 # 1504
2395 - 1030 1 406553101
2395 # 1504
2395 - 1031 1 406553101
2395 # 1504
2395 - 1031 1 406553101
2395 - 1031 1 406553101
2395 + 1149 406553101
2395 + 1167 406553101
2395 + 1167 406553101
2395 + 1167 406553101
2396 # 1504
2396 - 1148 2 406553101
2396 # 1504
2396 - 1148 2 406553101
2396 + 102 2802403873
2396 + 1167 406553101
2396 + 1168 406553101
2396 + 1168 406553101
2396 + 1168 406553101
2396 + 1152 406553101
2397 # 1504
2397 - 1148 3 406553101
2397 - 1149 3 406553101
2397 # 1504
2397 - 1149 3 406553101
2398 # 1504
2398 - 1149 3 406553101
2398 # 1504
2398 - 1167 3 406553101
2398 - 1167 3 406553101
2398 # 1504
2398 - 1167 3 406553101
2398 - 102 2 2802403873
2398 + 1153 406553101
2398 + 1153 406553101
2398 + 1153 406553101
2398 + 1066 406553101
2398 + 1066 406553101
2398 + 1066 406553101
2398 + 1066 406553101
2399 # 1504
2399 - 1167 3 406553101
2399 # 1504
2399 - 1168 3 406553101
2399 + 1067 406553101
2399 + 1239 406553101
2399 + 1239 406553101
2399 + 1240 406553101
2400 # 1504
2400 - 1168 4 406553101
2400 - 1168 4 406553101
2400 # 1504
2400 - 1152 4 406553101
2400 + 1240 406553101
2400 + 1133 406553101
2400 + 1133 406553101
2400 + 1133 406553101
2400 + 1133 406553101
2401 # 1504
2401 - 1153 3 406553101
2401 # 1504
2401 - 1153 3 406553101
2401 - 1153 3 406553101
2401 # 1504
2401 - 1066 3 406553101
2402 # 1504
2402 - 1066 4 406553101
2402 # 1504
2402 - 1066 4 406553101
2402 - 1066 4 406553101
2402 + 1133 406553101
2402 + 770 406553101
2402 + 770 406553101
2403 # 1504
2403 - 1067 4 406553101
2403 # 1504
2403 - 1239 4 406553101
2404 # 1504
2404 - 1239 5 406553101
2404 - 1240 5 406553101
2404 # 1504
2404 - 1240 4 406553101
2404 # 1504
2404 - 1133 4 406553101
2405 # 1504
2405 - 1133 5 406553101
2405 - 1133 5 406553101
2405 # 1504
2405 - 1133 5 406553101
2406 # 1504
2406 - 1133 4 406553101
2406 # 1504
2406 - 770 4 406553101
2406 - 770 4 406553101
2407 # 1504
2407 # 1504
2407 # 1504
2408 # 1504
2408 # 1504
2409 # 1504
2409 # 1504
2409 + 1169 406554721
2410 # 1504
2410 - 1169 1 406554721
2410 # 1504
2410 # 1504
2410 + 102 2802403873
2411 # 1504
2411 - 102 1 2802403873
2411 # 1504
2411 + 1169 406554721
2411 + 1169 406554721
2411 + 1170 406554721
2411 + 1076 406554721
2411 + 1077 406554721
2412 # 1504
2412 - 1169 1 406554721
2412 # 1504
2412 - 1169 1 406554721
2412 + 1077 406554721
2412 + 1077 406554721
2412 + 1077 406554721
2412 + 1059 406554721
2412 + 1060 406554721
2412 + 1060 406554721
2413 # 1504
2413 - 1170 2 406554721
2413 # 1504
2413 - 1076 2 406554721
2413 - 1077 2 406554721
2413 + 1060 406554721
2413 + 1060 406554721
2413 + 1060 406554721
2413 + 1042 406554721
2413 + 1042 406554721
2413 + 1042 406554721
2413 + 1042 406554721
2414 # 1504
2414 - 1077 2 406554721
2414 # 1504
2414 - 1077 2 406554721
2414 - 1077 2 406554721
2414 # 1504
2414 - 1059 2 406554721
2414 + 1073 406554721
2415 # 1504
2415 - 1060 3 406554721
2415 # 1504
2415 - 1060 3 406554721
2415 - 1060 2 406554721
2415 + 1073 406554721
2415 + 1073 406554721
2415 + 1073 406554721
2416 # 1504
2416 - 1060 3 406554721
2416 # 1504
2416 - 1060 3 406554721
2416 - 1042 3 406554721
2416 + 1074 406554721
2416 + 1201 406554721
2416 + 1202 406554721
2416 + 1202 406554721
2416 + 1202 406554721
2417 # 1504
2417 - 1042 4 406554721
2417 # 1504
2417 - 1042 4 406554721
2417 - 1042 4 406554721
2417 # 1504
2417 - 1073 3 406554721
2417 + 1129 406554721
2417 + 1129 406554721
2417 + 1129 406554721
2417 + 1129 406554721
2417 + 769 406554721
2418 # 1504
2418 - 1073 3 406554721
2418 # 1504
2418 - 1073 3 406554721
2418 - 1073 3 406554721
2419 # 1504
2419 - 1074 3 406554721
2419 # 1504
2419 - 1201 3 406554721
2420 # 1504
2420 - 1202 4 406554721
2420 - 1202 4 406554721
2420 # 1504
2420 - 1202 4 406554721
2420 # 1504
2420 - 1129 3 406554721
2421 # 1504
2421 - 1129 4 406554721
2421 - 1129 4 406554721
2421 # 1504
2421 - 1129 4 406554721
2422 # 1504
2422 - 769 5 406554721
2422 # 1504
2423 # 1504
2423 # 1504
2423 # 1504
2424 # 1504
2424 # 1504
2425 # 1504
2425 # 1504
2426 # 1504
2426 # 1504
2426 # 1504
2426 + 102 2802403873
2427 # 1504
2427 - 102 1 2802403873
2427 # 1504
2427 + 1163 406556341
2428 # 1504
2428 - 1163 1 406556341
2428 # 1504
2428 + 1163 406556341
2428 + 1164 406556341
2428 + 1164 406556341
2429 # 1504
2429 - 1163 1 406556341
2429 # 1504
2429 - 1164 1 406556341
2429 # 1504
2429 - 1164 1 406556341
2429 + 1164 406556341
2429 + 1209 406556341
2430 # 1504
2430 - 1164 1 406556341
2430 # 1504
2430 - 1209 1 406556341
2430 + 1210 406556341
2430 + 1210 406556341
2430 + 1210 406556341
2430 + 1210 406556341
2431 # 1504
2431 - 1210 1 406556341
2431 # 1504
2431 - 1210 1 406556341
2431 + 1210 406556341
2431 + 1133 406556341
2431 + 1133 406556341
2431 + 1134 406556341
2432 # 1504
2432 - 1210 2 406556341
2432 # 1504
2432 - 1210 2 406556341
2432 # 1504
2432 - 1210 1 406556341
2432 - 1133 1 406556341
2432 + 1134 406556341
2432 + 1134 406556341
2432 + 1134 406556341
2432 + 1134 406556341
2432 + 1179 406556341
2433 # 1504
2433 - 1133 2 406556341
2433 # 1504
2433 - 1134 2 406556341
2433 + 1179 406556341
2433 + 1179 406556341
2433 + 1179 406556341
2433 + 1117 406556341
2433 + 1117 406556341
2434 # 1504
2434 - 1134 2 406556341
2434 - 1134 2 406556341
2434 # 1504
2434 - 1134 2 406556341
2435 # 1504
2435 - 1134 3 406556341
2435 # 1504
2435 - 1179 3 406556341
2435 - 1179 2 406556341
2435 # 1504
2435 - 1179 2 406556341
2435 + 1117 406556341
2435 + 1118 406556341
2435 + 1118 406556341
2435 + 1234 406556341
2435 + 1234 406556341
2436 # 1504
2436 - 1179 3 406556341
2436 # 1504
2436 - 1117 3 406556341
2436 - 1117 3 406556341
2436 + 1234 406556341
2436 + 1234 406556341
2436 + 1171 406556341
2436 + 1171 406556341
2436 + 1171 406556341
2437 # 1504
2437 - 1117 2 406556341
2437 # 1504
2437 - 1118 2 406556341
2437 + 1171 406556341
2437 + 1171 406556341
2437 + 481 406556341
2438 # 1504
2438 - 1118 3 406556341
2438 - 1234 3 406556341
2438 # 1504
2438 - 1234 3 406556341
2438 # 1504
2438 - 1234 2 406556341
2439 # 1504
2439 - 1234 3 406556341
2439 # 1504
2439 - 1171 3 406556341
2439 - 1171 3 406556341
2440 # 1504
2440 - 1171 4 406556341
2440 # 1504
2440 - 1171 3 406556341
2441 # 1504
2441 - 1171 4 406556341
2441 - 481 4 406556341
2441 # 1504
2441 # 1504
2441 + 102 2802403873
2442 # 1504
2442 - 102 1 2802403873
2442 # 1504
2443 # 1504
2443 # 1504
2444 # 1504
2444 # 1504
2444 # 1504
2445 # 1504
2445 # 1504
2445 + 1142 406557871
2446 # 1504
2446 - 1142 1 406557871
2446 # 1504
2446 + 1142 406557871
2446 + 1143 406557871
2446 + 1143 406557871
2446 + 1143 406557871
2446 + 1151 406557871
2447 # 1504
2447 - 1142 1 406557871
2447 # 1504
2447 - 1143 1 406557871
2447 # 1504
2447 - 1143 1 406557871
2447 + 1151 406557871
2447 + 1151 406557871
2447 + 1151 406557871
2447 + 1152 406557871
2448 # 1504
2448 - 1143 2 406557871
2448 - 1151 2 406557871
2448 # 1504
2448 - 1151 1 406557871
2448 + 1152 406557871
2449 # 1504
2449 - 1151 2 406557871
2449 # 1504
2449 - 1151 2 406557871
2449 - 1152 2 406557871
2449 + 1238 406557871
2449 + 1238 406557871
2449 + 1238 406557871
2449 + 1238 406557871
2449 + 1238 406557871
2449 + 1149 406557871
2449 + 102 2802403873
2450 # 1504
2450 - 1152 2 406557871
2450 # 1504
2450 - 1238 1 406557871
2450 # 1504
2450 - 1238 1 406557871
2451 # 1504
2451 - 1238 2 406557871
2451 - 1238 2 406557871
2451 # 1504
2451 - 1238 2 406557871
2451 + 1149 406557871
2451 + 1149 406557871
2451 + 1072 406557871
2451 + 1072 406557871
2451 + 1072 406557871
2451 + 1073 406557871
2451 + 993 406557871
2451 + 993 406557871
2451 + 994 406557871
2451 + 994 406557871
2452 # 1504
2452 - 1149 3 406557871
2452 - 102 3 2802403873
2452 # 1504
2452 - 1149 1 406557871
2452 + 1082 406557871
2452 + 1082 406557871
2452 + 1082 406557871
2452 + 1083 406557871
2452 + 213 406557871
2453 # 1504
2453 - 1149 2 406557871
2453 - 1072 2 406557871
2453 # 1504
2453 - 1072 2 406557871
2453 # 1504
2453 - 1072 2 406557871
2453 - 1073 2 406557871
2454 # 1504
2454 - 993 3 406557871
2454 # 1504
2454 - 993 3 406557871
2454 - 994 3 406557871
2455 # 1504
2455 - 994 4 406557871
2455 # 1504
2455 - 1082 3 406557871
2456 # 1504
2456 - 1082 4 406557871
2456 - 1082 4 406557871
2456 # 1504
2456 - 1083 4 406557871
2456 - 213 4 406557871
2456 # 1504
2457 # 1504
2457 # 1504
2457 + 102 2802403873
2458 # 1504
2458 - 102 1 2802403873
2458 # 1504
2459 # 1504
2459 # 1504
2459 # 1504
2460 # 1504
2460 # 1504
2461 # 1504
2461 # 1504
2462 # 1504
2462 # 1504
2462 # 1504
2463 # 1504
2463 # 1504
2463 + 1237 406559491
2464 # 1504
2464 - 1237 1 406559491
2464 # 1504
2464 + 1237 406559491
2464 + 1238 406559491
2464 + 1104 406559491
2464 + 1104 406559491
2464 + 1104 406559491
2465 # 1504
2465 - 1237 1 406559491
2465 # 1504
2465 - 1238 1 406559491
2465 # 1504
2465 - 1104 1 406559491
2465 + 1104 406559491
2465 + 1104 406559491
2466 # 1504
2466 - 1104 2 406559491
2466 - 1104 2 406559491
2466 # 1504
2466 - 1104 1 406559491
2466 + 1098 406559491
2466 + 1098 406559491
2466 + 1098 406559491
2467 # 1504
2467 - 1104 2 406559491
2467 # 1504
2467 - 1098 1 406559491
2467 - 1098 1 406559491
2467 + 1098 406559491
2467 + 1098 406559491
2467 + 1099 406559491
2467 + 1099 406559491
2467 + 1053 406559491
2467 + 1054 406559491
2467 + 1054 406559491
2468 # 1504
2468 - 1098 2 406559491
2468 # 1504
2468 - 1098 1 406559491
2468 - 1098 1 406559491
2468 # 1504
2468 - 1099 1 406559491
2469 # 1504
2469 - 1099 2 406559491
2469 # 1504
2469 - 1053 2 406559491
2469 - 1054 2 406559491
2470 # 1504
2470 - 1054 3 406559491
2470 # 1504
2470 + 1054 406559491
2470 + 1221 406559491
2470 + 1221 406559491
2470 + 1221 406559491
2470 + 1221 406559491
2470 + 1117 406559491
2470 + 1117 406559491
2470 + 1117 406559491
2470 + 1117 406559491
2470 + 1067 406559491
2470 + 1067 406559491
2470 + 1068 406559491
2470 + 102 2802403873
2471 # 1504
2471 - 1054 1 406559491
2471 # 1504
2471 - 1221 1 406559491
2471 # 1504
2471 - 1221 1 406559491
2471 + 1068 406559491
2471 + 118 406559491
2472 # 1504
2472 - 1221 2 406559491
2472 - 1221 2 406559491
2472 # 1504
2472 - 1117 2 406559491
2473 # 1504
2473 - 1117 3 406559491
2473 # 1504
2473 - 1117 3 406559491
2473 - 1117 3 406559491
2474 # 1504
2474 - 1067 4 406559491
2474 # 1504
2474 - 1067 4 406559491
2474 # 1504
2474 - 1068 4 406559491
2474 - 102 4 2802403873
2474 - 1068 3 406559491
2474 - 118 3 406559491
2475 # 1504
2475 # 1504
2476 # 1504
2476 # 1504
2477 # 1504
2477 # 1504
2477 # 1504
2478 # 1504
2478 # 1504
2479 # 1504
2479 # 1504
2479 + 102 2802403873
2480 # 1504
2480 - 102 1 2802403873
2480 # 1504
2480 # 1504
2481 # 1504
2481 # 1504
2481 + 1185 406561111
2482 # 1504
2482 - 1185 1 406561111
2482 # 1504
2482 + 1185 406561111
2482 + 1186 406561111
2482 + 1086 406561111
2482 + 1086 406561111
2483 # 1504
2483 - 1185 1 406561111
2483 # 1504
2483 - 1186 1 406561111
2483 # 1504
2483 - 1086 1 406561111
2483 + 1086 406561111
2483 + 1086 406561111
2483 + 1086 406561111
2483 + 1086 406561111
2483 + 1094 406561111
2483 + 1094 406561111
2484 # 1504
2484 - 1086 2 406561111
2484 - 1086 1 406561111
2484 # 1504
2484 - 1086 1 406561111
2484 + 1094 406561111
2485 # 1504
2485 - 1086 2 406561111
2485 - 1086 2 406561111
2485 # 1504
2485 - 1094 2 406561111
2485 + 1094 406561111
2485 + 1094 406561111
2485 + 1094 406561111
2485 + 1094 406561111
2485 + 1180 406561111
2485 + 1180 406561111
2486 # 1504
2486 - 1094 3 406561111
2486 # 1504
2486 - 1094 2 406561111
2486 - 1094 1 406561111
2486 # 1504
2486 - 1094 1 406561111
2486 + 1180 406561111
2486 + 1180 406561111
2486 + 1036 406561111
2486 + 1036 406561111
2487 # 1504
2487 - 1094 2 406561111
2487 # 1504
2487 - 1094 2 406561111
2487 - 1180 2 406561111
2487 + 1036 406561111
2487 + 1036 406561111
2487 + 1036 406561111
2487 + 1123 406561111
2487 + 1124 406561111
2487 + 1124 406561111
2488 # 1504
2488 - 1180 3 406561111
2488 # 1504
2488 - 1180 2 406561111
2488 + 1124 406561111
2488 + 1124 406561111
2489 # 1504
2489 - 1180 3 406561111
2489 - 1036 3 406561111
2489 # 1504
2489 - 1036 3 406561111
2489 # 1504
2489 - 1036 2 406561111
2489 - 1036 2 406561111
2489 + 1177 406561111
2489 + 1178 406561111
2489 + 1178 406561111
2489 + 1178 406561111
2489 + 87 406561111
2490 # 1504
2490 - 1036 3 406561111
2490 # 1504
2490 - 1123 3 406561111
2491 # 1504
2491 - 1124 4 406561111
2491 - 1124 4 406561111
2491 # 1504
2491 - 1124 3 406561111
2491 + 102 2802403873
2492 # 1504
2492 - 1124 4 406561111
2492 # 1504
2492 - 1177 3 406561111
2492 - 1178 3 406561111
2492 # 1504
2492 - 1178 3 406561111
2493 # 1504
2493 - 1178 4 406561111
2493 - 87 4 406561111
2493 - 102 2 2802403873
2493 # 1504
2494 # 1504
2494 # 1504
2495 # 1504
2495 # 1504
2495 # 1504
2496 # 1504
2496 # 1504
2497 # 1504
2497 # 1504
2498 # 1504
2498 # 1504
2498 # 1504
2498 + 102 2802403873
2499 # 1504
2499 - 102 1 2802403873
2499 # 1504
2499 + 1189 406562731
2500 # 1504
2500 - 1189 1 406562731
2500 # 1504
2500 + 1189 406562731
2500 + 1189 406562731
2500 + 1166 406562731
2500 + 1166 406562731
2501 # 1504
2501 - 1189 1 406562731
2501 # 1504
2501 - 1189 1 406562731
2501 # 1504
2501 - 1166 1 406562731
2501 + 1166 406562731
2501 + 1166 406562731
2501 + 1166 406562731
2501 + 1166 406562731
2501 + 1138 406562731
2502 # 1504
2502 - 1166 2 406562731
2502 - 1166 1 406562731
2502 # 1504
2502 - 1166 1 406562731
2502 + 1138 406562731
2502 + 1138 406562731
2502 + 1139 406562731
2502 + 1139 406562731
2502 + 1139 406562731
2503 # 1504
2503 - 1166 2 406562731
2503 # 1504
2503 - 1166 2 406562731
2503 - 1138 2 406562731
2504 # 1504
2504 - 1138 2 406562731
2504 # 1504
2504 - 1138 2 406562731
2504 # 1504
2504 - 1139 2 406562731
2504 + 1139 406562731
2504 + 1037 406562731
2504 + 1037 406562731
2504 + 1038 406562731
2504 + 1038 406562731
2504 + 1038 406562731
2504 + 1174 406562731
2505 # 1504
2505 - 1139 3 406562731
2505 - 1139 3 406562731
2505 # 1504
2505 - 1139 1 406562731
2505 + 1174 406562731
2505 + 1174 406562731
2505 + 1174 406562731
2505 + 1174 406562731
2506 # 1504
2506 - 1037 2 406562731
2506 - 1037 2 406562731
2506 # 1504
2506 - 1038 2 406562731
2506 + 1139 406562731
2506 + 1139 406562731
2506 + 1139 406562731
2506 + 1139 406562731
2506 + 1139 406562731
2507 # 1504
2507 - 1038 3 406562731
2507 - 1038 3 406562731
2507 # 1504
2507 - 1174 3 406562731
2507 # 1504
2507 - 1174 2 406562731
2507 + 1140 406562731
2507 + 1116 406562731
2508 # 1504
2508 - 1174 3 406562731
2508 # 1504
2508 - 1174 3 406562731
2508 - 1174 3 406562731
2508 + 1116 406562731
2508 + 1116 406562731
2508 + 1116 406562731
2508 + 1116 406562731
2508 + 87 406562731
2509 # 1504
2509 - 1139 3 406562731
2509 # 1504
2509 - 1139 3 406562731
2509 + 102 2802403873
2510 # 1504
2510 - 1139 4 406562731
2510 - 1139 4 406562731
2510 # 1504
2510 - 1139 4 406562731
2510 # 1504
2510 - 1140 3 406562731
2511 # 1504
2511 - 1116 4 406562731
2511 - 1116 3 406562731
2511 # 1504
2511 - 1116 3 406562731
2512 # 1504
2512 - 1116 4 406562731
2512 # 1504
2512 - 1116 4 406562731
2512 - 87 4 406562731
2512 - 102 3 2802403873
2513 # 1504
2513 # 1504
2513 # 1504
2514 # 1504
2514 # 1504
2514 + 102 2802403873
2515 # 1504
2515 - 102 1 2802403873
2515 # 1504
2516 # 1504
2516 # 1504
2516 # 1504
2516 + 1156 406564351
2517 # 1504
2517 - 1156 1 406564351
2517 # 1504
2517 + 1157 406564351
2517 + 1100 406564351
2517 + 1100 406564351
2517 + 1100 406564351
2518 # 1504
2518 - 1157 1 406564351
2518 # 1504
2518 - 1100 1 406564351
2519 # 1504
2519 - 1100 2 406564351
2519 - 1100 2 406564351
2519 # 1504
2519 # 1504
2519 + 1101 406564351
2519 + 1101 406564351
2519 + 1101 406564351
2520 # 1504
2520 - 1101 1 406564351
2520 # 1504
2520 - 1101 1 406564351
2520 # 1504
2520 - 1101 1 406564351
2520 # 1504
2520 + 1054 406564351
2520 + 1055 406564351
2520 + 1055 406564351
2520 + 1055 406564351
2520 + 1055 406564351
2520 + 1055 406564351
2520 + 1126 406564351
2520 + 1127 406564351
2520 + 1127 406564351
2521 # 1504
2521 - 1054 1 406564351
2521 # 1504
2521 - 1055 1 406564351
2521 + 1127 406564351
2521 + 1181 406564351
2521 + 1181 406564351
2521 + 1181 406564351
2521 + 1181 406564351
2522 # 1504
2522 - 1055 2 406564351
2522 - 1055 2 406564351
2523 # 1504
2523 - 1055 3 406564351
2523 # 1504
2523 - 1055 3 406564351
2523 - 1126 3 406564351
2523 + 1106 406564351
2523 + 1106 406564351
2523 + 1106 406564351
2523 + 1106 406564351
2523 + 1107 406564351
2524 # 1504
2524 - 1127 4 406564351
2524 # 1504
2524 - 1127 4 406564351
2524 + 1091 406564351
2524 + 1092 406564351
2524 + 1092 406564351
2524 + 87 406564351
2525 # 1504
2525 - 1127 4 406564351
2525 - 1181 4 406564351
2525 # 1504
2525 - 1181 4 406564351
2526 # 1504
2526 - 1181 5 406564351
2526 # 1504
2526 - 1181 5 406564351
2527 # 1504
2527 - 1106 4 406564351
2527 - 1106 4 406564351
2528 # 1504
2528 - 1106 5 406564351
2528 # 1504
2528 - 1106 5 406564351
2528 + 102 2802403873
2529 # 1504
2529 - 1107 6 406564351
2529 - 1091 5 406564351
2529 # 1504
2529 - 1092 5 406564351
2530 # 1504
2530 - 1092 6 406564351
2530 - 87 6 406564351
2530 - 102 2 2802403873
2530 # 1504
2531 # 1504
2531 # 1504
2532 # 1504
2533 # 1504
2533 # 1504
2534 # 1504
2534 # 1504
2534 + 1211 406565971
2535 # 1504
2535 - 1211 1 406565971
2535 # 1504
2536 # 1504
2536 # 1504
2536 + 102 2802403873
2536 + 1211 406565971
2536 + 1147 406565971
2536 + 1147 406565971
2536 + 1147 406565971
2536 + 1147 406565971
2537 # 1504
2537 - 102 1 2802403873
2537 - 1211 1 406565971
2537 + 1147 406565971
2537 + 1147 406565971
2537 + 1237 406565971
2537 + 1237 406565971
2537 + 1237 406565971
2538 # 1504
2538 - 1147 2 406565971
2538 # 1504
2538 - 1147 2 406565971
2538 + 1238 406565971
2538 + 1238 406565971
2538 + 1238 406565971
2538 + 1006 406565971
2538 + 1006 406565971
2539 # 1504
2539 - 1147 3 406565971
2539 - 1147 3 406565971
2539 # 1504
2539 - 1147 2 406565971
2540 # 1504
2540 - 1147 3 406565971
2540 # 1504
2540 - 1237 3 406565971
2540 + 1007 406565971
2540 + 1007 406565971
2540 + 1007 406565971
2540 + 1026 406565971
2540 + 1026 406565971
2540 + 1026 406565971
2540 + 1026 406565971
2541 # 1504
2541 - 1237 4 406565971
2541 - 1237 4 406565971
2541 # 1504
2541 - 1238 3 406565971
2541 + 1027 406565971
2541 + 1105 406565971
2541 + 1105 406565971
2541 + 1105 406565971
2541 + 1105 406565971
2541 + 102 2802403873
2542 # 1504
2542 - 1238 4 406565971
2542 + 1105 406565971
2542 + 1106 406565971
2542 + 1002 406565971
2542 + 1002 406565971
2542 + 1002 406565971
2542 + 1002 406565971
2543 # 1504
2543 - 1238 5 406565971
2543 # 1504
2543 - 1006 5 406565971
2543 - 1006 5 406565971
2544 # 1504
2544 - 1007 4 406565971
2544 # 1504
2544 - 1007 4 406565971
2544 - 1007 4 406565971
2544 + 87 406565971
2545 # 1504
2545 - 1026 5 406565971
2545 # 1504
2545 - 1026 5 406565971
2545 - 1026 5 406565971
2546 # 1504
2546 - 1026 6 406565971
2546 # 1504
2546 - 1027 5 406565971
2546 - 1105 5 406565971
2547 # 1504
2547 - 1105 6 406565971
2548 # 1504
2548 - 1105 7 406565971
2548 # 1504
2548 - 1105 7 406565971
2548 - 102 7 2802403873
2548 - 1105 6 406565971
2549 # 1504
2549 - 1106 7 406565971
2549 # 1504
2549 - 1002 7 406565971
2549 - 1002 7 406565971
2550 # 1504
2550 - 1002 8 406565971
2550 # 1504
2550 - 1002 8 406565971
2550 - 87 6 406565971
2551 # 1504
2551 # 1504
2552 # 1504
2552 + 923 406567501
2553 # 1504
2553 - 923 1 406567501
2553 # 1504
2553 + 923 406567501
2553 + 923 406567501
2553 + 1098 406567501
2553 + 1098 406567501
2553 + 1098 406567501
2554 # 1504
2554 - 923 1 406567501
2554 # 1504
2554 - 923 1 406567501
2554 - 1098 1 406567501
2554 + 102 2802403873
2554 + 1098 406567501
2554 + 1098 406567501
2555 # 1504
2555 - 1098 2 406567501
2555 # 1504
2555 - 1098 2 406567501
2555 - 102 1 2802403873
2555 + 1098 406567501
2555 + 1168 406567501
2555 + 1168 406567501
2555 + 1168 406567501
2556 # 1504
2556 - 1098 2 406567501
2556 - 1098 2 406567501
2556 # 1504
2556 - 1098 1 406567501
2556 + 1168 406567501
2556 + 1168 406567501
2556 + 1169 406567501
2556 + 1052 406567501
2556 + 1052 406567501
2557 # 1504
2557 - 1168 2 406567501
2557 + 1053 406567501
2557 + 1053 406567501
2557 + 1151 406567501
2557 + 1151 406567501
2557 + 1151 406567501
2557 + 1151 406567501
2558 # 1504
2558 - 1168 3 406567501
2558 # 1504
2558 - 1168 3 406567501
2558 - 1168 2 406567501
2558 + 1219 406567501
2558 + 1219 406567501
2558 + 1219 406567501
2558 + 1219 406567501
2559 # 1504
2559 - 1168 3 406567501
2559 # 1504
2559 - 1169 3 406567501
2560 # 1504
2560 - 1052 4 406567501
2560 - 1052 4 406567501
2560 # 1504
2560 - 1053 3 406567501
2560 + 1219 406567501
2560 + 964 406567501
2560 + 964 406567501
2560 + 964 406567501
2560 + 965 406567501
2560 + 87 406567501
2561 # 1504
2561 - 1053 4 406567501
2561 - 1151 4 406567501
2561 # 1504
2561 - 1151 4 406567501
2562 # 1504
2562 - 1151 5 406567501
2563 # 1504
2563 - 1151 6 406567501
2563 # 1504
2563 - 1219 5 406567501
2563 - 1219 5 406567501
2564 # 1504
2564 - 1219 6 406567501
2564 # 1504
2564 - 1219 6 406567501
2565 # 1504
2565 - 1219 5 406567501
2565 - 964 5 406567501
2565 # 1504
2565 - 964 5 406567501
2565 + 102 2802403873
2566 # 1504
2566 - 964 6 406567501
2566 - 965 6 406567501
2566 - 87 6 406567501
2566 - 102 1 2802403873
2566 # 1504
2567 # 1504
2568 # 1504
2568 # 1504
2569 # 1504
2569 # 1504
2570 # 1504
2570 # 1504
2570 + 875 406569121
2571 # 1504
2571 - 875 1 406569121
2571 # 1504
2571 + 875 406569121
2571 + 876 406569121
2571 + 1101 406569121
2571 + 1101 406569121
2572 # 1504
2572 - 875 1 406569121
2572 + 1101 406569121
2572 + 1101 406569121
2572 + 1101 406569121
2572 + 1101 406569121
2572 + 1124 406569121
2572 + 1124 406569121
2573 # 1504
2573 - 876 2 406569121
2573 - 1101 2 406569121
2573 # 1504
2573 - 1101 2 406569121
2573 + 1124 406569121
2573 + 1124 406569121
2573 + 1125 406569121
2573 + 1125 406569121
2574 # 1504
2574 - 1101 2 406569121
2574 # 1504
2574 - 1101 2 406569121
2574 - 1101 2 406569121
2575 # 1504
2575 - 1101 3 406569121
2575 # 1504
2575 - 1124 3 406569121
2575 + 967 406569121
2575 + 967 406569121
2575 + 967 406569121
2575 + 968 406569121
2575 + 1135 406569121
2575 + 1135 406569121
2575 + 1135 406569121
2576 # 1504
2576 - 1124 4 406569121
2576 - 1124 3 406569121
2576 # 1504
2576 - 1124 3 406569121
2576 + 1135 406569121
2576 + 1184 406569121
2576 + 1184 406569121
2576 + 1184 406569121
2577 # 1504
2577 - 1125 4 406569121
2577 + 102 2802403873
2577 + 1184 406569121
2577 + 1185 406569121
2577 + 1126 406569121
2577 + 1126 406569121
2577 + 1127 406569121
2578 # 1504
2578 - 1125 5 406569121
2578 - 967 3 406569121
2578 # 1504
2578 - 967 3 406569121
2578 - 967 3 406569121
2578 + 727 406569121
2579 # 1504
2579 - 968 4 406569121
2579 # 1504
2579 - 1135 4 406569121
2580 # 1504
2580 - 1135 5 406569121
2580 - 1135 5 406569121
2580 # 1504
2580 - 1135 4 406569121
2581 # 1504
2581 - 1184 5 406569121
2581 # 1504
2581 - 1184 5 406569121
2581 - 1184 5 406569121
2582 # 1504
2582 - 102 5 2802403873
2582 - 1184 5 406569121
2583 # 1504
2583 - 1185 6 406569121
2583 # 1504
2583 - 1126 6 406569121
2583 + 102 2802403873
2584 # 1504
2584 - 1126 7 406569121
2584 - 1127 7 406569121
2584 # 1504
2584 - 727 6 406569121
2584 - 102 1 2802403873
2585 # 1504
2585 # 1504
2586 # 1504
2586 # 1504
2587 # 1504
2588 # 1504
2588 # 1504
2588 + 1171 406570741
2589 # 1504
2589 - 1171 1 406570741
2589 # 1504
2589 + 1172 406570741
2589 + 1172 406570741
2589 + 1129 406570741
2589 + 1129 406570741
2589 + 1129 406570741
2590 # 1504
2590 - 1172 1 406570741
2590 # 1504
2590 - 1172 1 406570741
2590 + 1130 406570741
2590 + 1130 406570741
2590 + 1130 406570741
2590 + 1090 406570741
2590 + 1090 406570741
2591 # 1504
2591 - 1129 2 406570741
2591 # 1504
2591 - 1129 2 406570741
2591 - 1129 2 406570741
2591 + 1090 406570741
2591 + 1090 406570741
2592 # 1504
2592 - 1130 2 406570741
2592 + 1090 406570741
2592 + 1090 406570741
2592 + 1064 406570741
2593 # 1504
2593 - 1130 3 406570741
2593 # 1504
2593 - 1130 3 406570741
2593 - 1090 3 406570741
2593 + 1064 406570741
2593 + 1064 406570741
2593 + 1064 406570741
2593 + 1011 406570741
2593 + 1011 406570741
2593 + 1011 406570741
2594 # 1504
2594 - 1090 4 406570741
2594 # 1504
2594 - 1090 3 406570741
2594 - 1090 3 406570741
2594 + 1011 406570741
2594 + 1012 406570741
2594 + 1199 406570741
2594 + 1199 406570741
2594 + 1199 406570741
2594 + 1200 406570741
2595 # 1504
2595 - 1090 3 406570741
2595 # 1504
2595 - 1090 3 406570741
2595 + 1200 406570741
2595 + 1149 406570741
2595 + 1150 406570741
2595 + 1150 406570741
2596 # 1504
2596 - 1064 4 406570741
2596 - 1064 3 406570741
2596 # 1504
2596 - 1064 3 406570741
2596 + 544 406570741
2597 # 1504
2597 - 1064 4 406570741
2597 - 1011 4 406570741
2597 + 102 2802403873
2598 # 1504
2598 - 1011 5 406570741
2598 # 1504
2598 - 1011 5 406570741
2598 - 1011 4 406570741
2599 # 1504
2599 - 1012 5 406570741
2599 # 1504
2599 - 1199 5 406570741
2600 # 1504
2600 - 1199 6 406570741
2600 - 1199 6 406570741
2600 # 1504
2600 - 1200 6 406570741
2601 # 1504
2601 - 1200 6 406570741
2601 # 1504
2601 - 1149 6 406570741
2602 # 1504
2602 - 1150 7 406570741
2602 - 1150 7 406570741
2603 # 1504
2603 - 544 7 406570741
2603 - 102 6 2802403873
2603 # 1504
2604 # 1504
2604 # 1504
2605 # 1504
2605 # 1504
2605 + 1101 406572361
2606 # 1504
2606 - 1101 1 406572361
2606 # 1504
2607 # 1504
2607 + 1102 406572361
2607 + 1102 406572361
2607 + 1203 406572361
2607 + 1203 406572361
2607 + 1203 406572361
2608 # 1504
2608 - 1102 1 406572361
2608 # 1504
2608 - 1102 1 406572361
2608 + 102 2802403873
2608 + 1204 406572361
2608 + 1204 406572361
2608 + 1234 406572361
2608 + 1234 406572361
2608 + 1235 406572361
2609 # 1504
2609 - 1203 2 406572361
2609 # 1504
2609 - 1203 2 406572361
2609 - 1203 2 406572361
2609 - 102 1 2802403873
2609 + 1235 406572361
2609 + 1235 406572361
2609 + 948 406572361
2610 # 1504
2610 - 1204 2 406572361
2610 # 1504
2610 - 1204 2 406572361
2610 + 948 406572361
2610 + 948 406572361
2610 + 949 406572361
2610 + 1063 406572361
2610 + 1063 406572361
2610 + 1063 406572361
2611 # 1504
2611 - 1234 3 406572361
2611 # 1504
2611 - 1234 3 406572361
2611 - 1235 3 406572361
2611 + 1063 406572361
2611 + 1064 406572361
2612 # 1504
2612 - 1235 3 406572361
2612 + 1148 406572361
2612 + 1149 406572361
2612 + 1149 406572361
2612 + 1149 406572361
2613 # 1504
2613 - 1235 4 406572361
2613 # 1504
2613 - 948 4 406572361
2613 - 948 3 406572361
2613 + 1149 406572361
2613 + 1149 406572361
2613 + 1112 406572361
2613 + 1112 406572361
2613 + 1112 406572361
2614 # 1504
2614 - 948 4 406572361
2614 # 1504
2614 - 949 4 406572361
2614 - 1063 4 406572361
2614 + 1113 406572361
2614 + 245 406572361
2615 # 1504
2615 - 1063 5 406572361
2615 # 1504
2615 - 1063 5 406572361
2615 - 1063 4 406572361
2616 # 1504
2616 - 1064 5 406572361
2616 # 1504
2616 - 1148 4 406572361
2617 # 1504
2617 - 1149 5 406572361
2617 - 1149 5 406572361
2618 # 1504
2618 - 1149 6 406572361
2618 # 1504
2618 - 1149 5 406572361
2619 # 1504
2619 - 1149 6 406572361
2619 # 1504
2619 - 1112 6 406572361
2619 - 1112 6 406572361
2620 # 1504
2620 - 1112 7 406572361
2620 # 1504
2620 - 1113 6 406572361
2620 - 245 6 406572361
2621 # 1504
2621 # 1504
2622 # 1504
2623 # 1504
2623 # 1504
2623 + 1125 406573981
2624 # 1504
2624 - 1125 1 406573981
2624 # 1504
2624 + 102 2802403873
2624 + 1125 406573981
2624 + 1179 406573981
2624 + 1180 406573981
2624 + 1180 406573981
2625 # 1504
2625 - 102 1 2802403873
2625 - 1125 1 406573981
2625 # 1504
2625 - 1179 1 406573981
2626 # 1504
2626 - 1180 2 406573981
2626 # 1504
2626 - 1180 2 406573981
2626 + 1180 406573981
2626 + 1101 406573981
2626 + 1101 406573981
2626 + 1101 406573981
2626 + 1101 406573981
2626 + 1102 406573981
2627 # 1504
2627 - 1180 1 406573981
2627 + 1159 406573981
2627 + 1160 406573981
2627 + 1160 406573981
2627 + 1173 406573981
2627 + 1173 406573981
2628 # 1504
2628 - 1101 2 406573981
2628 # 1504
2628 - 1101 2 406573981
2628 - 1101 2 406573981
2628 + 1174 406573981
2628 + 1174 406573981
2628 + 1163 406573981
2628 + 1164 406573981
2628 + 1164 406573981
2629 # 1504
2629 - 1101 3 406573981
2629 # 1504
2629 - 1102 3 406573981
2630 # 1504
2630 - 1159 3 406573981
2630 - 1160 3 406573981
2630 # 1504
2630 - 1160 3 406573981
2630 + 1164 406573981
2630 + 1164 406573981
2630 + 1164 406573981
2630 + 1012 406573981
2630 + 1012 406573981
2630 + 1012 406573981
2630 + 107 406573981
2631 # 1504
2631 - 1173 4 406573981
2631 # 1504
2631 - 1173 4 406573981
2632 # 1504
2632 - 1174 4 406573981
2632 - 1174 4 406573981
2633 # 1504
2633 - 1163 5 406573981
2633 # 1504
2633 - 1164 5 406573981
2634 # 1504
2634 - 1164 6 406573981
2634 - 1164 4 406573981
2634 # 1504
2634 - 1164 4 406573981
2635 # 1504
2635 - 1164 5 406573981
2635 # 1504
2635 - 1012 5 406573981
2635 - 1012 5 406573981
2636 # 1504
2636 - 1012 6 406573981
2636 - 107 6 406573981
2636 # 1504
2637 # 1504
2637 + 102 2802403873
2638 # 1504
2638 - 102 1 2802403873
2638 # 1504
2639 # 1504
2639 # 1504
2640 # 1504
2640 # 1504
2641 # 1504
2641 # 1504
2641 + 776 406575601
2641 + 776 406575601
2642 # 1504
2642 - 776 1 406575601
2643 # 1504
2643 - 776 2 406575601
2643 # 1504
2643 + 1100 406575601
2643 + 1100 406575601
2643 + 1100 406575601
2643 + 1100 406575601
2643 + 1101 406575601
2644 # 1504
2644 - 1100 1 406575601
2644 # 1504
2644 - 1100 1 406575601
2644 + 1051 406575601
2644 + 1051 406575601
2644 + 1051 406575601
2644 + 1051 406575601
2644 + 1052 406575601
2644 + 1052 406575601
2645 # 1504
2645 - 1100 2 406575601
2645 - 1100 2 406575601
2645 # 1504
2645 - 1101 2 406575601
2645 + 1003 406575601
2645 + 1003 406575601
2645 + 1003 406575601
2645 + 1003 406575601
2645 + 1049 406575601
2645 + 1050 406575601
2646 # 1504
2646 - 1051 2 406575601
2646 # 1504
2646 - 1051 2 406575601
2646 - 1051 2 406575601
2646 + 1050 406575601
2646 + 1050 406575601
2646 + 1050 406575601
2647 # 1504
2647 - 1051 3 406575601
2647 + 1111 406575601
2647 + 1111 406575601
2647 + 1111 406575601
2647 + 1111 406575601
2647 + 1112 406575601
2648 # 1504
2648 - 1052 4 406575601
2648 - 1052 4 406575601
2648 # 1504
2648 - 1003 3 406575601
2648 + 1112 406575601
2648 + 1112 406575601
2648 + 1107 406575601
2648 + 1108 406575601
2648 + 221 406575601
2649 # 1504
2649 - 1003 4 406575601
2649 - 1003 4 406575601
2649 # 1504
2649 - 1003 4 406575601
2650 # 1504
2650 - 1049 5 406575601
2650 - 1050 5 406575601
2650 # 1504
2650 - 1050 4 406575601
2651 # 1504
2651 - 1050 5 406575601
2651 # 1504
2651 - 1050 5 406575601
2651 - 1111 4 406575601
2652 # 1504
2652 - 1111 5 406575601
2653 # 1504
2653 - 1111 6 406575601
2653 - 1111 6 406575601
2653 # 1504
2653 - 1112 6 406575601
2653 + 102 2802403873
2654 # 1504
2654 - 1112 6 406575601
2654 # 1504
2654 - 1112 6 406575601
2654 - 1107 6 406575601
2655 # 1504
2655 - 1108 7 406575601
2655 - 221 7 406575601
2655 - 102 2 2802403873
2655 # 1504
2656 # 1504
2656 # 1504
2657 # 1504
2658 # 1504
2658 # 1504
2659 # 1504
2659 # 1504
2659 + 1127 406577131
2660 # 1504
2660 - 1127 1 406577131
2660 # 1504
2660 + 1127 406577131
2660 + 1104 406577131
2660 + 1104 406577131
2660 + 1105 406577131
2660 + 1105 406577131
2661 # 1504
2661 - 1127 1 406577131
2661 # 1504
2661 - 1104 1 406577131
2661 + 1105 406577131
2661 + 1212 406577131
2661 + 1212 406577131
2661 + 1213 406577131
2661 + 1213 406577131
2661 + 1213 406577131
2662 # 1504
2662 - 1104 2 406577131
2662 - 1105 2 406577131
2663 # 1504
2663 - 1105 3 406577131
2663 # 1504
2663 - 1105 2 406577131
2663 + 1001 406577131
2663 + 1001 406577131
2663 + 1001 406577131
2663 + 1002 406577131
2663 + 1149 406577131
2663 + 1149 406577131
2664 # 1504
2664 - 1212 3 406577131
2664 # 1504
2664 - 1212 3 406577131
2664 - 1213 3 406577131
2664 + 1150 406577131
2664 + 1150 406577131
2664 + 1150 406577131
2664 + 1083 406577131
2664 + 1083 406577131
2664 + 102 2802403873
2665 # 1504
2665 - 1213 4 406577131
2665 # 1504
2665 - 1213 4 406577131
2665 + 1083 406577131
2665 + 1083 406577131
2665 + 1083 406577131
2666 # 1504
2666 - 1001 3 406577131
2666 - 1001 3 406577131
2666 # 1504
2666 - 1001 3 406577131
2666 + 1084 406577131
2666 + 1171 406577131
2666 + 1172 406577131
2667 # 1504
2667 - 1002 4 406577131
2667 - 1149 4 406577131
2667 + 296 406577131
2668 # 1504
2668 - 1149 5 406577131
2668 # 1504
2668 - 1150 4 406577131
2669 # 1504
2669 - 1150 5 406577131
2669 - 1150 5 406577131
2669 # 1504
2669 - 1083 5 406577131
2670 # 1504
2670 - 1083 6 406577131
2670 - 102 6 2802403873
2670 # 1504
2670 - 1083 5 406577131
2670 - 1083 5 406577131
2671 # 1504
2671 - 1083 6 406577131
2671 # 1504
2671 - 1084 5 406577131
2672 # 1504
2672 - 1171 6 406577131
2672 - 1172 6 406577131
2673 # 1504
2673 - 296 6 406577131
2673 # 1504
2674 # 1504
2674 # 1504
2675 # 1504
2675 # 1504
2676 # 1504
2676 # 1504
2677 # 1504
2677 + 102 2802403873
2678 # 1504
2678 - 102 1 2802403873
2678 # 1504
2678 + 991 406578751
2678 + 992 406578751
2679 # 1504
2679 - 991 1 406578751
2679 # 1504
2679 - 992 1 406578751
2679 + 992 406578751
2679 + 1090 406578751
2679 + 1090 406578751
2679 + 1090 406578751
2679 + 1090 406578751
2680 # 1504
2680 - 992 1 406578751
2680 # 1504
2680 - 1090 1 406578751
2680 + 1091 406578751
2680 + 1214 406578751
2680 + 1214 406578751
2680 + 1214 406578751
2680 + 1214 406578751
2681 # 1504
2681 - 1090 2 406578751
2681 - 1090 2 406578751
2681 # 1504
2681 - 1090 2 406578751
2681 + 1214 406578751
2682 # 1504
2682 - 1091 2 406578751
2682 + 1215 406578751
2682 + 1215 406578751
2682 + 1149 406578751
2682 + 1150 406578751
2682 + 1150 406578751
2683 # 1504
2683 - 1214 3 406578751
2683 - 1214 3 406578751
2683 # 1504
2683 - 1214 3 406578751
2683 + 1150 406578751
2683 + 1077 406578751
2683 + 1077 406578751
2683 + 1077 406578751
2683 + 1077 406578751
2684 # 1504
2684 - 1214 4 406578751
2684 # 1504
2684 - 1214 3 406578751
2684 + 102 2802403873
2684 + 1077 406578751
2684 + 1077 406578751
2685 # 1504
2685 - 1215 3 406578751
2685 - 1215 3 406578751
2685 # 1504
2685 - 1149 3 406578751
2685 + 1123 406578751
2685 + 1124 406578751
2685 + 1124 406578751
2685 + 1124 406578751
2686 # 1504
2686 - 1150 4 406578751
2686 # 1504
2686 - 1150 4 406578751
2686 - 1150 3 406578751
2686 + 1124 406578751
2686 + 1124 406578751
2686 + 913 406578751
2686 + 913 406578751
2686 + 914 406578751
2686 + 446 406578751
2687 # 1504
2687 - 1077 4 406578751
2688 # 1504
2688 - 1077 5 406578751
2688 # 1504
2688 - 1077 5 406578751
2688 - 1077 5 406578751
2688 - 102 4 2802403873
2689 # 1504
2689 - 1077 5 406578751
2689 # 1504
2689 - 1077 5 406578751
2690 # 1504
2690 - 1123 5 406578751
2690 - 1124 5 406578751
2690 # 1504
2690 - 1124 5 406578751
2691 # 1504
2691 - 1124 6 406578751
2691 # 1504
2691 - 1124 5 406578751
2691 - 1124 5 406578751
2692 # 1504
2692 - 913 6 406578751
2693 # 1504
2693 - 913 7 406578751
2693 - 914 7 406578751
2693 - 446 7 406578751
2693 # 1504
2694 # 1504
2694 # 1504
2695 # 1504
2695 # 1504
2695 + 943 406580371
2696 # 1504
2696 - 943 1 406580371
2696 # 1504
2696 + 943 406580371
2696 + 943 406580371
2696 + 1075 406580371
2696 + 1075 406580371
2697 # 1504
2697 - 943 1 406580371
2697 + 1076 406580371
2697 + 1076 406580371
2698 # 1504
2698 - 943 2 406580371
2698 - 1075 2 406580371
2698 # 1504
2698 - 1075 2 406580371
2698 + 102 2802403873
2698 + 1076 406580371
2698 + 1111 406580371
2698 + 1111 406580371
2698 + 1111 406580371
2698 + 1112 406580371
2698 + 1112 406580371
2698 + 1112 406580371
2699 # 1504
2699 - 1076 2 406580371
2699 # 1504
2699 - 1076 2 406580371
2699 - 102 1 2802403873
2699 - 1076 1 406580371
2699 + 1108 406580371
2699 + 1109 406580371
2699 + 1109 406580371
2699 + 1231 406580371
2699 + 1231 406580371
2700 # 1504
2700 - 1111 2 406580371
2700 # 1504
2700 - 1111 2 406580371
2700 + 1231 406580371
2700 + 1231 406580371
2700 + 1029 406580371
2700 + 1029 406580371
2701 # 1504
2701 - 1111 3 406580371
2701 - 1112 3 406580371
2701 # 1504
2701 - 1112 3 406580371
2701 + 1030 406580371
2702 # 1504
2702 - 1112 4 406580371
2702 + 1030 406580371
2702 + 1030 406580371
2702 + 984 406580371
2702 + 984 406580371
2702 + 985 406580371
2702 + 985 406580371
2703 # 1504
2703 - 1108 4 406580371
2703 - 1109 4 406580371
2703 # 1504
2703 - 1109 4 406580371
2703 + 102 2802403873
2703 + 555 406580371
2704 # 1504
2704 - 1231 5 406580371
2704 # 1504
2704 - 1231 5 406580371
2704 - 1231 4 406580371
2705 # 1504
2705 - 1231 5 406580371
2705 # 1504
2705 - 1029 5 406580371
2706 # 1504
2706 - 1029 6 406580371
2706 - 1030 5 406580371
2706 # 1504
2706 - 1030 4 406580371
2707 # 1504
2707 - 1030 5 406580371
2707 - 984 5 406580371
2708 # 1504
2708 - 984 6 406580371
2708 # 1504
2708 - 985 6 406580371
2708 - 985 6 406580371
2708 - 102 5 2802403873
2709 # 1504
2709 - 555 6 406580371
2709 # 1504
2710 # 1504
2710 # 1504
2710 + 102 2802403873
2711 # 1504
2711 - 102 1 2802403873
2711 # 1504
2712 # 1504
2713 # 1504
2713 # 1504
2713 + 1082 406582081
2714 # 1504
2714 - 1082 1 406582081
2714 # 1504
2714 + 1082 406582081
2714 + 1082 406582081
2714 + 1082 406582081
2714 + 1082 406582081
2714 + 1082 406582081
2714 + 1083 406582081
2714 + 1083 406582081
2715 # 1504
2715 - 1082 1 406582081
2715 # 1504
2715 - 1082 1 406582081
2716 # 1504
2716 - 1082 2 406582081
2716 - 1082 2 406582081
2716 # 1504
2716 - 1082 2 406582081
2716 + 1083 406582081
2716 + 1083 406582081
2716 + 881 406582081
2716 + 881 406582081
2716 + 881 406582081
2717 # 1504
2717 - 1083 3 406582081
2717 + 898 406582081
2717 + 899 406582081
2717 + 1227 406582081
2717 + 1227 406582081
2717 + 1227 406582081
2717 + 1094 406582081
2718 # 1504
2718 - 1083 4 406582081
2718 - 1083 2 406582081
2718 # 1504
2718 - 1083 2 406582081
2718 + 102 2802403873
2718 + 1094 406582081
2718 + 1094 406582081
2718 + 1094 406582081
2718 + 1095 406582081
2718 + 1218 406582081
2719 # 1504
2719 - 881 3 406582081
2719 - 881 3 406582081
2719 # 1504
2719 - 881 3 406582081
2719 - 898 2 406582081
2719 + 1219 406582081
2720 # 1504
2720 - 899 3 406582081
2720 # 1504
2720 - 1227 3 406582081
2720 # 1504
2720 - 1227 3 406582081
2720 - 1227 3 406582081
2720 + 1219 406582081
2720 + 834 406582081
2720 + 834 406582081
2721 # 1504
2721 - 1094 4 406582081
2721 - 102 3 2802403873
2721 # 1504
2721 - 1094 3 406582081
2722 # 1504
2722 - 1094 4 406582081
2722 - 1094 4 406582081
2722 # 1504
2722 - 1095 4 406582081
2723 # 1504
2723 - 1218 5 406582081
2724 # 1504
2724 - 1219 5 406582081
2724 # 1504
2724 - 1219 4 406582081
2724 - 834 4 406582081
2725 # 1504
2725 - 834 5 406582081
2725 # 1504
2726 # 1504
2727 # 1504
2727 # 1504
2728 # 1504
2728 # 1504
2729 # 1504
2729 # 1504
2729 + 102 2802403873
2730 # 1504
2730 - 102 1 2802403873
2730 + 1110 406583611
2731 # 1504
2731 - 1110 1 406583611
2731 # 1504
2732 # 1504
2732 # 1504
2732 + 1110 406583611
2732 + 1110 406583611
2732 + 1080 406583611
2732 + 1080 406583611
2732 + 1080 406583611
2732 + 1080 406583611
2732 + 1080 406583611
2733 # 1504
2733 - 1110 1 406583611
2733 + 1081 406583611
2733 + 1107 406583611
2733 + 1107 406583611
2733 + 1107 406583611
2733 + 1107 406583611
2733 + 1108 406583611
2734 # 1504
2734 - 1110 2 406583611
2734 # 1504
2734 - 1080 2 406583611
2734 - 1080 2 406583611
2734 + 928 406583611
2734 + 928 406583611
2735 # 1504
2735 - 1080 3 406583611
2735 # 1504
2735 - 1080 3 406583611
2735 + 928 406583611
2735 + 1038 406583611
2735 + 1038 406583611
2735 + 1038 406583611
2736 # 1504
2736 - 1080 4 406583611
2736 - 1081 3 406583611
2736 + 1123 406583611
2736 + 1124 406583611
2736 + 1124 406583611
2736 + 1124 406583611
2736 + 1124 406583611
2737 # 1504
2737 - 1107 4 406583611
2737 # 1504
2737 - 1107 4 406583611
2737 - 1107 4 406583611
2737 + 1124 406583611
2737 + 1226 406583611
2737 + 1226 406583611
2737 + 1226 406583611
2737 + 943 406583611
2737 + 943 406583611
2738 # 1504
2738 - 1107 5 406583611
2738 # 1504
2738 - 1108 5 406583611
2738 + 102 2802403873
2739 # 1504
2739 - 928 5 406583611
2739 - 928 5 406583611
2740 # 1504
2740 - 928 5 406583611
2740 # 1504
2740 - 1038 5 406583611
2740 - 1038 5 406583611
2741 # 1504
2741 - 1038 6 406583611
2741 # 1504
2741 - 1123 5 406583611
2741 - 1124 5 406583611
2742 # 1504
2742 - 1124 6 406583611
2743 # 1504
2743 - 1124 7 406583611
2743 # 1504
2743 - 1124 7 406583611
2743 - 1124 6 406583611
2744 # 1504
2744 - 1226 7 406583611
2744 # 1504
2744 - 1226 7 406583611
2745 # 1504
2745 - 1226 8 406583611
2745 - 943 8 406583611
2746 # 1504
2746 - 943 9 406583611
2746 - 102 8 2802403873
2746 # 1504
2747 # 1504
2747 # 1504
2748 # 1504
2749 # 1504
2749 # 1504
2749 + 1135 406585231
2750 # 1504
2750 - 1135 1 406585231
2750 # 1504
2750 + 1136 406585231
2750 + 1136 406585231
2750 + 1084 406585231
2750 + 1084 406585231
2751 # 1504
2751 - 1136 1 406585231
2751 + 1084 406585231
2751 + 1084 406585231
2751 + 1180 406585231
2751 + 1180 406585231
2751 + 1180 406585231
2751 + 1181 406585231
2752 # 1504
2752 - 1136 2 406585231
2752 # 1504
2752 - 1084 2 406585231
2752 - 1084 2 406585231
2752 + 1181 406585231
2753 # 1504
2753 - 1084 2 406585231
2753 # 1504
2753 - 1084 2 406585231
2753 + 1208 406585231
2753 + 1209 406585231
2753 + 1148 406585231
2753 + 1149 406585231
2754 # 1504
2754 - 1180 3 406585231
2754 - 1180 3 406585231
2754 + 102 2802403873
2754 + 1121 406585231
2754 + 1121 406585231
2754 + 1121 406585231
2754 + 985 406585231
2754 + 985 406585231
2754 + 986 406585231
2755 # 1504
2755 - 1180 4 406585231
2755 # 1504
2755 - 1181 4 406585231
2755 + 986 406585231
2755 + 969 406585231
2755 + 969 406585231
2756 # 1504
2756 - 1181 4 406585231
2756 # 1504
2756 - 1208 3 406585231
2756 - 1209 3 406585231
2757 # 1504
2757 - 1148 4 406585231
2757 # 1504
2757 - 1149 4 406585231
2757 - 102 3 2802403873
2758 # 1504
2758 - 1121 4 406585231
2759 # 1504
2759 - 1121 5 406585231
2759 - 1121 5 406585231
2759 # 1504
2759 - 985 5 406585231
2759 + 102 2802403873
2760 # 1504
2760 - 985 6 406585231
2760 - 986 6 406585231
2760 # 1504
2760 - 986 5 406585231
2761 # 1504
2761 - 969 6 406585231
2761 - 969 6 406585231
2761 - 102 2 2802403873
2762 # 1504
2762 # 1504
2763 # 1504
2763 # 1504
2764 # 1504
2765 # 1504
2765 # 1504
2766 # 1504
2766 # 1504
2767 # 1504
2767 + 979 406586851
2767 + 979 406586851
2768 # 1504
2768 - 979 1 406586851
2768 # 1504
2768 - 979 1 406586851
2768 + 979 406586851
2768 + 979 406586851
2768 + 1170 406586851
2768 + 1170 406586851
2768 + 1170 406586851
2769 # 1504
2769 - 979 1 406586851
2769 # 1504
2769 - 979 1 406586851
2769 + 1171 406586851
2769 + 1171 406586851
2769 + 1236 406586851
2769 + 1236 406586851
2769 + 1236 406586851
2770 # 1504
2770 - 1170 2 406586851
2770 - 1170 2 406586851
2771 # 1504
2771 - 1170 3 406586851
2771 # 1504
2771 - 1171 2 406586851
2771 + 1237 406586851
2771 + 1237 406586851
2771 + 1045 406586851
2771 + 1046 406586851
2771 + 1046 406586851
2771 + 1046 406586851
2772 # 1504
2772 - 1171 3 406586851
2772 # 1504
2772 - 1236 3 406586851
2772 - 1236 3 406586851
2773 # 1504
2773 - 1236 4 406586851
2773 + 1060 406586851
2773 + 1060 406586851
2773 + 1060 406586851
2773 + 1061 406586851
2773 + 1148 406586851
2773 + 1148 406586851
2773 + 1148 406586851
2773 + 1149 406586851
2773 + 1102 406586851
2773 + 1102 406586851
2774 # 1504
2774 - 1237 3 406586851
2774 # 1504
2774 - 1237 3 406586851
2774 - 1045 3 406586851
2775 # 1504
2775 - 1046 4 406586851
2775 # 1504
2775 - 1046 4 406586851
2775 + 102 2802403873
2775 + 1102 406586851
2775 + 1102 406586851
2775 + 1102 406586851
2775 + 983 406586851
2775 + 983 406586851
2776 # 1504
2776 - 1046 5 406586851
2776 - 1060 3 406586851
2777 # 1504
2777 - 1060 4 406586851
2777 # 1504
2777 - 1060 4 406586851
2777 - 1061 4 406586851
2778 # 1504
2778 - 1148 5 406586851
2778 # 1504
2778 - 1148 5 406586851
2779 # 1504
2779 - 1148 6 406586851
2779 - 1149 6 406586851
2779 + 132 554869826
2780 # 1504
2780 - 1102 7 406586851
2780 # 1504
2780 - 1102 7 406586851
2780 - 102 5 2802403873
2780 + 102 2802403873
2781 # 1504
2781 - 1102 6 406586851
2781 - 1102 6 406586851
2781 # 1504
2781 - 1102 6 406586851
2782 # 1504
2782 - 983 7 406586851
2782 - 983 7 406586851
2783 # 1504
2783 - 132 4 554869826
2783 - 102 3 2802403873
2783 # 1504
2784 # 1504
2784 # 1504
2784 + 853 406588471
2784 + 854 406588471
2785 # 1504
2785 - 853 1 406588471
2786 # 1504
2786 - 854 2 406588471
2786 # 1504
2786 + 854 406588471
2786 + 1021 406588471
2786 + 1021 406588471
2786 + 1022 406588471
2786 + 1022 406588471
2786 + 1022 406588471
2787 # 1504
2787 - 854 1 406588471
2787 # 1504
2787 - 1021 1 406588471
2787 - 1021 1 406588471
2787 + 1089 406588471
2787 + 1089 406588471
2787 + 1089 406588471
2787 + 1089 406588471
2787 + 1089 406588471
2787 + 1089 406588471
2788 # 1504
2788 - 1022 2 406588471
2788 # 1504
2788 - 1022 2 406588471
2788 - 1022 2 406588471
2788 + 1067 406588471
2788 + 1067 406588471
2788 + 1067 406588471
2788 + 1067 406588471
2788 + 1067 406588471
2789 # 1504
2789 - 1089 2 406588471
2790 # 1504
2790 - 1089 3 406588471
2790 # 1504
2790 - 1089 3 406588471
2790 - 1089 3 406588471
2790 + 1015 406588471
2790 + 1015 406588471
2790 + 1015 406588471
2790 + 1016 406588471
2790 + 986 406588471
2790 + 986 406588471
2791 # 1504
2791 - 1089 4 406588471
2791 # 1504
2791 - 1089 4 406588471
2792 # 1504
2792 - 1067 4 406588471
2792 - 1067 4 406588471
2792 + 986 406588471
2792 + 987 406588471
2792 + 1210 406588471
2792 + 1210 406588471
2792 + 1210 406588471
2792 + 1211 406588471
2792 + 1025 406588471
2792 + 1026 406588471
2793 # 1504
2793 - 1067 5 406588471
2793 # 1504
2793 - 1067 5 406588471
2793 - 1067 5 406588471
2794 # 1504
2794 - 1015 4 406588471
2794 # 1504
2794 - 1015 4 406588471
2794 - 1015 4 406588471
2794 + 102 2802403873
2795 # 1504
2795 - 1016 5 406588471
2796 # 1504
2796 - 986 6 406588471
2796 - 986 6 406588471
2796 # 1504
2796 - 986 4 406588471
2797 # 1504
2797 - 987 5 406588471
2797 - 1210 5 406588471
2797 # 1504
2797 - 1210 5 406588471
2798 # 1504
2798 - 1210 6 406588471
2799 # 1504
2799 - 1211 7 406588471
2799 # 1504
2799 - 1025 7 406588471
2799 - 1026 7 406588471
2799 - 102 5 2802403873
2800 # 1504
2800 # 1504
2801 # 1504
2802 # 1504
2802 # 1504
2802 + 882 406590091
2803 # 1504
2803 - 882 1 406590091
2803 # 1504
2803 + 882 406590091
2803 + 882 406590091
2803 + 1054 406590091
2803 + 1054 406590091
2803 + 1054 406590091
2804 # 1504
2804 - 882 1 406590091
2804 + 102 2802403873
2804 + 1054 406590091
2804 + 1054 406590091
2804 + 1055 406590091
2804 + 1098 406590091
2804 + 1098 406590091
2804 + 1098 406590091
2805 # 1504
2805 - 882 2 406590091
2805 - 1054 2 406590091
2805 # 1504
2805 - 1054 2 406590091
2805 + 1098 406590091
2805 + 1028 406590091
2805 + 1028 406590091
2805 + 1028 406590091
2806 # 1504
2806 - 1054 3 406590091
2806 - 102 2 2802403873
2806 # 1504
2806 - 1054 2 406590091
2806 - 1054 2 406590091
2806 + 1029 406590091
2806 + 1136 406590091
2806 + 1136 406590091
2807 # 1504
2807 - 1055 3 406590091
2807 + 1136 406590091
2807 + 1091 406590091
2807 + 1092 406590091
2807 + 1092 406590091
2807 + 1051 406590091
2808 # 1504
2808 - 1098 4 406590091
2808 - 1098 4 406590091
2808 # 1504
2808 - 1098 4 406590091
2808 + 1051 406590091
2808 + 1051 406590091
2808 + 1052 406590091
2808 + 1052 406590091
2808 + 1052 406590091
2808 + 794 406590091
2809 # 1504
2809 - 1098 4 406590091
2809 # 1504
2809 - 1028 4 406590091
2809 - 1028 4 406590091
2810 # 1504
2810 - 1028 5 406590091
2810 + 794 406590091
2811 # 1504
2811 - 1029 5 406590091
2811 - 1136 5 406590091
2811 # 1504
2811 - 1136 5 406590091
2812 # 1504
2812 - 1136 5 406590091
2812 # 1504
2812 - 1091 5 406590091
2812 - 1092 5 406590091
2813 # 1504
2813 - 1092 6 406590091
2814 # 1504
2814 - 1051 7 406590091
2814 - 1051 6 406590091
2814 # 1504
2814 - 1051 6 406590091
2815 # 1504
2815 - 1052 7 406590091
2815 # 1504
2815 - 1052 7 406590091
2815 - 1052 7 406590091
2816 # 1504
2816 - 794 8 406590091
2816 - 794 6 406590091
2816 # 1504
2817 # 1504
2817 + 102 2802403873
2818 # 1504
2818 - 102 1 2802403873
2818 # 1504
2819 # 1504
2819 # 1504
2820 # 1504
2820 + 856 406591711
2820 + 856 406591711
2821 # 1504
2821 - 856 1 406591711
2821 # 1504
2821 - 856 1 406591711
2821 + 856 406591711
2821 + 1172 406591711
2821 + 1172 406591711
2821 + 1172 406591711
2821 + 1173 406591711
2822 # 1504
2822 - 856 1 406591711
2822 # 1504
2822 - 1172 1 406591711
2823 # 1504
2823 - 1172 2 406591711
2823 - 1172 2 406591711
2823 + 1173 406591711
2823 + 1062 406591711
2823 + 1063 406591711
2823 + 1063 406591711
2823 + 1063 406591711
2823 + 1063 406591711
2823 + 1063 406591711
2823 + 1134 406591711
2823 + 1135 406591711
2824 # 1504
2824 - 1173 3 406591711
2824 # 1504
2824 - 1173 1 406591711
2824 + 1135 406591711
2824 + 1135 406591711
2824 + 1135 406591711
2824 + 1109 406591711
2824 + 1110 406591711
2824 + 118 2802403873
2825 # 1504
2825 - 1062 2 406591711
2825 - 1063 2 406591711
2825 # 1504
2825 - 1063 2 406591711
2826 # 1504
2826 - 1063 3 406591711
2826 - 1063 3 406591711
2826 + 1110 406591711
2826 + 1110 406591711
2826 + 1110 406591711
2826 + 1151 406591711
2826 + 1151 406591711
2827 # 1504
2827 - 1063 4 406591711
2827 # 1504
2827 - 1134 4 406591711
2827 + 1151 406591711
2827 + 1151 406591711
2827 + 1152 406591711
2827 + 1152 406591711
2827 + 991 406591711
2827 + 991 406591711
2828 # 1504
2828 - 1135 5 406591711
2828 - 1135 4 406591711
2828 # 1504
2828 - 1135 4 406591711
2828 + 992 406591711
2828 + 992 406591711
2828 + 1027 406591711
2829 # 1504
2829 - 1135 5 406591711
2830 # 1504
2830 - 1109 6 406591711
2830 - 1110 6 406591711
2830 # 1504
2830 - 118 6 2802403873
2830 - 1110 4 406591711
2831 # 1504
2831 - 1110 5 406591711
2831 # 1504
2831 - 1110 5 406591711
2832 # 1504
2832 - 1151 6 406591711
2832 - 1151 6 406591711
2833 # 1504
2833 - 1151 6 406591711
2833 # 1504
2833 - 1151 6 406591711
2834 # 1504
2834 - 1152 7 406591711
2834 - 1152 7 406591711
2834 # 1504
2834 - 991 7 406591711
2834 + 102 2802403873
2835 # 1504
2835 - 991 8 406591711
2835 - 992 7 406591711
2836 # 1504
2836 - 992 8 406591711
2836 # 1504
2836 - 1027 8 406591711
2836 - 102 2 2802403873
2837 # 1504
2837 # 1504
2838 # 1504
2839 # 1504
2839 # 1504
2839 + 865 406593331
2839 + 865 406593331
2840 # 1504
2840 - 865 1 406593331
2840 # 1504
2840 - 865 1 406593331
2840 + 1135 406593331
2840 + 1136 406593331
2840 + 1136 406593331
2840 + 1136 406593331
2840 + 1136 406593331
2841 # 1504
2841 - 1135 1 406593331
2841 + 1233 406593331
2841 + 1234 406593331
2841 + 1234 406593331
2842 # 1504
2842 - 1136 2 406593331
2842 # 1504
2842 - 1136 2 406593331
2842 + 1234 406593331
2842 + 1234 406593331
2842 + 1234 406593331
2842 + 1150 406593331
2842 + 1150 406593331
2842 + 1150 406593331
2843 # 1504
2843 - 1136 3 406593331
2843 - 1136 3 406593331
2843 # 1504
2843 - 1233 2 406593331
2843 + 1150 406593331
2844 # 1504
2844 - 1234 3 406593331
2844 + 102 2802403873
2844 + 1150 406593331
2844 + 1183 406593331
2844 + 1183 406593331
2844 + 1184 406593331
2844 + 1184 406593331
2845 # 1504
2845 - 1234 4 406593331
2845 # 1504
2845 - 1234 3 406593331
2845 - 1234 3 406593331
2845 + 1184 406593331
2845 + 1104 406593331
2845 + 1104 406593331
2845 + 1104 406593331
2845 + 1104 406593331
2846 # 1504
2846 - 1234 4 406593331
2846 # 1504
2846 - 1150 4 406593331
2846 + 1105 406593331
2846 + 1105 406593331
2846 + 1105 406593331
2847 # 1504
2847 - 1150 5 406593331
2847 - 1150 5 406593331
2847 # 1504
2847 - 1150 4 406593331
2847 - 102 3 2802403873
2847 + 1105 406593331
2847 + 1057 406593331
2847 + 1057 406593331
2848 # 1504
2848 - 1150 4 406593331
2848 + 1057 406593331
2848 + 1058 406593331
2848 + 1058 406593331
2848 + 1036 406593331
2849 # 1504
2849 - 1183 5 406593331
2849 # 1504
2849 - 1183 5 406593331
2849 - 1184 5 406593331
2850 # 1504
2850 - 1184 6 406593331
2850 # 1504
2850 - 1184 5 406593331
2851 # 1504
2851 - 1104 6 406593331
2851 - 1104 6 406593331
2852 # 1504
2852 - 1104 7 406593331
2852 # 1504
2852 - 1104 7 406593331
2853 # 1504
2853 - 1105 7 406593331
2853 - 1105 7 406593331
2853 # 1504
2853 - 1105 7 406593331
2854 # 1504
2854 - 1105 7 406593331
2855 # 1504
2855 - 1057 8 406593331
2855 - 1057 8 406593331
2855 # 1504
2855 - 1057 7 406593331
2855 + 102 2802403873
2856 # 1504
2856 - 1058 8 406593331
2856 - 1058 8 406593331
2856 # 1504
2856 - 1036 8 406593331
2856 - 102 1 2802403873
2856 + 1022 406594951
2857 # 1504
2857 - 1022 1 406594951
2857 + 1023 406594951
2857 + 1012 406594951
2857 + 1012 406594951
2857 + 1012 406594951
2857 + 1012 406594951
2858 # 1504
2858 - 1023 1 406594951
2858 # 1504
2858 - 1012 1 406594951
2858 + 1013 406594951
2858 + 1095 406594951
2858 + 1095 406594951
2858 + 1095 406594951
2858 + 1095 406594951
2858 + 1096 406594951
2859 # 1504
2859 - 1012 2 406594951
2859 - 1012 2 406594951
2859 # 1504
2859 - 1012 2 406594951
2859 + 1096 406594951
2859 + 1081 406594951
2859 + 1081 406594951
2859 + 1081 406594951
2859 + 1081 406594951
2860 # 1504
2860 - 1013 2 406594951
2860 - 1095 2 406594951
2860 + 1082 406594951
2860 + 1072 406594951
2860 + 1072 406594951
2860 + 1072 406594951
2861 # 1504
2861 - 1095 3 406594951
2861 # 1504
2861 - 1095 3 406594951
2861 - 1095 3 406594951
2861 + 1072 406594951
2861 + 1073 406594951
2861 + 1228 406594951
2861 + 1228 406594951
2861 + 1228 406594951
2862 # 1504
2862 - 1096 4 406594951
2862 # 1504
2862 - 1096 3 406594951
2863 # 1504
2863 - 1081 4 406594951
2863 - 1081 4 406594951
2863 + 102 2802403873
2863 + 1228 406594951
2863 + 1228 406594951
2863 + 1228 406594951
2863 + 1229 406594951
2863 + 1006 406594951
2864 # 1504
2864 - 1081 5 406594951
2864 # 1504
2864 - 1081 5 406594951
2864 + 1006 406594951
2864 + 1007 406594951
2864 + 1007 406594951
2864 + 1007 406594951
2864 + 696 406594951
2865 # 1504
2865 - 1082 5 406594951
2865 - 1072 5 406594951
2865 # 1504
2865 - 1072 5 406594951
2866 # 1504
2866 - 1072 6 406594951
2866 - 1072 5 406594951
2867 # 1504
2867 - 1073 6 406594951
2867 # 1504
2867 - 1228 6 406594951
2868 # 1504
2868 - 1228 7 406594951
2868 # 1504
2868 - 1228 7 406594951
2868 - 102 5 2802403873
2868 - 1228 5 406594951
2869 # 1504
2869 - 1228 6 406594951
2870 # 1504
2870 - 1228 7 406594951
2870 # 1504
2870 - 1229 7 406594951
2871 # 1504
2871 - 1006 8 406594951
2871 - 1006 7 406594951
2871 # 1504
2871 - 1007 7 406594951
2872 # 1504
2872 - 1007 8 406594951
2872 - 1007 8 406594951
2873 # 1504
2873 - 696 9 406594951
2873 # 1504
2874 # 1504
2874 # 1504
2874 + 895 406596571
2875 # 1504
2875 - 895 1 406596571
2875 # 1504
2875 + 102 2802403873
2875 + 895 406596571
2875 + 1093 406596571
2875 + 1093 406596571
2875 + 1094 406596571
2875 + 1094 406596571
2876 # 1504
2876 - 102 1 2802403873
2876 - 895 1 406596571
2876 + 1094 406596571
2876 + 1084 406596571
2876 + 1084 406596571
2876 + 1084 406596571
2876 + 1085 406596571
2876 + 1085 406596571
2876 + 1085 406596571
2877 # 1504
2877 - 1093 2 406596571
2877 # 1504
2877 - 1093 2 406596571
2877 - 1094 2 406596571
2878 # 1504
2878 - 1094 3 406596571
2878 # 1504
2878 - 1094 2 406596571
2878 + 1096 406596571
2878 + 1096 406596571
2878 + 1096 406596571
2878 + 1097 406596571
2878 + 1097 406596571
2878 + 1053 406596571
2879 # 1504
2879 - 1084 3 406596571
2879 - 1084 3 406596571
2879 + 1053 406596571
2879 + 1053 406596571
2879 + 1053 406596571
2879 + 1054 406596571
2879 + 1192 406596571
2879 + 1192 406596571
2880 # 1504
2880 - 1084 4 406596571
2880 # 1504
2880 - 1085 4 406596571
2880 - 1085 4 406596571
2880 + 1192 406596571
2880 + 1193 406596571
2880 + 1193 406596571
2880 + 1193 406596571
2880 + 1193 406596571
2881 # 1504
2881 - 1085 5 406596571
2881 # 1504
2881 - 1096 3 406596571
2881 + 1239 406596571
2882 # 1504
2882 - 1096 4 406596571
2882 - 1096 4 406596571
2882 + 1239 406596571
2882 + 1239 406596571
2882 + 1239 406596571
2882 + 916 406596571
2883 # 1504
2883 - 1097 5 406596571
2883 # 1504
2883 - 1097 5 406596571
2883 - 1053 5 406596571
2884 # 1504
2884 - 1053 5 406596571
2884 # 1504
2884 - 1053 5 406596571
2884 + 102 2802403873
2885 # 1504
2885 - 1053 6 406596571
2885 - 1054 6 406596571
2886 # 1504
2886 - 1192 7 406596571
2886 # 1504
2886 - 1192 7 406596571
2887 # 1504
2887 - 1192 7 406596571
2887 - 1193 7 406596571
2887 # 1504
2887 - 1193 7 406596571
2888 # 1504
2888 - 1193 8 406596571
2889 # 1504
2889 - 1193 9 406596571
2889 # 1504
2889 - 1239 8 406596571
2889 - 1239 7 406596571
2890 # 1504
2890 - 1239 8 406596571
2890 # 1504
2890 - 1239 8 406596571
2891 # 1504
2891 - 916 9 406596571
2891 - 102 7 2802403873
2892 # 1504
2892 # 1504
2892 + 1170 406598101
2893 # 1504
2893 - 1170 1 406598101
2893 # 1504
2894 # 1504
2894 + 1170 406598101
2894 + 1096 406598101
2894 + 1096 406598101
2894 + 1096 406598101
2894 + 1097 406598101
2895 # 1504
2895 - 1170 1 406598101
2895 # 1504
2895 - 1096 1 406598101
2895 + 1097 406598101
2895 + 1059 406598101
2895 + 1059 406598101
2895 + 1059 406598101
2895 + 1059 406598101
2896 # 1504
2896 - 1096 2 406598101
2896 - 1096 2 406598101
2896 # 1504
2896 - 1097 2 406598101
2896 + 1059 406598101
2896 + 1060 406598101
2896 + 1031 406598101
2896 + 1031 406598101
2896 + 1031 406598101
2896 + 1031 406598101
2897 # 1504
2897 - 1097 2 406598101
2897 + 102 2802403873
2897 + 1031 406598101
2898 # 1504
2898 - 1059 3 406598101
2898 - 1059 3 406598101
2898 # 1504
2898 - 1059 3 406598101
2898 + 1215 406598101
2898 + 1215 406598101
2898 + 1215 406598101
2898 + 1215 406598101
2898 + 1142 406598101
2899 # 1504
2899 - 1059 4 406598101
2899 - 1059 3 406598101
2899 # 1504
2899 - 1060 3 406598101
2899 + 1142 406598101
2899 + 1142 406598101
2899 + 1142 406598101
2899 + 1142 406598101
2899 + 1142 406598101
2899 + 1142 406598101
2900 # 1504
2900 - 1031 4 406598101
2900 + 1063 406598101
2900 + 1063 406598101
2900 + 1064 406598101
2900 + 1064 406598101
2900 + 1064 406598101
2901 # 1504
2901 - 1031 5 406598101
2901 - 1031 5 406598101
2901 # 1504
2901 - 1031 5 406598101
2901 - 102 4 2802403873
2901 + 888 406598101
2901 + 888 406598101
2902 # 1504
2902 - 1031 5 406598101
2902 - 1215 4 406598101
2902 # 1504
2902 - 1215 4 406598101
2903 # 1504
2903 - 1215 5 406598101
2904 # 1504
2904 - 1215 6 406598101
2904 # 1504
2904 - 1142 6 406598101
2904 - 1142 5 406598101
2905 # 1504
2905 - 1142 6 406598101
2905 # 1504
2905 - 1142 6 406598101
2906 # 1504
2906 - 1142 7 406598101
2906 - 1142 7 406598101
2906 # 1504
2906 - 1142 7 406598101
2907 # 1504
2907 - 1063 7 406598101
2908 # 1504
2908 - 1063 8 406598101
2908 - 1064 8 406598101
2908 # 1504
2908 - 1064 8 406598101
2909 # 1504
2909 - 1064 9 406598101
2909 - 888 8 406598101
2909 # 1504
2909 - 888 8 406598101
2909 + 1062 406599721
2910 # 1504
2910 - 1062 1 406599721
2910 + 1063 406599721
2910 + 1028 406599721
2910 + 1028 406599721
2910 + 1028 406599721
2910 + 1029 406599721
2911 # 1504
2911 - 1063 1 406599721
2911 # 1504
2911 - 1028 1 406599721
2911 + 102 2802403873
2912 # 1504
2912 - 1028 2 406599721
2912 - 1028 2 406599721
2912 # 1504
2912 - 1029 2 406599721
2912 - 102 1 2802403873
2912 + 1029 406599721
2912 + 1179 406599721
2912 + 1179 406599721
2912 + 1179 406599721
2912 + 1180 406599721
2912 + 1180 406599721
2913 # 1504
2913 - 1029 1 406599721
2913 + 96 554869826
2914 # 1504
2914 - 1179 2 406599721
2914 # 1504
2914 - 1179 2 406599721
2914 + 1152 406599721
2914 + 1152 406599721
2914 + 1153 406599721
2914 + 1153 406599721
2914 + 1200 406599721
2914 + 1200 406599721
2914 + 1200 406599721
2915 # 1504
2915 - 1179 3 406599721
2915 - 1180 3 406599721
2915 # 1504
2915 - 1180 3 406599721
2915 - 96 2 554869826
2915 + 1200 406599721
2915 + 1128 406599721
2915 + 1128 406599721
2915 + 1128 406599721
2915 + 1128 406599721
2915 + 1129 406599721
2916 # 1504
2916 - 1152 2 406599721
2916 + 1129 406599721
2916 + 1006 406599721
2916 + 1006 406599721
2916 + 1007 406599721
2916 + 1007 406599721
2917 # 1504
2917 - 1152 3 406599721
2917 - 1153 3 406599721
2917 # 1504
2917 - 1153 3 406599721
2917 + 1007 406599721
2917 + 879 406599721
2917 + 880 406599721
2918 # 1504
2918 - 1200 4 406599721
2918 # 1504
2918 - 1200 4 406599721
2919 # 1504
2919 - 1200 5 406599721
2919 - 1200 4 406599721
2920 # 1504
2920 - 1128 5 406599721
2920 # 1504
2920 - 1128 5 406599721
2921 # 1504
2921 - 1128 6 406599721
2921 - 1128 6 406599721
2921 # 1504
2921 - 1129 6 406599721
2921 # 1504
2921 - 1129 5 406599721
2921 # 1504
2921 - 1006 5 406599721
2921 - 1006 5 406599721
2921 + 102 2802403873
2922 # 1504
2922 - 1007 6 406599721
2922 # 1504
2922 - 1007 6 406599721
2922 - 1007 5 406599721
2923 # 1504
2923 - 879 6 406599721
2923 - 880 6 406599721
2923 # 1504
2923 - 102 2 2802403873
2924 # 1504
2924 # 1504
2924 # 1504
2925 # 1504
2925 # 1504
2926 # 1504
2926 # 1504
2927 # 1504
2927 # 1504
2927 + 1147 406601341
2928 # 1504
2928 - 1147 1 406601341
2928 # 1504
2928 # 1504
2928 + 1148 406601341
2928 + 1088 406601341
2928 + 1088 406601341
2928 + 1088 406601341
2928 + 1088 406601341
2929 # 1504
2929 - 1148 1 406601341
2929 # 1504
2929 - 1088 1 406601341
2930 # 1504
2930 - 1088 2 406601341
2930 - 1088 2 406601341
2930 # 1504
2930 - 1088 2 406601341
2930 + 1088 406601341
2930 + 1182 406601341
2930 + 1182 406601341
2930 + 1182 406601341
2930 + 1183 406601341
2930 + 1183 406601341
2931 # 1504
2931 - 1088 1 406601341
2931 # 1504
2931 - 1182 1 406601341
2931 + 102 2802403873
2931 + 1042 406601341
2931 + 1042 406601341
2931 + 1042 406601341
2931 + 1042 406601341
2931 + 1142 406601341
2931 + 1143 406601341
2932 # 1504
2932 - 1182 2 406601341
2932 # 1504
2932 - 1182 2 406601341
2932 - 1183 2 406601341
2932 # 1504
2932 - 1183 2 406601341
2932 - 102 1 2802403873
2932 + 1143 406601341
2933 # 1504
2933 - 1042 2 406601341
2933 # 1504
2933 - 1042 2 406601341
2933 - 1042 2 406601341
2933 + 1143 406601341
2933 + 1171 406601341
2933 + 1172 406601341
2933 + 1172 406601341
2934 # 1504
2934 - 1042 3 406601341
2934 # 1504
2934 - 1142 3 406601341
2934 + 1172 406601341
2934 + 1172 406601341
2934 + 1172 406601341
2934 + 1161 406601341
2934 + 1161 406601341
2935 # 1504
2935 - 1143 4 406601341
2935 - 1143 3 406601341
2935 # 1504
2935 - 1143 2 406601341
2935 + 1161 406601341
2935 + 1161 406601341
2935 + 1162 406601341
2935 + 902 406601341
2935 + 903 406601341
2936 # 1504
2936 - 1171 3 406601341
2936 # 1504
2936 - 1172 3 406601341
2936 - 1172 3 406601341
2936 # 1504
2936 - 1172 2 406601341
2937 # 1504
2937 - 1172 3 406601341
2937 # 1504
2937 - 1172 3 406601341
2937 - 1161 3 406601341
2938 # 1504
2938 - 1161 4 406601341
2938 # 1504
2938 - 1161 3 406601341
2939 # 1504
2939 - 1161 4 406601341
2939 # 1504
2939 - 1162 4 406601341
2939 - 902 4 406601341
2940 # 1504
2940 - 903 5 406601341
2940 # 1504
2940 # 1504
2941 # 1504
2941 # 1504
2942 # 1504
2942 # 1504
2943 # 1504
2943 # 1504
2944 # 1504
2944 # 1504
2944 # 1504
2945 # 1504
2945 # 1504
2945 + 102 2802403873
2946 # 1504
2946 - 102 1 2802403873
2946 # 1504
2946 + 1112 406602961
2947 # 1504
2947 - 1112 1 406602961
2947 # 1504
2947 + 1113 406602961
2947 + 1081 406602961
2947 + 1081 406602961
2947 + 1081 406602961
2947 + 1082 406602961
2947 + 1082 406602961
2948 # 1504
2948 - 1113 1 406602961
2948 # 1504
2948 - 1081 1 406602961
2948 # 1504
2948 - 1081 1 406602961
2948 - 1081 1 406602961
2948 + 1140 406602961
2948 + 1141 406602961
2948 + 1141 406602961
2948 + 1141 406602961
2949 # 1504
2949 - 1082 2 406602961
2949 # 1504
2949 - 1082 2 406602961
2949 + 1141 406602961
2949 + 1141 406602961
2950 # 1504
2950 - 1140 2 406602961
2950 - 1141 2 406602961
2950 # 1504
2950 - 1141 2 406602961
2950 + 1134 406602961
2950 + 1134 406602961
2950 + 1134 406602961
2950 + 1032 406602961
2950 + 1032 406602961
2951 # 1504
2951 - 1141 3 406602961
2951 # 1504
2951 - 1141 2 406602961
2951 - 1141 2 406602961
2951 + 1032 406602961
2951 + 1032 406602961
2951 + 1033 406602961
2951 + 1145 406602961
2951 + 1145 406602961
2951 + 1146 406602961
2952 # 1504
2952 - 1134 2 406602961
2952 # 1504
2952 - 1134 2 406602961
2952 # 1504
2952 - 1134 2 406602961
2952 - 1032 2 406602961
2952 + 1146 406602961
2952 + 1146 406602961
2952 + 1146 406602961
2952 + 1135 406602961
2952 + 1135 406602961
2953 # 1504
2953 - 1032 3 406602961
2953 # 1504
2953 - 1032 2 406602961
2953 - 1032 2 406602961
2953 + 1135 406602961
2953 + 1136 406602961
2953 + 1136 406602961
2953 + 916 406602961
2954 # 1504
2954 - 1033 3 406602961
2954 # 1504
2954 - 1145 3 406602961
2954 + 917 406602961
2955 # 1504
2955 - 1145 4 406602961
2955 - 1146 4 406602961
2955 # 1504
2955 - 1146 3 406602961
2956 # 1504
2956 - 1146 4 406602961
2956 # 1504
2956 - 1146 4 406602961
2956 - 1135 4 406602961
2956 # 1504
2956 - 1135 4 406602961
2957 # 1504
2957 - 1135 4 406602961
2957 # 1504
2957 - 1136 4 406602961
2957 - 1136 4 406602961
2957 + 102 2802403873
2958 # 1504
2958 - 916 5 406602961
2958 # 1504
2958 - 917 4 406602961
2958 - 102 1 2802403873
2959 # 1504
2959 # 1504
2960 # 1504
2960 # 1504
2960 # 1504
2961 # 1504
2961 # 1504
2962 # 1504
2962 # 1504
2963 # 1504
2963 # 1504
2963 + 976 406604581
2964 # 1504
2964 - 976 1 406604581
2964 # 1504
2964 # 1504
2964 + 976 406604581
2964 + 1162 406604581
2964 + 1162 406604581
2964 + 1162 406604581
2964 + 1162 406604581
2965 # 1504
2965 - 976 1 406604581
2965 # 1504
2965 - 1162 1 406604581
2965 + 1082 406604581
2965 + 1082 406604581
2965 + 1082 406604581
2965 + 1082 406604581
2965 + 1083 406604581
2966 # 1504
2966 - 1162 2 406604581
2966 - 1162 2 406604581
2966 # 1504
2966 - 1162 2 406604581
2967 # 1504
2967 - 1082 2 406604581
2967 # 1504
2967 - 1082 2 406604581
2967 - 1082 2 406604581
2967 + 1083 406604581
2967 + 1083 406604581
2967 + 1011 406604581
2967 + 1011 406604581
2967 + 1011 406604581
2967 + 1011 406604581
2968 # 1504
2968 - 1082 3 406604581
2968 # 1504
2968 - 1083 3 406604581
2968 # 1504
2968 - 1083 1 406604581
2968 - 1083 1 406604581
2968 + 1054 406604581
2968 + 1054 406604581
2968 + 1054 406604581
2968 + 1054 406604581
2968 + 1054 406604581
2968 + 1055 406604581
2969 # 1504
2969 - 1011 2 406604581
2969 # 1504
2969 - 1011 2 406604581
2969 - 1011 2 406604581
2969 + 1108 406604581
2969 + 1108 406604581
2969 + 1109 406604581
2969 + 1109 406604581
2969 + 1109 406604581
2969 + 1109 406604581
2970 # 1504
2970 - 1011 3 406604581
2970 # 1504
2970 - 1054 2 406604581
2970 - 1054 2 406604581
2970 + 1109 406604581
2971 # 1504
2971 - 1054 3 406604581
2971 # 1504
2971 - 1054 3 406604581
2971 - 1054 3 406604581
2971 # 1504
2971 - 1055 3 406604581
2971 + 1120 406604581
2971 + 1120 406604581
2971 + 1120 406604581
2971 + 1120 406604581
2972 # 1504
2972 - 1108 3 406604581
2972 # 1504
2972 - 1108 3 406604581
2972 - 1109 3 406604581
2972 + 1120 406604581
2972 + 1120 406604581
2972 + 1170 406604581
2972 + 1171 406604581
2972 + 102 2802403873
2973 # 1504
2973 - 1109 4 406604581
2973 # 1504
2973 - 1109 4 406604581
2974 # 1504
2974 - 1109 5 406604581
2974 - 1109 4 406604581
2974 # 1504
2974 - 1120 3 406604581
2975 # 1504
2975 - 1120 4 406604581
2975 # 1504
2975 - 1120 4 406604581
2975 - 1120 4 406604581
2975 # 1504
2975 - 1120 3 406604581
2976 # 1504
2976 - 1120 4 406604581
2976 # 1504
2976 - 1170 4 406604581
2976 - 1171 4 406604581
2976 - 102 4 2802403873
2977 # 1504
2977 # 1504
2978 # 1504
2978 # 1504
2979 # 1504
2979 # 1504
2979 # 1504
2980 # 1504
2980 # 1504
2981 # 1504
2981 # 1504
2981 + 744 406606201
2982 # 1504
2982 - 744 1 406606201
2982 # 1504
2983 # 1504
2983 # 1504
2983 # 1504
2983 + 745 406606201
2983 + 1015 406606201
2983 + 1015 406606201
2983 + 1015 406606201
2983 + 1015 406606201
2983 + 1015 406606201
2984 # 1504
2984 - 745 1 406606201
2984 # 1504
2984 - 1015 1 406606201
2984 - 1015 1 406606201
2984 + 1160 406606201
2984 + 1160 406606201
2984 + 1160 406606201
2984 + 1161 406606201
2984 + 1161 406606201
2984 + 102 2802403873
2985 # 1504
2985 - 1015 2 406606201
2985 # 1504
2985 - 1015 2 406606201
2985 - 1015 2 406606201
2985 + 1161 406606201
2985 + 1101 406606201
2985 + 1101 406606201
2985 + 1101 406606201
2985 + 1102 406606201
2985 + 1072 406606201
2986 # 1504
2986 - 1160 2 406606201
2986 # 1504
2986 - 1160 2 406606201
2986 + 1072 406606201
2986 + 1072 406606201
2986 + 1072 406606201
2986 + 1072 406606201
2986 + 1073 406606201
2987 # 1504
2987 - 1160 3 406606201
2987 - 1161 3 406606201
2987 # 1504
2987 - 1161 3 406606201
2987 - 102 3 2802403873
2987 # 1504
2987 - 1161 2 406606201
2988 # 1504
2988 - 1101 3 406606201
2988 # 1504
2988 - 1101 3 406606201
2988 - 1101 3 406606201
2988 + 1137 406606201
2988 + 1137 406606201
2988 + 1137 406606201
2988 + 1137 406606201
2988 + 1138 406606201
2989 # 1504
2989 - 1102 4 406606201
2989 # 1504
2989 - 1072 4 406606201
2989 - 1072 3 406606201
2989 + 1138 406606201
2989 + 1140 406606201
2989 + 1140 406606201
2989 + 1140 406606201
2989 + 1140 406606201
2989 + 1140 406606201
2990 # 1504
2990 - 1072 4 406606201
2990 # 1504
2990 - 1072 4 406606201
2990 + 1141 406606201
2990 + 1187 406606201
2990 + 1187 406606201
2991 # 1504
2991 - 1072 5 406606201
2991 - 1073 5 406606201
2991 # 1504
2991 - 1137 3 406606201
2991 # 1504
2991 - 1137 3 406606201
2992 # 1504
2992 - 1137 4 406606201
2992 - 1137 4 406606201
2992 # 1504
2992 - 1138 4 406606201
2993 # 1504
2993 - 1138 4 406606201
2993 # 1504
2993 - 1140 4 406606201
2993 - 1140 4 406606201
2994 # 1504
2994 - 1140 5 406606201
2994 # 1504
2994 - 1140 5 406606201
2995 # 1504
2995 - 1140 6 406606201
2995 - 1141 5 406606201
2995 # 1504
2995 - 1187 5 406606201
2995 # 1504
2995 - 1187 5 406606201
2995 + 102 2802403873
2996 # 1504
2996 - 102 1 2802403873
2996 # 1504
2997 # 1504
2997 # 1504
2998 # 1504
2998 # 1504
2999 # 1504
2999 # 1504
2999 # 1504
2999 + 731 406607821
3000 # 1504
3000 - 731 1 406607821
3000 # 1504
3000 + 732 406607821
3000 + 1232 406607821
3000 + 1232 406607821
3000 + 1232 406607821
3000 + 1232 406607821
3001 # 1504
3001 - 732 1 406607821
3001 # 1504
3001 - 1232 1 406607821
3002 # 1504
3002 - 1232 2 406607821
3002 - 1232 2 406607821
3002 # 1504
3002 - 1232 2 406607821
3002 + 1158 406607821
3002 + 1158 406607821
3002 + 1158 406607821
3002 + 1158 406607821
3002 + 1158 406607821
3003 # 1504
3003 - 1158 1 406607821
3003 # 1504
3003 - 1158 1 406607821
3003 # 1504
3003 - 1158 1 406607821
3003 + 1106 406607821
3003 + 1107 406607821
3003 + 1107 406607821
3003 + 1107 406607821
3003 + 1118 406607821
3003 + 1119 406607821
3004 # 1504
3004 - 1158 2 406607821
3004 - 1158 2 406607821
3004 # 1504
3004 - 1106 1 406607821
3004 + 1119 406607821
3004 + 1119 406607821
3004 + 1119 406607821
3004 + 1119 406607821
3004 + 1237 406607821
3005 # 1504
3005 - 1107 2 406607821
3005 # 1504
3005 - 1107 2 406607821
3005 - 1107 2 406607821
3005 + 102 2802403873
3005 + 1237 406607821
3006 # 1504
3006 - 1118 3 406607821
3006 # 1504
3006 - 1119 3 406607821
3006 + 1237 406607821
3006 + 1237 406607821
3006 + 1238 406607821
3006 + 1121 406607821
3006 + 1121 406607821
3007 # 1504
3007 - 1119 3 406607821
3007 - 1119 3 406607821
3007 # 1504
3007 - 1119 3 406607821
3007 # 1504
3007 - 1119 3 406607821
3007 + 1121 406607821
3007 + 1121 406607821
3007 + 1122 406607821
3007 + 1122 406607821
3007 + 1124 406607821
3008 # 1504
3008 - 1237 4 406607821
3008 - 102 3 2802403873
3008 - 1237 3 406607821
3008 # 1504
3008 - 1237 2 406607821
3008 + 1125 406607821
3009 # 1504
3009 - 1237 3 406607821
3009 # 1504
3009 - 1238 3 406607821
3010 # 1504
3010 - 1121 4 406607821
3010 - 1121 4 406607821
3010 # 1504
3010 - 1121 3 406607821
3011 # 1504
3011 - 1121 4 406607821
3011 # 1504
3011 - 1122 4 406607821
3011 - 1122 4 406607821
3011 # 1504
3011 - 1124 4 406607821
3012 # 1504
3012 - 1125 4 406607821
3012 # 1504
3013 # 1504
3013 # 1504
3014 # 1504
3014 # 1504
3015 # 1504
3015 # 1504
3015 # 1504
3016 # 1504
3016 # 1504
3016 + 102 2802403873
3017 # 1504
3017 - 102 1 2802403873
3017 # 1504
3017 + 895 406609351
3017 + 895 406609351
3018 # 1504
3018 - 895 1 406609351
3018 # 1504
3018 - 895 1 406609351
3019 # 1504
3019 # 1504
3019 # 1504
3019 + 895 406609351
3019 + 1040 406609351
3019 + 1040 406609351
3019 + 1040 406609351
3019 + 1041 406609351
3019 + 1041 406609351
3020 # 1504
3020 - 895 1 406609351
3020 # 1504
3020 - 1040 1 406609351
3020 - 1040 1 406609351
3020 + 1073 406609351
3020 + 1073 406609351
3020 + 1074 406609351
3020 + 1074 406609351
3021 # 1504
3021 - 1040 2 406609351
3021 # 1504
3021 - 1041 2 406609351
3021 + 1074 406609351
3021 + 1182 406609351
3021 + 1182 406609351
3021 + 1182 406609351
3021 + 1183 406609351
3022 # 1504
3022 - 1041 3 406609351
3022 - 1073 2 406609351
3022 # 1504
3022 - 1073 2 406609351
3022 + 1183 406609351
3022 + 1196 406609351
3022 + 1197 406609351
3022 + 1197 406609351
3023 # 1504
3023 - 1074 3 406609351
3023 - 1074 3 406609351
3023 # 1504
3023 - 1074 2 406609351
3023 # 1504
3023 - 1182 2 406609351
3024 # 1504
3024 - 1182 3 406609351
3024 - 1182 3 406609351
3024 # 1504
3024 - 1183 3 406609351
3024 + 1197 406609351
3024 + 1197 406609351
3024 + 1197 406609351
3024 + 1197 406609351
3024 + 1111 406609351
3024 + 1112 406609351
3024 + 1112 406609351
3024 + 1112 406609351
3024 + 1112 406609351
3024 + 1112 406609351
3025 # 1504
3025 - 1183 3 406609351
3025 # 1504
3025 - 1196 3 406609351
3025 + 1201 406609351
3025 + 1201 406609351
3025 + 1201 406609351
3025 + 1201 406609351
3026 # 1504
3026 - 1197 4 406609351
3026 - 1197 4 406609351
3026 # 1504
3026 - 1197 2 406609351
3027 # 1504
3027 - 1197 3 406609351
3027 # 1504
3027 - 1197 3 406609351
3027 # 1504
3027 - 1197 3 406609351
3027 - 1111 3 406609351
3027 + 102 2802403873
3027 + 1201 406609351
3027 + 1201 406609351
3027 + 1202 406609351
3027 + 953 406609351
3027 + 953 406609351
3027 + 953 406609351
3028 # 1504
3028 - 1112 4 406609351
3028 # 1504
3028 - 1112 4 406609351
3029 # 1504
3029 - 1112 5 406609351
3029 - 1112 5 406609351
3029 # 1504
3029 - 1112 5 406609351
3030 # 1504
3030 - 1201 5 406609351
3030 # 1504
3030 - 1201 5 406609351
3030 - 1201 5 406609351
3031 # 1504
3031 - 1201 6 406609351
3031 - 102 4 2802403873
3031 # 1504
3031 - 1201 4 406609351
3031 # 1504
3031 - 1201 4 406609351
3032 # 1504
3032 - 1202 5 406609351
3032 - 953 5 406609351
3032 # 1504
3032 - 953 5 406609351
3033 # 1504
3033 - 953 6 406609351
3033 # 1504
3034 # 1504
3034 # 1504
3035 # 1504
3035 # 1504
3035 # 1504
3035 + 1233 406610971
3036 # 1504
3036 - 1233 1 406610971
3036 # 1504
3036 + 1233 406610971
3036 + 1152 406610971
3036 + 1152 406610971
3036 + 1152 406610971
3037 # 1504
3037 - 1233 1 406610971
3037 # 1504
3037 - 1152 1 406610971
3037 + 1152 406610971
3038 # 1504
3038 - 1152 2 406610971
3038 # 1504
3038 - 1152 2 406610971
3038 - 1152 1 406610971
3038 + 102 2802403873
3038 + 1062 406610971
3038 + 1062 406610971
3038 + 1062 406610971
3038 + 1018 406610971
3038 + 1019 406610971
3038 + 1019 406610971
3039 # 1504
3039 - 102 1 2802403873
3039 - 1062 1 406610971
3039 # 1504
3039 - 1062 1 406610971
3039 # 1504
3039 - 1062 1 406610971
3039 - 1018 1 406610971
3039 + 1019 406610971
3039 + 1085 406610971
3039 + 1085 406610971
3039 + 1085 406610971
3039 + 1085 406610971
3039 + 1085 406610971
3039 + 1082 406610971
3040 # 1504
3040 - 1019 2 406610971
3040 # 1504
3040 - 1019 2 406610971
3040 - 1019 1 406610971
3040 + 1082 406610971
3040 + 1083 406610971
3040 + 1083 406610971
3040 + 1083 406610971
3040 + 1132 406610971
3041 # 1504
3041 - 1085 2 406610971
3041 # 1504
3041 - 1085 2 406610971
3042 # 1504
3042 - 1085 3 406610971
3042 - 1085 3 406610971
3042 # 1504
3042 - 1085 3 406610971
3042 + 1132 406610971
3042 + 1132 406610971
3042 + 1133 406610971
3042 + 1133 406610971
3042 + 1133 406610971
3042 + 1133 406610971
3043 # 1504
3043 - 1082 4 406610971
3043 - 1082 3 406610971
3043 # 1504
3043 - 1083 3 406610971
3043 # 1504
3043 - 1083 3 406610971
3043 + 1026 406610971
3043 + 1026 406610971
3043 + 1026 406610971
3044 # 1504
3044 - 1083 4 406610971
3044 - 1132 4 406610971
3044 # 1504
3044 - 1132 2 406610971
3045 # 1504
3045 - 1132 3 406610971
3045 # 1504
3045 - 1133 3 406610971
3045 - 1133 3 406610971
3046 # 1504
3046 - 1133 4 406610971
3046 # 1504
3046 - 1133 4 406610971
3047 # 1504
3047 - 1026 4 406610971
3047 - 1026 4 406610971
3047 # 1504
3047 - 1026 4 406610971
3047 # 1504
3048 # 1504
3048 # 1504
3049 # 1504
3049 # 1504
3050 # 1504
3050 # 1504
3051 # 1504
3051 # 1504
3051 # 1504
3051 + 102 2802403873
3052 # 1504
3052 - 102 1 2802403873
3052 # 1504
3053 # 1504
3053 # 1504
3053 + 1024 406612591
3054 # 1504
3054 - 1024 1 406612591
3054 # 1504
3054 + 1024 406612591
3054 + 1024 406612591
3054 + 1024 406612591
3054 + 1205 406612591
3054 + 1205 406612591
3054 + 1205 406612591
3055 # 1504
3055 - 1024 1 406612591
3055 # 1504
3055 - 1024 1 406612591
3055 # 1504
3055 - 1024 1 406612591
3055 - 1205 1 406612591
3056 # 1504
3056 - 1205 2 406612591
3056 # 1504
3056 - 1205 2 406612591
3056 + 1205 406612591
3056 + 1205 406612591
3056 + 1205 406612591
3056 + 1073 406612591
3056 + 1073 406612591
3057 # 1504
3057 - 1205 1 406612591
3057 # 1504
3057 - 1205 1 406612591
3057 + 1073 406612591
3057 + 978 406612591
3057 + 978 406612591
3057 + 978 406612591
3057 + 979 406612591
3057 + 1115 406612591
3057 + 102 2802403873
3058 # 1504
3058 - 1205 2 406612591
3058 # 1504
3058 - 1073 2 406612591
3058 - 1073 2 406612591
3058 + 1115 406612591
3058 + 1116 406612591
3058 + 1116 406612591
3058 + 1093 406612591
3058 + 1093 406612591
3058 + 1093 406612591
3058 + 1094 406612591
3059 # 1504
3059 - 1073 2 406612591
3059 # 1504
3059 - 978 2 406612591
3059 - 978 2 406612591
3059 # 1504
3059 - 978 2 406612591
3060 # 1504
3060 - 979 3 406612591
3060 - 1115 3 406612591
3060 - 102 3 2802403873
3060 # 1504
3060 - 1115 2 406612591
3060 + 1101 406612591
3060 + 1101 406612591
3060 + 1101 406612591
3060 + 1101 406612591
3060 + 1102 406612591
3060 + 1102 406612591
3061 # 1504
3061 - 1116 3 406612591
3061 # 1504
3061 - 1116 3 406612591
3061 - 1093 3 406612591
3061 + 1102 406612591
3061 + 1102 406612591
3061 + 1098 406612591
3061 + 1098 406612591
3061 + 1099 406612591
3062 # 1504
3062 - 1093 4 406612591
3062 # 1504
3062 - 1093 4 406612591
3063 # 1504
3063 - 1094 5 406612591
3063 - 1101 3 406612591
3063 # 1504
3063 - 1101 3 406612591
3063 # 1504
3063 - 1101 3 406612591
3063 + 102 2802403873
3064 # 1504
3064 - 1101 4 406612591
3064 - 1102 4 406612591
3064 # 1504
3064 - 1102 4 406612591
3065 # 1504
3065 - 1102 4 406612591
3065 - 1102 4 406612591
3065 # 1504
3065 - 1098 4 406612591
3066 # 1504
3066 - 1098 5 406612591
3066 # 1504
3066 - 1099 5 406612591
3066 - 102 3 2802403873
3067 # 1504
3067 # 1504
3067 # 1504
3068 # 1504
3068 # 1504
3069 # 1504
3069 # 1504
3070 # 1504
3070 # 1504
3070 + 881 406614211
3070 + 881 406614211
3071 # 1504
3071 - 881 1 406614211
3071 # 1504
3071 - 881 1 406614211
3071 # 1504
3071 + 881 406614211
3071 + 1193 406614211
3071 + 1194 406614211
3072 # 1504
3072 - 881 1 406614211
3072 # 1504
3072 - 1193 1 406614211
3072 + 1194 406614211
3072 + 1194 406614211
3072 + 1194 406614211
3072 + 1048 406614211
3072 + 1048 406614211
3073 # 1504
3073 - 1194 2 406614211
3073 - 1194 1 406614211
3073 # 1504
3073 - 1194 1 406614211
3074 # 1504
3074 - 1194 2 406614211
3074 # 1504
3074 - 1048 2 406614211
3074 - 1048 2 406614211
3074 + 1048 406614211
3074 + 1049 406614211
3074 + 970 406614211
3075 # 1504
3075 - 1048 1 406614211
3075 # 1504
3075 - 1049 1 406614211
3075 # 1504
3075 - 970 1 406614211
3075 + 971 406614211
3075 + 971 406614211
3075 + 971 406614211
3075 + 1037 406614211
3075 + 1037 406614211
3075 + 1038 406614211
3075 + 1038 406614211
3075 + 1038 406614211
3075 + 1189 406614211
3075 + 1189 406614211
3075 + 102 2802403873
3076 # 1504
3076 - 971 1 406614211
3076 # 1504
3076 - 971 1 406614211
3076 - 971 1 406614211
3076 + 1189 406614211
3076 + 1189 406614211
3076 + 1190 406614211
3076 + 1190 406614211
3076 + 1190 406614211
3077 # 1504
3077 - 1037 2 406614211
3077 # 1504
3077 - 1037 2 406614211
3077 + 1104 406614211
3077 + 1104 406614211
3078 # 1504
3078 - 1038 3 406614211
3078 - 1038 3 406614211
3078 # 1504
3078 - 1038 3 406614211
3078 + 1104 406614211
3078 + 1104 406614211
3078 + 1104 406614211
3078 + 1105 406614211
3079 # 1504
3079 - 1189 4 406614211
3079 - 1189 4 406614211
3079 # 1504
3079 - 102 4 2802403873
3079 - 1189 3 406614211
3079 # 1504
3079 - 1189 3 406614211
3079 + 1105 406614211
3079 + 1105 406614211
3079 + 1009 406614211
3079 + 1009 406614211
3079 + 1010 406614211
3080 # 1504
3080 - 1190 4 406614211
3080 # 1504
3080 - 1190 4 406614211
3080 - 1190 4 406614211
3080 + 1010 406614211
3081 # 1504
3081 - 1104 4 406614211
3081 # 1504
3081 - 1104 4 406614211
3082 # 1504
3082 - 1104 4 406614211
3082 - 1104 4 406614211
3082 # 1504
3082 - 1104 4 406614211
3083 # 1504
3083 - 1105 5 406614211
3083 # 1504
3083 - 1105 4 406614211
3083 - 1105 4 406614211
3083 # 1504
3083 - 1009 4 406614211
3084 # 1504
3084 - 1009 5 406614211
3084 - 1010 5 406614211
3084 # 1504
3084 - 1010 4 406614211
3085 # 1504
3085 # 1504
3085 + 102 2802403873
3086 # 1504
3086 - 102 1 2802403873
3086 # 1504
3087 # 1504
3087 # 1504
3087 # 1504
3088 # 1504
3088 # 1504
3089 # 1504
3089 # 1504
3089 + 1107 406615831
3090 # 1504
3090 - 1107 1 406615831
3090 # 1504
3090 + 1108 406615831
3090 + 1108 406615831
3090 + 959 406615831
3090 + 959 406615831
3090 + 960 406615831
3091 # 1504
3091 - 1108 1 406615831
3091 # 1504
3091 - 1108 1 406615831
3091 # 1504
3091 - 959 1 406615831
3091 - 959 1 406615831
3091 + 960 406615831
3092 # 1504
3092 - 960 2 406615831
3092 # 1504
3092 - 960 1 406615831
3092 + 102 2802403873
3092 + 1098 406615831
3092 + 1099 406615831
3092 + 1099 406615831
3092 + 1099 406615831
3092 + 957 406615831
3092 + 957 406615831
3093 # 1504
3093 - 102 1 2802403873
3093 - 1098 1 406615831
3093 # 1504
3093 - 1099 1 406615831
3093 + 957 406615831
3093 + 957 406615831
3093 + 1142 406615831
3093 + 1142 406615831
3093 + 1143 406615831
3093 + 1143 406615831
3094 # 1504
3094 - 1099 2 406615831
3094 - 1099 2 406615831
3094 # 1504
3094 - 957 2 406615831
3094 + 1077 406615831
3094 + 1078 406615831
3094 + 1078 406615831
3094 + 1078 406615831
3094 + 1117 406615831
3095 # 1504
3095 - 957 3 406615831
3095 - 957 2 406615831
3095 # 1504
3095 - 957 2 406615831
3095 # 1504
3095 - 1142 2 406615831
3095 + 1117 406615831
3096 # 1504
3096 - 1142 3 406615831
3096 - 1143 3 406615831
3096 # 1504
3096 - 1143 3 406615831
3096 + 1117 406615831
3096 + 1117 406615831
3096 + 1117 406615831
3096 + 1117 406615831
3096 + 1118 406615831
3096 + 1118 406615831
3096 + 985 406615831
3097 # 1504
3097 - 1077 3 406615831
3097 # 1504
3097 - 1078 3 406615831
3097 - 1078 3 406615831
3097 + 986 406615831
3097 + 986 406615831
3097 + 986 406615831
3098 # 1504
3098 - 1078 4 406615831
3098 # 1504
3098 - 1117 4 406615831
3098 - 1117 3 406615831
3099 # 1504
3099 - 1117 3 406615831
3099 # 1504
3099 - 1117 3 406615831
3099 # 1504
3099 - 1117 3 406615831
3099 - 1117 3 406615831
3100 # 1504
3100 - 1118 4 406615831
3100 # 1504
3100 - 1118 4 406615831
3101 # 1504
3101 - 985 5 406615831
3101 - 986 4 406615831
3101 # 1504
3101 - 986 4 406615831
3102 # 1504
3102 - 986 5 406615831
3102 # 1504
3103 # 1504
3103 # 1504
3103 # 1504
3104 # 1504
3104 # 1504
3104 + 102 2802403873
3105 # 1504
3105 - 102 1 2802403873
3105 # 1504
3106 # 1504
3106 # 1504
3106 + 1058 406617451
3107 # 1504
3107 - 1058 1 406617451
3107 # 1504
3107 # 1504
3108 # 1504
3108 # 1504
3108 + 1059 406617451
3108 + 1059 406617451
3108 + 1145 406617451
3108 + 1145 406617451
3108 + 1145 406617451
3108 + 1146 406617451
3109 # 1504
3109 - 1059 1 406617451
3109 # 1504
3109 - 1059 1 406617451
3109 + 1146 406617451
3109 + 1068 406617451
3109 + 1068 406617451
3109 + 1068 406617451
3109 + 1069 406617451
3109 + 1069 406617451
3110 # 1504
3110 - 1145 2 406617451
3110 - 1145 2 406617451
3110 # 1504
3110 - 1145 2 406617451
3110 + 1069 406617451
3110 + 1229 406617451
3111 # 1504
3111 - 1146 3 406617451
3111 # 1504
3111 - 1146 2 406617451
3111 - 1068 2 406617451
3111 # 1504
3111 - 1068 2 406617451
3111 + 1229 406617451
3111 + 1230 406617451
3111 + 1069 406617451
3111 + 1070 406617451
3112 # 1504
3112 - 1068 3 406617451
3112 # 1504
3112 - 1069 3 406617451
3112 - 1069 3 406617451
3112 + 1070 406617451
3112 + 1070 406617451
3112 + 1052 406617451
3112 + 1052 406617451
3112 + 1052 406617451
3112 + 1052 406617451
3113 # 1504
3113 - 1069 3 406617451
3113 # 1504
3113 - 1229 3 406617451
3113 + 1151 406617451
3113 + 1151 406617451
3113 + 1151 406617451
3113 + 1151 406617451
3113 + 1152 406617451
3114 # 1504
3114 - 1229 3 406617451
3114 - 1230 3 406617451
3114 # 1504
3114 - 1069 3 406617451
3114 + 1152 406617451
3114 + 1152 406617451
3114 + 1152 406617451
3115 # 1504
3115 - 1070 4 406617451
3115 # 1504
3115 - 1070 3 406617451
3115 - 1070 3 406617451
3115 # 1504
3115 - 1052 3 406617451
3115 + 1152 406617451
3115 + 1000 406617451
3115 + 1000 406617451
3115 + 1001 406617451
3115 + 1001 406617451
3116 # 1504
3116 - 1052 4 406617451
3116 - 1052 4 406617451
3116 # 1504
3116 - 1052 4 406617451
3116 + 102 2802403873
3117 # 1504
3117 - 1151 4 406617451
3117 # 1504
3117 - 1151 4 406617451
3117 - 1151 4 406617451
3118 # 1504
3118 - 1151 5 406617451
3118 # 1504
3118 - 1152 5 406617451
3119 # 1504
3119 - 1152 5 406617451
3119 - 1152 5 406617451
3119 # 1504
3119 - 1152 5 406617451
3119 # 1504
3119 - 1152 4 406617451
3120 # 1504
3120 - 1000 5 406617451
3120 - 1000 5 406617451
3120 # 1504
3120 - 1001 5 406617451
3121 # 1504
3121 - 1001 6 406617451
3121 - 102 5 2802403873
3121 # 1504
3121 # 1504
3121 # 1504
3122 # 1504
3122 # 1504
3123 # 1504
3123 # 1504
3123 + 102 2802403873
3124 # 1504
3124 - 102 1 2802403873
3124 # 1504
3124 + 976 406619071
3125 # 1504
3125 - 976 1 406619071
3125 # 1504
3125 # 1504
3126 # 1504
3126 # 1504
3126 + 976 406619071
3126 + 977 406619071
3126 + 1134 406619071
3126 + 1134 406619071
3126 + 1134 406619071
3126 + 1134 406619071
3126 + 1134 406619071
3126 + 1168 406619071
3126 + 1169 406619071
3126 + 1169 406619071
3126 + 1169 406619071
3126 + 1169 406619071
3127 # 1504
3127 - 976 1 406619071
3127 # 1504
3127 - 977 1 406619071
3127 + 954 406619071
3128 # 1504
3128 - 1134 2 406619071
3128 - 1134 2 406619071
3128 # 1504
3128 - 1134 2 406619071
3128 + 954 406619071
3128 + 954 406619071
3128 + 955 406619071
3128 + 1099 406619071
3129 # 1504
3129 - 1134 3 406619071
3129 # 1504
3129 - 1134 3 406619071
3129 - 1168 3 406619071
3129 + 1099 406619071
3129 + 1100 406619071
3129 + 1100 406619071
3129 + 918 406619071
3129 + 918 406619071
3129 + 919 406619071
3130 # 1504
3130 - 1169 4 406619071
3130 # 1504
3130 - 1169 4 406619071
3130 + 1172 406619071
3130 + 1172 406619071
3130 + 1172 406619071
3130 + 1172 406619071
3130 + 1173 406619071
3130 + 1173 406619071
3131 # 1504
3131 - 1169 5 406619071
3131 - 1169 5 406619071
3131 # 1504
3131 - 954 4 406619071
3131 + 1173 406619071
3131 + 1173 406619071
3131 + 1118 406619071
3132 # 1504
3132 - 954 4 406619071
3132 - 954 4 406619071
3132 # 1504
3132 - 955 4 406619071
3132 + 1118 406619071
3132 + 1118 406619071
3133 # 1504
3133 - 1099 5 406619071
3133 - 1099 4 406619071
3133 # 1504
3133 - 1100 4 406619071
3134 # 1504
3134 - 1100 5 406619071
3134 # 1504
3134 - 918 5 406619071
3134 - 918 5 406619071
3135 # 1504
3135 - 919 6 406619071
3135 # 1504
3135 - 1172 5 406619071
3135 - 1172 5 406619071
3136 # 1504
3136 - 1172 6 406619071
3136 # 1504
3136 - 1172 6 406619071
3136 + 102 2802403873
3137 # 1504
3137 - 1173 7 406619071
3137 - 1173 7 406619071
3137 # 1504
3137 - 1173 6 406619071
3137 # 1504
3137 - 1173 6 406619071
3138 # 1504
3138 - 1118 7 406619071
3138 - 1118 6 406619071
3138 # 1504
3138 - 1118 6 406619071
3138 - 102 2 2802403873
3139 # 1504
3139 # 1504
3140 # 1504
3140 # 1504
3141 # 1504
3141 # 1504
3142 # 1504
3142 # 1504
3143 # 1504
3143 # 1504
3143 + 925 406620601
3143 + 925 406620601
3144 # 1504
3144 - 925 1 406620601
3144 # 1504
3144 - 925 1 406620601
3144 + 925 406620601
3144 + 1132 406620601
3144 + 1132 406620601
3144 + 1132 406620601
3144 + 1132 406620601
3145 # 1504
3145 - 925 1 406620601
3145 # 1504
3145 - 1132 1 406620601
3146 # 1504
3146 - 1132 2 406620601
3146 - 1132 2 406620601
3146 # 1504
3146 - 1132 2 406620601
3146 + 102 2802403873
3146 + 1132 406620601
3146 + 1132 406620601
3146 + 1219 406620601
3146 + 1219 406620601
3146 + 1220 406620601
3146 + 1220 406620601
3147 # 1504
3147 - 102 1 2802403873
3147 - 1132 1 406620601
3147 # 1504
3147 - 1132 1 406620601
3147 + 1010 406620601
3147 + 1011 406620601
3147 + 1011 406620601
3147 + 1011 406620601
3147 + 1141 406620601
3147 + 1142 406620601
3148 # 1504
3148 - 1219 2 406620601
3148 # 1504
3148 - 1219 2 406620601
3149 # 1504
3149 - 1220 3 406620601
3149 - 1220 3 406620601
3149 # 1504
3149 - 1010 2 406620601
3149 # 1504
3149 - 1011 2 406620601
3149 - 1011 2 406620601
3149 + 1142 406620601
3149 + 865 406620601
3149 + 866 406620601
3149 + 866 406620601
3149 + 1124 406620601
3149 + 1124 406620601
3149 + 1124 406620601
3149 + 1124 406620601
3149 + 1124 406620601
3149 + 1124 406620601
3150 # 1504
3150 - 1011 3 406620601
3150 # 1504
3150 - 1141 3 406620601
3150 + 1125 406620601
3150 + 1125 406620601
3150 + 1125 406620601
3150 + 1125 406620601
3151 # 1504
3151 - 1142 4 406620601
3151 - 1142 2 406620601
3151 # 1504
3151 - 865 2 406620601
3151 - 866 2 406620601
3151 + 1106 406620601
3152 # 1504
3152 - 866 3 406620601
3152 # 1504
3152 - 1124 3 406620601
3152 + 1106 406620601
3152 + 1106 406620601
3152 + 1106 406620601
3153 # 1504
3153 - 1124 4 406620601
3153 - 1124 4 406620601
3153 # 1504
3153 - 1124 4 406620601
3154 # 1504
3154 - 1124 5 406620601
3154 - 1124 5 406620601
3154 # 1504
3154 - 1125 4 406620601
3155 # 1504
3155 - 1125 5 406620601
3155 # 1504
3155 - 1125 5 406620601
3155 - 1125 5 406620601
3156 # 1504
3156 - 1106 5 406620601
3156 # 1504
3156 - 1106 4 406620601
3156 + 102 2802403873
3157 # 1504
3157 - 1106 5 406620601
3157 - 1106 5 406620601
3157 - 102 1 2802403873
3157 # 1504
3158 # 1504
3158 # 1504
3159 # 1504
3159 # 1504
3160 # 1504
3160 # 1504
3160 + 1164 406622221
3160 + 1164 406622221
3161 # 1504
3161 - 1164 1 406622221
3161 # 1504
3161 - 1164 1 406622221
3161 # 1504
3161 + 1048 406622221
3161 + 1048 406622221
3161 + 1049 406622221
3161 + 1049 406622221
3161 + 1159 406622221
3162 # 1504
3162 - 1048 1 406622221
3162 # 1504
3162 - 1048 1 406622221
3162 + 1160 406622221
3162 + 1160 406622221
3162 + 1049 406622221
3162 + 1049 406622221
3162 + 1050 406622221
3162 + 1170 406622221
3163 # 1504
3163 - 1049 2 406622221
3163 - 1049 2 406622221
3163 # 1504
3163 - 1159 2 406622221
3164 # 1504
3164 - 1160 2 406622221
3164 # 1504
3164 - 1160 2 406622221
3164 - 1049 2 406622221
3164 + 1170 406622221
3164 + 1171 406622221
3164 + 980 406622221
3164 + 980 406622221
3164 + 981 406622221
3164 + 1114 406622221
3165 # 1504
3165 - 1049 3 406622221
3165 # 1504
3165 - 1050 3 406622221
3165 - 1170 3 406622221
3165 + 102 2802403873
3165 + 1114 406622221
3165 + 1114 406622221
3165 + 1114 406622221
3165 + 1114 406622221
3165 + 1114 406622221
3166 # 1504
3166 - 1170 2 406622221
3166 # 1504
3166 - 1171 2 406622221
3166 + 1114 406622221
3166 + 1115 406622221
3166 + 1115 406622221
3166 + 1160 406622221
3166 + 1160 406622221
3166 + 1160 406622221
3166 + 1160 406622221
3167 # 1504
3167 - 980 3 406622221
3167 - 980 3 406622221
3167 # 1504
3167 - 981 3 406622221
3168 # 1504
3168 - 1114 4 406622221
3168 - 102 3 2802403873
3168 # 1504
3168 - 1114 3 406622221
3168 - 1114 3 406622221
3169 # 1504
3169 - 1114 4 406622221
3169 # 1504
3169 - 1114 4 406622221
3169 - 1114 4 406622221
3170 # 1504
3170 - 1114 4 406622221
3170 # 1504
3170 - 1115 4 406622221
3171 # 1504
3171 - 1115 5 406622221
3171 - 1160 5 406622221
3171 # 1504
3171 - 1160 5 406622221
3171 + 102 2802403873
3172 # 1504
3172 - 1160 6 406622221
3172 # 1504
3172 - 1160 6 406622221
3172 - 102 1 2802403873
3173 # 1504
3173 # 1504
3174 # 1504
3174 # 1504
3174 # 1504
3175 # 1504
3175 # 1504
3176 # 1504
3176 # 1504
3177 # 1504
3177 # 1504
3177 + 102 2802403873
3177 + 1043 406623841
3178 # 1504
3178 - 102 1 2802403873
3178 - 1043 1 406623841
3178 # 1504
3178 + 1043 406623841
3178 + 1087 406623841
3178 + 1088 406623841
3178 + 1088 406623841
3178 + 1088 406623841
3179 # 1504
3179 - 1043 1 406623841
3179 # 1504
3179 - 1087 1 406623841
3180 # 1504
3180 - 1088 2 406623841
3180 - 1088 2 406623841
3180 # 1504
3180 - 1088 2 406623841
3180 + 1088 406623841
3180 + 947 406623841
3180 + 947 406623841
3180 + 948 406623841
3180 + 948 406623841
3180 + 845 406623841
3181 # 1504
3181 - 1088 1 406623841
3181 # 1504
3181 - 947 1 406623841
3181 - 947 1 406623841
3181 + 846 406623841
3181 + 855 406623841
3181 + 856 406623841
3181 + 1191 406623841
3181 + 1176 406623841
3181 + 1176 406623841
3181 + 1176 406623841
3182 # 1504
3182 - 948 2 406623841
3182 # 1504
3182 - 948 2 406623841
3182 - 845 2 406623841
3182 + 102 2802403873
3182 + 1176 406623841
3182 + 1177 406623841
3182 + 1177 406623841
3182 + 1177 406623841
3182 + 1177 406623841
3183 # 1504
3183 - 846 2 406623841
3183 - 855 2 406623841
3183 # 1504
3183 - 856 2 406623841
3184 # 1504
3184 - 1191 3 406623841
3184 # 1504
3184 - 1176 3 406623841
3184 - 1176 3 406623841
3184 + 1170 406623841
3184 + 1171 406623841
3184 + 1171 406623841
3184 + 1171 406623841
3185 # 1504
3185 - 1176 4 406623841
3185 - 102 3 2802403873
3185 # 1504
3185 - 1176 3 406623841
3186 # 1504
3186 - 1177 4 406623841
3186 # 1504
3186 - 1177 4 406623841
3186 - 1177 4 406623841
3186 # 1504
3186 - 1177 4 406623841
3187 # 1504
3187 - 1170 3 406623841
3187 # 1504
3187 - 1171 3 406623841
3187 - 1171 3 406623841
3188 # 1504
3188 - 1171 4 406623841
3188 # 1504
3189 # 1504
3189 # 1504
3190 # 1504
3190 # 1504
3191 # 1504
3191 # 1504
3191 + 102 2802403873
3192 # 1504
3192 - 102 1 2802403873
3192 # 1504
3193 # 1504
3193 # 1504
3194 # 1504
3194 # 1504
3195 # 1504
3195 # 1504
3195 + 1085 406625461
3196 # 1504
3196 - 1085 1 406625461
3196 # 1504
3196 + 1085 406625461
3196 + 959 406625461
3196 + 959 406625461
3197 # 1504
3197 - 1085 1 406625461
3197 # 1504
3197 - 959 1 406625461
3197 - 959 1 406625461
3197 + 896 406625461
3197 + 783 406625461
3197 + 1138 406625461
3197 + 710 406625461
3197 + 710 406625461
3197 + 1171 406625461
3198 # 1504
3198 - 896 1 406625461
3198 # 1504
3198 - 783 1 406625461
3198 - 1138 1 406625461
3198 # 1504
3198 - 710 1 406625461
3198 - 710 1 406625461
3198 + 1171 406625461
3198 + 1171 406625461
3198 + 1171 406625461
3198 + 1171 406625461
3198 + 1171 406625461
3198 + 1172 406625461
3199 # 1504
3199 - 1171 2 406625461
3199 # 1504
3199 - 1171 1 406625461
3199 + 1172 406625461
3199 + 1127 406625461
3199 + 1127 406625461
3200 # 1504
3200 - 1171 2 406625461
3200 - 1171 2 406625461
3200 # 1504
3200 - 1171 2 406625461
3200 + 1128 406625461
3200 + 1128 406625461
3201 # 1504
3201 - 1171 3 406625461
3201 # 1504
3201 - 1172 3 406625461
3201 + 1128 406625461
3202 # 1504
3202 - 1172 3 406625461
3202 - 1127 3 406625461
3202 # 1504
3202 - 1127 3 406625461
3203 # 1504
3203 - 1128 3 406625461
3203 # 1504
3203 - 1128 3 406625461
3203 - 1128 2 406625461
3204 # 1504
3204 # 1504
3205 # 1504
3205 # 1504
3206 # 1504
3206 # 1504
3206 + 102 2802403873
3207 # 1504
3207 - 102 1 2802403873
3207 # 1504
3208 # 1504
3208 # 1504
3209 # 1504
3209 # 1504
3210 # 1504
3210 # 1504
3210 # 1504
3211 # 1504
3211 # 1504
3212 # 1504
3212 # 1504
3213 # 1504
3213 # 1504
3213 + 1064 406627081
3214 # 1504
3214 - 1064 1 406627081
3214 # 1504
3214 + 1065 406627081
3214 + 775 406627081
3214 + 775 406627081
3215 # 1504
3215 - 1065 1 406627081
3215 # 1504
3215 - 775 1 406627081
3215 - 775 1 406627081
3215 + 926 406627081
3215 + 926 406627081
3215 + 793 406627081
3215 + 793 406627081
3216 # 1504
3216 - 926 1 406627081
3216 # 1504
3216 - 926 1 406627081
3216 - 793 1 406627081
3216 + 883 406627081
3216 + 884 406627081
3216 + 1155 406627081
3216 + 1156 406627081
3216 + 1225 406627081
3216 + 1225 406627081
3217 # 1504
3217 - 793 2 406627081
3217 - 883 1 406627081
3217 # 1504
3217 - 884 1 406627081
3217 + 1225 406627081
3217 + 1225 406627081
3217 + 1225 406627081
3217 + 1225 406627081
3217 + 1225 406627081
3217 + 1226 406627081
3218 # 1504
3218 - 1155 2 406627081
3218 - 1156 2 406627081
3218 # 1504
3218 - 1225 2 406627081
3218 + 102 2802403873
3218 + 1226 406627081
3218 + 1226 406627081
3219 # 1504
3219 - 1225 3 406627081
3219 # 1504
3219 - 1225 2 406627081
3219 + 1136 406627081
3219 + 1136 406627081
3219 + 1136 406627081
3220 # 1504
3220 - 1225 3 406627081
3220 # 1504
3220 - 1225 3 406627081
3220 - 1225 3 406627081
3220 + 1137 406627081
3220 + 1137 406627081
3220 + 1137 406627081
3221 # 1504
3221 - 1225 4 406627081
3221 # 1504
3221 - 1226 4 406627081
3221 - 102 3 2802403873
3222 # 1504
3222 - 1226 4 406627081
3222 # 1504
3222 - 1226 4 406627081
3222 - 1136 3 406627081
3223 # 1504
3223 - 1136 4 406627081
3223 # 1504
3223 - 1136 4 406627081
3223 # 1504
3223 - 1137 3 406627081
3223 - 1137 3 406627081
3224 # 1504
3224 - 1137 4 406627081
3224 # 1504
3224 + 102 2802403873
3225 # 1504
3225 - 102 1 2802403873
3225 # 1504
3226 # 1504
3226 # 1504
3227 # 1504
3227 # 1504
3228 # 1504
3228 # 1504
3229 # 1504
3229 # 1504
3230 # 1504
3230 # 1504
3231 # 1504
3231 # 1504
3231 + 828 406628701
3231 + 828 406628701
3232 # 1504
3232 - 828 1 406628701
3232 # 1504
3232 - 828 1 406628701
3232 + 102 2802403873
3232 + 895 406628701
3233 # 1504
3233 - 102 1 2802403873
3233 - 895 1 406628701
3233 # 1504
3233 + 896 406628701
3233 + 896 406628701
3233 + 742 406628701
3233 + 743 406628701
3233 + 751 406628701
3233 + 751 406628701
3234 # 1504
3234 - 896 1 406628701
3234 # 1504
3234 - 896 1 406628701
3234 - 742 1 406628701
3234 + 1087 406628701
3234 + 1087 406628701
3235 # 1504
3235 - 743 2 406628701
3235 - 751 2 406628701
3235 # 1504
3235 - 751 2 406628701
3235 - 1087 1 406628701
3235 # 1504
3235 - 1087 1 406628701
3235 + 1088 406628701
3235 + 1012 406628701
3235 + 1013 406628701
3235 + 1184 406628701
3235 + 1184 406628701
3235 + 1185 406628701
3235 + 1185 406628701
3235 + 1185 406628701
3235 + 1185 406628701
3236 # 1504
3236 - 1088 1 406628701
3236 # 1504
3236 - 1012 1 406628701
3236 + 1185 406628701
3236 + 1185 406628701
3236 + 1185 406628701
3236 + 1185 406628701
3237 # 1504
3237 - 1013 2 406628701
3237 - 1184 2 406628701
3237 # 1504
3237 - 1184 2 406628701
3237 + 1185 406628701
3237 + 1217 406628701
3237 + 1218 406628701
3237 + 1218 406628701
3237 + 1218 406628701
3237 + 102 2802403873
3237 + 1218 406628701
3238 # 1504
3238 - 1185 3 406628701
3238 # 1504
3238 - 1185 3 406628701
3239 # 1504
3239 - 1185 4 406628701
3239 - 1185 4 406628701
3239 # 1504
3239 - 1185 3 406628701
3240 # 1504
3240 - 1185 4 406628701
3240 # 1504
3240 - 1185 4 406628701
3240 - 1185 4 406628701
3241 # 1504
3241 - 1185 4 406628701
3241 # 1504
3241 - 1217 4 406628701
3242 # 1504
3242 - 1218 5 406628701
3242 # 1504
3242 - 1218 5 406628701
3242 - 1218 5 406628701
3243 # 1504
3243 - 102 6 2802403873
3243 - 1218 6 406628701
3243 # 1504
3244 # 1504
3244 # 1504
3245 # 1504
3245 # 1504
3246 # 1504
3246 # 1504
3246 + 102 2802403873
3247 # 1504
3247 - 102 1 2802403873
3247 # 1504
3247 # 1504
3248 # 1504
3248 # 1504
3248 + 857 406630231
3249 # 1504
3249 - 857 1 406630231
3249 # 1504
3249 + 721 406630231
3250 # 1504
3250 - 721 1 406630231
3250 # 1504
3250 + 721 406630231
3250 + 1151 406630231
3250 + 1152 406630231
3250 + 1206 406630231
3250 + 1206 406630231
3250 + 1207 406630231
3251 # 1504
3251 - 721 1 406630231
3251 # 1504
3251 - 1151 1 406630231
3251 + 102 2802403873
3251 + 1023 406630231
3251 + 1023 406630231
3251 + 1024 406630231
3251 + 1024 406630231
3251 + 1131 406630231
3251 + 1132 406630231
3252 # 1504
3252 - 1152 2 406630231
3252 - 1206 2 406630231
3252 # 1504
3252 - 1206 2 406630231
3252 + 1101 406630231
3252 + 1101 406630231
3252 + 1101 406630231
3252 + 1101 406630231
3253 # 1504
3253 - 1207 3 406630231
3253 - 102 2 2802403873
3253 # 1504
3253 - 1023 2 406630231
3253 - 1023 2 406630231
3253 + 1101 406630231
3253 + 1101 406630231
3254 # 1504
3254 - 1024 3 406630231
3254 # 1504
3254 - 1024 3 406630231
3254 - 1131 3 406630231
3254 + 1102 406630231
3254 + 1102 406630231
3254 + 1018 406630231
3254 + 1018 406630231
3254 + 1019 406630231
3254 + 1019 406630231
3255 # 1504
3255 - 1132 4 406630231
3255 # 1504
3255 - 1101 3 406630231
3255 + 1019 406630231
3256 # 1504
3256 - 1101 4 406630231
3256 - 1101 4 406630231
3256 # 1504
3256 - 1101 4 406630231
3256 + 102 2802403873
3257 # 1504
3257 - 1101 4 406630231
3257 # 1504
3257 - 1101 4 406630231
3257 - 1102 3 406630231
3258 # 1504
3258 - 1102 4 406630231
3258 # 1504
3258 - 1018 4 406630231
3258 - 1018 4 406630231
3259 # 1504
3259 - 1019 5 406630231
3259 # 1504
3259 - 1019 5 406630231
3259 - 1019 4 406630231
3259 # 1504
3259 - 102 3 2802403873
3260 # 1504
3260 # 1504
3261 # 1504
3261 # 1504
3262 # 1504
3262 # 1504
3263 # 1504
3263 # 1504
3264 # 1504
3264 # 1504
3265 # 1504
3265 # 1504
3266 # 1504
3266 # 1504
3267 # 1504
3267 # 1504
3267 + 1146 406631851
3267 + 1136 406631851
3268 # 1504
3268 - 1146 1 406631851
3268 # 1504
3268 - 1136 1 406631851
3268 + 1136 406631851
3268 + 1136 406631851
3268 + 1136 406631851
3268 + 1146 406631851
3268 + 1146 406631851
3269 # 1504
3269 - 1136 1 406631851
3269 # 1504
3269 - 1136 1 406631851
3269 + 1147 406631851
3269 + 1147 406631851
3269 + 1147 406631851
3269 + 1074 406631851
3269 + 1074 406631851
3270 # 1504
3270 - 1136 2 406631851
3270 # 1504
3270 - 1146 2 406631851
3270 - 1146 2 406631851
3271 # 1504
3271 - 1147 2 406631851
3271 # 1504
3271 - 1147 2 406631851
3271 + 102 2802403873
3271 + 1075 406631851
3271 + 1075 406631851
3271 + 1075 406631851
3271 + 1082 406631851
3271 + 1083 406631851
3271 + 1083 406631851
3272 # 1504
3272 - 1147 3 406631851
3272 - 1074 3 406631851
3272 # 1504
3272 - 1074 3 406631851
3272 - 102 1 2802403873
3272 # 1504
3272 - 1075 1 406631851
3272 + 1083 406631851
3272 + 1083 406631851
3272 + 1083 406631851
3272 + 1027 406631851
3272 + 1028 406631851
3272 + 1028 406631851
3273 # 1504
3273 - 1075 2 406631851
3273 - 1075 2 406631851
3273 # 1504
3273 - 1082 2 406631851
3274 # 1504
3274 - 1083 3 406631851
3274 - 1083 3 406631851
3274 # 1504
3274 - 1083 2 406631851
3274 + 1028 406631851
3274 + 1137 406631851
3274 + 1137 406631851
3274 + 1137 406631851
3274 + 1137 406631851
3274 + 1137 406631851
3274 + 1138 406631851
3274 + 1138 406631851
3274 + 1138 406631851
3274 + 1138 406631851
3275 # 1504
3275 - 1083 3 406631851
3275 # 1504
3275 - 1083 3 406631851
3275 - 1027 3 406631851
3276 # 1504
3276 - 1028 4 406631851
3276 # 1504
3276 - 1028 4 406631851
3276 - 1028 2 406631851
3276 + 1039 406631851
3276 + 1040 406631851
3276 + 1040 406631851
3276 + 1040 406631851
3276 + 1040 406631851
3277 # 1504
3277 - 1137 3 406631851
3277 # 1504
3277 - 1137 3 406631851
3278 # 1504
3278 - 1137 4 406631851
3278 - 1137 4 406631851
3278 # 1504
3278 - 1137 4 406631851
3279 # 1504
3279 - 1138 5 406631851
3279 # 1504
3279 - 1138 5 406631851
3279 - 1138 5 406631851
3280 # 1504
3280 - 1138 6 406631851
3280 # 1504
3280 - 1039 4 406631851
3280 - 1040 4 406631851
3281 # 1504
3281 - 1040 5 406631851
3281 # 1504
3281 - 1040 5 406631851
3282 # 1504
3282 - 1040 6 406631851
3282 # 1504
3283 # 1504
3283 # 1504
3283 + 102 2802403873
3284 # 1504
3284 - 102 1 2802403873
3284 # 1504
3284 # 1504
3284 + 668 406633471
3284 + 668 406633471
3285 # 1504
3285 - 668 1 406633471
3285 - 668 1 406633471
3285 # 1504
3285 + 1103 406633471
3286 # 1504
3286 - 1103 1 406633471
3286 # 1504
3286 + 1103 406633471
3286 + 1103 406633471
3286 + 1103 406633471
3286 + 1190 406633471
3286 + 1190 406633471
3286 + 1190 406633471
3287 # 1504
3287 - 1103 1 406633471
3287 # 1504
3287 - 1103 1 406633471
3287 + 1190 406633471
3287 + 1191 406633471
3287 + 1004 406633471
3287 + 1004 406633471
3287 + 1004 406633471
3288 # 1504
3288 - 1103 2 406633471
3288 - 1190 2 406633471
3288 # 1504
3288 - 1190 2 406633471
3288 + 1005 406633471
3288 + 1164 406633471
3288 + 1164 406633471
3288 + 1164 406633471
3288 + 1164 406633471
3288 + 1165 406633471
3289 # 1504
3289 - 1190 3 406633471
3289 # 1504
3289 - 1190 2 406633471
3290 # 1504
3290 - 1191 3 406633471
3290 - 1004 3 406633471
3290 # 1504
3290 - 1004 3 406633471
3290 + 1017 406633471
3290 + 1017 406633471
3290 + 1018 406633471
3290 + 1018 406633471
3290 + 1077 406633471
3290 + 1077 406633471
3291 # 1504
3291 - 1004 4 406633471
3291 - 1005 3 406633471
3291 # 1504
3291 - 1164 3 406633471
3291 + 1077 406633471
3291 + 1077 406633471
3291 + 1077 406633471
3291 + 1077 406633471
3291 + 1078 406633471
3291 + 1034 406633471
3292 # 1504
3292 - 1164 4 406633471
3292 # 1504
3292 - 1164 4 406633471
3292 - 1164 4 406633471
3292 + 1035 406633471
3292 + 1035 406633471
3292 + 1035 406633471
3293 # 1504
3293 - 1165 5 406633471
3293 # 1504
3293 - 1017 3 406633471
3293 + 102 2802403873
3294 # 1504
3294 - 1017 4 406633471
3294 - 1018 4 406633471
3294 # 1504
3294 - 1018 4 406633471
3295 # 1504
3295 - 1077 5 406633471
3295 - 1077 5 406633471
3295 # 1504
3295 - 1077 4 406633471
3296 # 1504
3296 - 1077 5 406633471
3296 - 1077 5 406633471
3296 # 1504
3296 - 1077 5 406633471
3296 # 1504
3296 - 1078 5 406633471
3297 # 1504
3297 - 1034 6 406633471
3297 - 1035 5 406633471
3297 # 1504
3297 - 1035 5 406633471
3298 # 1504
3298 - 1035 6 406633471
3298 - 102 5 2802403873
3298 # 1504
3299 # 1504
3299 # 1504
3300 # 1504
3300 # 1504
3301 # 1504
3301 # 1504
3302 # 1504
3302 # 1504
3302 + 820 406635091
3303 # 1504
3303 - 820 1 406635091
3303 # 1504
3303 + 821 406635091
3303 + 1028 406635091
3303 + 1028 406635091
3303 + 1028 406635091
3303 + 1029 406635091
3303 + 1029 406635091
3304 # 1504
3304 - 821 1 406635091
3304 # 1504
3304 - 1028 1 406635091
3304 - 1028 1 406635091
3304 + 1098 406635091
3304 + 1099 406635091
3304 + 1099 406635091
3304 + 1099 406635091
3304 + 1099 406635091
3304 + 1099 406635091
3305 # 1504
3305 - 1028 2 406635091
3305 # 1504
3305 - 1029 2 406635091
3305 - 1029 2 406635091
3306 # 1504
3306 - 1098 2 406635091
3306 # 1504
3306 - 1099 2 406635091
3306 + 1225 406635091
3306 + 1225 406635091
3306 + 1226 406635091
3306 + 1045 406635091
3306 + 1046 406635091
3307 # 1504
3307 - 1099 3 406635091
3307 - 1099 3 406635091
3307 # 1504
3307 - 1099 3 406635091
3307 + 1046 406635091
3307 + 1046 406635091
3307 + 1046 406635091
3307 + 1046 406635091
3307 + 1056 406635091
3307 + 1056 406635091
3308 # 1504
3308 - 1099 4 406635091
3308 # 1504
3308 - 1225 2 406635091
3308 - 1225 2 406635091
3308 # 1504
3308 - 1226 2 406635091
3309 # 1504
3309 - 1045 3 406635091
3309 # 1504
3309 - 1046 3 406635091
3309 - 1046 2 406635091
3309 + 1057 406635091
3309 + 1057 406635091
3309 + 1073 406635091
3309 + 1074 406635091
3309 + 1074 406635091
3309 + 1074 406635091
3309 + 1074 406635091
3309 + 1074 406635091
3309 + 102 2802403873
3309 + 1074 406635091
3309 + 1074 406635091
3310 # 1504
3310 - 1046 3 406635091
3310 # 1504
3310 - 1046 3 406635091
3310 - 1046 3 406635091
3310 + 1074 406635091
3310 + 1075 406635091
3310 + 1075 406635091
3311 # 1504
3311 - 1056 4 406635091
3311 # 1504
3311 - 1056 4 406635091
3312 # 1504
3312 - 1057 3 406635091
3312 - 1057 3 406635091
3312 # 1504
3312 - 1073 3 406635091
3313 # 1504
3313 - 1074 4 406635091
3313 - 1074 4 406635091
3313 # 1504
3313 - 1074 4 406635091
3314 # 1504
3314 - 1074 5 406635091
3314 # 1504
3314 - 1074 5 406635091
3314 - 102 5 2802403873
3314 - 1074 5 406635091
3315 # 1504
3315 - 1074 6 406635091
3315 # 1504
3315 - 1074 5 406635091
3315 - 1075 5 406635091
3316 # 1504
3316 - 1075 6 406635091
3316 # 1504
3317 # 1504
3317 # 1504
3318 # 1504
3318 # 1504
3318 + 102 2802403873
3319 # 1504
3319 - 102 1 2802403873
3319 # 1504
3319 + 837 406636711
3319 + 838 406636711
3320 # 1504
3320 - 837 1 406636711
3320 # 1504
3320 - 838 1 406636711
3320 # 1504
3321 # 1504
3321 # 1504
3321 + 1071 406636711
3321 + 1071 406636711
3321 + 1072 406636711
3321 + 1072 406636711
3321 + 1072 406636711
3321 + 1203 406636711
3322 # 1504
3322 - 1071 1 406636711
3322 # 1504
3322 - 1071 1 406636711
3322 # 1504
3322 - 1072 1 406636711
3322 - 1072 1 406636711
3322 + 1203 406636711
3322 + 1203 406636711
3322 + 1204 406636711
3322 + 1204 406636711
3322 + 1156 406636711
3323 # 1504
3323 - 1072 2 406636711
3323 # 1504
3323 - 1203 2 406636711
3323 + 1156 406636711
3323 + 1156 406636711
3323 + 1156 406636711
3323 + 1055 406636711
3323 + 1055 406636711
3323 + 1056 406636711
3323 + 1056 406636711
3324 # 1504
3324 - 1203 2 406636711
3324 - 1203 2 406636711
3325 # 1504
3325 - 1204 3 406636711
3325 # 1504
3325 - 1204 3 406636711
3325 + 118 2802403873
3325 + 1056 406636711
3325 + 1089 406636711
3325 + 1089 406636711
3325 + 1089 406636711
3325 + 1152 406636711
3326 # 1504
3326 - 1156 4 406636711
3326 + 1152 406636711
3326 + 1152 406636711
3326 + 1152 406636711
3326 + 1152 406636711
3326 + 1203 406636711
3326 + 1203 406636711
3327 # 1504
3327 - 1156 4 406636711
3327 - 1156 4 406636711
3328 # 1504
3328 - 1156 5 406636711
3328 # 1504
3328 - 1055 5 406636711
3328 + 1203 406636711
3329 # 1504
3329 - 1055 6 406636711
3329 - 1056 6 406636711
3330 # 1504
3330 - 1056 7 406636711
3330 - 118 5 2802403873
3330 # 1504
3330 - 1056 5 406636711
3330 - 1089 5 406636711
3331 # 1504
3331 - 1089 6 406636711
3332 # 1504
3332 - 1089 7 406636711
3332 # 1504
3332 - 1152 7 406636711
3332 - 1152 6 406636711
3333 # 1504
3333 - 1152 7 406636711
3333 + 102 2802403873
3334 # 1504
3334 - 1152 8 406636711
3334 # 1504
3334 - 1152 8 406636711
3335 # 1504
3335 - 1203 9 406636711
3335 - 1203 9 406636711
3336 # 1504
3336 - 1203 8 406636711
3336 - 102 3 2802403873
3336 # 1504
3337 # 1504
3337 + 793 406638331
3337 + 793 406638331
3338 # 1504
3338 - 793 1 406638331
3338 # 1504
3338 - 793 1 406638331
3338 + 1012 406638331
3338 + 1012 406638331
3338 + 1012 406638331
3339 # 1504
3339 - 1012 1 406638331
3339 + 1012 406638331
3339 + 1012 406638331
3339 + 1108 406638331
3340 # 1504
3340 - 1012 2 406638331
3340 # 1504
3340 - 1012 2 406638331
3340 - 1012 1 406638331
3340 + 1108 406638331
3340 + 1108 406638331
3340 + 1109 406638331
3340 + 1109 406638331
3340 + 1109 406638331
3340 + 1166 406638331
3341 # 1504
3341 - 1012 2 406638331
3341 + 1166 406638331
3341 + 1164 406638331
3341 + 1165 406638331
3341 + 1103 406638331
3341 + 1104 406638331
3342 # 1504
3342 - 1108 3 406638331
3342 - 1108 2 406638331
3342 # 1504
3342 - 1108 2 406638331
3342 + 102 2802403873
3342 + 1204 406638331
3342 + 1205 406638331
3342 + 1205 406638331
3342 + 1205 406638331
3343 # 1504
3343 - 1109 3 406638331
3343 + 1205 406638331
3343 + 1114 406638331
3343 + 1114 406638331
3343 + 1115 406638331
3343 + 1115 406638331
3344 # 1504
3344 - 1109 4 406638331
3344 - 1109 4 406638331
3345 # 1504
3345 - 1166 5 406638331
3345 # 1504
3345 - 1166 4 406638331
3346 # 1504
3346 - 1164 5 406638331
3346 - 1165 5 406638331
3347 # 1504
3347 - 1103 6 406638331
3347 # 1504
3347 - 1104 6 406638331
3347 - 102 5 2802403873
3348 # 1504
3348 - 1204 6 406638331
3349 # 1504
3349 - 1205 7 406638331
3349 - 1205 7 406638331
3349 # 1504
3349 - 1205 7 406638331
3350 # 1504
3350 - 1205 7 406638331
3351 # 1504
3351 - 1114 8 406638331
3351 - 1114 8 406638331
3351 # 1504
3351 - 1115 8 406638331
3351 + 102 2802403873
3352 # 1504
3352 - 1115 9 406638331
3352 - 102 1 2802403873
3353 # 1504
3353 # 1504
3354 # 1504
3355 # 1504
3355 # 1504
3355 + 1062 406639951
3356 # 1504
3356 - 1062 1 406639951
3356 + 1063 406639951
3356 + 1035 406639951
3356 + 1035 406639951
3356 + 1217 406639951
3356 + 1217 406639951
3356 + 1218 406639951
3357 # 1504
3357 - 1063 1 406639951
3357 # 1504
3357 - 1035 1 406639951
3357 + 1072 406639951
3357 + 1073 406639951
3357 + 1073 406639951
3358 # 1504
3358 - 1035 2 406639951
3358 - 1217 2 406639951
3358 + 1027 406639951
3358 + 1027 406639951
3358 + 1027 406639951
3359 # 1504
3359 - 1217 3 406639951
3359 # 1504
3359 - 1218 3 406639951
3359 + 102 2802403873
3359 + 1027 406639951
3359 + 1028 406639951
3359 + 939 406639951
3359 + 940 406639951
3359 + 940 406639951
3359 + 1105 406639951
3360 # 1504
3360 - 1072 3 406639951
3360 - 1073 3 406639951
3360 + 1105 406639951
3360 + 1105 406639951
3360 + 1105 406639951
3360 + 1105 406639951
3360 + 1021 406639951
3360 + 1021 406639951
3361 # 1504
3361 - 1073 4 406639951
3361 + 1021 406639951
3361 + 1022 406639951
3362 # 1504
3362 - 1027 4 406639951
3362 # 1504
3362 - 1027 4 406639951
3362 - 1027 4 406639951
3362 - 102 3 2802403873
3363 # 1504
3363 - 1027 4 406639951
3364 # 1504
3364 - 1028 5 406639951
3364 - 939 5 406639951
3364 # 1504
3364 - 940 5 406639951
3365 # 1504
3365 - 940 6 406639951
3365 - 1105 6 406639951
3366 # 1504
3366 - 1105 6 406639951
3366 # 1504
3366 - 1105 6 406639951
3366 - 1105 6 406639951
3367 # 1504
3367 - 1105 7 406639951
3368 # 1504
3368 - 1021 8 406639951
3368 # 1504
3368 - 1021 8 406639951
3368 - 1021 7 406639951
3369 # 1504
3369 - 1022 8 406639951
3370 # 1504
3370 # 1504
3370 + 102 2802403873
3371 # 1504
3371 - 102 1 2802403873
3372 # 1504
3372 # 1504
3373 # 1504
3373 + 940 406641481
3373 + 940 406641481
3374 # 1504
3374 - 940 1 406641481
3374 # 1504
3374 - 940 1 406641481
3374 + 952 406641481
3374 + 953 406641481
3374 + 953 406641481
3374 + 1076 406641481
3374 + 1077 406641481
3375 # 1504
3375 - 952 1 406641481
3375 + 1077 406641481
3375 + 934 406641481
3375 + 934 406641481
3375 + 935 406641481
3375 + 1026 406641481
3375 + 1026 406641481
3375 + 1026 406641481
3376 # 1504
3376 - 953 2 406641481
3376 - 953 2 406641481
3377 # 1504
3377 - 1076 3 406641481
3377 # 1504
3377 - 1077 3 406641481
3377 + 102 2802403873
3377 + 1026 406641481
3377 + 1159 406641481
3377 + 1159 406641481
3377 + 1159 406641481
3377 + 1127 406641481
3377 + 1127 406641481
3378 # 1504
3378 - 1077 3 406641481
3378 - 934 3 406641481
3379 # 1504
3379 - 934 4 406641481
3379 - 935 4 406641481
3379 # 1504
3379 - 1026 4 406641481
3379 + 1127 406641481
3379 + 1127 406641481
3379 + 1178 406641481
3379 + 1178 406641481
3379 + 1178 406641481
3380 # 1504
3380 - 1026 5 406641481
3380 - 1026 5 406641481
3381 # 1504
3381 - 102 4 2802403873
3381 - 1026 4 406641481
3381 # 1504
3381 - 1159 4 406641481
3382 # 1504
3382 - 1159 5 406641481
3382 + 102 2802403873
3383 # 1504
3383 - 1159 6 406641481
3383 - 1127 6 406641481
3383 # 1504
3383 - 1127 6 406641481
3384 # 1504
3384 - 1127 5 406641481
3385 # 1504
3385 - 1127 6 406641481
3385 - 1178 6 406641481
3385 # 1504
3385 - 1178 6 406641481
3386 # 1504
3386 - 1178 7 406641481
3386 - 102 4 2802403873
3387 # 1504
3387 # 1504
3388 # 1504
3389 # 1504
3389 # 1504
3390 # 1504
3390 + 102 2802403873
3391 # 1504
3391 - 102 1 2802403873
3391 # 1504
3391 + 952 406643101
3391 + 953 406643101
3392 # 1504
3392 - 952 1 406643101
3392 + 742 406643101
3392 + 742 406643101
3392 + 1091 406643101
3392 + 1091 406643101
3392 + 953 406643101
3392 + 953 406643101
3393 # 1504
3393 - 953 2 406643101
3393 - 742 1 406643101
3394 # 1504
3394 - 742 2 406643101
3394 - 1091 2 406643101
3394 # 1504
3394 - 1091 2 406643101
3394 + 905 406643101
3394 + 906 406643101
3394 + 906 406643101
3394 + 1118 406643101
3394 + 1119 406643101
3394 + 1223 406643101
3394 + 1223 406643101
3395 # 1504
3395 - 953 3 406643101
3395 - 953 3 406643101
3395 + 1224 406643101
3395 + 1224 406643101
3395 + 1224 406643101
3395 + 1224 406643101
3395 + 1224 406643101
3396 # 1504
3396 - 905 2 406643101
3396 # 1504
3396 - 906 2 406643101
3396 - 906 2 406643101
3396 + 1124 406643101
3396 + 1124 406643101
3396 + 1124 406643101
3396 + 1125 406643101
3397 # 1504
3397 - 1118 3 406643101
3397 + 102 2802403873
3398 # 1504
3398 - 1119 4 406643101
3398 # 1504
3398 - 1223 4 406643101
3398 - 1223 4 406643101
3399 # 1504
3399 - 1224 4 406643101
3400 # 1504
3400 - 1224 5 406643101
3400 # 1504
3400 - 1224 5 406643101
3401 # 1504
3401 - 1224 6 406643101
3401 - 1224 6 406643101
3402 # 1504
3402 - 1124 6 406643101
3402 # 1504
3402 - 1124 6 406643101
3403 # 1504
3403 - 1124 7 406643101
3403 - 1125 7 406643101
3404 # 1504
3404 - 102 7 2802403873
3404 # 1504
3405 # 1504
3406 # 1504
3406 # 1504
3407 # 1504
3407 + 102 2802403873
3408 # 1504
3408 - 102 1 2802403873
3408 # 1504
3408 + 1123 406644721
3409 # 1504
3409 - 1123 1 406644721
3409 + 1123 406644721
3409 + 902 406644721
3410 # 1504
3410 - 1123 1 406644721
3410 + 902 406644721
3410 + 902 406644721
3410 + 1151 406644721
3410 + 1151 406644721
3410 + 1099 406644721
3411 # 1504
3411 - 902 2 406644721
3411 - 902 1 406644721
3411 # 1504
3411 - 902 1 406644721
3411 + 969 406644721
3411 + 969 406644721
3411 + 970 406644721
3411 + 970 406644721
3411 + 1117 406644721
3412 # 1504
3412 - 1151 2 406644721
3412 + 1117 406644721
3412 + 1117 406644721
3412 + 1118 406644721
3412 + 1206 406644721
3412 + 1206 406644721
3412 + 1206 406644721
3413 # 1504
3413 - 1151 3 406644721
3413 - 1099 3 406644721
3413 # 1504
3413 - 969 2 406644721
3413 + 1206 406644721
3414 # 1504
3414 - 969 3 406644721
3414 - 970 3 406644721
3414 + 1206 406644721
3414 + 1206 406644721
3414 + 1124 406644721
3414 + 1124 406644721
3415 # 1504
3415 - 970 4 406644721
3415 # 1504
3415 - 1117 4 406644721
3415 - 1117 3 406644721
3415 + 1124 406644721
3415 + 1124 406644721
3415 + 1125 406644721
3415 + 1125 406644721
3416 # 1504
3416 - 1117 4 406644721
3417 # 1504
3417 - 1118 5 406644721
3417 # 1504
3417 - 1206 5 406644721
3417 - 1206 5 406644721
3418 # 1504
3418 - 1206 6 406644721
3418 + 102 2802403873
3419 # 1504
3419 - 1206 6 406644721
3419 # 1504
3419 - 1206 5 406644721
3420 # 1504
3420 - 1206 6 406644721
3420 - 1124 6 406644721
3421 # 1504
3421 - 1124 7 406644721
3421 # 1504
3421 - 1124 6 406644721
3422 # 1504
3422 - 1124 7 406644721
3422 - 1125 7 406644721
3423 # 1504
3423 - 1125 8 406644721
3423 - 102 5 2802403873
3423 # 1504
3424 # 1504
3424 + 102 2802403873
3425 # 1504
3425 - 102 1 2802403873
3426 # 1504
3426 # 1504
3426 + 1158 406646341
3427 # 1504
3427 - 1158 1 406646341
3428 # 1504
3428 # 1504
3428 + 1158 406646341
3428 + 1105 406646341
3428 + 1105 406646341
3428 + 1105 406646341
3428 + 869 406646341
3428 + 869 406646341
3428 + 870 406646341
3428 + 954 406646341
3428 + 954 406646341
3428 + 1230 406646341
3428 + 1231 406646341
3428 + 926 406646341
3429 # 1504
3429 - 1158 1 406646341
3429 + 926 406646341
3429 + 1131 406646341
3429 + 1132 406646341
3429 + 1132 406646341
3430 # 1504
3430 - 1105 2 406646341
3430 # 1504
3430 - 1105 2 406646341
3430 - 1105 2 406646341
3430 + 1125 406646341
3431 # 1504
3431 - 869 3 406646341
3431 + 1125 406646341
3431 + 1125 406646341
3431 + 1125 406646341
3432 # 1504
3432 - 869 4 406646341
3432 - 870 4 406646341
3432 # 1504
3432 - 954 4 406646341
3432 - 954 4 406646341
3433 # 1504
3433 - 1230 5 406646341
3434 # 1504
3434 - 1231 6 406646341
3434 # 1504
3434 - 926 6 406646341
3434 - 926 5 406646341
3435 # 1504
3435 - 1131 6 406646341
3436 # 1504
3436 - 1132 7 406646341
3436 # 1504
3436 - 1132 7 406646341
3436 - 1125 6 406646341
3437 # 1504
3437 - 1125 6 406646341
3437 + 102 2802403873
3438 # 1504
3438 - 1125 7 406646341
3438 # 1504
3438 - 1125 7 406646341
3438 - 102 1 2802403873
3439 # 1504
3440 # 1504
3440 # 1504
3441 # 1504
3442 # 1504
3443 # 1504
3443 # 1504
3444 # 1504
3444 + 1226 406647961
3444 + 1226 406647961
3445 # 1504
3445 - 1226 1 406647961
3445 # 1504
3445 - 1226 1 406647961
3445 + 989 406647961
3445 + 990 406647961
3445 + 990 406647961
3445 + 922 406647961
3445 + 922 406647961
3446 # 1504
3446 - 989 1 406647961
3446 + 922 406647961
3446 + 959 406647961
3446 + 959 406647961
3446 + 1202 406647961
3446 + 1202 406647961
3446 + 1141 406647961
3447 # 1504
3447 - 990 2 406647961
3447 - 990 2 406647961
3447 # 1504
3447 - 922 2 406647961
3448 # 1504
3448 - 922 3 406647961
3448 - 922 2 406647961
3448 + 1018 406647961
3448 + 1018 406647961
3448 + 1018 406647961
3448 + 1018 406647961
3448 + 1018 406647961
3448 + 987 406647961
3448 + 987 406647961
3448 + 987 406647961
3449 # 1504
3449 - 959 3 406647961
3449 # 1504
3449 - 959 3 406647961
3449 - 1202 3 406647961
3450 # 1504
3450 - 1202 4 406647961
3451 # 1504
3451 - 1141 5 406647961
3451 # 1504
3451 - 1018 3 406647961
3451 - 1018 3 406647961
3451 + 102 2802403873
3452 # 1504
3452 - 1018 4 406647961
3453 # 1504
3453 - 1018 5 406647961
3453 - 1018 5 406647961
3453 # 1504
3453 - 987 5 406647961
3454 # 1504
3454 - 987 6 406647961
3454 - 987 6 406647961
3454 - 102 3 2802403873
3455 # 1504
3455 # 1504
3456 # 1504
3457 # 1504
3458 # 1504
3458 # 1504
3459 # 1504
3460 # 1504
3460 # 1504
3461 # 1504
3462 # 1504
3462 # 1504
3462 + 1200 406649581
3463 # 1504
3463 - 1200 1 406649581
3463 + 1201 406649581
3463 + 1073 406649581
3463 + 1073 406649581
3463 + 1073 406649581
3463 + 1039 406649581
3463 + 1039 406649581
3464 # 1504
3464 - 1201 1 406649581
3464 # 1504
3464 - 1073 1 406649581
3465 # 1504
3465 - 1073 2 406649581
3465 - 1073 2 406649581
3465 + 1175 406649581
3465 + 1176 406649581
3465 + 1176 406649581
3465 + 1031 406649581
3465 + 1031 406649581
3465 + 1031 406649581
3466 # 1504
3466 - 1039 3 406649581
3466 # 1504
3466 - 1039 3 406649581
3466 + 1006 406649581
3466 + 1007 406649581
3466 + 874 406649581
3466 + 874 406649581
3466 + 875 406649581
3466 + 960 406649581
3466 + 960 406649581
3466 + 102 2802403873
3467 # 1504
3467 - 1175 2 406649581
3467 - 1176 2 406649581
3467 + 960 406649581
3467 + 961 406649581
3468 # 1504
3468 - 1176 3 406649581
3468 # 1504
3468 - 1031 3 406649581
3469 # 1504
3469 - 1031 4 406649581
3469 - 1031 4 406649581
3470 # 1504
3470 - 1006 4 406649581
3470 # 1504
3470 - 1007 4 406649581
3470 - 874 4 406649581
3471 # 1504
3471 - 874 5 406649581
3471 - 875 5 406649581
3472 # 1504
3472 - 960 6 406649581
3472 # 1504
3472 - 960 6 406649581
3472 - 102 6 2802403873
3472 - 960 5 406649581
3473 # 1504
3473 - 961 6 406649581
3474 # 1504
3475 # 1504
3475 # 1504
3476 # 1504
3477 # 1504
3477 # 1504
3478 # 1504
3479 # 1504
3479 # 1504
3479 + 102 2802403873
3480 # 1504
3480 - 102 1 2802403873
3480 + 1111 406651111
3481 # 1504
3481 - 1111 1 406651111
3481 # 1504
3482 # 1504
3482 + 1111 406651111
3482 + 1112 406651111
3482 + 1113 406651111
3482 + 863 406651111
3482 + 1020 406651111
3483 # 1504
3483 - 1111 1 406651111
3483 # 1504
3483 - 1112 1 406651111
3483 + 1020 406651111
3483 + 1233 406651111
3483 + 1233 406651111
3483 + 1097 406651111
3483 + 1098 406651111
3483 + 1098 406651111
3484 # 1504
3484 - 1113 2 406651111
3484 - 863 2 406651111
3485 # 1504
3485 - 1020 3 406651111
3485 # 1504
3485 - 1020 2 406651111
3485 - 1233 2 406651111
3485 + 1027 406651111
3485 + 1027 406651111
3485 + 1027 406651111
3485 + 1028 406651111
3485 + 1132 406651111
3485 + 1132 406651111
3485 + 1132 406651111
3485 + 1133 406651111
3486 # 1504
3486 - 1233 3 406651111
3487 # 1504
3487 - 1097 4 406651111
3487 # 1504
3487 - 1098 4 406651111
3487 - 1098 4 406651111
3488 # 1504
3488 - 1027 3 406651111
3489 # 1504
3489 - 1027 4 406651111
3489 # 1504
3489 - 1027 4 406651111
3489 - 1028 4 406651111
3489 + 102 2802403873
3490 # 1504
3490 - 1132 5 406651111
3491 # 1504
3491 - 1132 6 406651111
3491 - 1132 6 406651111
3492 # 1504
3492 - 1133 7 406651111
3492 - 102 3 2802403873
3492 # 1504
3493 # 1504
3494 # 1504
3494 # 1504
3494 + 102 2802403873
3495 # 1504
3495 - 102 1 2802403873
3496 # 1504
3496 # 1504
3497 # 1504
3498 # 1504
3498 # 1504
3498 + 880 406652731
3499 # 1504
3499 - 880 1 406652731
3499 + 881 406652731
3499 + 918 406652731
3499 + 918 406652731
3499 + 1198 406652731
3499 + 1198 406652731
3500 # 1504
3500 - 881 1 406652731
3500 # 1504
3500 - 918 1 406652731
3500 - 918 1 406652731
3501 # 1504
3501 - 1198 2 406652731
3501 + 1198 406652731
3501 + 965 406652731
3501 + 965 406652731
3501 + 966 406652731
3501 + 966 406652731
3501 + 1201 406652731
3501 + 1201 406652731
3502 # 1504
3502 - 1198 3 406652731
3502 # 1504
3502 - 1198 1 406652731
3502 - 965 1 406652731
3502 + 1202 406652731
3502 + 1202 406652731
3502 + 1202 406652731
3502 + 1202 406652731
3502 + 1028 406652731
3502 + 1028 406652731
3503 # 1504
3503 - 965 2 406652731
3503 + 1028 406652731
3503 + 1028 406652731
3503 + 1017 406652731
3504 # 1504
3504 - 966 3 406652731
3504 - 966 3 406652731
3504 # 1504
3504 - 1201 3 406652731
3504 + 1017 406652731
3504 + 1018 406652731
3504 + 1018 406652731
3505 # 1504
3505 - 1201 4 406652731
3505 + 102 2802403873
3505 + 1018 406652731
3505 + 1034 406652731
3505 + 1035 406652731
3505 + 1035 406652731
3506 # 1504
3506 - 1202 4 406652731
3506 - 1202 4 406652731
3507 # 1504
3507 - 1202 5 406652731
3507 # 1504
3507 - 1202 5 406652731
3508 # 1504
3508 - 1028 6 406652731
3508 - 1028 6 406652731
3509 # 1504
3509 - 1028 6 406652731
3509 # 1504
3509 - 1028 6 406652731
3509 - 1017 6 406652731
3510 # 1504
3510 - 1017 6 406652731
3511 # 1504
3511 - 1018 7 406652731
3511 - 1018 7 406652731
3511 # 1504
3511 - 102 6 2802403873
3511 - 1018 6 406652731
3512 # 1504
3512 - 1034 7 406652731
3513 # 1504
3513 - 1035 8 406652731
3513 - 1035 8 406652731
3513 # 1504
3514 # 1504
3515 # 1504
3515 # 1504
3516 # 1504
3516 + 940 406654351
3516 + 961 406654351
3517 # 1504
3517 - 940 1 406654351
3517 # 1504
3517 - 961 1 406654351
3517 + 961 406654351
3517 + 1077 406654351
3517 + 1077 406654351
3517 + 1077 406654351
3517 + 1077 406654351
3517 + 1077 406654351
3518 # 1504
3518 - 961 1 406654351
3519 # 1504
3519 - 1077 2 406654351
3519 # 1504
3519 - 1077 2 406654351
3519 - 1077 2 406654351
3519 + 1098 406654351
3519 + 1098 406654351
3519 + 1099 406654351
3519 + 1099 406654351
3519 + 1149 406654351
3519 + 1150 406654351
3519 + 102 2802403873
3520 # 1504
3520 - 1077 3 406654351
3520 + 1150 406654351
3520 + 1150 406654351
3520 + 1150 406654351
3520 + 1150 406654351
3520 + 1150 406654351
3521 # 1504
3521 - 1077 4 406654351
3521 - 1098 2 406654351
3521 # 1504
3521 - 1098 2 406654351
3521 + 1035 406654351
3521 + 1035 406654351
3521 + 1036 406654351
3521 + 1036 406654351
3521 + 1036 406654351
3521 + 1111 406654351
3521 + 1111 406654351
3522 # 1504
3522 - 1099 3 406654351
3523 # 1504
3523 - 1099 4 406654351
3523 - 1149 4 406654351
3523 # 1504
3523 - 1150 4 406654351
3523 - 102 4 2802403873
3523 # 1504
3523 - 1150 3 406654351
3523 # 1504
3523 - 1150 3 406654351
3523 + 1112 406654351
3523 + 1112 406654351
3523 + 1112 406654351
3523 + 984 406654351
3523 + 985 406654351
3523 + 985 406654351
3523 + 985 406654351
3524 # 1504
3524 - 1150 4 406654351
3524 - 1150 4 406654351
3524 # 1504
3524 - 1150 4 406654351
3525 # 1504
3525 - 1035 4 406654351
3525 - 1035 4 406654351
3525 # 1504
3525 - 1036 4 406654351
3526 # 1504
3526 - 1036 5 406654351
3526 # 1504
3526 - 1036 5 406654351
3526 - 1111 5 406654351
3527 # 1504
3527 - 1111 6 406654351
3527 # 1504
3527 - 1112 4 406654351
3527 - 1112 4 406654351
3528 # 1504
3528 - 1112 5 406654351
3528 # 1504
3528 - 984 5 406654351
3529 # 1504
3529 - 985 6 406654351
3529 - 985 6 406654351
3529 # 1504
3529 - 985 6 406654351
3530 # 1504
3530 # 1504
3530 # 1504
3531 # 1504
3531 # 1504
3531 + 102 2802403873
3532 # 1504
3532 - 102 1 2802403873
3532 # 1504
3533 # 1504
3533 # 1504
3534 # 1504
3534 # 1504
3534 + 1046 406655971
3535 # 1504
3535 - 1046 1 406655971
3535 # 1504
3535 + 998 406655971
3536 # 1504
3536 - 998 1 406655971
3536 # 1504
3536 + 998 406655971
3536 + 999 406655971
3536 + 1209 406655971
3536 + 1209 406655971
3537 # 1504
3537 - 998 1 406655971
3537 # 1504
3537 - 999 1 406655971
3537 + 1209 406655971
3537 + 1210 406655971
3537 + 1210 406655971
3537 + 1194 406655971
3537 + 1195 406655971
3538 # 1504
3538 - 1209 2 406655971
3538 - 1209 2 406655971
3538 # 1504
3538 - 1209 1 406655971
3538 # 1504
3538 - 1210 1 406655971
3538 + 1195 406655971
3538 + 1195 406655971
3538 + 1195 406655971
3538 + 1086 406655971
3538 + 1086 406655971
3538 + 1086 406655971
3539 # 1504
3539 - 1210 2 406655971
3539 # 1504
3539 - 1194 2 406655971
3539 - 1195 2 406655971
3539 + 1086 406655971
3539 + 1086 406655971
3539 + 1087 406655971
3539 + 1087 406655971
3540 # 1504
3540 - 1195 2 406655971
3540 # 1504
3540 - 1195 2 406655971
3540 + 1047 406655971
3540 + 1047 406655971
3540 + 1048 406655971
3540 + 1048 406655971
3540 + 1048 406655971
3540 + 1122 406655971
3540 + 1122 406655971
3541 # 1504
3541 - 1195 3 406655971
3541 # 1504
3541 - 1086 3 406655971
3541 - 1086 3 406655971
3542 # 1504
3542 - 1086 4 406655971
3542 # 1504
3542 - 1086 3 406655971
3542 - 1086 3 406655971
3542 + 1122 406655971
3542 + 1122 406655971
3542 + 1123 406655971
3542 + 1082 406655971
3542 + 1082 406655971
3543 # 1504
3543 - 1087 4 406655971
3543 # 1504
3543 - 1087 4 406655971
3543 + 1083 406655971
3543 + 1083 406655971
3544 # 1504
3544 - 1047 4 406655971
3544 - 1047 4 406655971
3544 # 1504
3544 - 1048 4 406655971
3545 # 1504
3545 - 1048 5 406655971
3545 - 1048 5 406655971
3545 # 1504
3545 - 1122 5 406655971
3545 # 1504
3545 - 1122 5 406655971
3545 + 102 2802403873
3546 # 1504
3546 - 1122 4 406655971
3546 - 1122 4 406655971
3546 # 1504
3546 - 1123 4 406655971
3547 # 1504
3547 - 1082 5 406655971
3547 # 1504
3547 - 1082 5 406655971
3547 - 1083 4 406655971
3548 # 1504
3548 - 1083 5 406655971
3548 - 102 3 2802403873
3548 # 1504
3549 # 1504
3549 # 1504
3550 # 1504
3550 # 1504
3551 # 1504
3551 # 1504
3552 # 1504
3552 # 1504
3552 + 1073 406657591
3553 # 1504
3553 - 1073 1 406657591
3553 # 1504
3553 # 1504
3554 # 1504
3554 # 1504
3554 + 1074 406657591
3554 + 1230 406657591
3554 + 1230 406657591
3554 + 1231 406657591
3554 + 1170 406657591
3555 # 1504
3555 - 1074 1 406657591
3555 # 1504
3555 - 1230 1 406657591
3555 + 1170 406657591
3555 + 1170 406657591
3555 + 1170 406657591
3555 + 1171 406657591
3555 + 1171 406657591
3555 + 1056 406657591
3556 # 1504
3556 - 1230 2 406657591
3556 # 1504
3556 - 1231 2 406657591
3556 - 1170 2 406657591
3556 + 1056 406657591
3556 + 1057 406657591
3556 + 1057 406657591
3556 + 1057 406657591
3556 + 1057 406657591
3556 + 1190 406657591
3557 # 1504
3557 - 1170 2 406657591
3557 # 1504
3557 - 1170 2 406657591
3558 # 1504
3558 - 1170 3 406657591
3558 # 1504
3558 - 1171 3 406657591
3558 - 1171 3 406657591
3558 + 1190 406657591
3558 + 1190 406657591
3558 + 1190 406657591
3558 + 1190 406657591
3558 + 1191 406657591
3558 + 1191 406657591
3559 # 1504
3559 - 1056 4 406657591
3559 # 1504
3559 - 1056 3 406657591
3559 - 1057 3 406657591
3559 + 1230 406657591
3559 + 1230 406657591
3559 + 1230 406657591
3559 + 1231 406657591
3559 + 1201 406657591
3560 # 1504
3560 - 1057 4 406657591
3560 # 1504
3560 - 1057 4 406657591
3560 # 1504
3560 - 1057 4 406657591
3560 - 1190 4 406657591
3560 + 102 2802403873
3560 + 1201 406657591
3560 + 1201 406657591
3560 + 1201 406657591
3560 + 1107 406657591
3560 + 1108 406657591
3561 # 1504
3561 - 1190 3 406657591
3561 # 1504
3561 - 1190 3 406657591
3561 + 1108 406657591
3562 # 1504
3562 - 1190 4 406657591
3562 # 1504
3562 - 1190 4 406657591
3562 - 1191 4 406657591
3562 + 1108 406657591
3563 # 1504
3563 - 1191 5 406657591
3563 # 1504
3563 - 1230 4 406657591
3564 # 1504
3564 - 1230 5 406657591
3564 # 1504
3564 - 1230 5 406657591
3564 - 1231 5 406657591
3565 # 1504
3565 - 1201 6 406657591
3565 - 102 5 2802403873
3565 # 1504
3565 - 1201 5 406657591
3566 # 1504
3566 - 1201 6 406657591
3566 # 1504
3566 - 1201 6 406657591
3566 - 1107 6 406657591
3567 # 1504
3567 - 1108 7 406657591
3567 # 1504
3567 - 1108 6 406657591
3567 # 1504
3567 - 1108 5 406657591
3568 # 1504
3568 # 1504
3569 # 1504
3569 # 1504
3569 + 1174 406659211
3570 # 1504
3570 - 1174 1 406659211
3570 # 1504
3571 # 1504
3571 # 1504
3571 + 1174 406659211
3571 + 1074 406659211
3571 + 1074 406659211
3571 + 1074 406659211
3571 + 1074 406659211
3571 + 1126 406659211
3572 # 1504
3572 - 1174 1 406659211
3572 # 1504
3572 - 1074 1 406659211
3572 + 1126 406659211
3572 + 1126 406659211
3572 + 1126 406659211
3572 + 1127 406659211
3572 + 1127 406659211
3572 + 1110 406659211
3573 # 1504
3573 - 1074 2 406659211
3573 - 1074 2 406659211
3573 # 1504
3573 - 1074 2 406659211
3573 + 1110 406659211
3574 # 1504
3574 - 1126 3 406659211
3574 # 1504
3574 - 1126 2 406659211
3574 - 1126 2 406659211
3574 + 1110 406659211
3574 + 1110 406659211
3574 + 1143 406659211
3574 + 1144 406659211
3574 + 1144 406659211
3574 + 102 2802403873
3574 + 1144 406659211
3575 # 1504
3575 - 1126 3 406659211
3575 # 1504
3575 - 1127 3 406659211
3575 # 1504
3575 - 1127 3 406659211
3575 - 1110 3 406659211
3575 + 1144 406659211
3575 + 1144 406659211
3575 + 1038 406659211
3575 + 1038 406659211
3575 + 1039 406659211
3576 # 1504
3576 - 1110 3 406659211
3576 # 1504
3576 - 1110 2 406659211
3576 + 1039 406659211
3576 + 1039 406659211
3576 + 1089 406659211
3576 + 1089 406659211
3576 + 1090 406659211
3576 + 1090 406659211
3577 # 1504
3577 - 1110 3 406659211
3577 - 1143 3 406659211
3577 # 1504
3577 - 1144 3 406659211
3577 + 1090 406659211
3578 # 1504
3578 - 1144 4 406659211
3578 - 102 4 2802403873
3578 # 1504
3578 - 1144 4 406659211
3578 - 1144 3 406659211
3578 + 1224 406659211
3578 + 1224 406659211
3578 + 1225 406659211
3579 # 1504
3579 - 1144 4 406659211
3579 # 1504
3579 - 1038 4 406659211
3580 # 1504
3580 - 1038 5 406659211
3580 - 1039 5 406659211
3580 # 1504
3580 - 1039 4 406659211
3581 # 1504
3581 - 1039 5 406659211
3581 - 1089 5 406659211
3581 # 1504
3581 - 1089 5 406659211
3582 # 1504
3582 - 1090 6 406659211
3582 # 1504
3582 - 1090 6 406659211
3582 - 1090 5 406659211
3582 # 1504
3582 - 1224 4 406659211
3583 # 1504
3583 - 1224 5 406659211
3583 # 1504
3583 - 1225 5 406659211
3584 # 1504
3584 # 1504
3585 # 1504
3585 # 1504
3586 # 1504
3586 # 1504
3587 # 1504
3587 # 1504
3588 # 1504
3588 # 1504
3588 + 769 406660831
3588 + 102 2802403873
3589 # 1504
3589 - 769 1 406660831
3589 - 102 1 2802403873
3589 # 1504
3589 + 770 406660831
3589 + 1164 406660831
3589 + 1165 406660831
3589 + 1165 406660831
3589 + 1046 406660831
3589 + 1046 406660831
3590 # 1504
3590 - 770 1 406660831
3590 # 1504
3590 - 1164 1 406660831
3590 # 1504
3590 - 1165 1 406660831
3590 - 1165 1 406660831
3590 + 1046 406660831
3590 + 1047 406660831
3590 + 1047 406660831
3590 + 1047 406660831
3590 + 1122 406660831
3590 + 1123 406660831
3591 # 1504
3591 - 1046 2 406660831
3591 # 1504
3591 - 1046 2 406660831
3591 - 1046 1 406660831
3591 + 1123 406660831
3591 + 1123 406660831
3591 + 1099 406660831
3592 # 1504
3592 - 1047 2 406660831
3592 # 1504
3592 - 1047 2 406660831
3592 + 1099 406660831
3592 + 1099 406660831
3592 + 1100 406660831
3593 # 1504
3593 - 1047 3 406660831
3593 - 1122 3 406660831
3593 # 1504
3593 - 1123 3 406660831
3593 + 1100 406660831
3593 + 1100 406660831
3593 + 1100 406660831
3593 + 1101 406660831
3593 + 1101 406660831
3593 + 1101 406660831
3594 # 1504
3594 - 1123 3 406660831
3594 - 1123 3 406660831
3594 # 1504
3594 - 1099 3 406660831
3594 + 1202 406660831
3594 + 1202 406660831
3594 + 1202 406660831
3594 + 1202 406660831
3594 + 1202 406660831
3595 # 1504
3595 - 1099 3 406660831
3595 # 1504
3595 - 1099 3 406660831
3595 - 1100 3 406660831
3595 + 1202 406660831
3595 + 1201 406660831
3595 + 1202 406660831
3595 + 1202 406660831
3595 + 1202 406660831
3596 # 1504
3596 - 1100 3 406660831
3596 # 1504
3596 - 1100 3 406660831
3597 # 1504
3597 - 1100 4 406660831
3597 - 1101 4 406660831
3597 # 1504
3597 - 1101 4 406660831
3597 # 1504
3597 - 1101 4 406660831
3598 # 1504
3598 - 1202 4 406660831
3598 - 1202 4 406660831
3598 # 1504
3598 - 1202 4 406660831
3599 # 1504
3599 - 1202 5 406660831
3599 # 1504
3599 - 1202 5 406660831
3599 + 102 2802403873
3600 # 1504
3600 - 1202 5 406660831
3600 - 1201 5 406660831
3600 # 1504
3600 - 1202 5 406660831
3601 # 1504
3601 - 1202 6 406660831
3601 # 1504
3601 - 1202 6 406660831
3601 - 102 2 2802403873
3602 # 1504
3602 # 1504
3603 # 1504
3603 # 1504
3604 # 1504
3604 # 1504
3605 # 1504
3605 # 1504
3605 # 1504
3605 + 1014 406662451
3606 # 1504
3606 - 1014 1 406662451
3606 # 1504
3607 # 1504
3607 # 1504
3607 + 1014 406662451
3607 + 1026 406662451
3607 + 1026 406662451
3607 + 1027 406662451
3607 + 1027 406662451
3607 + 1198 406662451
3608 # 1504
3608 - 1014 1 406662451
3608 # 1504
3608 - 1026 1 406662451
3608 + 1198 406662451
3608 + 1198 406662451
3608 + 1199 406662451
3608 + 1199 406662451
3608 + 973 406662451
3608 + 973 406662451
3609 # 1504
3609 - 1026 2 406662451
3609 - 1027 2 406662451
3609 # 1504
3609 - 1027 2 406662451
3609 + 973 406662451
3609 + 974 406662451
3610 # 1504
3610 - 1198 3 406662451
3610 - 1198 2 406662451
3610 # 1504
3610 - 1198 2 406662451
3610 + 1173 406662451
3610 + 1173 406662451
3610 + 1174 406662451
3610 + 1174 406662451
3611 # 1504
3611 - 1199 3 406662451
3611 # 1504
3611 - 1199 3 406662451
3611 + 1174 406662451
3611 + 951 406662451
3611 + 951 406662451
3611 + 951 406662451
3611 + 952 406662451
3611 + 1086 406662451
3612 # 1504
3612 - 973 4 406662451
3612 - 973 4 406662451
3612 # 1504
3612 - 973 3 406662451
3612 - 974 3 406662451
3612 # 1504
3612 - 1173 2 406662451
3612 + 1087 406662451
3612 + 1087 406662451
3612 + 1087 406662451
3612 + 1087 406662451
3612 + 974 406662451
3612 + 974 406662451
3612 + 974 406662451
3613 # 1504
3613 - 1173 3 406662451
3613 # 1504
3613 - 1174 3 406662451
3613 + 102 2802403873
3613 + 975 406662451
3614 # 1504
3614 - 1174 4 406662451
3614 - 1174 3 406662451
3614 # 1504
3614 - 951 3 406662451
3615 # 1504
3615 - 951 4 406662451
3615 - 951 4 406662451
3615 # 1504
3615 - 952 4 406662451
3616 # 1504
3616 - 1086 5 406662451
3616 - 1087 4 406662451
3616 # 1504
3616 - 1087 4 406662451
3617 # 1504
3617 - 1087 5 406662451
3617 # 1504
3617 - 1087 5 406662451
3617 - 974 5 406662451
3618 # 1504
3618 - 974 6 406662451
3618 - 974 6 406662451
3618 # 1504
3618 - 102 5 2802403873
3618 - 975 5 406662451
3619 # 1504
3619 # 1504
3620 # 1504
3620 # 1504
3620 # 1504
3621 # 1504
3621 # 1504
3622 # 1504
3622 # 1504
3623 # 1504
3623 # 1504
3623 + 825 406664071
3624 # 1504
3624 - 825 1 406664071
3624 # 1504
3624 + 825 406664071
3624 + 1081 406664071
3624 + 1081 406664071
3624 + 1081 406664071
3624 + 1199 406664071
3625 # 1504
3625 - 825 1 406664071
3625 # 1504
3625 - 1081 1 406664071
3625 - 1081 1 406664071
3626 # 1504
3626 - 1081 2 406664071
3626 # 1504
3626 - 1199 2 406664071
3626 + 1199 406664071
3626 + 1199 406664071
3626 + 1200 406664071
3626 + 1200 406664071
3626 + 1200 406664071
3626 + 1089 406664071
3627 # 1504
3627 - 1199 1 406664071
3627 # 1504
3627 - 1199 1 406664071
3627 # 1504
3627 - 1200 1 406664071
3627 + 1089 406664071
3627 + 1090 406664071
3627 + 1090 406664071
3627 + 1070 406664071
3627 + 1070 406664071
3627 + 1070 406664071
3628 # 1504
3628 - 1200 2 406664071
3628 - 1200 2 406664071
3628 # 1504
3628 - 1089 2 406664071
3628 + 102 2802403873
3628 + 1070 406664071
3628 + 1070 406664071
3628 + 1070 406664071
3628 + 953 406664071
3628 + 954 406664071
3629 # 1504
3629 - 1089 2 406664071
3629 # 1504
3629 - 1090 2 406664071
3629 - 1090 2 406664071
3629 + 954 406664071
3629 + 954 406664071
3630 # 1504
3630 - 1070 3 406664071
3630 # 1504
3630 - 1070 3 406664071
3630 + 1091 406664071
3630 + 1091 406664071
3630 + 1091 406664071
3630 + 1091 406664071
3630 + 1091 406664071
3630 + 1091 406664071
3631 # 1504
3631 - 1070 4 406664071
3631 - 102 3 2802403873
3631 - 1070 3 406664071
3631 # 1504
3631 - 1070 3 406664071
3631 + 1047 406664071
3631 + 1047 406664071
3631 + 1048 406664071
3631 + 1048 406664071
3631 + 1048 406664071
3632 # 1504
3632 - 1070 4 406664071
3632 - 953 4 406664071
3632 # 1504
3632 - 954 4 406664071
3633 # 1504
3633 - 954 4 406664071
3633 - 954 4 406664071
3633 # 1504
3633 - 1091 3 406664071
3634 # 1504
3634 - 1091 4 406664071
3634 - 1091 4 406664071
3634 # 1504
3634 - 1091 4 406664071
3635 # 1504
3635 - 1091 5 406664071
3635 # 1504
3635 - 1091 5 406664071
3635 - 1047 4 406664071
3635 # 1504
3635 - 1047 4 406664071
3635 + 102 2802403873
3636 # 1504
3636 - 1048 5 406664071
3636 - 1048 5 406664071
3636 # 1504
3636 - 1048 5 406664071
3636 - 102 1 2802403873
3637 # 1504
3637 # 1504
3638 # 1504
3638 # 1504
3639 # 1504
3639 # 1504
3640 # 1504
3640 # 1504
3641 # 1504
3641 # 1504
3641 + 102 2802403873
3641 + 776 406665691
3641 + 776 406665691
3642 # 1504
3642 - 102 1 2802403873
3642 - 776 1 406665691
3642 # 1504
3642 - 776 1 406665691
3642 # 1504
3642 + 1153 406665691
3642 + 1153 406665691
3642 + 1154 406665691
3643 # 1504
3643 - 1153 1 406665691
3643 # 1504
3643 - 1153 1 406665691
3643 + 1110 406665691
3643 + 1110 406665691
3643 + 1110 406665691
3643 + 1110 406665691
3643 + 1111 406665691
3644 # 1504
3644 - 1154 2 406665691
3644 # 1504
3644 - 1110 1 406665691
3644 - 1110 1 406665691
3644 + 1111 406665691
3644 + 1019 406665691
3644 + 1020 406665691
3644 + 1020 406665691
3645 # 1504
3645 - 1110 2 406665691
3645 # 1504
3645 - 1110 2 406665691
3645 - 1111 2 406665691
3645 + 1020 406665691
3645 + 1164 406665691
3645 + 1164 406665691
3645 + 1164 406665691
3645 + 1164 406665691
3646 # 1504
3646 - 1111 2 406665691
3646 # 1504
3646 - 1019 2 406665691
3646 + 1165 406665691
3646 + 992 406665691
3646 + 993 406665691
3646 + 993 406665691
3646 + 993 406665691
3646 + 1042 406665691
3647 # 1504
3647 - 1020 3 406665691
3647 - 1020 3 406665691
3647 # 1504
3647 - 1020 2 406665691
3648 # 1504
3648 - 1164 3 406665691
3648 - 1164 3 406665691
3648 # 1504
3648 - 1164 3 406665691
3648 + 1042 406665691
3648 + 1042 406665691
3648 + 1042 406665691
3648 + 1043 406665691
3648 + 996 406665691
3648 + 996 406665691
3648 + 996 406665691
3648 + 997 406665691
3649 # 1504
3649 - 1164 4 406665691
3649 # 1504
3649 - 1165 3 406665691
3649 - 992 3 406665691
3649 # 1504
3649 - 993 3 406665691
3650 # 1504
3650 - 993 4 406665691
3650 - 993 4 406665691
3650 # 1504
3650 - 1042 4 406665691
3651 # 1504
3651 - 1042 3 406665691
3651 # 1504
3651 - 1042 3 406665691
3651 - 1042 3 406665691
3652 # 1504
3652 - 1043 4 406665691
3652 # 1504
3652 - 996 4 406665691
3652 - 996 4 406665691
3653 # 1504
3653 - 996 5 406665691
3653 # 1504
3653 - 997 5 406665691
3654 # 1504
3654 # 1504
3654 + 102 2802403873
3655 # 1504
3655 - 102 1 2802403873
3655 # 1504
3656 # 1504
3656 # 1504
3657 # 1504
3657 # 1504
3657 # 1504
3658 # 1504
3658 # 1504
3659 # 1504
3659 # 1504
3659 + 1213 406667221
3660 # 1504
3660 - 1213 1 406667221
3660 # 1504
3660 + 991 406667221
3660 + 991 406667221
3660 + 991 406667221
3660 + 1095 406667221
3660 + 1095 406667221
3660 + 1095 406667221
3661 # 1504
3661 - 991 1 406667221
3661 # 1504
3661 - 991 1 406667221
3661 - 991 1 406667221
3662 # 1504
3662 - 1095 2 406667221
3662 # 1504
3662 - 1095 2 406667221
3662 + 1096 406667221
3662 + 1096 406667221
3662 + 1096 406667221
3662 + 1179 406667221
3662 + 1179 406667221
3662 + 1179 406667221
3663 # 1504
3663 - 1095 3 406667221
3663 - 1096 1 406667221
3663 # 1504
3663 - 1096 1 406667221
3663 + 1179 406667221
3663 + 1192 406667221
3663 + 1193 406667221
3663 + 1193 406667221
3663 + 1193 406667221
3664 # 1504
3664 - 1096 2 406667221
3664 # 1504
3664 - 1179 2 406667221
3664 - 1179 2 406667221
3664 # 1504
3664 - 1179 2 406667221
3664 + 1193 406667221
3664 + 1228 406667221
3664 + 1229 406667221
3664 + 1229 406667221
3664 + 1229 406667221
3664 + 1099 406667221
3665 # 1504
3665 - 1179 2 406667221
3665 # 1504
3665 - 1192 2 406667221
3665 + 1099 406667221
3666 # 1504
3666 - 1193 3 406667221
3666 - 1193 3 406667221
3666 # 1504
3666 - 1193 3 406667221
3666 + 1100 406667221
3666 + 1100 406667221
3666 + 1149 406667221
3666 + 1150 406667221
3666 + 1150 406667221
3666 + 1150 406667221
3667 # 1504
3667 - 1193 3 406667221
3667 # 1504
3667 - 1228 3 406667221
3667 + 102 2802403873
3668 # 1504
3668 - 1229 4 406667221
3668 - 1229 4 406667221
3668 # 1504
3668 - 1229 4 406667221
3669 # 1504
3669 - 1099 5 406667221
3669 # 1504
3669 - 1099 4 406667221
3669 - 1100 3 406667221
3670 # 1504
3670 - 1100 4 406667221
3670 # 1504
3670 - 1149 4 406667221
3671 # 1504
3671 - 1150 5 406667221
3671 - 1150 5 406667221
3671 # 1504
3671 - 1150 5 406667221
3671 - 102 4 2802403873
3672 # 1504
3672 # 1504
3672 # 1504
3673 # 1504
3673 # 1504
3674 # 1504
3674 # 1504
3675 # 1504
3675 # 1504
3676 # 1504
3676 # 1504
3677 # 1504
3677 # 1504
3677 + 796 406668841
3677 + 797 406668841
3678 # 1504
3678 - 796 1 406668841
3678 # 1504
3678 - 797 1 406668841
3678 + 1129 406668841
3678 + 1129 406668841
3678 + 1130 406668841
3678 + 1141 406668841
3678 + 1141 406668841
3679 # 1504
3679 - 1129 1 406668841
3679 # 1504
3679 - 1129 1 406668841
3679 # 1504
3679 - 1130 1 406668841
3679 + 1141 406668841
3679 + 1142 406668841
3679 + 1142 406668841
3679 + 1142 406668841
3679 + 1121 406668841
3680 # 1504
3680 - 1141 2 406668841
3680 - 1141 2 406668841
3680 # 1504
3680 - 1141 1 406668841
3680 + 102 2802403873
3681 # 1504
3681 - 1142 2 406668841
3681 # 1504
3681 - 1142 2 406668841
3681 - 1142 2 406668841
3681 + 1121 406668841
3681 + 1122 406668841
3681 + 1122 406668841
3681 + 1190 406668841
3681 + 1190 406668841
3681 + 1190 406668841
3682 # 1504
3682 - 1121 3 406668841
3682 - 102 2 2802403873
3682 # 1504
3682 - 1121 1 406668841
3682 + 1190 406668841
3682 + 1191 406668841
3682 + 1095 406668841
3682 + 1095 406668841
3682 + 1095 406668841
3683 # 1504
3683 - 1122 2 406668841
3683 - 1122 2 406668841
3683 # 1504
3683 - 1190 2 406668841
3683 + 1096 406668841
3683 + 1031 406668841
3683 + 1031 406668841
3684 # 1504
3684 - 1190 3 406668841
3684 # 1504
3684 - 1190 3 406668841
3684 + 1031 406668841
3684 + 1032 406668841
3684 + 954 406668841
3684 + 954 406668841
3684 + 954 406668841
3684 + 955 406668841
3685 # 1504
3685 - 1190 3 406668841
3685 - 1191 3 406668841
3685 # 1504
3685 - 1095 3 406668841
3686 # 1504
3686 - 1095 4 406668841
3686 - 1095 4 406668841
3686 # 1504
3686 - 1096 3 406668841
3687 # 1504
3687 - 1031 4 406668841
3687 # 1504
3687 - 1031 4 406668841
3687 - 1031 3 406668841
3687 # 1504
3687 - 1032 3 406668841
3688 # 1504
3688 - 954 4 406668841
3688 - 954 4 406668841
3688 # 1504
3688 - 954 4 406668841
3689 # 1504
3689 - 955 5 406668841
3689 # 1504
3690 # 1504
3690 # 1504
3691 # 1504
3691 # 1504
3692 # 1504
3692 # 1504
3693 # 1504
3693 # 1504
3693 + 102 2802403873
3694 # 1504
3694 - 102 1 2802403873
3694 # 1504
3694 # 1504
3695 # 1504
3695 # 1504
3695 + 1171 406670461
3695 + 132 554869826
3695 + 1146 406670461
3696 # 1504
3696 - 1171 1 406670461
3696 - 132 1 554869826
3696 # 1504
3696 - 1146 1 406670461
3696 + 1146 406670461
3696 + 1147 406670461
3696 + 1059 406670461
3696 + 1059 406670461
3696 + 1059 406670461
3696 + 1060 406670461
3697 # 1504
3697 - 1146 1 406670461
3697 # 1504
3697 - 1147 1 406670461
3697 + 1060 406670461
3697 + 1060 406670461
3698 # 1504
3698 - 1059 2 406670461
3698 - 1059 2 406670461
3698 # 1504
3698 - 1059 2 406670461
3698 + 1139 406670461
3698 + 1139 406670461
3698 + 1139 406670461
3698 + 1140 406670461
3699 # 1504
3699 - 1060 3 406670461
3699 # 1504
3699 - 1060 2 406670461
3699 - 1060 2 406670461
3699 + 1173 406670461
3699 + 1173 406670461
3699 + 1174 406670461
3699 + 1174 406670461
3699 + 1174 406670461
3699 + 992 406670461
3699 + 992 406670461
3700 # 1504
3700 - 1139 2 406670461
3700 # 1504
3700 - 1139 2 406670461
3700 + 992 406670461
3700 + 993 406670461
3700 + 1072 406670461
3701 # 1504
3701 - 1139 3 406670461
3701 - 1140 3 406670461
3701 # 1504
3701 - 1173 2 406670461
3701 + 1072 406670461
3701 + 1072 406670461
3701 + 1073 406670461
3701 + 1073 406670461
3701 + 1073 406670461
3701 + 1086 406670461
3702 # 1504
3702 - 1173 3 406670461
3702 # 1504
3702 - 1174 3 406670461
3702 - 1174 3 406670461
3702 # 1504
3702 - 1174 3 406670461
3702 + 1087 406670461
3702 + 1087 406670461
3702 + 1087 406670461
3702 + 1087 406670461
3703 # 1504
3703 - 992 4 406670461
3703 # 1504
3703 - 992 4 406670461
3703 - 992 3 406670461
3704 # 1504
3704 - 993 4 406670461
3704 # 1504
3704 - 1072 4 406670461
3704 - 1072 3 406670461
3705 # 1504
3705 - 1072 4 406670461
3705 # 1504
3705 - 1073 4 406670461
3705 - 1073 4 406670461
3705 + 102 2802403873
3706 # 1504
3706 - 1073 5 406670461
3706 # 1504
3706 - 1086 5 406670461
3707 # 1504
3707 - 1087 5 406670461
3707 - 1087 5 406670461
3707 # 1504
3707 - 1087 5 406670461
3708 # 1504
3708 - 1087 6 406670461
3708 - 102 3 2802403873
3708 # 1504
3709 # 1504
3709 # 1504
3709 # 1504
3710 # 1504
3710 # 1504
3711 # 1504
3711 # 1504
3711 + 102 2802403873
3712 # 1504
3712 - 102 1 2802403873
3712 # 1504
3713 # 1504
3713 # 1504
3713 + 788 406672081
3713 + 788 406672081
3714 # 1504
3714 - 788 1 406672081
3714 # 1504
3714 - 788 1 406672081
3714 + 1149 406672081
3714 + 1150 406672081
3714 + 1150 406672081
3714 + 1084 406672081
3714 + 1084 406672081
3715 # 1504
3715 - 1149 1 406672081
3715 # 1504
3715 - 1150 1 406672081
3715 + 1084 406672081
3715 + 1084 406672081
3715 + 1084 406672081
3715 + 1085 406672081
3715 + 1065 406672081
3715 + 1065 406672081
3716 # 1504
3716 - 1150 2 406672081
3716 # 1504
3716 - 1084 2 406672081
3716 - 1084 2 406672081
3717 # 1504
3717 - 1084 2 406672081
3717 # 1504
3717 - 1084 2 406672081
3717 - 1084 2 406672081
3717 # 1504
3717 - 1085 2 406672081
3717 + 1066 406672081
3717 + 1066 406672081
3717 + 1083 406672081
3717 + 1084 406672081
3717 + 1084 406672081
3717 + 1084 406672081
3718 # 1504
3718 - 1065 3 406672081
3718 # 1504
3718 - 1065 3 406672081
3718 - 1066 1 406672081
3718 + 1084 406672081
3718 + 1034 406672081
3718 + 1034 406672081
3718 + 1035 406672081
3718 + 1035 406672081
3718 + 1148 406672081
3719 # 1504
3719 - 1066 2 406672081
3719 # 1504
3719 - 1083 2 406672081
3719 - 1084 2 406672081
3719 + 1149 406672081
3719 + 1149 406672081
3719 + 1149 406672081
3719 + 1149 406672081
3719 + 1149 406672081
3719 + 1103 406672081
3720 # 1504
3720 - 1084 3 406672081
3720 # 1504
3720 - 1084 3 406672081
3721 # 1504
3721 - 1084 3 406672081
3721 - 1034 3 406672081
3721 # 1504
3721 - 1034 3 406672081
3721 + 1103 406672081
3721 + 1103 406672081
3721 + 1103 406672081
3721 + 1103 406672081
3722 # 1504
3722 - 1035 4 406672081
3722 - 1035 4 406672081
3722 # 1504
3722 - 1148 4 406672081
3723 # 1504
3723 - 1149 4 406672081
3723 # 1504
3723 - 1149 4 406672081
3723 - 1149 4 406672081
3723 + 102 2802403873
3724 # 1504
3724 - 1149 5 406672081
3724 # 1504
3724 - 1149 5 406672081
3724 # 1504
3724 - 1103 5 406672081
3724 - 1103 3 406672081
3724 # 1504
3724 - 1103 3 406672081
3725 # 1504
3725 - 1103 4 406672081
3725 # 1504
3725 - 1103 4 406672081
3725 - 102 2 2802403873
3726 # 1504
3727 # 1504
3727 # 1504
3728 # 1504
3728 # 1504
3729 # 1504
3730 # 1504
3730 # 1504
3731 # 1504
3731 # 1504
3731 + 921 406673701
3731 + 922 406673701
3732 # 1504
3732 - 921 1 406673701
3732 + 985 406673701
3732 + 985 406673701
3732 + 986 406673701
3732 + 1050 406673701
3732 + 1050 406673701
3733 # 1504
3733 - 922 2 406673701
3733 - 985 1 406673701
3733 # 1504
3733 - 985 1 406673701
3734 # 1504
3734 - 986 2 406673701
3734 - 1050 2 406673701
3734 # 1504
3734 - 1050 2 406673701
3734 + 1050 406673701
3734 + 1050 406673701
3734 + 1050 406673701
3734 + 1051 406673701
3734 + 1143 406673701
3734 + 1144 406673701
3734 + 1144 406673701
3734 + 1144 406673701
3734 + 1050 406673701
3734 + 1050 406673701
3734 + 1050 406673701
3734 + 1050 406673701
3735 # 1504
3735 - 1050 1 406673701
3736 # 1504
3736 - 1050 2 406673701
3736 # 1504
3736 - 1050 2 406673701
3736 - 1051 2 406673701
3736 + 1050 406673701
3736 + 1051 406673701
3736 + 1165 406673701
3736 + 1165 406673701
3736 + 1166 406673701
3736 + 102 2802403873
3737 # 1504
3737 - 1143 3 406673701
3737 + 1166 406673701
3737 + 1197 406673701
3737 + 1197 406673701
3737 + 1197 406673701
3737 + 1197 406673701
3737 + 1197 406673701
3737 + 1198 406673701
3738 # 1504
3738 - 1144 4 406673701
3738 # 1504
3738 - 1144 4 406673701
3738 - 1144 4 406673701
3738 + 1183 406673701
3738 + 1184 406673701
3738 + 1184 406673701
3738 + 1184 406673701
3739 # 1504
3739 - 1050 5 406673701
3739 # 1504
3739 - 1050 5 406673701
3739 - 1050 5 406673701
3740 # 1504
3740 - 1050 6 406673701
3740 + 1184 406673701
3741 # 1504
3741 - 1050 5 406673701
3741 # 1504
3741 - 1051 5 406673701
3741 - 1165 5 406673701
3742 # 1504
3742 - 1165 6 406673701
3742 # 1504
3742 - 1166 6 406673701
3742 - 102 6 2802403873
3743 # 1504
3743 - 1166 6 406673701
3743 - 1197 6 406673701
3744 # 1504
3744 - 1197 7 406673701
3744 # 1504
3744 - 1197 7 406673701
3745 # 1504
3745 - 1197 8 406673701
3745 # 1504
3745 - 1197 8 406673701
3745 - 1198 8 406673701
3745 + 102 2802403873
3746 # 1504
3746 - 1183 8 406673701
3747 # 1504
3747 - 1184 9 406673701
3747 # 1504
3747 - 1184 9 406673701
3748 # 1504
3748 - 1184 10 406673701
3748 - 1184 8 406673701
3748 - 102 3 2802403873
3748 + 926 406675321
3749 # 1504
3749 - 926 1 406675321
3749 # 1504
3750 # 1504
3750 # 1504
3750 + 926 406675321
3750 + 1103 406675321
3750 + 1103 406675321
3750 + 1104 406675321
3750 + 1217 406675321
3750 + 1218 406675321
3751 # 1504
3751 - 926 1 406675321
3751 + 1218 406675321
3751 + 1218 406675321
3751 + 1166 406675321
3751 + 1166 406675321
3751 + 1167 406675321
3752 # 1504
3752 - 1103 2 406675321
3752 # 1504
3752 - 1103 2 406675321
3752 - 1104 2 406675321
3752 + 1013 406675321
3752 + 1013 406675321
3752 + 1013 406675321
3752 + 1013 406675321
3752 + 1014 406675321
3752 + 1196 406675321
3753 # 1504
3753 - 1217 3 406675321
3753 # 1504
3753 - 1218 3 406675321
3753 + 1197 406675321
3754 # 1504
3754 - 1218 3 406675321
3754 + 1197 406675321
3754 + 1077 406675321
3754 + 1077 406675321
3754 + 1077 406675321
3754 + 1077 406675321
3754 + 1077 406675321
3755 # 1504
3755 - 1218 4 406675321
3755 - 1166 4 406675321
3755 # 1504
3755 - 1166 4 406675321
3755 + 1077 406675321
3755 + 1078 406675321
3755 + 1221 406675321
3755 + 1221 406675321
3755 + 1221 406675321
3756 # 1504
3756 - 1167 5 406675321
3756 + 1221 406675321
3756 + 1221 406675321
3757 # 1504
3757 - 1013 5 406675321
3757 - 1013 5 406675321
3757 # 1504
3757 - 1013 5 406675321
3758 # 1504
3758 - 1013 6 406675321
3758 - 1014 6 406675321
3758 # 1504
3758 - 1196 6 406675321
3758 + 102 2802403873
3759 # 1504
3759 - 1197 6 406675321
3760 # 1504
3760 - 1197 6 406675321
3760 - 1077 6 406675321
3760 # 1504
3760 - 1077 6 406675321
3761 # 1504
3761 - 1077 7 406675321
3761 # 1504
3761 - 1077 7 406675321
3761 - 1077 7 406675321
3762 # 1504
3762 - 1077 7 406675321
3763 # 1504
3763 - 1078 8 406675321
3763 - 1221 8 406675321
3763 # 1504
3763 - 1221 8 406675321
3764 # 1504
3764 - 1221 9 406675321
3764 # 1504
3764 - 1221 8 406675321
3765 # 1504
3765 - 1221 9 406675321
3765 - 102 7 2802403873
3766 # 1504
3766 # 1504
3767 # 1504
3767 + 949 406676941
3767 + 949 406676941
3768 # 1504
3768 - 949 1 406676941
3768 # 1504
3768 - 949 1 406676941
3768 + 903 406676941
3768 + 903 406676941
3768 + 903 406676941
3768 + 948 406676941
3768 + 949 406676941
3769 # 1504
3769 - 903 1 406676941
3769 # 1504
3769 - 903 1 406676941
3769 - 903 1 406676941
3769 + 949 406676941
3770 # 1504
3770 - 948 2 406676941
3770 + 949 406676941
3770 + 1064 406676941
3770 + 1064 406676941
3770 + 1064 406676941
3770 + 1051 406676941
3770 + 1052 406676941
3770 + 1052 406676941
3771 # 1504
3771 - 949 3 406676941
3771 - 949 2 406676941
3771 # 1504
3771 - 949 1 406676941
3771 + 1052 406676941
3771 + 989 406676941
3771 + 990 406676941
3771 + 1235 406676941
3771 + 1235 406676941
3771 + 1235 406676941
3772 # 1504
3772 - 1064 2 406676941
3772 - 1064 2 406676941
3772 # 1504
3772 - 1064 2 406676941
3772 + 102 2802403873
3772 + 1235 406676941
3772 + 1235 406676941
3772 + 1235 406676941
3772 + 1235 406676941
3773 # 1504
3773 - 1051 3 406676941
3773 - 1052 3 406676941
3773 + 1236 406676941
3773 + 1236 406676941
3774 # 1504
3774 - 1052 4 406676941
3774 # 1504
3774 - 1052 3 406676941
3774 - 989 3 406676941
3774 + 1130 406676941
3774 + 1131 406676941
3774 + 1131 406676941
3774 + 1131 406676941
3774 + 1131 406676941
3774 + 1131 406676941
3775 # 1504
3775 - 990 4 406676941
3775 # 1504
3775 - 1235 4 406676941
3776 # 1504
3776 - 1235 5 406676941
3776 + 1131 406676941
3777 # 1504
3777 - 1235 6 406676941
3777 - 102 5 2802403873
3777 - 1235 5 406676941
3777 # 1504
3777 - 1235 5 406676941
3778 # 1504
3778 - 1235 6 406676941
3779 # 1504
3779 - 1235 7 406676941
3779 # 1504
3779 - 1236 6 406676941
3779 + 102 2802403873
3780 # 1504
3780 - 1236 7 406676941
3780 - 1130 6 406676941
3780 # 1504
3780 - 1131 6 406676941
3781 # 1504
3781 - 1131 7 406676941
3782 # 1504
3782 - 1131 8 406676941
3782 - 1131 8 406676941
3782 # 1504
3782 - 1131 8 406676941
3783 # 1504
3783 - 1131 7 406676941
3783 - 102 4 2802403873
3783 # 1504
3784 # 1504
3785 # 1504
3785 # 1504
3785 + 839 406678561
3786 # 1504
3786 - 839 1 406678561
3786 # 1504
3786 + 840 406678561
3786 + 842 406678561
3786 + 843 406678561
3786 + 1057 406678561
3786 + 1057 406678561
3786 + 1058 406678561
3786 + 102 2802403873
3787 # 1504
3787 - 840 1 406678561
3787 + 1081 406678561
3787 + 1082 406678561
3787 + 869 406678561
3787 + 869 406678561
3787 + 870 406678561
3787 + 824 406678561
3788 # 1504
3788 - 842 2 406678561
3788 - 843 2 406678561
3788 # 1504
3788 - 1057 2 406678561
3788 + 824 406678561
3788 + 1192 406678561
3789 # 1504
3789 - 1057 3 406678561
3789 - 1058 3 406678561
3789 - 102 3 2802403873
3789 + 1192 406678561
3789 + 1192 406678561
3789 + 1193 406678561
3789 + 1193 406678561
3789 + 1193 406678561
3789 + 1193 406678561
3790 # 1504
3790 - 1081 3 406678561
3790 # 1504
3790 - 1082 3 406678561
3790 - 869 3 406678561
3790 + 1193 406678561
3790 + 1206 406678561
3790 + 1206 406678561
3790 + 1206 406678561
3790 + 1206 406678561
3791 # 1504
3791 - 869 4 406678561
3791 # 1504
3791 - 870 4 406678561
3791 - 824 4 406678561
3791 + 102 2802403873
3791 + 1206 406678561
3791 + 1206 406678561
3791 + 1207 406678561
3792 # 1504
3792 - 824 4 406678561
3792 - 1192 4 406678561
3793 # 1504
3793 - 1192 4 406678561
3793 # 1504
3793 - 1192 4 406678561
3794 # 1504
3794 - 1193 5 406678561
3794 # 1504
3794 - 1193 5 406678561
3794 - 1193 5 406678561
3795 # 1504
3795 - 1193 6 406678561
3796 # 1504
3796 - 1193 6 406678561
3796 # 1504
3796 - 1206 6 406678561
3797 # 1504
3797 - 1206 7 406678561
3797 - 1206 7 406678561
3797 # 1504
3797 - 1206 7 406678561
3797 - 102 6 2802403873
3798 # 1504
3798 - 1206 7 406678561
3799 # 1504
3799 - 1206 8 406678561
3799 # 1504
3799 - 1207 8 406678561
3800 # 1504
3801 # 1504
3801 # 1504
3802 # 1504
3802 # 1504
3803 # 1504
3803 + 902 406680091
3804 # 1504
3804 - 902 1 406680091
3804 # 1504
3804 + 102 2802403873
3804 + 903 406680091
3804 + 677 406680091
3804 + 677 406680091
3804 + 1199 406680091
3804 + 1200 406680091
3804 + 1186 406680091
3805 # 1504
3805 - 102 1 2802403873
3805 - 903 1 406680091
3805 # 1504
3805 - 677 1 406680091
3805 - 677 1 406680091
3805 + 1035 406680091
3805 + 1036 406680091
3805 + 823 406680091
3805 + 823 406680091
3805 + 1218 406680091
3805 + 1218 406680091
3805 + 1218 406680091
3806 # 1504
3806 - 1199 2 406680091
3806 + 1218 406680091
3806 + 1218 406680091
3807 # 1504
3807 - 1200 3 406680091
3807 - 1186 3 406680091
3807 # 1504
3807 - 1035 2 406680091
3807 + 1219 406680091
3807 + 1219 406680091
3807 + 1219 406680091
3807 + 1219 406680091
3807 + 1219 406680091
3808 # 1504
3808 - 1036 3 406680091
3808 - 823 3 406680091
3808 + 1209 406680091
3808 + 1209 406680091
3808 + 1209 406680091
3808 + 1210 406680091
3808 + 1210 406680091
3809 # 1504
3809 - 823 4 406680091
3809 # 1504
3809 - 1218 4 406680091
3809 + 1210 406680091
3809 + 1210 406680091
3810 # 1504
3810 - 1218 5 406680091
3810 - 1218 5 406680091
3810 # 1504
3810 - 1218 4 406680091
3811 # 1504
3811 - 1218 5 406680091
3812 # 1504
3812 - 1219 5 406680091
3812 # 1504
3812 - 1219 5 406680091
3812 - 1219 5 406680091
3813 # 1504
3813 - 1219 6 406680091
3813 # 1504
3813 - 1219 6 406680091
3814 # 1504
3814 - 1209 6 406680091
3815 # 1504
3815 - 1209 7 406680091
3815 - 1209 7 406680091
3815 # 1504
3815 - 1210 7 406680091
3816 # 1504
3816 - 1210 8 406680091
3816 # 1504
3816 - 1210 7 406680091
3817 # 1504
3817 - 1210 8 406680091
3818 # 1504
3818 # 1504
3819 # 1504
3819 + 102 2802403873
3820 # 1504
3820 - 102 1 2802403873
3820 # 1504
3820 + 940 406681711
3820 + 941 406681711
3821 # 1504
3821 - 940 1 406681711
3821 # 1504
3821 - 941 1 406681711
3822 # 1504
3822 + 1103 406681711
3822 + 1103 406681711
3822 + 1104 406681711
3822 + 1039 406681711
3822 + 1039 406681711
3822 + 829 406681711
3822 + 829 406681711
3822 + 1116 406681711
3823 # 1504
3823 - 1103 1 406681711
3823 # 1504
3823 - 1103 1 406681711
3823 + 1116 406681711
3823 + 1116 406681711
3823 + 944 406681711
3823 + 944 406681711
3823 + 945 406681711
3824 # 1504
3824 - 1104 2 406681711
3824 - 1039 2 406681711
3824 # 1504
3824 - 1039 2 406681711
3825 # 1504
3825 - 829 3 406681711
3825 - 829 3 406681711
3825 + 1135 406681711
3825 + 1135 406681711
3825 + 1135 406681711
3825 + 1135 406681711
3825 + 1135 406681711
3825 + 1135 406681711
3826 # 1504
3826 - 1116 4 406681711
3826 # 1504
3826 - 1116 3 406681711
3826 - 1116 3 406681711
3826 + 1135 406681711
3826 + 1136 406681711
3826 + 1136 406681711
3826 + 1136 406681711
3826 + 1144 406681711
3826 + 1144 406681711
3826 + 1144 406681711
3827 # 1504
3827 - 944 4 406681711
3827 # 1504
3827 - 944 4 406681711
3827 - 945 4 406681711
3827 + 1144 406681711
3827 + 1145 406681711
3827 + 1145 406681711
3827 + 1145 406681711
3828 # 1504
3828 - 1135 3 406681711
3829 # 1504
3829 - 1135 4 406681711
3829 # 1504
3829 - 1135 4 406681711
3829 - 1135 4 406681711
3829 + 118 2802403873
3830 # 1504
3830 - 1135 5 406681711
3831 # 1504
3831 - 1135 6 406681711
3831 # 1504
3831 - 1135 5 406681711
3831 - 1136 5 406681711
3832 # 1504
3832 - 1136 6 406681711
3832 # 1504
3832 - 1136 6 406681711
3833 # 1504
3833 - 1144 7 406681711
3833 - 1144 7 406681711
3834 # 1504
3834 - 1144 8 406681711
3834 # 1504
3834 - 1144 7 406681711
3835 # 1504
3835 - 1145 8 406681711
3835 - 1145 8 406681711
3835 # 1504
3835 - 1145 8 406681711
3835 - 118 6 2802403873
3836 # 1504
3837 # 1504
3837 # 1504
3838 # 1504
3838 # 1504
3838 + 1109 406683331
3839 # 1504
3839 - 1109 1 406683331
3839 + 102 2802403873
3840 # 1504
3840 - 102 1 2802403873
3840 # 1504
3840 + 1109 406683331
3840 + 1041 406683331
3840 + 1042 406683331
3840 + 1042 406683331
3840 + 1217 406683331
3840 + 1072 406683331
3841 # 1504
3841 - 1109 1 406683331
3841 + 882 406683331
3841 + 1131 406683331
3841 + 1236 406683331
3841 + 1236 406683331
3841 + 1236 406683331
3842 # 1504
3842 - 1041 2 406683331
3842 # 1504
3842 - 1042 2 406683331
3842 - 1042 2 406683331
3842 + 1236 406683331
3842 + 1236 406683331
3842 + 1237 406683331
3842 + 1237 406683331
3842 + 1237 406683331
3843 # 1504
3843 - 1217 3 406683331
3843 # 1504
3843 - 1072 3 406683331
3843 - 882 2 406683331
3843 + 1237 406683331
3843 + 1237 406683331
3844 # 1504
3844 - 1131 3 406683331
3844 + 1119 406683331
3844 + 1119 406683331
3844 + 1119 406683331
3844 + 1119 406683331
3844 + 1119 406683331
3845 # 1504
3845 - 1236 4 406683331
3845 # 1504
3845 - 1236 4 406683331
3845 + 1119 406683331
3845 + 1120 406683331
3846 # 1504
3846 - 1236 5 406683331
3846 - 1236 4 406683331
3846 # 1504
3846 - 1236 4 406683331
3847 # 1504
3847 - 1237 5 406683331
3848 # 1504
3848 - 1237 6 406683331
3848 # 1504
3848 - 1237 6 406683331
3849 # 1504
3849 - 1237 6 406683331
3849 - 1237 6 406683331
3849 # 1504
3849 - 1119 5 406683331
3850 # 1504
3850 - 1119 6 406683331
3851 # 1504
3851 - 1119 7 406683331
3851 - 1119 7 406683331
3851 # 1504
3851 - 1119 7 406683331
3852 # 1504
3852 - 1119 7 406683331
3853 # 1504
3853 - 1120 8 406683331
3853 # 1504
3853 + 102 2802403873
3854 # 1504
3854 - 102 1 2802403873
3854 # 1504
3855 # 1504
3856 # 1504
3856 # 1504
3856 + 878 406684951
3856 + 879 406684951
3857 # 1504
3857 - 878 1 406684951
3857 # 1504
3857 - 879 1 406684951
3858 # 1504
3858 + 879 406684951
3858 + 1073 406684951
3858 + 1073 406684951
3858 + 858 406684951
3858 + 859 406684951
3858 + 1060 406684951
3859 # 1504
3859 - 879 1 406684951
3859 # 1504
3859 - 1073 1 406684951
3859 + 803 406684951
3859 + 804 406684951
3859 + 879 406684951
3859 + 1226 406684951
3859 + 1227 406684951
3859 + 1227 406684951
3859 + 102 2802403873
3860 # 1504
3860 - 1073 2 406684951
3860 - 858 2 406684951
3860 + 1227 406684951
3860 + 1227 406684951
3860 + 1227 406684951
3860 + 1227 406684951
3860 + 1227 406684951
3861 # 1504
3861 - 859 3 406684951
3861 - 1060 3 406684951
3861 # 1504
3861 - 803 2 406684951
3861 - 804 2 406684951
3861 + 1227 406684951
3861 + 1227 406684951
3862 # 1504
3862 - 879 3 406684951
3862 # 1504
3862 - 1226 3 406684951
3862 + 1123 406684951
3862 + 1124 406684951
3862 + 1124 406684951
3862 + 1124 406684951
3862 + 1124 406684951
3863 # 1504
3863 - 1227 4 406684951
3863 - 1227 4 406684951
3863 + 1124 406684951
3863 + 1124 406684951
3864 # 1504
3864 - 102 5 2802403873
3864 - 1227 4 406684951
3864 # 1504
3864 - 1227 4 406684951
3865 # 1504
3865 - 1227 5 406684951
3865 # 1504
3865 - 1227 5 406684951
3866 # 1504
3866 - 1227 6 406684951
3866 - 1227 5 406684951
3867 # 1504
3867 - 1227 6 406684951
3867 # 1504
3867 - 1123 5 406684951
3868 # 1504
3868 - 1124 6 406684951
3868 - 1124 6 406684951
3868 # 1504
3868 - 1124 6 406684951
3869 # 1504
3869 - 1124 7 406684951
3870 # 1504
3870 - 1124 7 406684951
3870 - 1124 7 406684951
3870 # 1504
3870 + 102 2802403873
3871 # 1504
3871 - 102 1 2802403873
3872 # 1504
3872 # 1504
3873 # 1504
3873 # 1504
3874 # 1504
3875 # 1504
3875 # 1504
3875 + 1046 406686571
3876 # 1504
3876 - 1046 1 406686571
3876 # 1504
3876 + 1046 406686571
3876 + 734 406686571
3876 + 735 406686571
3877 # 1504
3877 - 1046 1 406686571
3877 + 1106 406686571
3877 + 775 406686571
3877 + 912 406686571
3878 # 1504
3878 - 734 2 406686571
3878 - 735 2 406686571
3878 # 1504
3878 - 1106 1 406686571
3878 - 775 1 406686571
3878 + 938 406686571
3878 + 938 406686571
3878 + 1210 406686571
3878 + 1210 406686571
3878 + 1210 406686571
3878 + 1211 406686571
3878 + 1211 406686571
3879 # 1504
3879 - 912 2 406686571
3879 # 1504
3879 - 938 1 406686571
3879 - 938 1 406686571
3879 + 1211 406686571
3879 + 1211 406686571
3879 + 1211 406686571
3879 + 1211 406686571
3879 + 1211 406686571
3880 # 1504
3880 - 1210 2 406686571
3880 + 102 2802403873
3880 + 1211 406686571
3880 + 1164 406686571
3880 + 1164 406686571
3881 # 1504
3881 - 1210 3 406686571
3881 # 1504
3881 - 1210 3 406686571
3881 - 1211 3 406686571
3881 + 1164 406686571
3881 + 1164 406686571
3881 + 1164 406686571
3881 + 1164 406686571
3881 + 1164 406686571
3882 # 1504
3882 - 1211 4 406686571
3882 + 1165 406686571
3882 + 1165 406686571
3882 + 1165 406686571
3883 # 1504
3883 - 1211 4 406686571
3883 # 1504
3883 - 1211 4 406686571
3884 # 1504
3884 - 1211 5 406686571
3884 # 1504
3884 - 1211 5 406686571
3884 - 1211 5 406686571
3884 - 102 4 2802403873
3885 # 1504
3885 - 1211 5 406686571
3886 # 1504
3886 - 1164 6 406686571
3886 # 1504
3886 - 1164 6 406686571
3887 # 1504
3887 - 1164 6 406686571
3887 - 1164 6 406686571
3887 # 1504
3887 - 1164 6 406686571
3888 # 1504
3888 - 1164 7 406686571
3889 # 1504
3889 - 1164 8 406686571
3889 - 1165 7 406686571
3889 # 1504
3889 - 1165 7 406686571
3890 # 1504
3890 - 1165 8 406686571
3890 # 1504
3891 # 1504
3891 + 102 2802403873
3892 # 1504
3892 - 102 1 2802403873
3892 # 1504
3893 # 1504
3893 + 803 406688191
3894 # 1504
3894 - 803 1 406688191
3894 # 1504
3894 + 804 406688191
3894 + 713 406688191
3894 + 713 406688191
3894 + 526 406688191
3894 + 1064 406688191
3894 + 1065 406688191
3894 + 1082 406688191
3894 + 1082 406688191
3895 # 1504
3895 - 804 1 406688191
3895 # 1504
3895 - 713 1 406688191
3895 - 713 1 406688191
3895 - 526 1 406688191
3895 + 1082 406688191
3896 # 1504
3896 - 1064 2 406688191
3896 + 1082 406688191
3896 + 1082 406688191
3896 + 1082 406688191
3896 + 1182 406688191
3896 + 1182 406688191
3896 + 1182 406688191
3896 + 1183 406688191
3897 # 1504
3897 - 1065 3 406688191
3897 - 1082 3 406688191
3897 # 1504
3897 - 1082 3 406688191
3897 + 1183 406688191
3897 + 1183 406688191
3897 + 1183 406688191
3897 + 1183 406688191
3897 + 1183 406688191
3898 # 1504
3898 - 1082 3 406688191
3898 # 1504
3898 - 1082 2 406688191
3898 - 1082 2 406688191
3899 # 1504
3899 - 1082 3 406688191
3899 + 1183 406688191
3899 + 1160 406688191
3899 + 1160 406688191
3899 + 1160 406688191
3899 + 1160 406688191
3899 + 1160 406688191
3899 + 1160 406688191
3900 # 1504
3900 - 1182 4 406688191
3900 # 1504
3900 - 1182 4 406688191
3900 - 1182 4 406688191
3900 + 1160 406688191
3900 + 1160 406688191
3900 + 1161 406688191
3900 + 1161 406688191
3901 # 1504
3901 - 1183 5 406688191
3901 + 102 2802403873
3902 # 1504
3902 - 1183 5 406688191
3902 # 1504
3902 - 1183 5 406688191
3903 # 1504
3903 - 1183 6 406688191
3903 - 1183 6 406688191
3903 # 1504
3903 - 1183 6 406688191
3904 # 1504
3904 - 1183 5 406688191
3905 # 1504
3905 - 1160 6 406688191
3905 - 1160 6 406688191
3905 # 1504
3905 - 1160 6 406688191
3906 # 1504
3906 - 1160 7 406688191
3906 # 1504
3906 - 1160 7 406688191
3907 # 1504
3907 - 1160 8 406688191
3907 - 1160 7 406688191
3908 # 1504
3908 - 1160 8 406688191
3908 # 1504
3908 - 1161 8 406688191
3909 # 1504
3909 - 1161 9 406688191
3909 - 102 8 2802403873
3909 # 1504
3910 # 1504
3911 # 1504
3911 # 1504
3911 + 1128 406689811
3912 # 1504
3912 - 1128 1 406689811
3912 + 660 406689811
3912 + 660 406689811
3912 + 1070 406689811
3912 + 809 406689811
3913 # 1504
3913 - 660 1 406689811
3913 - 660 1 406689811
3913 # 1504
3913 - 1070 1 406689811
3913 + 1156 406689811
3913 + 1156 406689811
3913 + 1156 406689811
3913 + 102 2802403873
3913 + 96 554869826
3913 + 1157 406689811
3913 + 1134 406689811
3913 + 1134 406689811
3913 + 1134 406689811
3914 # 1504
3914 - 809 2 406689811
3914 - 1156 1 406689811
3914 # 1504
3914 - 1156 1 406689811
3914 + 1134 406689811
3914 + 1134 406689811
3915 # 1504
3915 - 1156 2 406689811
3915 - 102 2 2802403873
3915 - 96 2 554869826
3915 + 1158 406689811
3915 + 1158 406689811
3915 + 1158 406689811
3916 # 1504
3916 - 1157 3 406689811
3916 # 1504
3916 - 1134 3 406689811
3916 - 1134 3 406689811
3916 + 1158 406689811
3916 + 1158 406689811
3916 + 1158 406689811
3916 + 1158 406689811
3916 + 1158 406689811
3916 + 1158 406689811
3916 + 1158 406689811
3917 # 1504
3917 - 1134 4 406689811
3917 # 1504
3917 - 1134 3 406689811
3917 + 1144 406689811
3917 + 1144 406689811
3917 + 1144 406689811
3917 + 1144 406689811
3917 + 1144 406689811
3917 + 1144 406689811
3918 # 1504
3918 - 1134 4 406689811
3918 - 1158 3 406689811
3919 # 1504
3919 - 1158 4 406689811
3919 # 1504
3919 - 1158 4 406689811
3919 + 102 2802403873
3919 + 1145 406689811
3919 + 1145 406689811
3919 + 1145 406689811
3919 + 1145 406689811
3919 + 1145 406689811
3920 # 1504
3920 - 1158 4 406689811
3920 - 1158 4 406689811
3920 # 1504
3920 - 1158 4 406689811
3921 # 1504
3921 - 1158 5 406689811
3922 # 1504
3922 - 1158 6 406689811
3922 # 1504
3922 - 1158 6 406689811
3922 - 1158 6 406689811
3923 # 1504
3923 - 1144 6 406689811
3924 # 1504
3924 - 1144 7 406689811
3924 # 1504
3924 - 1144 7 406689811
3924 - 1144 7 406689811
3924 # 1504
3924 - 1144 7 406689811
3924 # 1504
3924 - 1144 7 406689811
3924 - 102 5 2802403873
3925 # 1504
3925 - 1145 6 406689811
3925 - 1145 6 406689811
3925 # 1504
3925 - 1145 6 406689811
3926 # 1504
3926 - 1145 7 406689811
3926 # 1504
3926 - 1145 7 406689811
3927 # 1504
3927 # 1504
3928 # 1504
3928 # 1504
3929 # 1504
3929 # 1504
3929 # 1504
3929 + 1193 406691431
3930 # 1504
3930 - 1193 1 406691431
3930 # 1504
3930 + 1176 406691431
3930 + 1176 406691431
3930 + 1176 406691431
3930 + 1147 406691431
3930 + 1148 406691431
3930 + 1148 406691431
3930 + 102 2802403873
3930 + 1148 406691431
3931 # 1504
3931 - 1176 1 406691431
3931 # 1504
3931 - 1176 1 406691431
3932 # 1504
3932 - 1176 2 406691431
3932 # 1504
3932 - 1147 2 406691431
3932 - 1148 2 406691431
3932 + 1093 406691431
3932 + 1093 406691431
3932 + 1093 406691431
3932 + 1121 406691431
3932 + 1121 406691431
3932 + 1122 406691431
3932 + 1122 406691431
3933 # 1504
3933 - 1148 3 406691431
3933 - 102 3 2802403873
3933 # 1504
3933 - 1148 3 406691431
3933 + 1122 406691431
3933 + 1122 406691431
3933 + 1142 406691431
3933 + 1142 406691431
3933 + 1142 406691431
3934 # 1504
3934 - 1093 2 406691431
3934 - 1093 2 406691431
3934 # 1504
3934 - 1093 2 406691431
3934 + 1143 406691431
3934 + 1143 406691431
3934 + 1150 406691431
3934 + 1150 406691431
3934 + 1150 406691431
3935 # 1504
3935 - 1121 3 406691431
3935 # 1504
3935 - 1121 3 406691431
3935 - 1122 3 406691431
3935 + 1150 406691431
3936 # 1504
3936 - 1122 4 406691431
3936 # 1504
3936 - 1122 3 406691431
3937 # 1504
3937 - 1122 4 406691431
3937 - 1142 4 406691431
3937 # 1504
3937 - 1142 4 406691431
3937 + 1150 406691431
3937 + 1151 406691431
3937 + 1151 406691431
3937 + 1151 406691431
3937 + 1165 406691431
3937 + 1165 406691431
3937 + 1165 406691431
3937 + 1165 406691431
3937 + 1165 406691431
3937 + 1166 406691431
3937 + 1166 406691431
3937 + 1166 406691431
3937 + 102 2802403873
3938 # 1504
3938 - 1142 5 406691431
3938 # 1504
3938 - 1143 4 406691431
3938 - 1143 4 406691431
3939 # 1504
3939 - 1150 5 406691431
3939 # 1504
3939 - 1150 5 406691431
3940 # 1504
3940 - 1150 6 406691431
3940 - 1150 5 406691431
3940 # 1504
3940 - 1150 3 406691431
3941 # 1504
3941 - 1151 4 406691431
3941 # 1504
3941 - 1151 4 406691431
3942 # 1504
3942 - 1151 5 406691431
3942 - 1165 5 406691431
3942 # 1504
3942 - 1165 5 406691431
3943 # 1504
3943 - 1165 6 406691431
3943 # 1504
3943 - 1165 6 406691431
3943 - 1165 6 406691431
3943 # 1504
3943 - 1166 6 406691431
3944 # 1504
3944 - 1166 7 406691431
3944 # 1504
3944 - 1166 7 406691431
3944 - 102 7 2802403873
3944 + 102 2802403873
3945 # 1504
3945 - 102 1 2802403873
3945 # 1504
3946 # 1504
3946 # 1504
3947 # 1504
3947 # 1504
3947 + 1184 406693051
3948 # 1504
3948 - 1184 1 406693051
3948 # 1504
3948 + 1184 406693051
3948 + 1188 406693051
3948 + 1188 406693051
3948 + 1188 406693051
3948 + 1189 406693051
3948 + 1030 406693051
3949 # 1504
3949 - 1184 1 406693051
3949 # 1504
3949 - 1188 1 406693051
3949 + 1030 406693051
3950 # 1504
3950 - 1188 2 406693051
3950 # 1504
3950 - 1188 2 406693051
3950 - 1189 2 406693051
3950 + 1030 406693051
3950 + 1030 406693051
3950 + 1030 406693051
3950 + 1145 406693051
3950 + 1145 406693051
3950 + 1145 406693051
3951 # 1504
3951 - 1030 3 406693051
3951 # 1504
3951 - 1030 2 406693051
3951 + 1146 406693051
3951 + 1135 406693051
3951 + 1135 406693051
3951 + 1135 406693051
3951 + 1135 406693051
3951 + 1135 406693051
3952 # 1504
3952 - 1030 2 406693051
3952 - 1030 2 406693051
3952 # 1504
3952 - 1030 2 406693051
3952 + 102 2802403873
3952 + 1136 406693051
3952 + 1136 406693051
3952 + 1235 406693051
3953 # 1504
3953 - 1145 3 406693051
3953 - 1145 3 406693051
3953 # 1504
3953 - 1145 3 406693051
3953 + 1235 406693051
3953 + 1235 406693051
3953 + 1236 406693051
3953 + 1236 406693051
3953 + 1103 406693051
3953 + 1103 406693051
3954 # 1504
3954 - 1146 3 406693051
3954 # 1504
3954 - 1135 3 406693051
3954 - 1135 3 406693051
3954 + 1103 406693051
3954 + 1103 406693051
3954 + 1104 406693051
3954 + 1104 406693051
3955 # 1504
3955 - 1135 4 406693051
3955 # 1504
3955 - 1135 4 406693051
3955 + 1104 406693051
3956 # 1504
3956 - 1135 5 406693051
3956 - 102 4 2802403873
3956 # 1504
3956 - 1136 4 406693051
3956 - 1136 4 406693051
3956 + 1104 406693051
3956 + 1148 406693051
3956 + 1148 406693051
3956 + 1149 406693051
3956 + 1149 406693051
3956 + 1149 406693051
3957 # 1504
3957 - 1235 5 406693051
3957 # 1504
3957 - 1235 4 406693051
3957 # 1504
3957 - 1235 4 406693051
3957 + 1149 406693051
3957 + 1149 406693051
3958 # 1504
3958 - 1236 5 406693051
3958 - 1236 5 406693051
3958 # 1504
3958 - 1103 5 406693051
3959 # 1504
3959 - 1103 6 406693051
3959 # 1504
3959 - 1103 5 406693051
3959 - 1103 5 406693051
3960 # 1504
3960 - 1104 6 406693051
3960 # 1504
3960 - 1104 6 406693051
3961 # 1504
3961 - 1104 6 406693051
3961 - 1104 5 406693051
3961 # 1504
3961 - 1148 5 406693051
3961 + 102 2802403873
3962 # 1504
3962 - 1148 6 406693051
3962 # 1504
3962 - 1149 6 406693051
3962 - 1149 6 406693051
3963 # 1504
3963 - 1149 7 406693051
3963 # 1504
3963 - 1149 6 406693051
3964 # 1504
3964 - 1149 7 406693051
3964 - 102 3 2802403873
3964 # 1504
3965 # 1504
3965 # 1504
3966 # 1504
3966 # 1504
3966 + 1094 406694671
3966 + 1094 406694671
3967 # 1504
3967 - 1094 1 406694671
3967 # 1504
3967 - 1094 1 406694671
3967 + 1095 406694671
3967 + 1095 406694671
3967 + 1114 406694671
3967 + 1114 406694671
3967 + 1114 406694671
3968 # 1504
3968 - 1095 1 406694671
3968 # 1504
3968 - 1095 1 406694671
3968 + 1114 406694671
3968 + 1114 406694671
3968 + 1121 406694671
3969 # 1504
3969 - 1114 2 406694671
3969 - 1114 2 406694671
3969 # 1504
3969 - 1114 2 406694671
3969 + 1121 406694671
3969 + 1121 406694671
3969 + 1121 406694671
3969 + 1121 406694671
3969 + 1014 406694671
3969 + 1014 406694671
3969 + 1014 406694671
3969 + 1014 406694671
3970 # 1504
3970 - 1114 2 406694671
3970 # 1504
3970 - 1114 2 406694671
3970 - 1121 2 406694671
3971 # 1504
3971 - 1121 2 406694671
3971 # 1504
3971 - 1121 2 406694671
3971 # 1504
3971 - 1121 2 406694671
3971 - 1121 2 406694671
3971 + 102 2802403873
3971 + 1015 406694671
3971 + 1207 406694671
3971 + 1207 406694671
3971 + 1207 406694671
3971 + 1207 406694671
3972 # 1504
3972 - 1014 3 406694671
3972 # 1504
3972 - 1014 3 406694671
3972 - 1014 3 406694671
3972 + 1207 406694671
3972 + 1208 406694671
3972 + 1213 406694671
3972 + 1213 406694671
3972 + 1213 406694671
3972 + 1213 406694671
3973 # 1504
3973 - 1014 4 406694671
3973 - 102 2 2802403873
3973 # 1504
3973 - 1015 2 406694671
3973 + 1213 406694671
3973 + 1213 406694671
3973 + 1222 406694671
3973 + 1222 406694671
3973 + 1222 406694671
3973 + 1222 406694671
3974 # 1504
3974 - 1207 3 406694671
3974 - 1207 3 406694671
3974 # 1504
3974 - 1207 3 406694671
3974 + 1222 406694671
3975 # 1504
3975 - 1207 4 406694671
3975 # 1504
3975 - 1207 3 406694671
3975 + 1222 406694671
3975 + 1222 406694671
3975 + 1223 406694671
3975 + 1141 406694671
3975 + 1141 406694671
3976 # 1504
3976 - 1208 4 406694671
3976 - 1213 4 406694671
3976 # 1504
3976 - 1213 4 406694671
3976 + 1141 406694671
3976 + 1141 406694671
3976 + 1142 406694671
3976 + 1142 406694671
3976 + 1142 406694671
3977 # 1504
3977 - 1213 5 406694671
3977 # 1504
3977 - 1213 5 406694671
3978 # 1504
3978 - 1213 5 406694671
3978 - 1213 5 406694671
3978 # 1504
3978 - 1222 5 406694671
3979 # 1504
3979 - 1222 6 406694671
3979 # 1504
3979 - 1222 6 406694671
3980 # 1504
3980 - 1222 7 406694671
3980 # 1504
3980 - 1222 6 406694671
3980 - 1222 5 406694671
3981 # 1504
3981 - 1222 6 406694671
3981 # 1504
3981 - 1223 6 406694671
3982 # 1504
3982 - 1141 7 406694671
3982 - 1141 7 406694671
3982 # 1504
3982 - 1141 6 406694671
3982 + 102 2802403873
3983 # 1504
3983 - 1141 7 406694671
3983 # 1504
3983 - 1142 7 406694671
3984 # 1504
3984 - 1142 8 406694671
3984 - 1142 8 406694671
3984 - 102 2 2802403873
3984 # 1504
3984 + 965 406696291
3984 + 965 406696291
3984 + 965 406696291
3985 # 1504
3985 - 965 1 406696291
3985 # 1504
3985 - 965 1 406696291
3985 - 965 1 406696291
3985 + 965 406696291
3985 + 1128 406696291
3985 + 1128 406696291
3985 + 1128 406696291
3985 + 1128 406696291
3985 + 1129 406696291
3986 # 1504
3986 - 965 1 406696291
3986 # 1504
3986 - 1128 1 406696291
3986 # 1504
3986 - 1128 1 406696291
3986 - 1128 1 406696291
3987 # 1504
3987 - 1128 2 406696291
3987 # 1504
3987 - 1129 2 406696291
3987 + 1116 406696291
3987 + 1116 406696291
3987 + 1116 406696291
3987 + 1116 406696291
3987 + 1117 406696291
3987 + 1225 406696291
3988 # 1504
3988 - 1116 1 406696291
3988 # 1504
3988 - 1116 1 406696291
3988 + 1225 406696291
3988 + 1225 406696291
3988 + 1225 406696291
3988 + 1225 406696291
3988 + 1225 406696291
3989 # 1504
3989 - 1116 2 406696291
3989 - 1116 2 406696291
3989 # 1504
3989 - 1117 2 406696291
3989 + 102 2802403873
3989 + 1098 406696291
3989 + 1099 406696291
3989 + 1099 406696291
3989 + 1099 406696291
3989 + 1099 406696291
3989 + 1099 406696291
3989 + 1136 406696291
3990 # 1504
3990 - 1225 3 406696291
3990 # 1504
3990 - 1225 2 406696291
3990 + 1136 406696291
3990 + 1137 406696291
3991 # 1504
3991 - 1225 3 406696291
3991 - 1225 3 406696291
3991 # 1504
3991 - 1225 3 406696291
3991 + 1137 406696291
3991 + 1137 406696291
3991 + 1137 406696291
3991 + 1166 406696291
3992 # 1504
3992 - 1225 4 406696291
3992 - 102 3 2802403873
3992 # 1504
3992 - 1098 3 406696291
3992 + 1166 406696291
3992 + 1166 406696291
3992 + 1166 406696291
3992 + 1166 406696291
3992 + 1166 406696291
3993 # 1504
3993 - 1099 4 406696291
3993 - 1099 4 406696291
3993 # 1504
3993 - 1099 4 406696291
3993 + 1167 406696291
3993 + 1167 406696291
3993 + 1167 406696291
3993 + 1167 406696291
3993 + 1226 406696291
3993 + 1226 406696291
3994 # 1504
3994 - 1099 5 406696291
3994 # 1504
3994 - 1099 5 406696291
3994 - 1136 5 406696291
3994 + 1226 406696291
3994 + 1227 406696291
3994 + 1227 406696291
3994 + 1227 406696291
3995 # 1504
3995 - 1136 5 406696291
3995 # 1504
3995 - 1137 5 406696291
3995 + 1227 406696291
3996 # 1504
3996 - 1137 5 406696291
3996 - 1137 5 406696291
3996 # 1504
3996 - 1137 5 406696291
3996 + 1227 406696291
3997 # 1504
3997 - 1166 6 406696291
3997 # 1504
3997 - 1166 5 406696291
3997 - 1166 5 406696291
3998 # 1504
3998 - 1166 6 406696291
3998 # 1504
3998 - 1166 6 406696291
3998 + 102 2802403873
3999 # 1504
3999 - 1166 7 406696291
3999 # 1504
3999 - 1167 6 406696291
3999 - 1167 6 406696291
4000 # 1504
4000 - 1167 7 406696291
4000 # 1504
4000 - 1167 7 406696291
4000 # 1504
4000 - 1226 7 406696291
4000 - 1226 7 406696291
4001 # 1504
4001 - 1226 7 406696291
4001 # 1504
4001 - 1227 7 406696291
4001 + 1084 406697911
4002 # 1504
4002 - 1227 8 406696291
4002 # 1504
4002 - 1227 8 406696291
4002 + 1085 406697911
4002 + 1085 406697911
4002 + 1085 406697911
4002 + 1172 406697911
4002 + 1172 406697911
4003 # 1504
4003 - 1227 8 406696291
4003 - 1227 7 406696291
4003 - 102 5 2802403873
4003 # 1504
4003 - 1084 2 406697911
4004 # 1504
4004 - 1085 2 406697911
4004 # 1504
4004 - 1085 2 406697911
4004 - 1085 2 406697911
4004 + 1172 406697911
4004 + 1173 406697911
4004 + 1173 406697911
4004 + 1111 406697911
4004 + 1111 406697911
4004 + 1112 406697911
4005 # 1504
4005 - 1172 3 406697911
4005 # 1504
4005 - 1172 3 406697911
4005 + 1112 406697911
4005 + 1112 406697911
4005 + 1112 406697911
4005 + 1112 406697911
4005 + 1112 406697911
4005 + 1112 406697911
4005 + 1186 406697911
4006 # 1504
4006 - 1172 2 406697911
4006 - 1173 2 406697911
4006 # 1504
4006 - 1173 2 406697911
4007 # 1504
4007 - 1111 3 406697911
4007 # 1504
4007 - 1111 3 406697911
4007 - 1112 3 406697911
4007 + 102 2802403873
4007 + 1186 406697911
4007 + 1186 406697911
4007 + 1187 406697911
4007 + 1187 406697911
4007 + 1187 406697911
4007 + 1238 406697911
4007 + 1238 406697911
4007 + 1238 406697911
4008 # 1504
4008 - 1112 3 406697911
4008 # 1504
4008 - 1112 3 406697911
4008 + 1239 406697911
4008 + 1239 406697911
4008 + 1239 406697911
4008 + 1239 406697911
4008 + 1109 406697911
4009 # 1504
4009 - 1112 4 406697911
4009 - 1112 4 406697911
4009 # 1504
4009 - 1112 4 406697911
4009 + 1109 406697911
4009 + 1109 406697911
4009 + 1109 406697911
4009 + 1109 406697911
4010 # 1504
4010 - 1112 5 406697911
4010 # 1504
4010 - 1186 5 406697911
4010 - 102 3 2802403873
4010 + 1110 406697911
4011 # 1504
4011 - 1186 4 406697911
4011 - 1186 4 406697911
4011 # 1504
4011 - 1187 4 406697911
4011 + 1110 406697911
4011 + 1216 406697911
4011 + 1216 406697911
4011 + 1216 406697911
4011 + 1216 406697911
4011 + 1217 406697911
4012 # 1504
4012 - 1187 5 406697911
4012 # 1504
4012 - 1187 5 406697911
4012 - 1238 5 406697911
4012 + 1217 406697911
4012 + 1217 406697911
4012 + 1217 406697911
4012 + 1217 406697911
4012 + 1217 406697911
4013 # 1504
4013 - 1238 6 406697911
4013 # 1504
4013 - 1238 6 406697911
4013 + 1139 406697911
4013 + 1139 406697911
4013 + 1139 406697911
4013 + 1139 406697911
4013 + 1140 406697911
4013 + 1140 406697911
4014 # 1504
4014 - 1239 6 406697911
4014 # 1504
4014 - 1239 6 406697911
4014 # 1504
4014 - 1239 6 406697911
4014 - 1239 6 406697911
4015 # 1504
4015 - 1109 7 406697911
4015 # 1504
4015 - 1109 6 406697911
4016 # 1504
4016 - 1109 7 406697911
4016 - 1109 7 406697911
4016 # 1504
4016 - 1109 7 406697911
4016 + 102 2802403873
4017 # 1504
4017 - 1110 7 406697911
4017 # 1504
4017 - 1110 6 406697911
4017 - 1216 6 406697911
4018 # 1504
4018 - 1216 7 406697911
4018 # 1504
4018 - 1216 7 406697911
4019 # 1504
4019 - 1216 8 406697911
4019 # 1504
4019 - 1217 8 406697911
4019 - 1217 7 406697911
4019 + 1120 406699531
4020 # 1504
4020 - 1217 8 406697911
4020 # 1504
4020 - 1217 8 406697911
4020 + 1120 406699531
4020 + 1120 406699531
4020 + 1120 406699531
4020 + 1121 406699531
4020 + 1122 406699531
4021 # 1504
4021 - 1217 9 406697911
4021 # 1504
4021 - 1217 9 406697911
4021 - 1139 8 406697911
4021 + 1122 406699531
4021 + 1122 406699531
4021 + 1122 406699531
4021 + 1122 406699531
4021 + 1123 406699531
4021 + 1123 406699531
4021 + 1123 406699531
4021 + 1219 406699531
4022 # 1504
4022 - 1139 9 406697911
4022 # 1504
4022 - 1139 9 406697911
4023 # 1504
4023 - 1139 10 406697911
4023 - 1140 10 406697911
4023 # 1504
4023 - 1140 10 406697911
4023 - 102 7 2802403873
4023 + 1219 406699531
4023 + 1219 406699531
4023 + 1219 406699531
4023 + 1219 406699531
4023 + 1219 406699531
4023 + 1219 406699531
4023 + 1219 406699531
4024 # 1504
4024 - 1120 5 406699531
4024 # 1504
4024 - 1120 4 406699531
4024 + 1188 406699531
4024 + 1188 406699531
4024 + 1188 406699531
4024 + 1188 406699531
4025 # 1504
4025 - 1120 5 406699531
4025 - 1120 5 406699531
4025 # 1504
4025 - 1121 5 406699531
4025 + 1189 406699531
4025 + 1200 406699531
4025 + 1201 406699531
4026 # 1504
4026 - 1122 6 406699531
4026 # 1504
4026 - 1122 5 406699531
4026 - 1122 5 406699531
4026 + 1201 406699531
4026 + 1201 406699531
4026 + 1201 406699531
4027 # 1504
4027 - 1122 6 406699531
4027 # 1504
4027 - 1122 6 406699531
4027 - 1123 6 406699531
4027 + 1161 406699531
4027 + 1162 406699531
4027 + 1162 406699531
4027 + 1162 406699531
4027 + 1162 406699531
4027 + 1162 406699531
4028 # 1504
4028 - 1123 7 406699531
4028 # 1504
4028 - 1123 7 406699531
4028 # 1504
4028 - 1219 7 406699531
4028 + 1162 406699531
4028 + 1162 406699531
4028 + 1162 406699531
4028 + 1085 406699531
4028 + 1085 406699531
4028 + 1085 406699531
4029 # 1504
4029 - 1219 6 406699531
4029 - 1219 6 406699531
4029 # 1504
4029 - 1219 6 406699531
4029 + 1085 406699531
4029 + 1085 406699531
4029 + 1009 406699531
4030 # 1504
4030 - 1219 7 406699531
4030 # 1504
4030 - 1219 7 406699531
4031 # 1504
4031 - 1219 8 406699531
4031 - 1219 8 406699531
4031 # 1504
4031 - 1188 7 406699531
4032 # 1504
4032 - 1188 8 406699531
4032 # 1504
4032 - 1188 8 406699531
4032 + 102 2802403873
4033 # 1504
4033 - 1188 9 406699531
4033 - 1189 8 406699531
4033 # 1504
4033 - 1200 8 406699531
4034 # 1504
4034 - 1201 9 406699531
4034 # 1504
4034 - 1201 8 406699531
4035 # 1504
4035 - 1201 9 406699531
4035 - 1201 9 406699531
4035 # 1504
4035 - 1161 8 406699531
4036 # 1504
4036 - 1162 9 406699531
4036 # 1504
4036 - 1162 9 406699531
4037 # 1504
4037 - 1162 10 406699531
4037 - 1162 10 406699531
4037 # 1504
4037 - 1162 10 406699531
4038 # 1504
4038 - 1162 10 406699531
4038 # 1504
4038 - 1162 10 406699531
4038 - 1162 10 406699531
4038 + 1157 406701151
4039 # 1504
4039 - 1085 11 406699531
4039 # 1504
4039 - 1085 11 406699531
4039 + 102 2802403873
4039 + 1157 406701151
4039 + 1157 406701151
4039 + 1157 406701151
4039 + 1157 406701151
4039 + 1158 406701151
4040 # 1504
4040 - 1085 12 406699531
4040 - 1085 11 406699531
4040 # 1504
4040 - 1085 11 406699531
4040 + 1149 406701151
4040 + 1149 406701151
4040 + 1150 406701151
4040 + 1150 406701151
4040 + 1150 406701151
4040 + 1150 406701151
4041 # 1504
4041 - 1009 12 406699531
4041 - 102 9 2802403873
4041 - 1157 3 406701151
4041 # 1504
4041 - 102 2 2802403873
4041 - 1157 2 406701151
4042 # 1504
4042 - 1157 3 406701151
4042 # 1504
4042 - 1157 3 406701151
4042 # 1504
4042 - 1157 3 406701151
4042 - 1158 3 406701151
4042 + 1150 406701151
4042 + 1150 406701151
4042 + 1150 406701151
4042 + 1236 406701151
4042 + 1236 406701151
4042 + 1236 406701151
4042 + 1236 406701151
4043 # 1504
4043 - 1149 3 406701151
4043 # 1504
4043 - 1149 3 406701151
4043 + 1236 406701151
4043 + 1237 406701151
4043 + 1237 406701151
4043 + 1237 406701151
4044 # 1504
4044 - 1150 4 406701151
4044 - 1150 4 406701151
4044 # 1504
4044 - 1150 4 406701151
4044 + 1237 406701151
4044 + 1066 406701151
4044 + 1066 406701151
4044 + 1066 406701151
4044 + 1067 406701151
4044 + 1136 406701151
4045 # 1504
4045 - 1150 5 406701151
4045 # 1504
4045 - 1150 3 406701151
4045 + 1136 406701151
4046 # 1504
4046 - 1150 4 406701151
4046 - 1150 4 406701151
4046 # 1504
4046 - 1236 4 406701151
4046 + 1136 406701151
4046 + 1136 406701151
4046 + 1137 406701151
4046 + 1137 406701151
4046 + 1056 406701151
4046 + 1057 406701151
4046 + 1057 406701151
4047 # 1504
4047 - 1236 5 406701151
4047 # 1504
4047 - 1236 5 406701151
4047 + 1057 406701151
4047 + 1011 406701151
4047 + 1011 406701151
4047 + 563 406701151
4048 # 1504
4048 - 1236 6 406701151
4048 - 1236 5 406701151
4048 # 1504
4048 - 1237 5 406701151
4049 # 1504
4049 - 1237 6 406701151
4049 # 1504
4049 - 1237 6 406701151
4050 # 1504
4050 - 1237 6 406701151
4050 - 1066 6 406701151
4050 # 1504
4050 - 1066 6 406701151
4051 # 1504
4051 - 1066 7 406701151
4051 # 1504
4051 - 1067 7 406701151
4051 - 1136 7 406701151
4052 # 1504
4052 - 1136 7 406701151
4052 # 1504
4052 - 1136 6 406701151
4053 # 1504
4053 - 1136 7 406701151
4053 - 1137 7 406701151
4053 # 1504
4053 - 1137 7 406701151
4054 # 1504
4054 - 1056 8 406701151
4054 - 1057 8 406701151
4054 # 1504
4054 - 1057 8 406701151
4054 + 102 2802403873
4054 + 1117 406702681
4055 # 1504
4055 - 1057 8 406701151
4055 # 1504
4055 - 1011 8 406701151
4055 - 1011 8 406701151
4056 # 1504
4056 - 563 9 406701151
4056 - 102 2 2802403873
4056 - 1117 2 406702681
4056 # 1504
4056 # 1504
4056 + 1117 406702681
4056 + 1118 406702681
4056 + 1118 406702681
4056 + 1177 406702681
4056 + 1177 406702681
4056 + 1178 406702681
4057 # 1504
4057 - 1117 1 406702681
4057 # 1504
4057 - 1118 1 406702681
4057 + 1178 406702681
4057 + 1178 406702681
4057 + 1178 406702681
4057 + 1178 406702681
4057 + 1178 406702681
4057 + 1178 406702681
4058 # 1504
4058 - 1118 2 406702681
4058 # 1504
4058 - 1177 2 406702681
4058 - 1177 2 406702681
4058 + 1115 406702681
4058 + 1115 406702681
4058 + 1115 406702681
4058 + 1115 406702681
4058 + 1115 406702681
4058 + 1115 406702681
4059 # 1504
4059 - 1178 3 406702681
4059 # 1504
4059 - 1178 2 406702681
4060 # 1504
4060 - 1178 3 406702681
4060 - 1178 3 406702681
4060 # 1504
4060 - 1178 3 406702681
4060 + 1115 406702681
4060 + 1115 406702681
4060 + 1115 406702681
4060 + 1210 406702681
4060 + 1211 406702681
4060 + 1211 406702681
4060 + 1211 406702681
4061 # 1504
4061 - 1178 4 406702681
4061 # 1504
4061 - 1178 4 406702681
4061 + 1208 406702681
4061 + 1209 406702681
4061 + 1209 406702681
4061 + 1062 406702681
4061 + 982 406702681
4061 + 982 406702681
4062 # 1504
4062 - 1115 4 406702681
4062 - 1115 4 406702681
4062 # 1504
4062 - 1115 4 406702681
4062 + 900 406702681
4063 # 1504
4063 - 1115 5 406702681
4063 - 1115 5 406702681
4063 # 1504
4063 - 1115 5 406702681
4064 # 1504
4064 - 1115 4 406702681
4064 # 1504
4064 - 1115 4 406702681
4064 - 1115 4 406702681
4065 # 1504
4065 - 1210 5 406702681
4065 # 1504
4065 - 1211 5 406702681
4066 # 1504
4066 - 1211 6 406702681
4066 # 1504
4066 - 1211 6 406702681
4066 - 1208 5 406702681
4067 # 1504
4067 - 1209 6 406702681
4067 # 1504
4067 - 1209 6 406702681
4068 # 1504
4068 - 1062 7 406702681
4068 - 982 7 406702681
4068 # 1504
4068 - 982 7 406702681
4069 # 1504
4069 - 900 7 406702681
4069 # 1504
4070 # 1504
4070 # 1504
4070 # 1504
4070 + 102 2802403873
4071 # 1504
4071 - 102 1 2802403873
4071 # 1504
4071 + 1026 406704301
4072 # 1504
4072 - 1026 1 406704301
4072 # 1504
4073 # 1504
4073 # 1504
4073 + 1026 406704301
4073 + 1026 406704301
4073 + 1026 406704301
4073 + 1027 406704301
4073 + 1163 406704301
4073 + 1163 406704301
4073 + 1164 406704301
4073 + 1164 406704301
4074 # 1504
4074 - 1026 1 406704301
4074 # 1504
4074 - 1026 1 406704301
4074 + 1164 406704301
4074 + 1116 406704301
4074 + 1117 406704301
4074 + 1117 406704301
4074 + 1117 406704301
4075 # 1504
4075 - 1026 2 406704301
4075 - 1027 2 406704301
4075 # 1504
4075 - 1163 2 406704301
4075 + 1117 406704301
4075 + 1181 406704301
4075 + 1182 406704301
4075 + 1182 406704301
4075 + 1182 406704301
4075 + 819 406704301
4076 # 1504
4076 - 1163 3 406704301
4076 # 1504
4076 - 1164 3 406704301
4076 - 1164 3 406704301
4077 # 1504
4077 - 1164 3 406704301
4077 # 1504
4077 - 1116 3 406704301
4077 + 935 406704301
4077 + 1075 406704301
4077 + 1075 406704301
4077 + 1076 406704301
4077 + 713 406704301
4077 + 714 406704301
4078 # 1504
4078 - 1117 4 406704301
4078 - 1117 4 406704301
4078 # 1504
4078 - 1117 4 406704301
4079 # 1504
4079 - 1117 4 406704301
4079 # 1504
4079 - 1181 4 406704301
4079 - 1182 4 406704301
4080 # 1504
4080 - 1182 5 406704301
4080 # 1504
4080 - 1182 5 406704301
4080 - 819 5 406704301
4081 # 1504
4081 - 935 4 406704301
4081 # 1504
4081 - 1075 4 406704301
4082 # 1504
4082 - 1075 5 406704301
4082 - 1076 5 406704301
4082 # 1504
4082 - 713 5 406704301
4082 - 714 5 406704301
4083 # 1504
4083 # 1504
4084 # 1504
4084 # 1504
4084 # 1504
4085 # 1504
4085 # 1504
4086 # 1504
4086 # 1504
4086 + 102 2802403873
4087 # 1504
4087 - 102 1 2802403873
4087 # 1504
4088 # 1504
4088 # 1504
4089 # 1504
4089 # 1504
4089 + 1074 406705921
4090 # 1504
4090 - 1074 1 406705921
4090 # 1504
4090 + 1074 406705921
4090 + 1074 406705921
4090 + 1074 406705921
4090 + 1074 406705921
4090 + 1075 406705921
4091 # 1504
4091 - 1074 1 406705921
4091 # 1504
4091 - 1074 1 406705921
4092 # 1504
4092 - 1074 2 406705921
4092 - 1074 2 406705921
4092 # 1504
4092 - 1075 2 406705921
4092 + 1151 406705921
4092 + 1151 406705921
4092 + 1151 406705921
4092 + 1151 406705921
4092 + 1151 406705921
4092 + 1151 406705921
4093 # 1504
4093 - 1151 1 406705921
4093 # 1504
4093 - 1151 1 406705921
4093 + 1151 406705921
4093 + 1194 406705921
4093 + 1194 406705921
4093 + 1194 406705921
4093 + 1194 406705921
4093 + 1194 406705921
4094 # 1504
4094 - 1151 2 406705921
4094 # 1504
4094 - 1151 2 406705921
4094 - 1151 2 406705921
4095 # 1504
4095 - 1151 3 406705921
4095 # 1504
4095 - 1151 2 406705921
4095 + 937 406705921
4095 + 937 406705921
4095 + 783 406705921
4095 + 973 406705921
4095 + 1011 406705921
4095 + 1012 406705921
4095 + 1012 406705921
4095 + 978 406705921
4095 + 978 406705921
4096 # 1504
4096 - 1194 3 406705921
4096 - 1194 3 406705921
4096 # 1504
4096 - 1194 3 406705921
4097 # 1504
4097 - 1194 4 406705921
4097 # 1504
4097 - 1194 4 406705921
4097 - 937 2 406705921
4098 # 1504
4098 - 937 3 406705921
4098 # 1504
4098 - 783 3 406705921
4098 - 973 3 406705921
4098 # 1504
4098 - 1011 3 406705921
4098 + 102 2802403873
4099 # 1504
4099 - 1012 4 406705921
4099 - 1012 4 406705921
4099 # 1504
4099 - 978 4 406705921
4100 # 1504
4100 - 978 5 406705921
4100 - 102 2 2802403873
4100 # 1504
4101 # 1504
4101 # 1504
4102 # 1504
4102 # 1504
4103 # 1504
4103 # 1504
4104 # 1504
4104 # 1504
4105 # 1504
4105 # 1504
4106 # 1504
4106 # 1504
4106 + 102 2802403873
4107 # 1504
4107 - 102 1 2802403873
4107 # 1504
4107 + 1150 406707541
4108 # 1504
4108 - 1150 1 406707541
4108 # 1504
4108 + 1150 406707541
4108 + 1150 406707541
4108 + 1150 406707541
4108 + 1151 406707541
4108 + 1151 406707541
4108 + 1109 406707541
4109 # 1504
4109 - 1150 1 406707541
4109 # 1504
4109 - 1150 1 406707541
4110 # 1504
4110 - 1150 2 406707541
4110 # 1504
4110 - 1151 2 406707541
4110 - 1151 2 406707541
4110 + 1109 406707541
4110 + 1109 406707541
4110 + 1109 406707541
4110 + 1110 406707541
4110 + 1110 406707541
4110 + 1110 406707541
4111 # 1504
4111 - 1109 3 406707541
4111 # 1504
4111 - 1109 1 406707541
4111 + 1142 406707541
4111 + 1143 406707541
4111 + 1143 406707541
4111 + 1143 406707541
4111 + 1143 406707541
4111 + 816 406707541
4112 # 1504
4112 - 1109 2 406707541
4112 - 1109 2 406707541
4112 # 1504
4112 - 1110 2 406707541
4112 # 1504
4112 - 1110 2 406707541
4112 - 1110 2 406707541
4112 + 948 406707541
4112 + 1029 406707541
4112 + 1232 406707541
4112 + 1232 406707541
4112 + 1232 406707541
4112 + 1233 406707541
4112 + 1010 406707541
4113 # 1504
4113 - 1142 2 406707541
4113 # 1504
4113 - 1143 2 406707541
4113 + 1010 406707541
4113 + 1011 406707541
4114 # 1504
4114 - 1143 3 406707541
4114 # 1504
4114 - 1143 3 406707541
4114 - 1143 3 406707541
4114 + 102 2802403873
4114 + 1011 406707541
4115 # 1504
4115 - 816 4 406707541
4115 - 948 3 406707541
4115 # 1504
4115 - 1029 3 406707541
4116 # 1504
4116 - 1232 4 406707541
4116 # 1504
4116 - 1232 4 406707541
4117 # 1504
4117 - 1232 5 406707541
4117 - 1233 5 406707541
4117 # 1504
4117 - 1010 5 406707541
4118 # 1504
4118 - 1010 5 406707541
4118 - 1011 5 406707541
4118 # 1504
4118 - 102 4 2802403873
4118 - 1011 4 406707541
4119 # 1504
4119 # 1504
4120 # 1504
4120 # 1504
4121 # 1504
4121 # 1504
4122 # 1504
4122 # 1504
4123 # 1504
4123 # 1504
4124 # 1504
4124 # 1504
4125 # 1504
4125 # 1504
4125 + 1117 406709161
4126 # 1504
4126 - 1117 1 406709161
4126 # 1504
4126 # 1504
4126 + 1117 406709161
4126 + 1117 406709161
4126 + 1117 406709161
4126 + 1117 406709161
4126 + 1117 406709161
4127 # 1504
4127 - 1117 1 406709161
4127 # 1504
4127 - 1117 1 406709161
4127 + 1117 406709161
4127 + 1118 406709161
4127 + 1118 406709161
4127 + 1114 406709161
4128 # 1504
4128 - 1117 2 406709161
4128 - 1117 2 406709161
4128 # 1504
4128 - 1117 2 406709161
4128 + 102 2802403873
4128 + 1114 406709161
4128 + 1115 406709161
4128 + 1115 406709161
4128 + 976 406709161
4128 + 977 406709161
4128 + 977 406709161
4129 # 1504
4129 - 1117 2 406709161
4129 # 1504
4129 - 1118 2 406709161
4129 - 1118 2 406709161
4130 # 1504
4130 - 1114 3 406709161
4130 - 102 2 2802403873
4130 # 1504
4130 - 1114 2 406709161
4130 + 737 406709161
4130 + 738 406709161
4130 + 784 406709161
4130 + 693 406709161
4130 + 1123 406709161
4130 + 1123 406709161
4130 + 1123 406709161
4131 # 1504
4131 - 1115 3 406709161
4131 - 1115 3 406709161
4131 # 1504
4131 - 976 3 406709161
4131 + 1123 406709161
4131 + 1123 406709161
4131 + 1124 406709161
4131 + 1009 406709161
4131 + 1009 406709161
4131 + 1009 406709161
4131 + 1009 406709161
4132 # 1504
4132 - 977 4 406709161
4132 - 977 4 406709161
4132 # 1504
4132 - 737 2 406709161
4132 - 738 2 406709161
4132 # 1504
4132 - 784 2 406709161
4132 - 693 2 406709161
4132 # 1504
4132 - 1123 2 406709161
4133 # 1504
4133 - 1123 3 406709161
4133 # 1504
4133 - 1123 3 406709161
4133 - 1123 2 406709161
4134 # 1504
4134 - 1123 3 406709161
4135 # 1504
4135 - 1124 4 406709161
4135 # 1504
4135 - 1009 4 406709161
4135 - 1009 4 406709161
4136 # 1504
4136 - 1009 5 406709161
4136 # 1504
4136 - 1009 5 406709161
4137 # 1504
4137 # 1504
4138 # 1504
4138 # 1504
4139 # 1504
4140 # 1504
4140 # 1504
4141 # 1504
4141 # 1504
4142 # 1504
4142 # 1504
4143 # 1504
4143 # 1504
4143 + 1153 406710781
4144 # 1504
4144 - 1153 1 406710781
4145 # 1504
4145 # 1504
4145 + 1153 406710781
4145 + 1153 406710781
4145 + 1153 406710781
4145 + 1153 406710781
4145 + 1153 406710781
4145 + 1153 406710781
4145 + 1153 406710781
4145 + 1153 406710781
4145 + 102 2802403873
4145 + 1166 406710781
4146 # 1504
4146 - 1153 1 406710781
4146 # 1504
4146 - 1153 1 406710781
4146 + 1166 406710781
4146 + 1166 406710781
4146 + 1166 406710781
4146 + 1167 406710781
4146 + 964 406710781
4147 # 1504
4147 - 1153 2 406710781
4147 # 1504
4147 - 1153 2 406710781
4147 - 1153 2 406710781
4147 + 964 406710781
4148 # 1504
4148 - 1153 3 406710781
4148 # 1504
4148 - 1153 3 406710781
4148 + 964 406710781
4148 + 744 406710781
4148 + 741 406710781
4148 + 742 406710781
4148 + 801 406710781
4148 + 1150 406710781
4148 + 1150 406710781
4148 + 1150 406710781
4148 + 1150 406710781
4149 # 1504
4149 - 1153 4 406710781
4149 - 102 4 2802403873
4149 - 1166 4 406710781
4149 + 1150 406710781
4149 + 1150 406710781
4149 + 1093 406710781
4149 + 1094 406710781
4149 + 1094 406710781
4150 # 1504
4150 - 1166 4 406710781
4150 # 1504
4150 - 1166 4 406710781
4150 + 1094 406710781
4151 # 1504
4151 - 1166 5 406710781
4151 # 1504
4151 - 1167 5 406710781
4151 - 964 5 406710781
4152 # 1504
4152 - 964 5 406710781
4152 # 1504
4152 - 964 4 406710781
4152 - 744 4 406710781
4152 - 741 4 406710781
4153 # 1504
4153 - 742 5 406710781
4154 # 1504
4154 - 801 6 406710781
4154 - 1150 6 406710781
4154 # 1504
4154 - 1150 6 406710781
4155 # 1504
4155 - 1150 7 406710781
4155 # 1504
4155 - 1150 7 406710781
4155 - 1150 6 406710781
4156 # 1504
4156 - 1150 7 406710781
4156 # 1504
4156 - 1093 7 406710781
4157 # 1504
4157 - 1094 8 406710781
4157 - 1094 8 406710781
4157 # 1504
4157 - 1094 7 406710781
4157 + 102 2802403873
4158 # 1504
4158 - 102 1 2802403873
4159 # 1504
4159 # 1504
4160 # 1504
4160 # 1504
4161 # 1504
4161 # 1504
4161 + 1236 406712401
4161 + 1236 406712401
4162 # 1504
4162 - 1236 1 406712401
4162 # 1504
4162 - 1236 1 406712401
4162 + 1236 406712401
4162 + 1236 406712401
4162 + 1236 406712401
4162 + 1237 406712401
4163 # 1504
4163 - 1236 1 406712401
4163 + 1237 406712401
4163 + 1081 406712401
4163 + 1082 406712401
4163 + 1082 406712401
4163 + 1082 406712401
4163 + 1082 406712401
4164 # 1504
4164 - 1236 2 406712401
4164 # 1504
4164 - 1236 2 406712401
4165 # 1504
4165 - 1237 3 406712401
4165 # 1504
4165 - 1237 2 406712401
4165 - 1081 2 406712401
4165 + 1105 406712401
4165 + 1105 406712401
4165 + 1106 406712401
4165 + 1106 406712401
4165 + 1211 406712401
4165 + 1211 406712401
4165 + 1212 406712401
4165 + 1081 406712401
4166 # 1504
4166 - 1082 3 406712401
4166 # 1504
4166 - 1082 3 406712401
4166 - 1082 3 406712401
4166 + 1081 406712401
4166 + 1081 406712401
4166 + 1081 406712401
4166 + 1082 406712401
4166 + 997 406712401
4166 + 998 406712401
4166 + 998 406712401
4167 # 1504
4167 - 1082 4 406712401
4167 # 1504
4167 - 1105 2 406712401
4167 + 1175 406712401
4168 # 1504
4168 - 1105 3 406712401
4168 - 1106 3 406712401
4168 + 1176 406712401
4168 + 1176 406712401
4168 + 1176 406712401
4168 + 982 406712401
4169 # 1504
4169 - 1106 4 406712401
4169 # 1504
4169 - 1211 4 406712401
4169 + 982 406712401
4170 # 1504
4170 - 1211 5 406712401
4170 # 1504
4170 - 1212 5 406712401
4170 - 1081 5 406712401
4171 # 1504
4171 - 1081 5 406712401
4171 # 1504
4171 - 1081 5 406712401
4171 - 1081 5 406712401
4172 # 1504
4172 - 1082 6 406712401
4172 # 1504
4172 - 997 6 406712401
4172 - 998 6 406712401
4172 + 102 2802403873
4173 # 1504
4173 - 998 7 406712401
4174 # 1504
4174 - 1175 7 406712401
4174 # 1504
4174 - 1176 6 406712401
4174 - 1176 6 406712401
4175 # 1504
4175 - 1176 7 406712401
4175 # 1504
4175 - 982 7 406712401
4176 # 1504
4176 - 982 7 406712401
4176 - 102 4 2802403873
4176 # 1504
4177 # 1504
4177 # 1504
4178 # 1504
4179 # 1504
4179 # 1504
4179 + 1179 406713931
4180 # 1504
4180 - 1179 1 406713931
4180 # 1504
4181 # 1504
4181 # 1504
4181 + 1179 406713931
4181 + 1179 406713931
4181 + 1180 406713931
4181 + 1180 406713931
4181 + 1180 406713931
4181 + 1180 406713931
4181 + 1107 406713931
4181 + 1107 406713931
4181 + 1107 406713931
4181 + 1108 406713931
4181 + 1108 406713931
4182 # 1504
4182 - 1179 1 406713931
4182 # 1504
4182 - 1179 1 406713931
4182 + 1108 406713931
4182 + 1108 406713931
4183 # 1504
4183 - 1180 2 406713931
4183 + 1154 406713931
4183 + 1154 406713931
4183 + 1154 406713931
4184 # 1504
4184 - 1180 3 406713931
4184 - 1180 3 406713931
4184 # 1504
4184 - 1180 3 406713931
4184 + 1155 406713931
4184 + 1155 406713931
4184 + 1155 406713931
4184 + 1155 406713931
4184 + 1155 406713931
4184 + 1155 406713931
4184 + 1155 406713931
4184 + 102 2802403873
4185 # 1504
4185 - 1107 4 406713931
4185 # 1504
4185 - 1107 4 406713931
4185 - 1107 4 406713931
4185 + 1155 406713931
4185 + 1156 406713931
4185 + 1160 406713931
4185 + 1160 406713931
4185 + 1160 406713931
4185 + 1160 406713931
4186 # 1504
4186 - 1108 5 406713931
4186 # 1504
4186 - 1108 5 406713931
4186 + 1160 406713931
4187 # 1504
4187 - 1108 5 406713931
4187 - 1108 5 406713931
4187 # 1504
4187 - 1154 4 406713931
4187 + 1160 406713931
4187 + 1160 406713931
4187 + 1056 406713931
4187 + 1057 406713931
4187 + 1057 406713931
4187 + 1057 406713931
4188 # 1504
4188 - 1154 5 406713931
4189 # 1504
4189 - 1154 6 406713931
4189 - 1155 5 406713931
4189 # 1504
4189 - 1155 5 406713931
4189 + 1057 406713931
4189 + 1030 406713931
4189 + 1030 406713931
4189 + 1030 406713931
4189 + 1030 406713931
4189 + 1057 406713931
4189 + 1057 406713931
4189 + 1058 406713931
4190 # 1504
4190 - 1155 6 406713931
4190 # 1504
4190 - 1155 6 406713931
4191 # 1504
4191 - 1155 7 406713931
4191 - 1155 7 406713931
4191 # 1504
4191 - 1155 7 406713931
4191 - 102 7 2802403873
4192 # 1504
4192 - 1155 7 406713931
4192 # 1504
4192 - 1156 7 406713931
4192 - 1160 7 406713931
4192 + 102 2802403873
4193 # 1504
4193 - 1160 8 406713931
4194 # 1504
4194 - 1160 9 406713931
4194 # 1504
4194 - 1160 9 406713931
4194 - 1160 8 406713931
4195 # 1504
4195 - 1160 8 406713931
4195 # 1504
4195 - 1160 8 406713931
4196 # 1504
4196 - 1056 9 406713931
4196 - 1057 9 406713931
4196 # 1504
4196 - 1057 9 406713931
4196 + 1190 406715551
4196 + 1190 406715551
4197 # 1504
4197 - 1057 10 406713931
4197 # 1504
4197 - 1057 8 406713931
4197 - 1030 8 406713931
4198 # 1504
4198 - 1030 9 406713931
4198 + 1190 406715551
4198 + 1190 406715551
4198 + 1190 406715551
4198 + 1190 406715551
4198 + 1209 406715551
4198 + 1209 406715551
4199 # 1504
4199 - 1030 10 406713931
4199 - 1030 10 406713931
4199 # 1504
4199 - 1057 10 406713931
4199 + 1209 406715551
4199 + 1209 406715551
4199 + 1209 406715551
4199 + 1209 406715551
4199 + 1209 406715551
4200 # 1504
4200 - 1057 11 406713931
4200 - 1058 11 406713931
4200 - 102 8 2802403873
4200 # 1504
4200 - 1190 4 406715551
4200 + 1209 406715551
4200 + 1203 406715551
4200 + 1203 406715551
4200 + 1203 406715551
4201 # 1504
4201 - 1190 5 406715551
4201 # 1504
4201 - 1190 3 406715551
4201 + 102 2802403873
4201 + 1204 406715551
4201 + 1204 406715551
4201 + 1204 406715551
4201 + 1204 406715551
4201 + 1123 406715551
4202 # 1504
4202 - 1190 4 406715551
4202 - 1190 4 406715551
4202 # 1504
4202 - 1190 4 406715551
4202 + 1123 406715551
4203 # 1504
4203 - 1209 5 406715551
4203 + 1123 406715551
4203 + 1124 406715551
4203 + 1124 406715551
4203 + 1145 406715551
4203 + 1145 406715551
4203 + 1146 406715551
4204 # 1504
4204 - 1209 6 406715551
4204 # 1504
4204 - 1209 5 406715551
4204 - 1209 5 406715551
4204 + 1146 406715551
4204 + 1146 406715551
4204 + 1146 406715551
4204 + 1146 406715551
4204 + 1128 406715551
4204 + 1128 406715551
4205 # 1504
4205 - 1209 6 406715551
4205 # 1504
4205 - 1209 6 406715551
4205 + 1128 406715551
4205 + 1128 406715551
4205 + 1129 406715551
4205 + 1129 406715551
4205 + 1084 406715551
4205 + 1084 406715551
4206 # 1504
4206 - 1209 7 406715551
4206 # 1504
4206 - 1209 6 406715551
4206 - 1203 6 406715551
4207 # 1504
4207 - 1203 7 406715551
4207 # 1504
4207 - 1203 7 406715551
4207 - 102 6 2802403873
4207 + 102 2802403873
4207 + 1085 406715551
4207 + 1085 406715551
4207 + 1085 406715551
4207 + 1235 406715551
4207 + 1236 406715551
4208 # 1504
4208 - 1204 7 406715551
4209 # 1504
4209 - 1204 8 406715551
4209 # 1504
4209 - 1204 8 406715551
4209 - 1204 8 406715551
4210 # 1504
4210 - 1123 9 406715551
4210 # 1504
4210 - 1123 8 406715551
4211 # 1504
4211 - 1123 8 406715551
4211 - 1124 8 406715551
4211 # 1504
4211 - 1124 8 406715551
4212 # 1504
4212 - 1145 9 406715551
4212 # 1504
4212 - 1145 9 406715551
4212 - 1146 9 406715551
4213 # 1504
4213 - 1146 9 406715551
4214 # 1504
4214 - 1146 10 406715551
4214 # 1504
4214 - 1146 10 406715551
4214 - 1146 10 406715551
4214 + 1123 406717171
4214 + 1124 406717171
4215 # 1504
4215 - 1128 11 406715551
4215 # 1504
4215 - 1128 11 406715551
4215 + 1124 406717171
4215 + 1124 406717171
4215 + 1124 406717171
4216 # 1504
4216 - 1128 11 406715551
4216 - 1128 11 406715551
4216 # 1504
4216 - 1129 11 406715551
4216 + 1124 406717171
4216 + 1116 406717171
4217 # 1504
4217 - 1129 12 406715551
4217 # 1504
4217 - 1084 12 406715551
4217 - 1084 12 406715551
4217 - 102 10 2802403873
4217 + 102 2802403873
4217 + 1116 406717171
4217 + 1116 406717171
4217 + 1116 406717171
4217 + 1116 406717171
4217 + 1116 406717171
4217 + 1116 406717171
4217 + 1117 406717171
4218 # 1504
4218 - 1085 11 406715551
4219 # 1504
4219 - 1085 12 406715551
4219 # 1504
4219 - 1085 12 406715551
4219 - 1235 12 406715551
4219 + 1232 406717171
4219 + 1232 406717171
4219 + 1233 406717171
4219 + 1233 406717171
4219 + 1233 406717171
4219 + 1233 406717171
4219 + 1102 406717171
4219 + 1102 406717171
4219 + 1102 406717171
4219 + 1103 406717171
4220 # 1504
4220 - 1236 13 406715551
4220 # 1504
4220 - 1123 6 406717171
4220 + 1103 406717171
4220 + 1130 406717171
4220 + 1131 406717171
4220 + 1131 406717171
4220 + 1131 406717171
4220 + 1131 406717171
4221 # 1504
4221 - 1124 7 406717171
4221 - 1124 6 406717171
4221 # 1504
4221 - 1124 6 406717171
4221 + 1131 406717171
4222 # 1504
4222 - 1124 7 406717171
4222 # 1504
4222 - 1124 6 406717171
4222 - 1116 6 406717171
4222 - 102 5 2802403873
4222 + 1131 406717171
4222 + 1081 406717171
4222 + 1081 406717171
4222 + 1081 406717171
4222 + 1082 406717171
4223 # 1504
4223 - 1116 6 406717171
4223 + 1082 406717171
4223 + 1082 406717171
4223 + 1082 406717171
4223 + 1145 406717171
4223 + 1145 406717171
4223 + 1145 406717171
4223 + 1145 406717171
4224 # 1504
4224 - 1116 7 406717171
4224 # 1504
4224 - 1116 7 406717171
4224 - 1116 7 406717171
4224 + 1146 406717171
4224 + 1164 406717171
4224 + 1165 406717171
4225 # 1504
4225 - 1116 8 406717171
4225 # 1504
4225 - 1116 8 406717171
4226 # 1504
4226 - 1117 9 406717171
4226 # 1504
4226 - 1232 7 406717171
4226 - 1232 7 406717171
4227 # 1504
4227 - 1233 8 406717171
4227 # 1504
4227 - 1233 8 406717171
4227 + 102 2802403873
4228 # 1504
4228 - 1233 9 406717171
4229 # 1504
4229 - 1233 10 406717171
4229 - 1102 10 406717171
4229 # 1504
4229 - 1102 10 406717171
4230 # 1504
4230 - 1102 11 406717171
4230 # 1504
4230 - 1103 11 406717171
4230 - 1103 10 406717171
4231 # 1504
4231 - 1130 11 406717171
4231 # 1504
4231 - 1131 11 406717171
4232 # 1504
4232 - 1131 12 406717171
4232 - 1131 12 406717171
4232 # 1504
4232 - 1131 12 406717171
4232 + 1130 406718791
4233 # 1504
4233 - 1131 12 406717171
4233 + 1130 406718791
4234 # 1504
4234 - 1131 12 406717171
4234 - 1081 12 406717171
4234 # 1504
4234 - 1081 12 406717171
4234 + 1131 406718791
4234 + 1131 406718791
4234 + 1131 406718791
4234 + 1131 406718791
4234 + 1116 406718791
4234 + 1116 406718791
4234 + 1116 406718791
4234 + 1116 406718791
4235 # 1504
4235 - 1081 13 406717171
4235 - 1082 13 406717171
4235 # 1504
4235 - 1082 12 406717171
4235 + 1116 406718791
4235 + 1116 406718791
4235 + 1117 406718791
4235 + 1117 406718791
4235 + 1177 406718791
4235 + 1177 406718791
4236 # 1504
4236 - 1082 13 406717171
4236 # 1504
4236 - 1082 13 406717171
4236 - 1145 13 406717171
4236 + 1177 406718791
4236 + 1177 406718791
4237 # 1504
4237 - 1145 14 406717171
4237 + 1177 406718791
4237 + 1177 406718791
4237 + 1162 406718791
4237 + 1162 406718791
4238 # 1504
4238 - 1145 15 406717171
4238 # 1504
4238 - 1145 15 406717171
4238 - 1146 14 406717171
4239 # 1504
4239 - 1164 15 406717171
4239 # 1504
4239 - 1165 15 406717171
4239 - 102 12 2802403873
4239 + 1162 406718791
4239 + 1163 406718791
4239 + 1163 406718791
4239 + 1163 406718791
4239 + 1087 406718791
4239 + 1087 406718791
4239 + 1088 406718791
4239 + 1088 406718791
4239 + 1088 406718791
4239 + 1088 406718791
4239 + 1088 406718791
4239 + 1237 406718791
4239 + 1237 406718791
4240 # 1504
4240 - 1130 8 406718791
4240 - 1130 7 406718791
4240 # 1504
4240 - 1131 6 406718791
4240 + 1237 406718791
4241 # 1504
4241 - 1131 7 406718791
4241 # 1504
4241 - 1131 7 406718791
4241 + 1237 406718791
4241 + 1120 406718791
4241 + 1120 406718791
4241 + 1120 406718791
4241 + 1120 406718791
4241 + 102 2802403873
4242 # 1504
4242 - 1131 8 406718791
4242 - 1116 8 406718791
4242 + 1120 406718791
4242 + 724 406718791
4242 + 724 406718791
4243 # 1504
4243 - 1116 9 406718791
4243 # 1504
4243 - 1116 9 406718791
4243 - 1116 9 406718791
4244 # 1504
4244 - 1116 9 406718791
4244 # 1504
4244 - 1116 9 406718791
4245 # 1504
4245 - 1117 10 406718791
4245 - 1117 10 406718791
4245 # 1504
4245 - 1177 10 406718791
4246 # 1504
4246 - 1177 11 406718791
4246 # 1504
4246 - 1177 10 406718791
4247 # 1504
4247 - 1177 11 406718791
4247 - 1177 10 406718791
4248 # 1504
4248 - 1177 11 406718791
4248 # 1504
4248 - 1162 11 406718791
4249 # 1504
4249 - 1162 12 406718791
4249 - 1162 10 406718791
4249 # 1504
4249 - 1163 10 406718791
4250 # 1504
4250 - 1163 11 406718791
4250 # 1504
4250 - 1163 11 406718791
4250 - 1087 11 406718791
4250 + 1171 406720411
4251 # 1504
4251 - 1087 12 406718791
4251 # 1504
4251 - 1088 12 406718791
4251 + 1172 406720411
4251 + 1172 406720411
4251 + 1172 406720411
4251 + 1172 406720411
4251 + 1227 406720411
4251 + 102 2802403873
4252 # 1504
4252 - 1088 13 406718791
4252 - 1088 13 406718791
4252 + 1227 406720411
4252 + 1227 406720411
4252 + 1227 406720411
4252 + 1227 406720411
4252 + 1227 406720411
4252 + 1227 406720411
4253 # 1504
4253 - 1088 14 406718791
4253 # 1504
4253 - 1088 14 406718791
4253 + 1132 406720411
4254 # 1504
4254 - 1237 15 406718791
4254 - 1237 15 406718791
4254 # 1504
4254 - 1237 14 406718791
4254 + 1132 406720411
4254 + 1132 406720411
4254 + 1132 406720411
4254 + 1132 406720411
4254 + 1011 406720411
4254 + 1011 406720411
4255 # 1504
4255 - 1237 14 406718791
4255 # 1504
4255 - 1120 14 406718791
4255 + 1011 406720411
4255 + 1011 406720411
4255 + 1158 406720411
4255 + 1158 406720411
4255 + 1159 406720411
4256 # 1504
4256 - 1120 15 406718791
4256 - 1120 15 406718791
4256 # 1504
4256 - 1120 15 406718791
4256 - 102 15 2802403873
4256 + 867 406720411
4256 + 868 406720411
4256 + 1056 406720411
4256 + 1056 406720411
4256 + 1056 406720411
4256 + 1057 406720411
4256 + 1057 406720411
4256 + 1057 406720411
4256 + 1046 406720411
4257 # 1504
4257 - 1120 15 406718791
4257 - 724 15 406718791
4258 # 1504
4258 - 724 16 406718791
4258 # 1504
4258 - 1171 8 406720411
4258 - 1172 7 406720411
4258 + 1046 406720411
4258 + 1047 406720411
4259 # 1504
4259 - 1172 8 406720411
4259 # 1504
4259 - 1172 8 406720411
4260 # 1504
4260 - 1172 9 406720411
4260 # 1504
4260 - 1227 9 406720411
4260 - 102 9 2802403873
4260 - 1227 8 406720411
4261 # 1504
4261 - 1227 9 406720411
4261 # 1504
4261 - 1227 9 406720411
4262 # 1504
4262 - 1227 10 406720411
4263 # 1504
4263 - 1227 11 406720411
4263 # 1504
4263 - 1227 11 406720411
4263 - 1132 10 406720411
4263 + 102 2802403873
4264 # 1504
4264 - 1132 10 406720411
4264 # 1504
4264 - 1132 10 406720411
4265 # 1504
4265 - 1132 11 406720411
4265 - 1132 11 406720411
4265 # 1504
4265 - 1011 11 406720411
4266 # 1504
4266 - 1011 12 406720411
4266 - 1011 11 406720411
4266 # 1504
4266 - 1011 11 406720411
4267 # 1504
4267 - 1158 12 406720411
4267 + 1081 406722031
4268 # 1504
4268 - 1158 13 406720411
4268 - 1159 13 406720411
4268 # 1504
4268 - 867 12 406720411
4268 - 868 12 406720411
4269 # 1504
4269 - 1056 13 406720411
4269 # 1504
4269 - 1056 13 406720411
4269 + 1081 406722031
4269 + 1081 406722031
4269 + 1082 406722031
4269 + 1082 406722031
4269 + 1177 406722031
4269 + 1177 406722031
4270 # 1504
4270 - 1056 14 406720411
4270 - 1057 14 406720411
4270 # 1504
4270 - 1057 14 406720411
4270 + 1177 406722031
4270 + 1177 406722031
4270 + 1177 406722031
4270 + 937 406722031
4270 + 938 406722031
4270 + 989 406722031
4270 + 735 406722031
4271 # 1504
4271 - 1057 15 406720411
4271 - 1046 15 406720411
4271 # 1504
4271 - 1046 13 406720411
4271 + 736 406722031
4271 + 1030 406722031
4271 + 1031 406722031
4271 + 1191 406722031
4271 + 1191 406722031
4271 + 1191 406722031
4271 + 1191 406722031
4272 # 1504
4272 - 1047 14 406720411
4272 - 102 9 2802403873
4273 # 1504
4273 - 1081 6 406722031
4273 - 1081 4 406722031
4273 # 1504
4273 - 1081 4 406722031
4273 + 1191 406722031
4273 + 1191 406722031
4273 + 954 406722031
4273 + 955 406722031
4273 + 955 406722031
4273 + 955 406722031
4274 # 1504
4274 - 1082 5 406722031
4274 - 1082 5 406722031
4274 # 1504
4274 - 1177 5 406722031
4275 # 1504
4275 - 1177 6 406722031
4275 # 1504
4275 - 1177 5 406722031
4276 # 1504
4276 - 1177 6 406722031
4276 - 1177 6 406722031
4276 # 1504
4276 - 937 6 406722031
4277 # 1504
4277 - 938 7 406722031
4277 - 989 7 406722031
4277 + 102 2802403873
4278 # 1504
4278 - 735 8 406722031
4278 - 736 7 406722031
4278 # 1504
4278 - 1030 7 406722031
4279 # 1504
4279 - 1031 8 406722031
4279 - 1191 8 406722031
4279 # 1504
4279 - 1191 8 406722031
4280 # 1504
4280 - 1191 9 406722031
4280 # 1504
4280 - 1191 9 406722031
4281 # 1504
4281 - 1191 8 406722031
4281 - 1191 8 406722031
4281 # 1504
4281 - 954 8 406722031
4282 # 1504
4282 - 955 9 406722031
4282 - 955 9 406722031
4283 # 1504
4283 - 955 10 406722031
4283 - 102 6 2802403873
4283 # 1504
4284 # 1504
4284 # 1504
4285 # 1504
4285 # 1504
4286 # 1504
4286 # 1504
4286 + 1049 406723651
4286 + 1049 406723651
4287 # 1504
4287 - 1049 1 406723651
4288 # 1504
4288 - 1049 2 406723651
4288 # 1504
4289 # 1504
4289 # 1504
4289 + 1049 406723651
4289 + 1049 406723651
4289 + 1049 406723651
4289 + 1142 406723651
4289 + 1142 406723651
4289 + 1142 406723651
4289 + 1142 406723651
4289 + 1142 406723651
4289 + 1142 406723651
4289 + 1143 406723651
4289 + 715 406723651
4289 + 716 406723651
4289 + 981 406723651
4289 + 823 406723651
4289 + 823 406723651
4290 # 1504
4290 - 1049 1 406723651
4290 # 1504
4290 - 1049 1 406723651
4290 + 1190 406723651
4290 + 102 2802403873
4291 # 1504
4291 - 1049 2 406723651
4291 - 1142 2 406723651
4291 # 1504
4291 - 1142 2 406723651
4291 + 1191 406723651
4291 + 1171 406723651
4291 + 1171 406723651
4291 + 1171 406723651
4291 + 1171 406723651
4291 + 1171 406723651
4291 + 1171 406723651
4292 # 1504
4292 - 1142 3 406723651
4293 # 1504
4293 - 1142 4 406723651
4293 - 1142 4 406723651
4293 # 1504
4293 - 1142 4 406723651
4293 + 1171 406723651
4293 + 1172 406723651
4293 + 1142 406723651
4293 + 1143 406723651
4293 + 1143 406723651
4294 # 1504
4294 - 1143 5 406723651
4294 - 715 5 406723651
4294 # 1504
4294 - 716 5 406723651
4295 # 1504
4295 - 981 6 406723651
4295 - 823 6 406723651
4295 # 1504
4295 - 823 6 406723651
4295 - 1190 5 406723651
4295 - 102 5 2802403873
4296 # 1504
4296 - 1191 5 406723651
4296 # 1504
4296 - 1171 5 406723651
4297 # 1504
4297 - 1171 6 406723651
4298 # 1504
4298 - 1171 7 406723651
4298 - 1171 7 406723651
4298 # 1504
4298 - 1171 7 406723651
4298 + 102 2802403873
4299 # 1504
4299 - 1171 8 406723651
4299 # 1504
4299 - 1171 6 406723651
4299 - 1172 6 406723651
4300 # 1504
4300 - 1142 7 406723651
4300 # 1504
4300 - 1143 7 406723651
4301 # 1504
4301 - 1143 8 406723651
4301 - 102 3 2802403873
4301 # 1504
4302 # 1504
4303 # 1504
4303 # 1504
4303 + 1186 406725181
4304 # 1504
4304 - 1186 1 406725181
4304 # 1504
4304 + 1186 406725181
4304 + 1186 406725181
4304 + 1186 406725181
4304 + 1186 406725181
4304 + 1060 406725181
4305 # 1504
4305 - 1186 1 406725181
4305 # 1504
4305 - 1186 1 406725181
4305 + 1060 406725181
4305 + 1060 406725181
4305 + 1060 406725181
4305 + 1060 406725181
4305 + 1061 406725181
4305 + 1005 406725181
4306 # 1504
4306 - 1186 2 406725181
4306 # 1504
4306 - 1186 2 406725181
4306 - 1060 2 406725181
4306 + 1005 406725181
4306 + 1006 406725181
4306 + 1168 406725181
4306 + 982 406725181
4306 + 1185 406725181
4307 # 1504
4307 - 1060 2 406725181
4307 + 1185 406725181
4307 + 1185 406725181
4307 + 1189 406725181
4307 + 1189 406725181
4308 # 1504
4308 - 1060 3 406725181
4308 - 1060 3 406725181
4308 # 1504
4308 - 1060 3 406725181
4308 + 1189 406725181
4308 + 1189 406725181
4309 # 1504
4309 - 1061 4 406725181
4309 # 1504
4309 - 1005 4 406725181
4309 - 1005 3 406725181
4309 + 1189 406725181
4309 + 1189 406725181
4309 + 1199 406725181
4309 + 1199 406725181
4310 # 1504
4310 - 1006 4 406725181
4310 # 1504
4310 - 1168 4 406725181
4310 - 982 4 406725181
4311 # 1504
4311 - 1185 5 406725181
4311 # 1504
4311 - 1185 4 406725181
4311 + 102 2802403873
4312 # 1504
4312 - 1185 5 406725181
4312 - 1189 5 406725181
4313 # 1504
4313 - 1189 6 406725181
4313 # 1504
4313 - 1189 5 406725181
4314 # 1504
4314 - 1189 6 406725181
4314 # 1504
4314 - 1189 5 406725181
4314 - 1189 5 406725181
4315 # 1504
4315 - 1199 6 406725181
4315 # 1504
4315 - 1199 6 406725181
4315 - 102 4 2802403873
4316 # 1504
4316 # 1504
4317 # 1504
4318 # 1504
4318 # 1504
4319 # 1504
4319 # 1504
4319 + 102 2802403873
4320 # 1504
4320 - 102 1 2802403873
4320 # 1504
4321 # 1504
4321 + 1077 406726801
4321 + 1077 406726801
4322 # 1504
4322 - 1077 1 406726801
4322 # 1504
4322 - 1077 1 406726801
4322 + 1077 406726801
4322 + 1078 406726801
4322 + 1078 406726801
4322 + 1078 406726801
4322 + 1155 406726801
4323 # 1504
4323 - 1077 1 406726801
4323 # 1504
4323 - 1078 1 406726801
4323 + 1155 406726801
4323 + 1155 406726801
4323 + 1155 406726801
4323 + 1155 406726801
4323 + 1156 406726801
4323 + 1156 406726801
4324 # 1504
4324 - 1078 2 406726801
4324 - 1078 2 406726801
4324 # 1504
4324 - 1155 2 406726801
4324 + 858 406726801
4324 + 858 406726801
4325 # 1504
4325 - 1155 2 406726801
4325 # 1504
4325 - 1155 2 406726801
4325 - 1155 2 406726801
4325 + 859 406726801
4325 + 904 406726801
4325 + 904 406726801
4325 + 752 406726801
4325 + 752 406726801
4325 + 1093 406726801
4325 + 1093 406726801
4326 # 1504
4326 - 1155 3 406726801
4326 + 1093 406726801
4326 + 1092 406726801
4326 + 1093 406726801
4326 + 1093 406726801
4326 + 1093 406726801
4326 + 1093 406726801
4327 # 1504
4327 - 1156 4 406726801
4327 # 1504
4327 - 1156 4 406726801
4327 - 858 3 406726801
4327 + 1093 406726801
4327 + 1093 406726801
4327 + 978 406726801
4328 # 1504
4328 - 858 4 406726801
4328 - 859 3 406726801
4328 # 1504
4328 - 904 3 406726801
4328 + 979 406726801
4328 + 979 406726801
4328 + 118 2802403873
4329 # 1504
4329 - 904 4 406726801
4329 - 752 4 406726801
4329 # 1504
4329 - 752 4 406726801
4329 - 1093 4 406726801
4330 # 1504
4330 - 1093 5 406726801
4330 # 1504
4330 - 1093 4 406726801
4331 # 1504
4331 - 1092 5 406726801
4331 - 1093 5 406726801
4332 # 1504
4332 - 1093 6 406726801
4332 # 1504
4332 - 1093 6 406726801
4332 - 1093 6 406726801
4333 # 1504
4333 - 1093 6 406726801
4333 # 1504
4333 - 1093 6 406726801
4333 # 1504
4333 - 978 6 406726801
4333 - 979 5 406726801
4333 # 1504
4333 - 979 5 406726801
4333 - 118 5 2802403873
4333 + 102 2802403873
4334 # 1504
4334 - 102 1 2802403873
4335 # 1504
4335 # 1504
4336 # 1504
4336 # 1504
4337 # 1504
4337 # 1504
4338 # 1504
4338 + 102 2802403873
4338 + 1046 406728421
4339 # 1504
4339 - 102 1 2802403873
4339 - 1046 1 406728421
4339 # 1504
4339 + 1046 406728421
4340 # 1504
4340 - 1046 1 406728421
4340 # 1504
4340 + 1046 406728421
4340 + 1046 406728421
4340 + 1046 406728421
4340 + 1047 406728421
4340 + 1086 406728421
4340 + 1086 406728421
4340 + 1086 406728421
4341 # 1504
4341 - 1046 1 406728421
4341 + 1086 406728421
4341 + 1087 406728421
4341 + 1087 406728421
4341 + 1087 406728421
4341 + 1168 406728421
4341 + 1168 406728421
4342 # 1504
4342 - 1046 2 406728421
4342 # 1504
4342 - 1046 2 406728421
4342 - 1047 2 406728421
4343 # 1504
4343 - 1086 3 406728421
4343 # 1504
4343 - 1086 3 406728421
4343 - 1086 3 406728421
4343 + 1168 406728421
4343 + 750 406728421
4343 + 751 406728421
4343 + 913 406728421
4343 + 913 406728421
4343 + 913 406728421
4343 + 1017 406728421
4344 # 1504
4344 - 1086 3 406728421
4344 + 1017 406728421
4344 + 1017 406728421
4344 + 1018 406728421
4344 + 1018 406728421
4344 + 1045 406728421
4344 + 1045 406728421
4344 + 1045 406728421
4345 # 1504
4345 - 1087 4 406728421
4345 # 1504
4345 - 1087 4 406728421
4345 - 1087 4 406728421
4345 + 1045 406728421
4345 + 1045 406728421
4345 + 1045 406728421
4345 + 1008 406728421
4345 + 1009 406728421
4345 + 1009 406728421
4346 # 1504
4346 - 1168 5 406728421
4346 # 1504
4346 - 1168 5 406728421
4347 # 1504
4347 - 1168 4 406728421
4347 - 750 4 406728421
4348 # 1504
4348 - 751 5 406728421
4348 - 913 5 406728421
4348 # 1504
4348 - 913 5 406728421
4348 - 913 5 406728421
4349 # 1504
4349 - 1017 6 406728421
4349 # 1504
4349 - 1017 5 406728421
4350 # 1504
4350 - 1017 6 406728421
4350 - 1018 6 406728421
4350 # 1504
4350 - 1018 6 406728421
4351 # 1504
4351 - 1045 7 406728421
4351 - 1045 7 406728421
4352 # 1504
4352 - 1045 8 406728421
4352 # 1504
4352 - 1045 7 406728421
4352 - 1045 7 406728421
4352 + 102 2802403873
4353 # 1504
4353 - 1045 8 406728421
4353 # 1504
4353 - 1008 8 406728421
4353 - 1009 8 406728421
4354 # 1504
4354 - 1009 9 406728421
4354 - 102 2 2802403873
4355 # 1504
4355 # 1504
4356 # 1504
4356 # 1504
4357 # 1504
4357 + 1122 406730041
4358 # 1504
4358 - 1122 1 406730041
4358 # 1504
4358 + 1122 406730041
4358 + 1122 406730041
4358 + 1161 406730041
4358 + 1161 406730041
4358 + 1161 406730041
4359 # 1504
4359 - 1122 1 406730041
4359 # 1504
4359 - 1122 1 406730041
4359 + 1161 406730041
4359 + 1161 406730041
4359 + 1162 406730041
4359 + 1189 406730041
4359 + 1189 406730041
4359 + 1190 406730041
4360 # 1504
4360 - 1161 2 406730041
4360 + 102 2802403873
4360 + 664 406730041
4361 # 1504
4361 - 1161 3 406730041
4361 - 1161 3 406730041
4361 # 1504
4361 - 1161 2 406730041
4361 + 665 406730041
4361 + 1081 406730041
4361 + 1081 406730041
4361 + 1082 406730041
4361 + 1134 406730041
4361 + 1134 406730041
4362 # 1504
4362 - 1161 3 406730041
4362 # 1504
4362 - 1162 3 406730041
4362 - 1189 3 406730041
4363 # 1504
4363 - 1189 4 406730041
4363 # 1504
4363 - 1190 4 406730041
4363 - 102 3 2802403873
4363 + 1135 406730041
4363 + 1135 406730041
4363 + 1218 406730041
4363 + 1218 406730041
4363 + 1218 406730041
4363 + 1219 406730041
4363 + 1219 406730041
4363 + 1219 406730041
4363 + 1219 406730041
4363 + 1069 406730041
4363 + 1069 406730041
4363 + 1069 406730041
4364 # 1504
4364 - 664 4 406730041
4364 - 665 3 406730041
4364 + 1069 406730041
4364 + 1069 406730041
4365 # 1504
4365 - 1081 4 406730041
4365 - 1081 4 406730041
4365 # 1504
4365 - 1082 4 406730041
4366 # 1504
4366 - 1134 5 406730041
4366 # 1504
4366 - 1134 5 406730041
4366 - 1135 3 406730041
4367 # 1504
4367 - 1135 4 406730041
4368 # 1504
4368 - 1218 5 406730041
4368 # 1504
4368 - 1218 5 406730041
4368 + 102 2802403873
4369 # 1504
4369 - 1218 6 406730041
4369 - 1219 6 406730041
4369 # 1504
4369 - 1219 6 406730041
4370 # 1504
4370 - 1219 7 406730041
4371 # 1504
4371 - 1219 8 406730041
4371 # 1504
4371 - 1069 8 406730041
4371 - 1069 8 406730041
4372 # 1504
4372 - 1069 9 406730041
4372 # 1504
4372 - 1069 8 406730041
4372 - 1069 8 406730041
4372 - 102 4 2802403873
4373 # 1504
4374 # 1504
4374 # 1504
4375 # 1504
4375 # 1504
4375 + 976 406731661
4376 # 1504
4376 - 976 1 406731661
4376 + 976 406731661
4376 + 977 406731661
4376 + 1089 406731661
4376 + 1089 406731661
4376 + 1090 406731661
4376 + 1090 406731661
4377 # 1504
4377 - 976 1 406731661
4377 # 1504
4377 - 977 1 406731661
4377 + 1090 406731661
4377 + 1118 406731661
4377 + 1118 406731661
4377 + 1119 406731661
4377 + 1131 406731661
4377 + 1131 406731661
4378 # 1504
4378 - 1089 2 406731661
4378 - 1089 2 406731661
4378 # 1504
4378 - 1090 2 406731661
4379 # 1504
4379 - 1090 3 406731661
4379 - 1090 2 406731661
4379 # 1504
4379 - 1118 2 406731661
4379 + 1131 406731661
4379 + 1060 406731661
4379 + 1060 406731661
4379 + 1060 406731661
4379 + 900 406731661
4379 + 900 406731661
4379 + 901 406731661
4380 # 1504
4380 - 1118 3 406731661
4380 + 1184 406731661
4380 + 1184 406731661
4380 + 1184 406731661
4380 + 1184 406731661
4380 + 1184 406731661
4380 + 1184 406731661
4381 # 1504
4381 - 1119 4 406731661
4381 - 1131 4 406731661
4381 # 1504
4381 - 1131 4 406731661
4381 + 102 2802403873
4381 + 1185 406731661
4381 + 1185 406731661
4381 + 1185 406731661
4381 + 1185 406731661
4381 + 1185 406731661
4381 + 1198 406731661
4382 # 1504
4382 - 1131 3 406731661
4382 # 1504
4382 - 1060 3 406731661
4382 - 1060 3 406731661
4383 # 1504
4383 - 1060 4 406731661
4383 + 1199 406731661
4383 + 1199 406731661
4383 + 1199 406731661
4384 # 1504
4384 - 900 5 406731661
4384 - 900 5 406731661
4384 # 1504
4384 - 901 5 406731661
4385 # 1504
4385 - 1184 5 406731661
4385 - 1184 5 406731661
4385 # 1504
4385 - 1184 5 406731661
4386 # 1504
4386 - 1184 6 406731661
4387 # 1504
4387 - 1184 7 406731661
4387 # 1504
4387 - 1184 7 406731661
4387 - 102 6 2802403873
4387 - 1185 6 406731661
4388 # 1504
4388 - 1185 7 406731661
4388 # 1504
4388 - 1185 7 406731661
4389 # 1504
4389 - 1185 8 406731661
4390 # 1504
4390 - 1185 9 406731661
4390 - 1198 9 406731661
4390 # 1504
4390 - 1199 7 406731661
4391 # 1504
4391 - 1199 8 406731661
4391 # 1504
4391 - 1199 8 406731661
4391 + 102 2802403873
4392 # 1504
4392 - 102 1 2802403873
4392 # 1504
4392 + 1069 406733281
4393 # 1504
4393 - 1069 1 406733281
4394 # 1504
4394 # 1504
4394 + 1070 406733281
4394 + 1092 406733281
4394 + 1092 406733281
4394 + 1092 406733281
4394 + 1092 406733281
4395 # 1504
4395 - 1070 1 406733281
4395 # 1504
4395 - 1092 1 406733281
4395 + 1092 406733281
4395 + 1092 406733281
4395 + 1092 406733281
4395 + 966 406733281
4395 + 966 406733281
4395 + 967 406733281
4395 + 967 406733281
4396 # 1504
4396 - 1092 2 406733281
4396 - 1092 2 406733281
4396 + 903 406733281
4396 + 903 406733281
4396 + 903 406733281
4396 + 1183 406733281
4396 + 1183 406733281
4396 + 1103 406733281
4396 + 1103 406733281
4397 # 1504
4397 - 1092 3 406733281
4397 # 1504
4397 - 1092 2 406733281
4397 + 102 2802403873
4398 # 1504
4398 - 1092 3 406733281
4398 - 1092 3 406733281
4398 # 1504
4398 - 966 3 406733281
4398 + 1104 406733281
4398 + 1104 406733281
4398 + 1178 406733281
4398 + 1178 406733281
4398 + 1178 406733281
4398 + 1178 406733281
4398 + 1178 406733281
4398 + 1178 406733281
4399 # 1504
4399 - 966 4 406733281
4399 - 967 4 406733281
4399 + 1178 406733281
4399 + 1178 406733281
4399 + 1178 406733281
4399 + 1178 406733281
4399 + 1240 406733281
4400 # 1504
4400 - 967 5 406733281
4400 - 903 4 406733281
4400 # 1504
4400 - 903 4 406733281
4400 + 1240 406733281
4400 + 1240 406733281
4401 # 1504
4401 - 903 5 406733281
4401 - 1183 5 406733281
4401 # 1504
4401 - 1183 5 406733281
4402 # 1504
4402 - 1103 6 406733281
4403 # 1504
4403 - 1103 7 406733281
4403 - 102 6 2802403873
4403 # 1504
4403 - 1104 5 406733281
4403 - 1104 5 406733281
4404 # 1504
4404 - 1178 6 406733281
4404 # 1504
4404 - 1178 6 406733281
4405 # 1504
4405 - 1178 7 406733281
4405 - 1178 7 406733281
4405 # 1504
4405 - 1178 7 406733281
4406 # 1504
4406 - 1178 8 406733281
4406 + 102 2802403873
4407 # 1504
4407 - 1178 8 406733281
4407 # 1504
4407 - 1178 8 406733281
4407 - 1178 8 406733281
4408 # 1504
4408 - 1178 9 406733281
4408 # 1504
4408 - 1240 9 406733281
4409 # 1504
4409 - 1240 9 406733281
4410 # 1504
4410 - 1240 10 406733281
4410 - 102 4 2802403873
4410 # 1504
4410 + 731 406734901
4410 + 732 406734901
4411 # 1504
4411 - 731 1 406734901
4411 - 732 1 406734901
4411 # 1504
4412 # 1504
4412 + 1202 406734901
4412 + 1202 406734901
4412 + 1202 406734901
4412 + 1203 406734901
4412 + 1203 406734901
4412 + 1203 406734901
4413 # 1504
4413 - 1202 1 406734901
4413 # 1504
4413 - 1202 1 406734901
4413 + 1195 406734901
4413 + 1196 406734901
4413 + 1196 406734901
4413 + 1196 406734901
4413 + 996 406734901
4413 + 996 406734901
4414 # 1504
4414 - 1202 2 406734901
4414 # 1504
4414 - 1203 2 406734901
4414 - 1203 2 406734901
4414 + 997 406734901
4414 + 1169 406734901
4414 + 1169 406734901
4414 + 1169 406734901
4414 + 1140 406734901
4415 # 1504
4415 - 1203 3 406734901
4415 + 1140 406734901
4416 # 1504
4416 - 1195 3 406734901
4416 # 1504
4416 - 1196 3 406734901
4416 + 1140 406734901
4416 + 1227 406734901
4416 + 1227 406734901
4416 + 1227 406734901
4416 + 1227 406734901
4416 + 1227 406734901
4417 # 1504
4417 - 1196 4 406734901
4417 - 1196 4 406734901
4417 # 1504
4417 - 996 4 406734901
4417 + 1227 406734901
4417 + 1227 406734901
4417 + 1227 406734901
4417 + 1227 406734901
4417 + 1126 406734901
4417 + 1126 406734901
4418 # 1504
4418 - 996 5 406734901
4418 - 997 4 406734901
4418 # 1504
4418 - 1169 4 406734901
4418 + 1126 406734901
4419 # 1504
4419 - 1169 5 406734901
4419 + 102 2802403873
4420 # 1504
4420 - 1169 6 406734901
4420 # 1504
4420 - 1140 6 406734901
4420 - 1140 5 406734901
4421 # 1504
4421 - 1140 5 406734901
4421 # 1504
4421 - 1227 5 406734901
4422 # 1504
4422 - 1227 6 406734901
4423 # 1504
4423 - 1227 7 406734901
4423 - 1227 7 406734901
4423 # 1504
4423 - 1227 7 406734901
4424 # 1504
4424 - 1227 7 406734901
4424 # 1504
4424 - 1227 7 406734901
4425 # 1504
4425 - 1227 8 406734901
4425 - 1227 8 406734901
4426 # 1504
4426 - 1126 9 406734901
4426 # 1504
4426 - 1126 9 406734901
4427 # 1504
4427 - 1126 9 406734901
4427 - 102 8 2802403873
4427 # 1504
4427 + 102 2802403873
4428 # 1504
4428 - 102 1 2802403873
4428 + 912 406736431
4428 + 1183 406736431
4429 # 1504
4429 - 912 1 406736431
4429 # 1504
4429 - 1183 1 406736431
4429 + 1183 406736431
4429 + 1183 406736431
4429 + 1183 406736431
4429 + 1183 406736431
4429 + 1183 406736431
4430 # 1504
4430 - 1183 1 406736431
4430 # 1504
4430 - 1183 1 406736431
4431 # 1504
4431 - 1183 2 406736431
4431 # 1504
4431 - 1183 2 406736431
4431 - 1183 2 406736431
4431 + 1184 406736431
4431 + 1184 406736431
4431 + 1184 406736431
4431 + 1185 406736431
4431 + 1185 406736431
4431 + 1185 406736431
4432 # 1504
4432 - 1184 1 406736431
4432 + 1231 406736431
4432 + 1231 406736431
4432 + 914 406736431
4432 + 914 406736431
4432 + 914 406736431
4432 + 1156 406736431
4432 + 1156 406736431
4433 # 1504
4433 - 1184 2 406736431
4433 # 1504
4433 - 1184 2 406736431
4433 + 1156 406736431
4433 + 1191 406736431
4433 + 1192 406736431
4433 + 1192 406736431
4433 + 1192 406736431
4433 + 1192 406736431
4434 # 1504
4434 - 1185 3 406736431
4434 - 1185 3 406736431
4434 # 1504
4434 - 1185 3 406736431
4435 # 1504
4435 - 1231 3 406736431
4435 + 1192 406736431
4435 + 1192 406736431
4435 + 1192 406736431
4435 + 1086 406736431
4435 + 1086 406736431
4435 + 1086 406736431
4436 # 1504
4436 - 1231 4 406736431
4436 - 914 4 406736431
4436 # 1504
4436 - 914 4 406736431
4437 # 1504
4437 - 914 5 406736431
4437 - 1156 5 406736431
4437 # 1504
4437 - 1156 5 406736431
4438 # 1504
4438 - 1156 5 406736431
4439 # 1504
4439 - 1191 6 406736431
4439 # 1504
4439 - 1192 6 406736431
4439 - 1192 6 406736431
4440 # 1504
4440 - 1192 7 406736431
4440 # 1504
4440 - 1192 7 406736431
4440 + 102 2802403873
4441 # 1504
4441 - 1192 6 406736431
4442 # 1504
4442 - 1192 7 406736431
4442 - 1192 7 406736431
4442 # 1504
4442 - 1086 7 406736431
4443 # 1504
4443 - 1086 8 406736431
4443 - 1086 8 406736431
4443 # 1504
4443 - 102 3 2802403873
4444 # 1504
4444 # 1504
4445 # 1504
4446 # 1504
4446 # 1504
4446 + 686 406738051
4447 # 1504
4447 - 686 1 406738051
4447 # 1504
4447 + 687 406738051
4447 + 1148 406738051
4447 + 1148 406738051
4447 + 1148 406738051
4447 + 1148 406738051
4447 + 1148 406738051
4448 # 1504
4448 - 687 1 406738051
4449 # 1504
4449 - 1148 2 406738051
4449 - 1148 2 406738051
4449 # 1504
4449 - 1148 2 406738051
4449 + 1148 406738051
4449 + 1148 406738051
4449 + 1223 406738051
4449 + 1223 406738051
4449 + 1223 406738051
4449 + 1223 406738051
4449 + 1223 406738051
4449 + 1224 406738051
4449 + 1006 406738051
4449 + 1006 406738051
4449 + 1007 406738051
4450 # 1504
4450 - 1148 3 406738051
4450 # 1504
4450 - 1148 3 406738051
4450 + 1178 406738051
4450 + 1178 406738051
4450 + 1179 406738051
4451 # 1504
4451 - 1148 2 406738051
4451 - 1148 2 406738051
4451 + 1153 406738051
4451 + 1153 406738051
4451 + 1153 406738051
4452 # 1504
4452 - 1223 3 406738051
4452 # 1504
4452 - 1223 3 406738051
4452 + 1153 406738051
4452 + 1208 406738051
4452 + 1208 406738051
4452 + 1208 406738051
4452 + 1208 406738051
4452 + 1208 406738051
4453 # 1504
4453 - 1223 4 406738051
4453 # 1504
4453 - 1223 4 406738051
4453 - 1223 4 406738051
4453 + 102 2802403873
4453 + 1209 406738051
4453 + 1151 406738051
4453 + 1151 406738051
4453 + 1151 406738051
4454 # 1504
4454 - 1224 5 406738051
4455 # 1504
4455 - 1006 6 406738051
4455 # 1504
4455 - 1006 6 406738051
4455 - 1007 6 406738051
4456 # 1504
4456 - 1178 6 406738051
4456 # 1504
4456 - 1178 6 406738051
4457 # 1504
4457 - 1179 7 406738051
4457 - 1153 6 406738051
4457 # 1504
4457 - 1153 6 406738051
4458 # 1504
4458 - 1153 7 406738051
4459 # 1504
4459 - 1153 7 406738051
4459 - 1208 7 406738051
4459 # 1504
4459 - 1208 7 406738051
4460 # 1504
4460 - 1208 8 406738051
4460 # 1504
4460 - 1208 8 406738051
4461 # 1504
4461 - 1208 9 406738051
4461 - 102 8 2802403873
4461 - 1209 8 406738051
4462 # 1504
4462 - 1151 9 406738051
4462 # 1504
4462 - 1151 9 406738051
4463 # 1504
4463 - 1151 10 406738051
4463 # 1504
4464 # 1504
4464 + 883 406739671
4464 + 1208 406739671
4465 # 1504
4465 - 883 1 406739671
4465 # 1504
4465 - 1208 1 406739671
4465 + 1208 406739671
4465 + 1209 406739671
4466 # 1504
4466 - 1208 1 406739671
4466 # 1504
4466 - 1209 1 406739671
4466 + 1209 406739671
4466 + 1209 406739671
4466 + 1209 406739671
4467 # 1504
4467 - 1209 1 406739671
4467 + 102 2802403873
4467 + 1210 406739671
4467 + 1210 406739671
4467 + 1210 406739671
4467 + 1210 406739671
4467 + 1210 406739671
4467 + 1210 406739671
4468 # 1504
4468 - 1209 2 406739671
4468 # 1504
4468 - 1209 2 406739671
4468 - 102 1 2802403873
4468 + 1210 406739671
4468 + 1211 406739671
4468 + 1086 406739671
4468 + 1086 406739671
4468 + 1086 406739671
4468 + 1086 406739671
4469 # 1504
4469 - 1210 2 406739671
4469 # 1504
4469 - 1210 2 406739671
4469 - 1210 2 406739671
4469 + 1086 406739671
4469 + 1086 406739671
4469 + 1238 406739671
4470 # 1504
4470 - 1210 3 406739671
4470 # 1504
4470 - 1210 3 406739671
4470 + 1238 406739671
4470 + 1238 406739671
4470 + 1239 406739671
4471 # 1504
4471 - 1210 4 406739671
4471 + 1239 406739671
4471 + 1239 406739671
4471 + 1239 406739671
4471 + 1096 406739671
4471 + 1097 406739671
4471 + 1097 406739671
4472 # 1504
4472 - 1210 4 406739671
4472 - 1211 4 406739671
4472 # 1504
4472 - 1086 4 406739671
4472 + 1097 406739671
4472 + 1097 406739671
4472 + 1097 406739671
4472 + 1097 406739671
4472 + 1132 406739671
4472 + 1133 406739671
4472 + 1133 406739671
4473 # 1504
4473 - 1086 5 406739671
4473 # 1504
4473 - 1086 5 406739671
4473 - 1086 5 406739671
4473 + 1133 406739671
4473 + 1133 406739671
4473 + 1133 406739671
4473 + 964 406739671
4474 # 1504
4474 - 1086 5 406739671
4474 + 965 406739671
4474 + 965 406739671
4474 + 102 2802403873
4475 # 1504
4475 - 1086 6 406739671
4475 # 1504
4475 - 1238 6 406739671
4475 - 1238 5 406739671
4476 # 1504
4476 - 1238 6 406739671
4476 # 1504
4476 - 1239 6 406739671
4477 # 1504
4477 - 1239 6 406739671
4478 # 1504
4478 - 1239 7 406739671
4478 # 1504
4478 - 1239 7 406739671
4478 - 1096 7 406739671
4479 # 1504
4479 - 1097 8 406739671
4479 # 1504
4479 - 1097 8 406739671
4479 - 1097 7 406739671
4480 # 1504
4480 - 1097 8 406739671
4481 # 1504
4481 - 1097 9 406739671
4481 # 1504
4481 - 1097 9 406739671
4481 - 1132 9 406739671
4481 + 102 2802403873
4482 # 1504
4482 - 1133 10 406739671
4482 # 1504
4482 - 1133 10 406739671
4482 + 781 406741291
4483 # 1504
4483 - 1133 10 406739671
4483 - 1133 10 406739671
4483 # 1504
4483 - 1133 10 406739671
4483 + 782 406741291
4483 + 1184 406741291
4483 + 1184 406741291
4483 + 1184 406741291
4483 + 1184 406741291
4483 + 1184 406741291
4484 # 1504
4484 - 964 11 406739671
4484 - 965 10 406739671
4484 + 1185 406741291
4484 + 1185 406741291
4484 + 1185 406741291
4484 + 1206 406741291
4484 + 1206 406741291
4485 # 1504
4485 - 965 11 406739671
4485 - 102 11 2802403873
4485 - 102 4 2802403873
4485 # 1504
4485 - 781 3 406741291
4485 - 782 2 406741291
4485 + 1206 406741291
4486 # 1504
4486 - 1184 3 406741291
4486 # 1504
4486 - 1184 3 406741291
4486 + 1206 406741291
4486 + 1206 406741291
4486 + 1207 406741291
4486 + 1207 406741291
4486 + 1207 406741291
4487 # 1504
4487 - 1184 4 406741291
4487 - 1184 4 406741291
4487 + 1192 406741291
4487 + 1192 406741291
4487 + 1192 406741291
4487 + 1193 406741291
4487 + 1193 406741291
4487 + 1230 406741291
4488 # 1504
4488 - 1184 5 406741291
4488 # 1504
4488 - 1185 4 406741291
4489 # 1504
4489 - 1185 5 406741291
4489 # 1504
4489 - 1185 5 406741291
4489 - 1206 5 406741291
4489 + 1230 406741291
4489 + 1230 406741291
4489 + 1231 406741291
4489 + 1231 406741291
4489 + 1231 406741291
4489 + 1231 406741291
4489 + 1087 406741291
4489 + 1087 406741291
4489 + 1087 406741291
4489 + 1087 406741291
4490 # 1504
4490 - 1206 6 406741291
4491 # 1504
4491 - 1206 6 406741291
4491 # 1504
4491 - 1206 5 406741291
4491 + 1087 406741291
4491 + 1087 406741291
4491 + 1046 406741291
4491 + 1046 406741291
4491 + 1046 406741291
4491 + 1046 406741291
4491 + 1046 406741291
4491 + 1047 406741291
4491 + 930 406741291
4491 + 930 406741291
4491 + 930 406741291
4492 # 1504
4492 - 1206 6 406741291
4492 - 1207 6 406741291
4492 # 1504
4492 - 1207 6 406741291
4492 + 102 2802403873
4493 # 1504
4493 - 1207 7 406741291
4494 # 1504
4494 - 1192 7 406741291
4494 # 1504
4494 - 1192 7 406741291
4494 - 1192 7 406741291
4495 # 1504
4495 - 1193 8 406741291
4495 # 1504
4495 - 1193 8 406741291
4496 # 1504
4496 - 1230 9 406741291
4497 # 1504
4497 - 1230 8 406741291
4497 - 1230 8 406741291
4497 # 1504
4497 - 1231 8 406741291
4497 + 52 0
4498 # 1504
4498 - 1231 9 406741291
4498 # 1504
4498 - 1231 9 406741291
4499 # 1504
4499 - 1231 10 406741291
4499 - 1087 10 406741291
4499 # 1504
4499 - 1087 10 406741291
4500 # 1504
4500 - 1087 11 406741291
4501 # 1504
4501 - 1087 12 406741291
4501 - 1087 10 406741291
4501 # 1504
4501 - 1087 10 406741291
4501 + 1022 406742911
4502 # 1504
4502 - 1046 11 406741291
4502 - 1046 11 406741291
4502 # 1504
4502 - 1046 11 406741291
4502 + 1022 406742911
4502 + 1022 406742911
4503 # 1504
4503 - 1046 12 406741291
4503 - 1046 12 406741291
4503 + 1237 406742911
4503 + 1237 406742911
4503 + 1237 406742911
4503 + 1238 406742911
4503 + 1238 406742911
4503 + 1238 406742911
4503 + 1238 406742911
4503 + 1238 406742911
4504 # 1504
4504 - 1047 13 406741291
4504 # 1504
4504 - 930 13 406741291
4504 - 930 13 406741291
4504 + 1136 406742911
4504 + 1136 406742911
4504 + 1136 406742911
4504 + 1136 406742911
4504 + 1136 406742911
4504 + 1137 406742911
4505 # 1504
4505 - 930 14 406741291
4505 - 102 13 2802403873
4505 - 52 8 0
4505 # 1504
4505 - 1022 4 406742911
4505 - 1022 3 406742911
4505 + 1137 406742911
4506 # 1504
4506 - 1022 4 406742911
4506 + 1137 406742911
4506 + 1137 406742911
4506 + 1116 406742911
4506 + 1116 406742911
4506 + 1117 406742911
4507 # 1504
4507 - 1237 4 406742911
4507 # 1504
4507 - 1237 4 406742911
4507 + 102 2802403873
4507 + 1117 406742911
4507 + 1117 406742911
4507 + 1117 406742911
4507 + 1179 406742911
4507 + 1179 406742911
4507 + 1179 406742911
4508 # 1504
4508 - 1237 5 406742911
4508 - 1238 5 406742911
4508 # 1504
4508 - 1238 5 406742911
4508 + 1179 406742911
4508 + 1179 406742911
4508 + 1180 406742911
4508 + 1180 406742911
4508 + 1180 406742911
4508 + 1209 406742911
4509 # 1504
4509 - 1238 6 406742911
4509 + 1210 406742911
4510 # 1504
4510 - 1238 7 406742911
4510 # 1504
4510 - 1238 7 406742911
4510 - 1136 6 406742911
4510 + 1210 406742911
4510 + 1210 406742911
4510 + 1210 406742911
4510 + 1103 406742911
4510 + 1103 406742911
4511 # 1504
4511 - 1136 7 406742911
4511 # 1504
4511 - 1136 7 406742911
4511 + 1103 406742911
4511 + 1103 406742911
4511 + 1103 406742911
4511 + 1103 406742911
4511 + 960 406742911
4511 + 960 406742911
4511 + 961 406742911
4512 # 1504
4512 - 1136 8 406742911
4512 # 1504
4512 - 1136 8 406742911
4512 - 1137 8 406742911
4513 # 1504
4513 - 1137 8 406742911
4514 # 1504
4514 - 1137 8 406742911
4514 # 1504
4514 - 1137 8 406742911
4514 - 1116 8 406742911
4515 # 1504
4515 - 1116 9 406742911
4515 # 1504
4515 - 1117 9 406742911
4515 - 102 8 2802403873
4516 # 1504
4516 - 1117 9 406742911
4516 - 1117 9 406742911
4517 # 1504
4517 - 1117 10 406742911
4517 # 1504
4517 - 1179 10 406742911
4518 # 1504
4518 - 1179 11 406742911
4518 - 1179 11 406742911
4518 # 1504
4518 - 1179 10 406742911
4518 + 995 406744531
4518 + 995 406744531
4519 # 1504
4519 - 1179 11 406742911
4519 + 102 2802403873
4520 # 1504
4520 - 1180 12 406742911
4520 # 1504
4520 - 1180 12 406742911
4520 - 1180 12 406742911
4520 + 1193 406744531
4520 + 1193 406744531
4520 + 1193 406744531
4520 + 1193 406744531
4520 + 1194 406744531
4521 # 1504
4521 - 1209 13 406742911
4521 # 1504
4521 - 1210 12 406742911
4521 + 1194 406744531
4521 + 1194 406744531
4521 + 1228 406744531
4521 + 1228 406744531
4521 + 1228 406744531
4521 + 1229 406744531
4522 # 1504
4522 - 1210 12 406742911
4522 + 1229 406744531
4522 + 1229 406744531
4522 + 1229 406744531
4522 + 1097 406744531
4522 + 1098 406744531
4522 + 1098 406744531
4522 + 1098 406744531
4523 # 1504
4523 - 1210 13 406742911
4523 - 1210 13 406742911
4523 # 1504
4523 - 1103 13 406742911
4524 # 1504
4524 - 1103 14 406742911
4524 # 1504
4524 - 1103 13 406742911
4524 - 1103 13 406742911
4524 + 1098 406744531
4524 + 1150 406744531
4524 + 1151 406744531
4524 + 1151 406744531
4524 + 1151 406744531
4525 # 1504
4525 - 1103 14 406742911
4525 # 1504
4525 - 1103 14 406742911
4525 - 960 14 406742911
4525 + 1151 406744531
4525 + 1151 406744531
4525 + 1151 406744531
4525 + 1103 406744531
4525 + 1103 406744531
4525 + 1103 406744531
4526 # 1504
4526 - 960 15 406742911
4526 + 1103 406744531
4526 + 1103 406744531
4526 + 1104 406744531
4526 + 1199 406744531
4526 + 1199 406744531
4526 + 1199 406744531
4526 + 1199 406744531
4527 # 1504
4527 - 961 16 406742911
4527 - 995 9 406744531
4527 # 1504
4527 - 995 9 406744531
4527 - 102 8 2802403873
4528 # 1504
4528 - 1193 8 406744531
4528 # 1504
4528 - 1193 8 406744531
4528 - 1193 8 406744531
4528 + 1122 406744531
4528 + 1123 406744531
4529 # 1504
4529 - 1193 9 406744531
4530 # 1504
4530 - 1194 10 406744531
4530 # 1504
4530 - 1194 9 406744531
4530 + 102 2802403873
4531 # 1504
4531 - 1194 10 406744531
4531 - 1228 10 406744531
4531 # 1504
4531 - 1228 10 406744531
4532 # 1504
4532 - 1228 11 406744531
4533 # 1504
4533 - 1229 12 406744531
4533 # 1504
4533 - 1229 11 406744531
4534 # 1504
4534 - 1229 12 406744531
4534 - 1229 12 406744531
4534 # 1504
4534 - 1097 12 406744531
4535 # 1504
4535 - 1098 13 406744531
4535 # 1504
4535 - 1098 13 406744531
4535 - 1098 13 406744531
4535 # 1504
4535 - 1098 11 406744531
4536 # 1504
4536 - 1150 12 406744531
4536 + 924 406746151
4536 + 924 406746151
4537 # 1504
4537 - 1151 13 406744531
4537 - 1151 13 406744531
4537 # 1504
4537 - 1151 13 406744531
4538 # 1504
4538 - 1151 13 406744531
4538 + 1179 406746151
4538 + 1179 406746151
4538 + 1179 406746151
4538 + 1179 406746151
4538 + 1179 406746151
4538 + 1179 406746151
4539 # 1504
4539 - 1151 14 406744531
4539 - 1151 14 406744531
4539 + 1179 406746151
4539 + 1180 406746151
4539 + 1180 406746151
4539 + 1133 406746151
4539 + 1134 406746151
4539 + 1134 406746151
4540 # 1504
4540 - 1103 15 406744531
4540 # 1504
4540 - 1103 15 406744531
4541 # 1504
4541 - 1103 16 406744531
4541 - 1103 15 406744531
4542 # 1504
4542 - 1103 16 406744531
4542 + 1134 406746151
4542 + 1134 406746151
4542 + 1134 406746151
4542 + 1134 406746151
4542 + 1134 406746151
4542 + 1154 406746151
4542 + 1154 406746151
4542 + 1155 406746151
4542 + 1155 406746151
4542 + 1212 406746151
4542 + 1213 406746151
4542 + 1213 406746151
4542 + 102 2802403873
4542 + 1213 406746151
4542 + 1213 406746151
4542 + 1213 406746151
4542 + 1213 406746151
4543 # 1504
4543 - 1104 17 406744531
4543 # 1504
4543 - 1199 17 406744531
4543 - 1199 17 406744531
4544 # 1504
4544 - 1199 18 406744531
4544 + 1146 406746151
4544 + 1146 406746151
4544 + 1146 406746151
4544 + 1146 406746151
4544 + 1147 406746151
4544 + 1147 406746151
4545 # 1504
4545 - 1199 19 406744531
4545 + 1128 406746151
4545 + 1128 406746151
4545 + 1128 406746151
4545 + 1129 406746151
4545 + 912 406746151
4545 + 912 406746151
4546 # 1504
4546 - 1122 18 406744531
4546 - 1123 18 406744531
4546 - 102 16 2802403873
4546 # 1504
4546 - 924 10 406746151
4546 + 913 406746151
4547 # 1504
4547 - 924 11 406746151
4548 # 1504
4548 - 1179 10 406746151
4548 - 1179 10 406746151
4549 # 1504
4549 - 1179 11 406746151
4549 # 1504
4549 - 1179 11 406746151
4550 # 1504
4550 - 1179 12 406746151
4550 - 1179 12 406746151
4551 # 1504
4551 - 1179 12 406746151
4552 # 1504
4552 - 1180 13 406746151
4552 # 1504
4552 - 1180 13 406746151
4553 # 1504
4553 - 1133 14 406746151
4553 - 1134 14 406746151
4554 # 1504
4554 - 1134 15 406746151
4554 # 1504
4554 - 1134 12 406746151
4554 + 1000 406747771
4555 # 1504
4555 - 1134 13 406746151
4555 - 1134 13 406746151
4555 + 1000 406747771
4555 + 1001 406747771
4555 + 1001 406747771
4555 + 1126 406747771
4555 + 1126 406747771
4555 + 1126 406747771
4556 # 1504
4556 - 1134 14 406746151
4556 + 102 2802403873
4557 # 1504
4557 - 1134 15 406746151
4557 # 1504
4557 - 1154 15 406746151
4557 - 1154 15 406746151
4557 + 1126 406747771
4557 + 1127 406747771
4557 + 1127 406747771
4557 + 1127 406747771
4557 + 1127 406747771
4557 + 1127 406747771
4558 # 1504
4558 - 1155 16 406746151
4558 + 1127 406747771
4558 + 1103 406747771
4558 + 1104 406747771
4558 + 1104 406747771
4558 + 1104 406747771
4558 + 1104 406747771
4558 + 1104 406747771
4559 # 1504
4559 - 1155 17 406746151
4559 + 1104 406747771
4559 + 1104 406747771
4559 + 1107 406747771
4559 + 1107 406747771
4559 + 1107 406747771
4559 + 1107 406747771
4559 + 1107 406747771
4560 # 1504
4560 - 1212 18 406746151
4560 - 1213 18 406746151
4560 # 1504
4560 - 1213 18 406746151
4560 - 102 18 2802403873
4560 + 1108 406747771
4560 + 1179 406747771
4561 # 1504
4561 - 1213 19 406746151
4561 + 1180 406747771
4561 + 1180 406747771
4561 + 1180 406747771
4561 + 1180 406747771
4561 + 1180 406747771
4562 # 1504
4562 - 1213 20 406746151
4562 + 1180 406747771
4562 + 1180 406747771
4562 + 1189 406747771
4562 + 1190 406747771
4562 + 1190 406747771
4563 # 1504
4563 - 1213 21 406746151
4563 # 1504
4563 - 1213 21 406746151
4563 - 1146 19 406746151
4563 + 102 2802403873
4563 + 1190 406747771
4563 + 1190 406747771
4563 + 1051 406747771
4563 + 1051 406747771
4563 + 1051 406747771
4563 + 1051 406747771
4564 # 1504
4564 - 1146 20 406746151
4565 # 1504
4565 - 1146 21 406746151
4565 + 1051 406747771
4565 + 999 406747771
4565 + 1000 406747771
4565 + 1000 406747771
4565 + 1000 406747771
4566 # 1504
4566 - 1146 22 406746151
4566 - 1147 22 406746151
4566 # 1504
4566 - 1147 22 406746151
4567 # 1504
4567 - 1128 22 406746151
4568 # 1504
4568 - 1128 23 406746151
4568 - 1128 23 406746151
4568 # 1504
4568 - 1129 23 406746151
4569 # 1504
4569 - 912 24 406746151
4569 - 912 24 406746151
4570 # 1504
4570 - 913 24 406746151
4571 # 1504
4571 - 1000 17 406747771
4571 - 1000 16 406747771
4571 # 1504
4571 - 1001 16 406747771
4571 + 102 2802403873
4572 # 1504
4572 - 1001 17 406747771
4572 - 1126 17 406747771
4572 + 1155 406749301
4572 + 1155 406749301
4573 # 1504
4573 - 1126 18 406747771
4573 + 1156 406749301
4573 + 1156 406749301
4573 + 1135 406749301
4573 + 1135 406749301
4573 + 1135 406749301
4573 + 1135 406749301
4574 # 1504
4574 - 1126 19 406747771
4574 - 102 18 2802403873
4574 # 1504
4574 - 1126 17 406747771
4574 - 1127 17 406747771
4574 + 1135 406749301
4575 # 1504
4575 - 1127 18 406747771
4575 + 1136 406749301
4575 + 1136 406749301
4575 + 1136 406749301
4575 + 1136 406749301
4575 + 1136 406749301
4575 + 1084 406749301
4576 # 1504
4576 - 1127 19 406747771
4576 + 1084 406749301
4576 + 1084 406749301
4576 + 1085 406749301
4576 + 1085 406749301
4576 + 1085 406749301
4576 + 1085 406749301
4577 # 1504
4577 - 1127 20 406747771
4577 - 1127 20 406747771
4577 # 1504
4577 - 1127 19 406747771
4577 + 1199 406749301
4577 + 1200 406749301
4578 # 1504
4578 - 1103 20 406747771
4578 + 1200 406749301
4578 + 1200 406749301
4578 + 1200 406749301
4578 + 1130 406749301
4578 + 1130 406749301
4578 + 1130 406749301
4579 # 1504
4579 - 1104 21 406747771
4579 - 1104 21 406747771
4579 + 1130 406749301
4579 + 1131 406749301
4579 + 1131 406749301
4579 + 1185 406749301
4579 + 1186 406749301
4580 # 1504
4580 - 1104 22 406747771
4580 # 1504
4580 - 1104 22 406747771
4580 + 1186 406749301
4580 + 1186 406749301
4580 + 1060 406749301
4580 + 1060 406749301
4580 + 1060 406749301
4580 + 1061 406749301
4581 # 1504
4581 - 1104 23 406747771
4581 - 1104 22 406747771
4581 + 1196 406749301
4582 # 1504
4582 - 1104 23 406747771
4582 + 1196 406749301
4582 + 1196 406749301
4583 # 1504
4583 - 1107 24 406747771
4583 # 1504
4583 - 1107 24 406747771
4583 - 1107 24 406747771
4584 # 1504
4584 - 1107 25 406747771
4584 + 102 2802403873
4585 # 1504
4585 - 1107 26 406747771
4585 - 1108 25 406747771
4585 # 1504
4585 - 1179 25 406747771
4586 # 1504
4586 - 1180 25 406747771
4587 # 1504
4587 - 1180 26 406747771
4588 # 1504
4588 - 1180 27 406747771
4588 - 1180 27 406747771
4588 # 1504
4588 - 1180 27 406747771
4589 # 1504
4589 - 1180 27 406747771
4590 # 1504
4590 - 1180 28 406747771
4590 + 1043 406750921
4590 + 1043 406750921
4591 # 1504
4591 - 1189 29 406747771
4591 - 1190 29 406747771
4591 # 1504
4591 - 1190 29 406747771
4591 - 102 28 2802403873
4591 + 102 2802403873
4591 + 1043 406750921
4591 + 1126 406750921
4591 + 1126 406750921
4591 + 1126 406750921
4591 + 1127 406750921
4591 + 1127 406750921
4592 # 1504
4592 - 1190 29 406747771
4593 # 1504
4593 - 1190 30 406747771
4593 - 1051 30 406747771
4593 + 1127 406750921
4593 + 1127 406750921
4593 + 1127 406750921
4593 + 1127 406750921
4593 + 1127 406750921
4593 + 1188 406750921
4593 + 1188 406750921
4593 + 1188 406750921
4593 + 1188 406750921
4594 # 1504
4594 - 1051 31 406747771
4594 # 1504
4594 - 1051 31 406747771
4594 + 1189 406750921
4594 + 1189 406750921
4594 + 1189 406750921
4594 + 1087 406750921
4594 + 1087 406750921
4595 # 1504
4595 - 1051 32 406747771
4595 - 1051 30 406747771
4595 + 1087 406750921
4595 + 1087 406750921
4596 # 1504
4596 - 999 31 406747771
4596 + 1088 406750921
4596 + 1088 406750921
4596 + 1157 406750921
4596 + 1157 406750921
4596 + 1157 406750921
4596 + 1157 406750921
4597 # 1504
4597 - 1000 32 406747771
4597 - 1000 32 406747771
4597 # 1504
4597 - 1000 32 406747771
4597 - 102 26 2802403873
4597 + 1157 406750921
4597 + 1158 406750921
4597 + 1158 406750921
4597 + 1066 406750921
4597 + 1066 406750921
4598 # 1504
4598 - 1155 26 406749301
4598 + 1066 406750921
4598 + 1067 406750921
4598 + 1070 406750921
4598 + 1070 406750921
4598 + 1070 406750921
4598 + 1160 406750921
4598 + 1160 406750921
4598 + 102 2802403873
4599 # 1504
4599 - 1155 27 406749301
4599 - 1156 26 406749301
4600 # 1504
4600 - 1156 27 406749301
4600 # 1504
4600 - 1135 27 406749301
4601 # 1504
4601 - 1135 28 406749301
4601 - 1135 28 406749301
4602 # 1504
4602 - 1135 29 406749301
4602 # 1504
4602 - 1135 28 406749301
4603 # 1504
4603 - 1136 28 406749301
4603 - 1136 28 406749301
4604 # 1504
4604 - 1136 29 406749301
4605 # 1504
4605 - 1136 30 406749301
4605 # 1504
4605 - 1136 30 406749301
4605 - 1084 30 406749301
4606 # 1504
4606 - 1084 30 406749301
4607 # 1504
4607 - 1084 31 406749301
4607 + 1099 406752541
4607 + 1099 406752541
4608 # 1504
4608 - 1085 32 406749301
4608 - 1085 32 406749301
4608 # 1504
4608 - 1085 32 406749301
4608 + 1100 406752541
4608 + 1219 406752541
4608 + 1219 406752541
4608 + 1219 406752541
4608 + 1219 406752541
4609 # 1504
4609 - 1085 33 406749301
4609 - 1199 32 406749301
4610 # 1504
4610 - 1200 33 406749301
4610 + 1219 406752541
4610 + 1219 406752541
4610 + 1219 406752541
4610 + 1219 406752541
4610 + 1219 406752541
4610 + 1219 406752541
4610 + 1231 406752541
4610 + 1231 406752541
4611 # 1504
4611 - 1200 33 406749301
4611 # 1504
4611 - 1200 33 406749301
4611 + 1231 406752541
4611 + 1231 406752541
4611 + 1231 406752541
4611 + 1232 406752541
4612 # 1504
4612 - 1200 34 406749301
4612 - 1130 34 406749301
4612 + 102 2802403873
4612 + 1232 406752541
4612 + 1232 406752541
4612 + 1106 406752541
4612 + 1106 406752541
4612 + 1107 406752541
4613 # 1504
4613 - 1130 35 406749301
4613 + 1107 406752541
4613 + 1056 406752541
4613 + 1056 406752541
4613 + 1056 406752541
4613 + 1056 406752541
4613 + 1057 406752541
4613 + 1078 406752541
4614 # 1504
4614 - 1130 36 406749301
4614 # 1504
4614 - 1130 35 406749301
4614 - 1131 35 406749301
4614 + 1079 406752541
4615 # 1504
4615 - 1131 36 406749301
4615 + 1079 406752541
4615 + 1079 406752541
4615 + 1230 406752541
4615 + 1230 406752541
4615 + 1230 406752541
4616 # 1504
4616 - 1185 37 406749301
4616 # 1504
4616 - 1186 37 406749301
4616 + 1231 406752541
4616 + 1062 406752541
4616 + 1063 406752541
4616 + 1063 406752541
4617 # 1504
4617 - 1186 37 406749301
4617 - 1186 37 406749301
4618 # 1504
4618 - 1060 38 406749301
4619 # 1504
4619 - 1060 39 406749301
4619 - 1060 39 406749301
4619 # 1504
4619 - 1061 39 406749301
4620 # 1504
4620 - 1196 39 406749301
4621 # 1504
4621 - 1196 39 406749301
4622 # 1504
4622 - 1196 40 406749301
4622 - 102 38 2802403873
4622 - 1043 32 406750921
4622 # 1504
4622 - 1043 32 406750921
4622 - 102 31 2802403873
4622 + 102 2802403873
4623 # 1504
4623 - 1043 32 406750921
4624 # 1504
4624 - 1126 33 406750921
4624 - 1126 33 406750921
4625 # 1504
4625 - 1126 34 406750921
4625 # 1504
4625 - 1127 34 406750921
4625 - 1127 34 406750921
4625 + 1152 406754161
4626 # 1504
4626 - 1127 33 406750921
4626 + 1152 406754161
4626 + 1153 406754161
4626 + 1165 406754161
4627 # 1504
4627 - 1127 34 406750921
4627 + 1166 406754161
4627 + 1166 406754161
4628 # 1504
4628 - 1127 35 406750921
4628 - 1127 35 406750921
4628 # 1504
4628 - 1127 35 406750921
4628 + 1166 406754161
4628 + 1166 406754161
4628 + 1166 406754161
4628 + 1166 406754161
4628 + 1234 406754161
4628 + 1234 406754161
4629 # 1504
4629 - 1188 36 406750921
4629 + 1235 406754161
4629 + 1235 406754161
4629 + 1235 406754161
4629 + 1235 406754161
4629 + 1067 406754161
4629 + 1067 406754161
4630 # 1504
4630 - 1188 37 406750921
4630 + 1068 406754161
4630 + 1068 406754161
4630 + 1147 406754161
4630 + 1147 406754161
4631 # 1504
4631 - 1188 38 406750921
4631 - 1188 38 406750921
4631 # 1504
4631 - 1189 37 406750921
4631 + 1147 406754161
4631 + 1147 406754161
4632 # 1504
4632 - 1189 38 406750921
4632 + 1170 406754161
4632 + 1170 406754161
4632 + 1170 406754161
4632 + 1203 406754161
4632 + 1203 406754161
4632 + 1203 406754161
4632 + 1204 406754161
4633 # 1504
4633 - 1189 39 406750921
4633 - 1087 39 406750921
4633 # 1504
4633 - 1087 39 406750921
4634 # 1504
4634 - 1087 39 406750921
4634 + 852 406754161
4634 + 852 406754161
4634 + 853 406754161
4635 # 1504
4635 - 1087 40 406750921
4635 - 1088 39 406750921
4635 + 102 2802403873
4636 # 1504
4636 - 1088 40 406750921
4636 # 1504
4636 - 1157 40 406750921
4637 # 1504
4637 - 1157 41 406750921
4637 - 1157 41 406750921
4638 # 1504
4638 - 1157 42 406750921
4639 # 1504
4639 - 1157 42 406750921
4639 # 1504
4639 - 1158 42 406750921
4639 - 1158 42 406750921
4640 # 1504
4640 - 1066 43 406750921
4641 # 1504
4641 - 1066 44 406750921
4641 + 102 2802403873
4642 # 1504
4642 - 1066 44 406750921
4642 - 1067 44 406750921
4642 # 1504
4642 - 1070 44 406750921
4643 # 1504
4643 - 1070 45 406750921
4643 - 1070 45 406750921
4643 + 972 406755781
4644 # 1504
4644 - 1160 46 406750921
4644 + 973 406755781
4644 + 973 406755781
4644 + 973 406755781
4644 + 1141 406755781
4644 + 1142 406755781
4644 + 1142 406755781
4645 # 1504
4645 - 1160 47 406750921
4645 - 102 47 2802403873
4645 # 1504
4645 - 1099 38 406752541
4646 # 1504
4646 - 1099 39 406752541
4646 - 1100 38 406752541
4646 + 1142 406755781
4646 + 1142 406755781
4646 + 1142 406755781
4646 + 1142 406755781
4646 + 1159 406755781
4646 + 1159 406755781
4646 + 1160 406755781
4646 + 1160 406755781
4646 + 1160 406755781
4646 + 1160 406755781
4647 # 1504
4647 - 1219 39 406752541
4647 + 1160 406755781
4647 + 987 406755781
4647 + 987 406755781
4647 + 988 406755781
4648 # 1504
4648 - 1219 40 406752541
4648 # 1504
4648 - 1219 40 406752541
4648 + 1209 406755781
4648 + 1209 406755781
4648 + 1210 406755781
4649 # 1504
4649 - 1219 41 406752541
4649 - 1219 39 406752541
4649 + 1075 406755781
4649 + 1075 406755781
4649 + 1076 406755781
4649 + 1184 406755781
4649 + 1184 406755781
4649 + 1184 406755781
4649 + 1185 406755781
4650 # 1504
4650 - 1219 40 406752541
4650 # 1504
4650 - 1219 40 406752541
4650 + 1060 406755781
4650 + 1060 406755781
4651 # 1504
4651 - 1219 41 406752541
4652 # 1504
4652 - 1219 42 406752541
4652 - 1219 42 406752541
4653 # 1504
4653 - 1231 43 406752541
4653 # 1504
4653 - 1231 43 406752541
4653 + 102 2802403873
4654 # 1504
4654 - 1231 43 406752541
4655 # 1504
4655 - 1231 44 406752541
4655 - 1231 44 406752541
4656 # 1504
4656 - 1232 45 406752541
4656 - 102 44 2802403873
4656 # 1504
4656 - 1232 44 406752541
4657 # 1504
4657 - 1232 45 406752541
4658 # 1504
4658 - 1106 46 406752541
4658 - 1106 46 406752541
4659 # 1504
4659 - 1107 47 406752541
4659 # 1504
4659 - 1107 46 406752541
4660 # 1504
4660 - 1056 47 406752541
4660 - 1056 47 406752541
4660 + 102 2802403873
4660 + 1048 406757401
4661 # 1504
4661 - 1056 48 406752541
4662 # 1504
4662 - 1056 49 406752541
4662 - 1057 49 406752541
4662 # 1504
4662 - 1078 49 406752541
4662 + 1048 406757401
4662 + 1049 406757401
4662 + 1049 406757401
4662 + 1075 406757401
4662 + 1075 406757401
4662 + 1076 406757401
4662 + 1076 406757401
4663 # 1504
4663 - 1079 49 406752541
4663 + 1129 406757401
4663 + 1130 406757401
4663 + 1130 406757401
4663 + 1111 406757401
4663 + 1111 406757401
4663 + 1178 406757401
4663 + 1179 406757401
4663 + 1179 406757401
4664 # 1504
4664 - 1079 49 406752541
4664 - 1079 49 406752541
4664 # 1504
4664 - 1230 49 406752541
4665 # 1504
4665 - 1230 50 406752541
4665 + 1050 406757401
4665 + 1051 406757401
4665 + 1051 406757401
4665 + 1051 406757401
4665 + 1051 406757401
4665 + 1180 406757401
4666 # 1504
4666 - 1230 51 406752541
4666 + 1180 406757401
4666 + 1180 406757401
4666 + 1180 406757401
4666 + 1180 406757401
4666 + 1181 406757401
4666 + 1009 406757401
4667 # 1504
4667 - 1231 51 406752541
4667 - 1062 51 406752541
4667 # 1504
4667 - 1063 51 406752541
4667 + 1009 406757401
4667 + 1009 406757401
4668 # 1504
4668 - 1063 52 406752541
4668 - 102 46 2802403873
4669 # 1504
4669 - 1152 44 406754161
4669 - 1152 43 406754161
4670 # 1504
4670 - 1153 44 406754161
4670 # 1504
4670 - 1165 44 406754161
4670 + 102 2802403873
4671 # 1504
4671 - 1166 44 406754161
4671 - 1166 44 406754161
4672 # 1504
4672 - 1166 44 406754161
4673 # 1504
4673 - 1166 45 406754161
4673 # 1504
4673 - 1166 45 406754161
4674 # 1504
4674 - 1166 46 406754161
4674 - 1234 46 406754161
4675 # 1504
4675 - 1234 47 406754161
4676 # 1504
4676 - 1235 47 406754161
4676 # 1504
4676 - 1235 47 406754161
4677 # 1504
4677 - 1235 48 406754161
4677 - 1235 48 406754161
4678 # 1504
4678 - 1067 49 406754161
4678 + 1041 406759021
4679 # 1504
4679 - 1067 50 406754161
4679 # 1504
4679 - 1068 49 406754161
4679 - 1068 49 406754161
4679 + 102 2802403873
4679 + 1041 406759021
4679 + 1041 406759021
4679 + 1041 406759021
4679 + 1028 406759021
4679 + 1028 406759021
4679 + 1029 406759021
4680 # 1504
4680 - 1147 50 406754161
4680 + 1029 406759021
4680 + 1029 406759021
4680 + 1109 406759021
4680 + 1109 406759021
4680 + 1109 406759021
4680 + 736 406759021
4680 + 736 406759021
4681 # 1504
4681 - 1147 51 406754161
4681 # 1504
4681 - 1147 50 406754161
4681 - 1147 50 406754161
4682 # 1504
4682 - 1170 50 406754161
4682 + 1088 406759021
4682 + 1088 406759021
4682 + 1089 406759021
4682 + 940 406759021
4682 + 941 406759021
4682 + 941 406759021
4682 + 1060 406759021
4682 + 1060 406759021
4683 # 1504
4683 - 1170 51 406754161
4683 + 1060 406759021
4683 + 1061 406759021
4683 + 1061 406759021
4683 + 1015 406759021
4683 + 1016 406759021
4683 + 1016 406759021
4683 + 1016 406759021
4684 # 1504
4684 - 1170 52 406754161
4684 - 1203 52 406754161
4684 # 1504
4684 - 1203 52 406754161
4685 # 1504
4685 - 1203 53 406754161
4685 + 102 2802403873
4686 # 1504
4686 - 1204 54 406754161
4686 - 852 52 406754161
4687 # 1504
4687 - 852 53 406754161
4687 # 1504
4687 - 853 53 406754161
4687 - 102 52 2802403873
4687 - 102 46 2802403873
4687 - 972 44 406755781
4688 # 1504
4688 - 973 44 406755781
4689 # 1504
4689 - 973 45 406755781
4689 - 973 45 406755781
4690 # 1504
4690 - 1141 46 406755781
4690 # 1504
4690 - 1142 46 406755781
4691 # 1504
4691 - 1142 47 406755781
4691 - 1142 45 406755781
4692 # 1504
4692 - 1142 46 406755781
4693 # 1504
4693 - 1142 47 406755781
4693 # 1504
4693 - 1142 47 406755781
4693 - 1159 47 406755781
4694 # 1504
4694 - 1159 48 406755781
4695 # 1504
4695 - 1160 49 406755781
4696 # 1504
4696 - 1160 50 406755781
4696 - 1160 50 406755781
4696 # 1504
4696 - 1160 50 406755781
4696 + 856 406760641
4696 + 856 406760641
4697 # 1504
4697 - 1160 50 406755781
4697 + 856 406760641
4697 + 1082 406760641
4697 + 1082 406760641
4697 + 1082 406760641
4697 + 1083 406760641
4697 + 1083 406760641
4697 + 1083 406760641
4697 + 102 2802403873
4697 + 1191 406760641
4698 # 1504
4698 - 987 51 406755781
4698 - 987 51 406755781
4698 # 1504
4698 - 988 51 406755781
4698 + 1192 406760641
4698 + 911 406760641
4699 # 1504
4699 - 1209 51 406755781
4699 + 911 406760641
4699 + 911 406760641
4699 + 1121 406760641
4699 + 1122 406760641
4700 # 1504
4700 - 1209 52 406755781
4700 - 1210 52 406755781
4700 + 1122 406760641
4700 + 1122 406760641
4700 + 1122 406760641
4700 + 1152 406760641
4700 + 1152 406760641
4700 + 1152 406760641
4700 + 1152 406760641
4701 # 1504
4701 - 1075 52 406755781
4701 # 1504
4701 - 1075 52 406755781
4701 + 1153 406760641
4701 + 1053 406760641
4701 + 1053 406760641
4701 + 1053 406760641
4701 + 1053 406760641
4702 # 1504
4702 - 1076 53 406755781
4702 - 1184 53 406755781
4702 + 1054 406760641
4702 + 1054 406760641
4702 + 991 406760641
4702 + 991 406760641
4702 + 992 406760641
4702 + 992 406760641
4703 # 1504
4703 - 1184 54 406755781
4704 # 1504
4704 - 1184 55 406755781
4704 # 1504
4704 - 1185 55 406755781
4704 - 1060 54 406755781
4705 # 1504
4705 - 1060 55 406755781
4705 - 102 52 2802403873
4705 - 102 45 2802403873
4706 # 1504
4706 - 1048 46 406757401
4707 # 1504
4707 - 1048 45 406757401
4707 - 1049 45 406757401
4707 # 1504
4707 - 1049 45 406757401
4707 + 102 2802403873
4708 # 1504
4708 - 1075 46 406757401
4708 - 1075 46 406757401
4709 # 1504
4709 - 1076 47 406757401
4710 # 1504
4710 - 1076 48 406757401
4710 # 1504
4710 - 1129 47 406757401
4710 - 1130 47 406757401
4711 # 1504
4711 - 1130 48 406757401
4712 # 1504
4712 - 1111 49 406757401
4712 # 1504
4712 - 1111 49 406757401
4712 - 1178 49 406757401
4713 # 1504
4713 - 1179 50 406757401
4713 + 102 2802403873
4713 + 750 406762171
4714 # 1504
4714 - 1179 51 406757401
4714 + 750 406762171
4715 # 1504
4715 - 1050 50 406757401
4715 - 1051 50 406757401
4715 # 1504
4715 - 1051 50 406757401
4715 + 1225 406762171
4715 + 1225 406762171
4715 + 819 406762171
4715 + 819 406762171
4715 + 1114 406762171
4716 # 1504
4716 - 1051 51 406757401
4716 - 1051 51 406757401
4716 + 1114 406762171
4716 + 1115 406762171
4716 + 1198 406762171
4716 + 1199 406762171
4716 + 1199 406762171
4716 + 1199 406762171
4716 + 1175 406762171
4717 # 1504
4717 - 1180 52 406757401
4717 + 1175 406762171
4717 + 1175 406762171
4717 + 1176 406762171
4717 + 1176 406762171
4717 + 1176 406762171
4717 + 1066 406762171
4718 # 1504
4718 - 1180 52 406757401
4718 # 1504
4718 - 1180 52 406757401
4719 # 1504
4719 - 1180 53 406757401
4719 - 1180 53 406757401
4719 + 102 2802403873
4719 + 1066 406762171
4719 + 1067 406762171
4719 + 1067 406762171
4719 + 1067 406762171
4719 + 1067 406762171
4719 + 955 406762171
4719 + 955 406762171
4720 # 1504
4720 - 1181 54 406757401
4721 # 1504
4721 - 1009 55 406757401
4721 - 1009 54 406757401
4721 # 1504
4721 - 1009 54 406757401
4721 - 102 51 2802403873
4721 + 956 406762171
4721 + 956 406762171
4722 # 1504
4722 - 1041 44 406759021
4722 - 102 43 2802403873
4723 # 1504
4723 - 1041 44 406759021
4723 - 1041 44 406759021
4724 # 1504
4724 - 1041 45 406759021
4724 # 1504
4724 - 1028 45 406759021
4724 - 1028 45 406759021
4725 # 1504
4725 - 1029 46 406759021
4726 # 1504
4726 - 1029 46 406759021
4726 - 1029 46 406759021
4727 # 1504
4727 - 1109 47 406759021
4727 # 1504
4727 - 1109 47 406759021
4728 # 1504
4728 - 1109 48 406759021
4728 - 736 48 406759021
4729 # 1504
4729 - 736 49 406759021
4729 - 1088 47 406759021
4729 # 1504
4729 - 1088 47 406759021
4730 # 1504
4730 - 1089 48 406759021
4730 - 940 48 406759021
4731 # 1504
4731 - 941 49 406759021
4731 + 937 406763791
4732 # 1504
4732 - 941 50 406759021
4732 - 1060 50 406759021
4732 # 1504
4732 - 1060 50 406759021
4733 # 1504
4733 - 1060 50 406759021
4733 + 102 2802403873
4733 + 938 406763791
4733 + 914 406763791
4733 + 915 406763791
4733 + 997 406763791
4733 + 997 406763791
4733 + 997 406763791
4733 + 998 406763791
4733 + 1088 406763791
4733 + 1088 406763791
4734 # 1504
4734 - 1061 51 406759021
4734 - 1061 51 406759021
4734 + 1083 406763791
4734 + 1084 406763791
4735 # 1504
4735 - 1015 52 406759021
4735 # 1504
4735 - 1016 52 406759021
4735 - 1016 52 406759021
4735 # 1504
4735 - 1016 52 406759021
4735 - 102 50 2802403873
4735 # 1504
4735 - 856 39 406760641
4735 - 856 39 406760641
4735 + 1084 406763791
4735 + 1096 406763791
4735 + 1096 406763791
4735 + 1096 406763791
4735 + 1096 406763791
4735 + 1096 406763791
4736 # 1504
4736 - 856 39 406760641
4736 - 1082 39 406760641
4736 # 1504
4736 - 1082 39 406760641
4736 + 1096 406763791
4736 + 1224 406763791
4736 + 1224 406763791
4736 + 1224 406763791
4736 + 1224 406763791
4737 # 1504
4737 - 1082 40 406760641
4737 # 1504
4737 - 1083 40 406760641
4737 - 1083 40 406760641
4737 + 1224 406763791
4737 + 1224 406763791
4737 + 1224 406763791
4737 + 1224 406763791
4737 + 1220 406763791
4737 + 1220 406763791
4738 # 1504
4738 - 1083 41 406760641
4738 - 102 41 2802403873
4738 # 1504
4738 - 1191 41 406760641
4738 + 1221 406763791
4739 # 1504
4739 - 1192 41 406760641
4739 - 911 41 406760641
4739 # 1504
4739 - 911 40 406760641
4739 # 1504
4739 - 911 40 406760641
4739 - 1121 40 406760641
4739 + 1221 406763791
4739 + 1221 406763791
4740 # 1504
4740 - 1122 41 406760641
4740 # 1504
4740 - 1122 40 406760641
4740 - 1122 40 406760641
4740 + 102 2802403873
4741 # 1504
4741 - 1122 41 406760641
4741 # 1504
4741 - 1152 41 406760641
4742 # 1504
4742 - 1152 42 406760641
4742 # 1504
4742 - 1152 42 406760641
4742 - 1152 42 406760641
4743 # 1504
4743 - 1153 42 406760641
4743 # 1504
4743 - 1053 42 406760641
4743 - 1053 42 406760641
4744 # 1504
4744 - 1053 43 406760641
4744 # 1504
4744 - 1053 43 406760641
4744 # 1504
4744 - 1054 42 406760641
4744 - 1054 42 406760641
4745 # 1504
4745 - 991 43 406760641
4745 # 1504
4745 - 991 43 406760641
4745 - 992 43 406760641
4746 # 1504
4746 - 992 44 406760641
4746 - 102 39 2802403873
4746 - 102 33 2802403873
4746 # 1504
4746 - 750 33 406762171
4746 - 750 32 406762171
4747 # 1504
4747 - 1225 32 406762171
4747 # 1504
4747 - 1225 32 406762171
4747 - 819 32 406762171
4748 # 1504
4748 - 819 33 406762171
4748 - 1114 33 406762171
4748 # 1504
4748 - 1114 32 406762171
4749 # 1504
4749 - 1115 33 406762171
4749 # 1504
4749 - 1198 33 406762171
4749 # 1504
4749 - 1199 33 406762171
4749 - 1199 33 406762171
4749 + 601 406765411
4749 + 118 2802403873
4750 # 1504
4750 - 1199 34 406762171
4750 # 1504
4750 - 1175 34 406762171
4750 + 1112 406765411
4750 + 948 406765411
4750 + 949 406765411
4750 + 888 406765411
4750 + 1171 406765411
4751 # 1504
4751 - 1175 34 406762171
4751 # 1504
4751 - 1175 34 406762171
4751 - 1176 34 406762171
4751 + 1171 406765411
4751 + 922 406765411
4751 + 923 406765411
4751 + 923 406765411
4752 # 1504
4752 - 1176 35 406762171
4752 # 1504
4752 - 1176 35 406762171
4753 # 1504
4753 - 1066 36 406762171
4753 - 102 34 2802403873
4753 - 1066 34 406762171
4753 # 1504
4753 - 1067 34 406762171
4753 + 1157 406765411
4753 + 1158 406765411
4753 + 1158 406765411
4753 + 1158 406765411
4753 + 1158 406765411
4754 # 1504
4754 - 1067 35 406762171
4754 - 1067 35 406762171
4754 # 1504
4754 - 1067 35 406762171
4754 # 1504
4754 - 955 35 406762171
4754 - 955 35 406762171
4754 + 102 2802403873
4754 + 965 406765411
4754 + 966 406765411
4754 + 966 406765411
4755 # 1504
4755 - 956 34 406762171
4755 # 1504
4755 - 956 34 406762171
4755 - 937 24 406763791
4755 - 102 22 2802403873
4756 # 1504
4756 - 938 23 406763791
4756 # 1504
4756 - 914 23 406763791
4756 - 915 23 406763791
4757 # 1504
4757 - 997 24 406763791
4757 # 1504
4757 - 997 24 406763791
4757 - 997 24 406763791
4758 # 1504
4758 - 998 25 406763791
4758 # 1504
4758 - 1088 25 406763791
4758 - 1088 25 406763791
4759 # 1504
4759 - 1083 25 406763791
4759 # 1504
4759 - 1084 25 406763791
4759 # 1504
4759 - 1084 24 406763791
4759 - 1096 24 406763791
4760 # 1504
4760 - 1096 25 406763791
4760 # 1504
4760 - 1096 25 406763791
4760 - 1096 25 406763791
4761 # 1504
4761 - 1096 26 406763791
4761 # 1504
4761 - 1096 25 406763791
4762 # 1504
4762 - 1224 26 406763791
4762 # 1504
4762 - 1224 26 406763791
4762 - 1224 26 406763791
4763 # 1504
4763 - 1224 27 406763791
4763 # 1504
4763 - 1224 26 406763791
4763 + 102 2802403873
4764 # 1504
4764 - 1224 27 406763791
4764 # 1504
4764 - 1224 27 406763791
4764 - 1224 27 406763791
4764 # 1504
4764 - 1220 27 406763791
4765 # 1504
4765 - 1220 28 406763791
4765 # 1504
4765 - 1221 27 406763791
4766 # 1504
4766 - 1221 27 406763791
4766 - 1221 27 406763791
4766 # 1504
4766 - 102 26 2802403873
4766 - 601 17 406765411
4766 - 118 17 2802403873
4767 # 1504
4767 - 1112 17 406765411
4767 - 948 17 406765411
4767 # 1504
4767 - 949 17 406765411
4768 # 1504
4768 - 888 18 406765411
4768 - 1171 18 406765411
4768 # 1504
4768 - 1171 17 406765411
4769 # 1504
4769 - 922 18 406765411
4769 - 923 18 406765411
4769 # 1504
4769 - 923 18 406765411
4769 # 1504
4769 - 1157 16 406765411
4770 # 1504
4770 - 1158 17 406765411
4770 - 1158 17 406765411
4770 # 1504
4770 - 1158 17 406765411
4771 # 1504
4771 - 1158 18 406765411
4771 - 102 17 2802403873
4771 # 1504
4771 - 965 17 406765411
4771 - 966 17 406765411
4771 + 877 406767031
4771 + 877 406767031
4772 # 1504
4772 - 966 18 406765411
4772 - 102 9 2802403873
4772 - 877 1 406767031
4772 # 1504
4772 - 877 1 406767031
4773 # 1504
4773 # 1504
4773 + 102 2802403873
4773 + 877 406767031
4773 + 947 406767031
4773 + 947 406767031
4773 + 948 406767031
4773 + 948 406767031
4773 + 1212 406767031
4774 # 1504
4774 - 102 1 2802403873
4774 - 877 1 406767031
4774 # 1504
4774 - 947 1 406767031
4774 - 947 1 406767031
4774 # 1504
4774 - 948 1 406767031
4774 + 1212 406767031
4774 + 1213 406767031
4774 + 1145 406767031
4775 # 1504
4775 - 948 2 406767031
4775 - 1212 2 406767031
4775 # 1504
4775 - 1212 1 406767031
4776 # 1504
4776 - 1213 2 406767031
4776 # 1504
4776 - 1145 2 406767031
4776 + 1145 406767031
4776 + 1145 406767031
4776 + 1171 406767031
4776 + 1172 406767031
4776 + 1172 406767031
4776 + 1172 406767031
4777 # 1504
4777 - 1145 1 406767031
4777 # 1504
4777 - 1145 1 406767031
4777 + 1172 406767031
4777 + 1081 406767031
4777 + 1081 406767031
4777 + 1081 406767031
4778 # 1504
4778 - 1171 2 406767031
4778 # 1504
4778 - 1172 2 406767031
4778 - 1172 2 406767031
4778 + 1082 406767031
4778 + 1082 406767031
4778 + 1225 406767031
4778 + 1225 406767031
4779 # 1504
4779 - 1172 3 406767031
4779 # 1504
4779 - 1172 2 406767031
4780 # 1504
4780 - 1081 3 406767031
4780 - 1081 3 406767031
4780 # 1504
4780 - 1081 3 406767031
4780 # 1504
4780 - 1082 2 406767031
4780 + 1225 406767031
4780 + 1225 406767031
4780 + 1225 406767031
4780 + 1226 406767031
4781 # 1504
4781 - 1082 3 406767031
4781 - 1225 3 406767031
4781 # 1504
4781 - 1225 3 406767031
4781 + 1226 406767031
4781 + 1226 406767031
4781 + 1226 406767031
4781 + 1202 406767031
4782 # 1504
4782 - 1225 2 406767031
4782 # 1504
4782 - 1225 2 406767031
4782 + 102 2802403873
4782 + 1202 406767031
4782 + 1202 406767031
4782 + 1202 406767031
4783 # 1504
4783 - 1225 3 406767031
4783 - 1226 3 406767031
4783 # 1504
4783 - 1226 2 406767031
4783 + 1202 406767031
4783 + 1202 406767031
4783 + 1202 406767031
4784 # 1504
4784 - 1226 3 406767031
4784 # 1504
4784 - 1226 3 406767031
4785 # 1504
4785 - 1202 4 406767031
4785 - 102 3 2802403873
4785 # 1504
4785 - 1202 3 406767031
4785 - 1202 3 406767031
4785 # 1504
4785 - 1202 3 406767031
4786 # 1504
4786 - 1202 3 406767031
4786 # 1504
4786 - 1202 3 406767031
4787 # 1504
4787 - 1202 4 406767031
4787 # 1504
4788 # 1504
4788 # 1504
4788 + 102 2802403873
4788 + 936 406768651
4789 # 1504
4789 - 102 1 2802403873
4789 - 936 1 406768651
4789 # 1504
4789 + 937 406768651
4789 + 937 406768651
4789 + 1085 406768651
4789 + 1085 406768651
4790 # 1504
4790 - 937 1 406768651
4790 # 1504
4790 - 937 1 406768651
4790 - 1085 1 406768651
4790 # 1504
4790 - 1085 1 406768651
4790 + 1085 406768651
4791 # 1504
4791 - 1085 1 406768651
4791 # 1504
4791 + 900 406768651
4791 + 900 406768651
4791 + 900 406768651
4791 + 1192 406768651
4791 + 1193 406768651
4792 # 1504
4792 - 900 1 406768651
4792 # 1504
4792 - 900 1 406768651
4792 - 900 1 406768651
4793 # 1504
4793 - 1192 2 406768651
4793 # 1504
4793 - 1193 2 406768651
4793 + 963 406768651
4793 + 963 406768651
4794 # 1504
4794 - 963 1 406768651
4794 # 1504
4794 - 963 1 406768651
4794 + 964 406768651
4794 + 964 406768651
4794 + 1216 406768651
4794 + 1217 406768651
4794 + 1217 406768651
4794 + 1116 406768651
4794 + 1116 406768651
4794 + 1116 406768651
4794 + 1116 406768651
4795 # 1504
4795 - 964 1 406768651
4795 # 1504
4795 - 964 1 406768651
4795 # 1504
4795 - 1216 1 406768651
4795 - 1217 1 406768651
4795 + 1116 406768651
4795 + 1116 406768651
4795 + 1116 406768651
4796 # 1504
4796 - 1217 2 406768651
4796 # 1504
4796 - 1116 2 406768651
4796 + 1117 406768651
4796 + 1084 406768651
4796 + 1084 406768651
4796 + 1084 406768651
4797 # 1504
4797 - 1116 3 406768651
4797 - 1116 3 406768651
4797 # 1504
4797 - 1116 3 406768651
4797 + 1084 406768651
4797 + 1084 406768651
4798 # 1504
4798 - 1116 3 406768651
4798 # 1504
4798 - 1116 3 406768651
4798 - 1116 3 406768651
4798 + 1084 406768651
4798 + 1084 406768651
4799 # 1504
4799 - 1117 3 406768651
4799 # 1504
4799 - 1084 3 406768651
4800 # 1504
4800 - 1084 4 406768651
4800 - 1084 4 406768651
4800 # 1504
4800 - 1084 3 406768651
4800 # 1504
4800 - 1084 3 406768651
4800 - 1084 2 406768651
4801 # 1504
4801 - 1084 3 406768651
4801 # 1504
4802 # 1504
4802 # 1504
4803 # 1504
4803 # 1504
4804 # 1504
4804 # 1504
4804 + 102 2802403873
4805 # 1504
4805 - 102 1 2802403873
4805 # 1504
4805 # 1504
4806 # 1504
4806 # 1504
4806 + 1074 406770181
4807 # 1504
4807 - 1074 1 406770181
4807 # 1504
4807 + 1075 406770181
4807 + 1060 406770181
4807 + 1060 406770181
4807 + 1060 406770181
4808 # 1504
4808 - 1075 1 406770181
4808 # 1504
4808 - 1060 1 406770181
4808 + 917 406770181
4808 + 918 406770181
4808 + 918 406770181
4808 + 862 406770181
4808 + 862 406770181
4809 # 1504
4809 - 1060 2 406770181
4809 - 1060 2 406770181
4809 # 1504
4809 - 917 1 406770181
4809 + 862 406770181
4809 + 972 406770181
4809 + 972 406770181
4810 # 1504
4810 - 918 2 406770181
4810 - 918 2 406770181
4810 # 1504
4810 - 862 2 406770181
4810 - 862 2 406770181
4810 # 1504
4810 - 862 1 406770181
4810 + 972 406770181
4810 + 973 406770181
4810 + 1165 406770181
4811 # 1504
4811 - 972 2 406770181
4811 - 972 2 406770181
4811 # 1504
4811 - 972 1 406770181
4811 - 973 1 406770181
4811 + 1165 406770181
4811 + 1165 406770181
4811 + 1132 406770181
4811 + 1132 406770181
4812 # 1504
4812 - 1165 2 406770181
4812 # 1504
4812 - 1165 1 406770181
4812 + 1132 406770181
4812 + 1132 406770181
4812 + 1133 406770181
4812 + 1115 406770181
4813 # 1504
4813 - 1165 2 406770181
4813 # 1504
4813 - 1132 2 406770181
4813 - 1132 2 406770181
4813 + 1115 406770181
4814 # 1504
4814 - 1132 2 406770181
4814 # 1504
4814 - 1132 2 406770181
4814 + 1116 406770181
4814 + 1116 406770181
4814 + 1116 406770181
4815 # 1504
4815 - 1133 3 406770181
4815 - 1115 3 406770181
4815 # 1504
4815 - 1115 2 406770181
4815 # 1504
4815 - 1116 1 406770181
4816 # 1504
4816 - 1116 2 406770181
4816 - 1116 2 406770181
4816 # 1504
4817 # 1504
4817 # 1504
4817 + 102 2802403873
4818 # 1504
4818 - 102 1 2802403873
4818 # 1504
4819 # 1504
4819 # 1504
4820 # 1504
4820 # 1504
4820 # 1504
4821 # 1504
4821 # 1504
4822 # 1504
4822 # 1504
4823 # 1504
4823 # 1504
4824 # 1504
4824 # 1504
4825 # 1504
4825 # 1504
4825 # 1504
4825 + 1157 406771801
4826 # 1504
4826 - 1157 1 406771801
4826 # 1504
4826 + 1157 406771801
4826 + 1157 406771801
4826 + 1053 406771801
4826 + 1053 406771801
4827 # 1504
4827 - 1157 1 406771801
4827 # 1504
4827 - 1157 1 406771801
4827 + 1054 406771801
4827 + 1054 406771801
4827 + 1054 406771801
4827 + 1077 406771801
4827 + 1077 406771801
4828 # 1504
4828 - 1053 2 406771801
4828 - 1053 2 406771801
4828 # 1504
4828 - 1054 1 406771801
4828 + 1078 406771801
4828 + 1078 406771801
4828 + 1127 406771801
4829 # 1504
4829 - 1054 2 406771801
4829 # 1504
4829 - 1054 2 406771801
4829 - 1077 2 406771801
4830 # 1504
4830 - 1077 3 406771801
4830 # 1504
4830 - 1078 2 406771801
4830 - 1078 2 406771801
4830 + 102 2802403873
4830 + 1127 406771801
4830 + 1128 406771801
4830 + 1174 406771801
4830 + 1174 406771801
4830 + 1174 406771801
4831 # 1504
4831 - 1127 3 406771801
4831 - 102 1 2802403873
4831 # 1504
4831 - 1127 1 406771801
4831 # 1504
4831 - 1128 1 406771801
4831 + 1175 406771801
4831 + 1090 406771801
4831 + 1090 406771801
4831 + 1090 406771801
4832 # 1504
4832 - 1174 2 406771801
4832 - 1174 2 406771801
4832 # 1504
4832 - 1174 2 406771801
4832 + 1090 406771801
4832 + 1090 406771801
4832 + 1226 406771801
4832 + 1227 406771801
4833 # 1504
4833 - 1175 2 406771801
4833 # 1504
4833 - 1090 2 406771801
4833 - 1090 2 406771801
4834 # 1504
4834 - 1090 3 406771801
4834 # 1504
4834 - 1090 2 406771801
4834 - 1090 2 406771801
4834 + 1227 406771801
4834 + 1227 406771801
4834 + 1227 406771801
4834 + 1227 406771801
4835 # 1504
4835 - 1226 3 406771801
4835 # 1504
4835 - 1227 3 406771801
4835 + 1227 406771801
4835 + 1227 406771801
4835 + 1227 406771801
4835 + 1114 406771801
4836 # 1504
4836 - 1227 2 406771801
4836 # 1504
4836 - 1227 2 406771801
4836 # 1504
4836 - 1227 2 406771801
4836 - 1227 2 406771801
4836 + 1114 406771801
4836 + 1115 406771801
4836 + 1115 406771801
4836 + 1115 406771801
4837 # 1504
4837 - 1227 2 406771801
4837 # 1504
4837 - 1227 2 406771801
4837 + 1115 406771801
4837 + 1115 406771801
4837 + 1115 406771801
4838 # 1504
4838 - 1227 3 406771801
4838 # 1504
4838 - 1114 3 406771801
4838 - 1114 2 406771801
4839 # 1504
4839 - 1115 3 406771801
4839 # 1504
4839 - 1115 3 406771801
4840 # 1504
4840 - 1115 4 406771801
4840 - 1115 3 406771801
4840 # 1504
4840 - 1115 3 406771801
4841 # 1504
4841 - 1115 4 406771801
4841 # 1504
4841 # 1504
4842 # 1504
4842 # 1504
4842 + 1029 406773421
4843 # 1504
4843 - 1029 1 406773421
4843 # 1504
4844 # 1504
4844 # 1504
4844 + 1030 406773421
4844 + 1030 406773421
4844 + 1091 406773421
4844 + 1091 406773421
4844 + 1091 406773421
4844 + 1092 406773421
4844 + 1092 406773421
4844 + 102 2802403873
4844 + 1068 406773421
4845 # 1504
4845 - 1030 1 406773421
4845 # 1504
4845 - 1030 1 406773421
4846 # 1504
4846 - 1091 2 406773421
4846 - 1091 2 406773421
4846 # 1504
4846 - 1091 2 406773421
4846 # 1504
4846 - 1092 2 406773421
4846 - 1092 2 406773421
4846 + 1068 406773421
4846 + 1068 406773421
4846 + 1069 406773421
4846 + 1069 406773421
4847 # 1504
4847 - 102 3 2802403873
4847 - 1068 3 406773421
4847 # 1504
4847 - 1068 1 406773421
4847 + 1140 406773421
4847 + 1140 406773421
4847 + 1140 406773421
4847 + 1141 406773421
4847 + 1173 406773421
4847 + 1173 406773421
4848 # 1504
4848 - 1068 2 406773421
4848 - 1069 2 406773421
4848 # 1504
4848 - 1069 2 406773421
4849 # 1504
4849 - 1140 2 406773421
4849 # 1504
4849 - 1140 2 406773421
4849 - 1140 2 406773421
4849 + 1173 406773421
4849 + 1173 406773421
4849 + 1173 406773421
4849 + 1173 406773421
4850 # 1504
4850 - 1141 3 406773421
4850 # 1504
4850 - 1173 3 406773421
4850 + 1128 406773421
4850 + 1128 406773421
4850 + 1128 406773421
4850 + 102 2802403873
4851 # 1504
4851 - 1173 4 406773421
4851 - 1173 2 406773421
4851 # 1504
4851 - 1173 2 406773421
4851 # 1504
4851 - 1173 2 406773421
4851 + 1129 406773421
4851 + 1129 406773421
4851 + 1129 406773421
4851 + 1189 406773421
4852 # 1504
4852 - 1173 3 406773421
4852 # 1504
4852 - 1128 2 406773421
4852 - 1128 2 406773421
4852 + 1190 406773421
4852 + 1190 406773421
4852 + 1190 406773421
4852 + 1190 406773421
4853 # 1504
4853 - 1128 3 406773421
4853 - 102 3 2802403873
4853 # 1504
4853 - 1129 2 406773421
4854 # 1504
4854 - 1129 3 406773421
4854 - 1129 3 406773421
4854 # 1504
4854 - 1189 3 406773421
4854 + 1190 406773421
4854 + 1190 406773421
4854 + 1190 406773421
4854 + 1086 406773421
4855 # 1504
4855 - 1190 3 406773421
4855 # 1504
4855 - 1190 3 406773421
4855 + 1086 406773421
4855 + 1086 406773421
4855 + 1086 406773421
4855 + 1086 406773421
4855 + 1086 406773421
4856 # 1504
4856 - 1190 4 406773421
4856 - 1190 4 406773421
4856 # 1504
4856 - 1190 2 406773421
4856 # 1504
4856 - 1190 2 406773421
4856 + 1086 406773421
4857 # 1504
4857 - 1190 3 406773421
4857 - 1086 3 406773421
4857 # 1504
4857 - 1086 2 406773421
4858 # 1504
4858 - 1086 3 406773421
4858 # 1504
4858 - 1086 3 406773421
4858 - 1086 3 406773421
4859 # 1504
4859 - 1086 4 406773421
4859 # 1504
4859 - 1086 3 406773421
4860 # 1504
4860 # 1504
4860 + 1033 406775041
4861 # 1504
4861 - 1033 1 406775041
4861 # 1504
4861 # 1504
4861 + 102 2802403873
4861 + 1034 406775041
4861 + 1034 406775041
4861 + 1119 406775041
4861 + 1119 406775041
4861 + 1119 406775041
4862 # 1504
4862 - 102 1 2802403873
4862 - 1034 1 406775041
4862 # 1504
4862 - 1034 1 406775041
4863 # 1504
4863 - 1119 2 406775041
4863 - 1119 2 406775041
4863 # 1504
4863 - 1119 2 406775041
4863 + 1119 406775041
4863 + 1119 406775041
4863 + 1048 406775041
4863 + 1049 406775041
4864 # 1504
4864 - 1119 1 406775041
4864 # 1504
4864 - 1119 1 406775041
4864 + 1049 406775041
4864 + 1049 406775041
4864 + 1049 406775041
4864 + 1141 406775041
4864 + 1141 406775041
4865 # 1504
4865 - 1048 2 406775041
4865 - 1049 2 406775041
4865 # 1504
4865 - 1049 1 406775041
4865 + 1141 406775041
4865 + 1142 406775041
4865 + 1171 406775041
4865 + 1172 406775041
4866 # 1504
4866 - 1049 2 406775041
4866 - 1049 2 406775041
4866 # 1504
4866 - 1141 2 406775041
4866 # 1504
4866 - 1141 2 406775041
4867 # 1504
4867 - 1141 2 406775041
4867 # 1504
4867 - 1142 2 406775041
4867 - 1171 2 406775041
4867 + 1172 406775041
4867 + 1172 406775041
4867 + 1172 406775041
4868 # 1504
4868 - 1172 3 406775041
4868 # 1504
4868 - 1172 1 406775041
4868 + 1172 406775041
4868 + 1104 406775041
4868 + 1104 406775041
4868 + 1104 406775041
4869 # 1504
4869 - 1172 2 406775041
4869 - 1172 2 406775041
4869 # 1504
4869 - 1172 1 406775041
4869 + 1104 406775041
4869 + 1105 406775041
4869 + 1105 406775041
4869 + 1222 406775041
4870 # 1504
4870 - 1104 2 406775041
4870 # 1504
4870 - 1104 2 406775041
4870 - 1104 2 406775041
4870 + 1222 406775041
4870 + 1222 406775041
4870 + 1222 406775041
4870 + 1222 406775041
4871 # 1504
4871 - 1104 2 406775041
4871 # 1504
4871 - 1105 2 406775041
4871 # 1504
4871 - 1105 2 406775041
4871 - 1222 2 406775041
4872 # 1504
4872 - 1222 2 406775041
4872 # 1504
4872 - 1222 2 406775041
4872 + 1222 406775041
4872 + 1223 406775041
4872 + 1223 406775041
4872 + 1097 406775041
4872 + 1097 406775041
4872 + 1097 406775041
4873 # 1504
4873 - 1222 3 406775041
4873 # 1504
4873 - 1222 3 406775041
4873 - 1222 1 406775041
4873 + 1097 406775041
4873 + 1097 406775041
4873 + 1097 406775041
4873 + 1097 406775041
4874 # 1504
4874 - 1223 2 406775041
4874 # 1504
4874 - 1223 2 406775041
4875 # 1504
4875 - 1097 3 406775041
4875 # 1504
4875 - 1097 3 406775041
4875 - 1097 3 406775041
4876 # 1504
4876 - 1097 3 406775041
4876 # 1504
4876 - 1097 3 406775041
4876 - 1097 3 406775041
4876 # 1504
4876 - 1097 3 406775041
4876 + 118 2802403873
4877 # 1504
4877 - 118 1 2802403873
4877 # 1504
4878 # 1504
4878 # 1504
4878 + 952 406776661
4879 # 1504
4879 - 952 1 406776661
4879 # 1504
4880 # 1504
4880 # 1504
4880 + 953 406776661
4880 + 953 406776661
4880 + 953 406776661
4880 + 1075 406776661
4880 + 1076 406776661
4881 # 1504
4881 - 953 1 406776661
4881 # 1504
4881 - 953 1 406776661
4881 - 953 1 406776661
4881 + 1076 406776661
4881 + 1076 406776661
4881 + 1076 406776661
4881 + 1076 406776661
4882 # 1504
4882 - 1075 2 406776661
4882 # 1504
4882 - 1076 2 406776661
4882 # 1504
4882 - 1076 1 406776661
4882 - 1076 1 406776661
4882 + 1167 406776661
4882 + 1168 406776661
4882 + 1168 406776661
4882 + 1168 406776661
4883 # 1504
4883 - 1076 2 406776661
4883 # 1504
4883 - 1076 2 406776661
4883 - 1167 1 406776661
4883 + 1168 406776661
4883 + 1196 406776661
4884 # 1504
4884 - 1168 2 406776661
4884 # 1504
4884 - 1168 2 406776661
4884 + 1196 406776661
4884 + 1196 406776661
4884 + 1197 406776661
4885 # 1504
4885 - 1168 3 406776661
4885 # 1504
4885 - 1168 2 406776661
4885 - 1196 2 406776661
4885 + 1205 406776661
4885 + 1205 406776661
4885 + 1205 406776661
4886 # 1504
4886 - 1196 2 406776661
4886 # 1504
4886 - 1196 2 406776661
4886 + 1206 406776661
4886 + 1206 406776661
4886 + 1206 406776661
4886 + 1215 406776661
4887 # 1504
4887 - 1197 3 406776661
4887 # 1504
4887 - 1205 2 406776661
4887 - 1205 2 406776661
4887 # 1504
4887 - 1205 2 406776661
4887 + 1215 406776661
4887 + 1215 406776661
4887 + 1215 406776661
4887 + 1215 406776661
4888 # 1504
4888 - 1206 2 406776661
4888 # 1504
4888 - 1206 2 406776661
4889 # 1504
4889 - 1206 3 406776661
4889 - 1215 3 406776661
4889 # 1504
4889 - 1215 2 406776661
4889 + 1216 406776661
4889 + 1204 406776661
4889 + 1204 406776661
4889 + 1204 406776661
4889 + 1204 406776661
4890 # 1504
4890 - 1215 3 406776661
4890 # 1504
4890 - 1215 3 406776661
4890 + 1204 406776661
4890 + 1204 406776661
4890 + 1204 406776661
4891 # 1504
4891 - 1215 4 406776661
4891 - 1216 2 406776661
4891 # 1504
4891 - 1204 2 406776661
4891 + 1204 406776661
4891 + 1204 406776661
4891 + 1204 406776661
4891 + 1110 406776661
4892 # 1504
4892 - 1204 3 406776661
4892 # 1504
4892 - 1204 3 406776661
4892 # 1504
4892 - 1204 3 406776661
4892 - 1204 2 406776661
4893 # 1504
4893 - 1204 3 406776661
4893 # 1504
4893 - 1204 3 406776661
4893 + 102 2802403873
4893 + 1111 406776661
4893 + 1111 406776661
4893 + 1111 406776661
4893 + 1111 406776661
4893 + 1111 406776661
4894 # 1504
4894 - 1204 3 406776661
4894 # 1504
4894 - 1204 3 406776661
4894 - 1204 3 406776661
4894 + 1111 406776661
4894 + 1111 406776661
4895 # 1504
4895 - 1110 4 406776661
4895 - 102 2 2802403873
4895 # 1504
4895 - 1111 2 406776661
4896 # 1504
4896 - 1111 3 406776661
4896 - 1111 3 406776661
4896 # 1504
4896 - 1111 3 406776661
4897 # 1504
4897 - 1111 4 406776661
4897 # 1504
4897 - 1111 3 406776661
4897 - 1111 3 406776661
4897 # 1504
4897 + 1221 406778281
4898 # 1504
4898 - 1221 1 406778281
4898 # 1504
4898 + 1221 406778281
4898 + 1221 406778281
4898 + 1224 406778281
4898 + 1224 406778281
4899 # 1504
4899 - 1221 1 406778281
4899 # 1504
4899 - 1221 1 406778281
4899 + 1224 406778281
4899 + 1225 406778281
4899 + 1225 406778281
4899 + 1225 406778281
4900 # 1504
4900 - 1224 2 406778281
4900 # 1504
4900 - 1224 2 406778281
4900 + 1147 406778281
4900 + 1147 406778281
4900 + 1147 406778281
4901 # 1504
4901 - 1224 2 406778281
4901 - 1225 2 406778281
4901 # 1504
4901 - 1225 2 406778281
4902 # 1504
4902 - 1225 3 406778281
4902 # 1504
4902 - 1147 2 406778281
4902 # 1504
4902 - 1147 2 406778281
4902 - 1147 2 406778281
4902 + 1147 406778281
4902 + 1147 406778281
4902 + 1147 406778281
4902 + 1104 406778281
4902 + 1104 406778281
4903 # 1504
4903 - 1147 1 406778281
4903 # 1504
4903 - 1147 1 406778281
4903 + 1104 406778281
4903 + 1104 406778281
4903 + 1104 406778281
4904 # 1504
4904 - 1147 2 406778281
4904 # 1504
4904 - 1104 2 406778281
4904 - 1104 2 406778281
4904 + 1194 406778281
4904 + 1194 406778281
4904 + 1194 406778281
4905 # 1504
4905 - 1104 2 406778281
4905 # 1504
4905 - 1104 2 406778281
4905 - 1104 2 406778281
4905 + 1195 406778281
4905 + 1195 406778281
4905 + 1195 406778281
4905 + 1195 406778281
4906 # 1504
4906 - 1194 2 406778281
4906 # 1504
4906 - 1194 2 406778281
4906 + 102 2802403873
4906 + 1176 406778281
4906 + 1176 406778281
4906 + 1176 406778281
4907 # 1504
4907 - 1194 3 406778281
4907 # 1504
4907 - 1195 2 406778281
4907 - 1195 2 406778281
4907 # 1504
4907 - 1195 2 406778281
4907 + 1176 406778281
4907 + 1176 406778281
4907 + 1177 406778281
4907 + 1177 406778281
4908 # 1504
4908 - 1195 3 406778281
4908 - 102 2 2802403873
4908 # 1504
4908 - 1176 2 406778281
4908 + 1177 406778281
4909 # 1504
4909 - 1176 3 406778281
4909 - 1176 3 406778281
4909 # 1504
4909 - 1176 2 406778281
4909 + 1178 406778281
4909 + 1178 406778281
4909 + 1178 406778281
4910 # 1504
4910 - 1176 3 406778281
4910 # 1504
4910 - 1177 3 406778281
4910 + 1178 406778281
4910 + 1178 406778281
4910 + 1178 406778281
4910 + 1178 406778281
4911 # 1504
4911 - 1177 4 406778281
4911 - 1177 3 406778281
4911 # 1504
4911 - 1178 2 406778281
4912 # 1504
4912 - 1178 3 406778281
4912 # 1504
4912 - 1178 3 406778281
4912 - 1178 2 406778281
4912 # 1504
4912 - 1178 2 406778281
4912 + 102 2802403873
4912 + 1178 406778281
4912 + 1178 406778281
4912 + 1094 406778281
4912 + 1094 406778281
4912 + 1094 406778281
4912 + 1094 406778281
4912 + 1095 406778281
4913 # 1504
4913 - 1178 3 406778281
4913 # 1504
4913 - 1178 3 406778281
4913 - 102 1 2802403873
4913 + 1095 406778281
4913 + 1095 406778281
4913 + 1095 406778281
4914 # 1504
4914 - 1178 2 406778281
4914 - 1178 2 406778281
4914 # 1504
4914 - 1094 2 406778281
4914 + 972 406779901
4915 # 1504
4915 - 1094 3 406778281
4915 # 1504
4915 - 1094 3 406778281
4915 - 1094 3 406778281
4915 + 972 406779901
4915 + 972 406779901
4915 + 973 406779901
4915 + 1219 406779901
4916 # 1504
4916 - 1095 4 406778281
4916 # 1504
4916 - 1095 3 406778281
4916 + 1219 406779901
4916 + 1219 406779901
4916 + 1219 406779901
4916 + 1220 406779901
4917 # 1504
4917 - 1095 4 406778281
4917 - 1095 4 406778281
4917 # 1504
4917 - 972 3 406779901
4917 # 1504
4917 - 972 2 406779901
4917 - 972 2 406779901
4918 # 1504
4918 - 973 3 406779901
4918 # 1504
4918 - 1219 3 406779901
4918 - 1219 2 406779901
4918 + 1220 406779901
4918 + 1143 406779901
4918 + 1143 406779901
4918 + 1143 406779901
4919 # 1504
4919 - 1219 3 406779901
4919 # 1504
4919 - 1219 3 406779901
4919 + 1143 406779901
4919 + 1144 406779901
4919 + 1144 406779901
4919 + 1055 406779901
4920 # 1504
4920 - 1220 4 406779901
4920 # 1504
4920 - 1220 2 406779901
4920 - 1143 2 406779901
4920 + 102 2802403873
4920 + 1055 406779901
4920 + 1055 406779901
4920 + 1055 406779901
4920 + 1056 406779901
4921 # 1504
4921 - 1143 3 406779901
4921 # 1504
4921 - 1143 3 406779901
4921 + 1173 406779901
4921 + 1173 406779901
4921 + 1173 406779901
4921 + 1173 406779901
4922 # 1504
4922 - 1143 3 406779901
4922 # 1504
4922 - 1144 3 406779901
4922 - 1144 3 406779901
4922 # 1504
4922 - 1055 3 406779901
4922 - 102 2 2802403873
4923 # 1504
4923 - 1055 3 406779901
4923 - 1055 3 406779901
4923 # 1504
4923 - 1055 3 406779901
4923 + 1173 406779901
4923 + 1173 406779901
4923 + 1173 406779901
4923 + 1221 406779901
4923 + 1221 406779901
4924 # 1504
4924 - 1056 4 406779901
4924 # 1504
4924 - 1173 3 406779901
4924 - 1173 3 406779901
4924 + 1221 406779901
4924 + 1221 406779901
4924 + 1221 406779901
4925 # 1504
4925 - 1173 4 406779901
4925 # 1504
4925 - 1173 4 406779901
4925 + 1222 406779901
4925 + 1222 406779901
4925 + 1215 406779901
4925 + 1215 406779901
4925 + 1215 406779901
4926 # 1504
4926 - 1173 3 406779901
4926 # 1504
4926 - 1173 3 406779901
4926 - 1173 3 406779901
4927 # 1504
4927 - 1221 4 406779901
4927 # 1504
4927 - 1221 4 406779901
4927 # 1504
4927 - 1221 3 406779901
4927 + 1215 406779901
4927 + 1215 406779901
4927 + 1216 406779901
4928 # 1504
4928 - 1221 4 406779901
4928 - 1221 4 406779901
4928 # 1504
4928 - 1222 3 406779901
4928 + 1216 406779901
4928 + 1216 406779901
4928 + 1216 406779901
4928 + 1216 406779901
4929 # 1504
4929 - 1222 4 406779901
4929 # 1504
4929 - 1215 4 406779901
4929 + 1166 406779901
4929 + 1166 406779901
4929 + 1166 406779901
4929 + 1167 406779901
4930 # 1504
4930 - 1215 5 406779901
4930 - 1215 5 406779901
4930 # 1504
4930 - 1215 3 406779901
4930 + 102 2802403873
4930 + 1167 406779901
4930 + 1167 406779901
4930 + 1167 406779901
4930 + 1167 406779901
4931 # 1504
4931 - 1215 4 406779901
4931 # 1504
4931 - 1216 4 406779901
4932 # 1504
4932 - 1216 4 406779901
4932 - 1216 4 406779901
4932 # 1504
4932 - 1216 4 406779901
4932 + 1073 406781521
4933 # 1504
4933 - 1216 5 406779901
4933 # 1504
4933 - 1166 4 406779901
4933 # 1504
4933 - 1166 4 406779901
4933 - 1166 4 406779901
4933 + 1074 406781521
4933 + 1074 406781521
4933 + 1074 406781521
4933 + 1121 406781521
4934 # 1504
4934 - 1167 5 406779901
4934 - 102 4 2802403873
4934 # 1504
4934 - 1167 4 406779901
4934 + 1122 406781521
4934 + 1122 406781521
4934 + 1122 406781521
4934 + 1122 406781521
4935 # 1504
4935 - 1167 5 406779901
4935 # 1504
4935 - 1167 5 406779901
4935 - 1167 5 406779901
4935 + 1122 406781521
4935 + 1122 406781521
4936 # 1504
4936 - 1073 4 406781521
4936 # 1504
4936 - 1074 3 406781521
4936 # 1504
4936 - 1074 3 406781521
4936 - 1074 3 406781521
4936 # 1504
4936 - 1121 3 406781521
4936 + 1150 406781521
4936 + 1150 406781521
4936 + 1150 406781521
4937 # 1504
4937 - 1122 3 406781521
4937 - 1122 3 406781521
4937 # 1504
4937 - 1122 3 406781521
4937 + 1151 406781521
4937 + 1151 406781521
4937 + 1151 406781521
4938 # 1504
4938 - 1122 4 406781521
4938 # 1504
4938 - 1122 3 406781521
4938 - 1122 3 406781521
4938 + 1047 406781521
4938 + 1047 406781521
4938 + 1047 406781521
4938 + 1048 406781521
4939 # 1504
4939 - 1150 3 406781521
4939 # 1504
4939 - 1150 3 406781521
4939 # 1504
4939 - 1150 3 406781521
4939 + 1048 406781521
4939 + 1162 406781521
4939 + 1162 406781521
4939 + 1163 406781521
4940 # 1504
4940 - 1151 3 406781521
4940 - 1151 3 406781521
4940 # 1504
4940 - 1151 3 406781521
4940 + 1163 406781521
4940 + 1163 406781521
4941 # 1504
4941 - 1047 3 406781521
4941 - 1047 3 406781521
4941 # 1504
4941 - 1047 3 406781521
4941 + 1163 406781521
4941 + 1163 406781521
4942 # 1504
4942 - 1048 4 406781521
4942 # 1504
4942 - 1048 3 406781521
4942 - 1162 3 406781521
4942 + 1228 406781521
4942 + 1228 406781521
4942 + 1228 406781521
4942 + 1228 406781521
4943 # 1504
4943 - 1162 4 406781521
4943 # 1504
4943 - 1163 4 406781521
4943 + 1229 406781521
4943 + 1229 406781521
4943 + 1229 406781521
4943 + 1145 406781521
4944 # 1504
4944 - 1163 4 406781521
4944 - 1163 4 406781521
4944 # 1504
4944 - 1163 3 406781521
4944 + 1145 406781521
4944 + 1145 406781521
4944 + 1145 406781521
4945 # 1504
4945 - 1163 4 406781521
4945 # 1504
4945 - 1228 3 406781521
4945 + 1146 406781521
4945 + 1146 406781521
4945 + 1146 406781521
4945 + 1146 406781521
4946 # 1504
4946 - 1228 4 406781521
4946 - 1228 4 406781521
4946 # 1504
4946 - 1228 4 406781521
4947 # 1504
4947 - 1229 4 406781521
4947 # 1504
4947 - 1229 4 406781521
4947 + 1146 406781521
4948 # 1504
4948 - 1229 5 406781521
4948 - 1145 5 406781521
4948 # 1504
4948 - 1145 4 406781521
4948 + 1146 406781521
4948 + 1141 406781521
4948 + 1141 406781521
4948 + 1141 406781521
4948 + 1142 406781521
4948 + 1142 406781521
4948 + 102 2802403873
4948 + 1142 406781521
4948 + 1142 406781521
4949 # 1504
4949 - 1145 5 406781521
4949 # 1504
4949 - 1145 5 406781521
4949 - 1146 4 406781521
4949 + 1142 406781521
4949 + 974 406783051
4950 # 1504
4950 - 1146 5 406781521
4950 # 1504
4950 - 1146 5 406781521
4951 # 1504
4951 - 1146 6 406781521
4951 # 1504
4951 - 1146 4 406781521
4951 - 1146 3 406781521
4951 + 974 406783051
4951 + 975 406783051
4951 + 975 406783051
4951 + 1080 406783051
4952 # 1504
4952 - 1141 4 406781521
4952 # 1504
4952 - 1141 4 406781521
4952 + 1080 406783051
4952 + 1080 406783051
4952 + 1080 406783051
4952 + 1080 406783051
4953 # 1504
4953 - 1141 5 406781521
4953 - 1142 5 406781521
4953 # 1504
4953 - 1142 5 406781521
4953 - 102 5 2802403873
4953 + 1081 406783051
4953 + 1081 406783051
4953 + 1233 406783051
4953 + 1234 406783051
4953 + 1234 406783051
4954 # 1504
4954 - 1142 6 406781521
4954 # 1504
4954 - 1142 6 406781521
4954 - 1142 5 406781521
4954 # 1504
4954 - 974 5 406783051
4954 + 1234 406783051
4954 + 1234 406783051
4954 + 1176 406783051
4955 # 1504
4955 - 974 4 406783051
4955 - 975 4 406783051
4955 # 1504
4955 - 975 4 406783051
4956 # 1504
4956 - 1080 5 406783051
4956 - 1080 4 406783051
4956 # 1504
4956 - 1080 4 406783051
4956 + 1177 406783051
4956 + 1177 406783051
4956 + 1177 406783051
4956 + 1239 406783051
4956 + 1239 406783051
4957 # 1504
4957 - 1080 5 406783051
4957 # 1504
4957 - 1080 5 406783051
4957 - 1081 4 406783051
4957 + 1239 406783051
4957 + 1240 406783051
4957 + 1240 406783051
4957 + 1240 406783051
4958 # 1504
4958 - 1081 5 406783051
4958 # 1504
4958 - 1233 5 406783051
4958 + 1136 406783051
4958 + 1136 406783051
4958 + 1136 406783051
4958 + 1137 406783051
4959 # 1504
4959 - 1234 6 406783051
4959 - 1234 6 406783051
4959 # 1504
4959 - 1234 5 406783051
4960 # 1504
4960 - 1234 6 406783051
4960 # 1504
4960 - 1176 6 406783051
4960 + 1137 406783051
4960 + 1137 406783051
4960 + 1137 406783051
4960 + 1232 406783051
4961 # 1504
4961 - 1177 5 406783051
4961 - 1177 5 406783051
4961 # 1504
4961 - 1177 5 406783051
4961 + 118 2802403873
4961 + 1232 406783051
4961 + 1232 406783051
4961 + 1233 406783051
4962 # 1504
4962 - 1239 6 406783051
4962 # 1504
4962 - 1239 6 406783051
4962 + 1233 406783051
4962 + 1233 406783051
4962 + 1233 406783051
4962 + 1233 406783051
4963 # 1504
4963 - 1239 6 406783051
4963 # 1504
4963 - 1240 6 406783051
4963 - 1240 6 406783051
4963 + 1233 406783051
4963 + 1108 406783051
4963 + 1108 406783051
4963 + 1108 406783051
4964 # 1504
4964 - 1240 7 406783051
4964 # 1504
4964 - 1136 6 406783051
4965 # 1504
4965 - 1136 7 406783051
4965 - 1136 7 406783051
4965 # 1504
4965 - 1137 7 406783051
4965 + 1108 406783051
4965 + 1108 406783051
4965 + 1108 406783051
4965 + 1109 406783051
4966 # 1504
4966 - 1137 6 406783051
4966 # 1504
4966 - 1137 6 406783051
4966 - 1137 6 406783051
4966 + 1109 406783051
4967 # 1504
4967 - 1232 7 406783051
4967 - 118 6 2802403873
4967 # 1504
4967 - 1232 6 406783051
4967 + 1155 406784671
4968 # 1504
4968 - 1232 7 406783051
4968 # 1504
4968 - 1233 7 406783051
4968 # 1504
4968 - 1233 6 406783051
4968 - 1233 6 406783051
4968 + 102 2802403873
4969 # 1504
4969 - 1233 7 406783051
4969 # 1504
4969 - 1233 7 406783051
4969 + 1155 406784671
4969 + 1156 406784671
4969 + 1149 406784671
4969 + 1150 406784671
4970 # 1504
4970 - 1233 7 406783051
4970 # 1504
4970 - 1108 7 406783051
4970 - 1108 7 406783051
4970 + 1150 406784671
4970 + 1150 406784671
4970 + 1150 406784671
4970 + 1150 406784671
4971 # 1504
4971 - 1108 8 406783051
4971 # 1504
4971 - 1108 6 406783051
4971 + 1150 406784671
4971 + 1150 406784671
4971 + 1150 406784671
4971 + 1150 406784671
4972 # 1504
4972 - 1108 7 406783051
4972 - 1108 7 406783051
4972 # 1504
4972 - 1109 7 406783051
4972 + 1150 406784671
4973 # 1504
4973 - 1109 7 406783051
4973 # 1504
4973 - 1155 6 406784671
4973 - 102 5 2802403873
4973 - 1155 4 406784671
4973 + 1072 406784671
4973 + 1072 406784671
4973 + 1072 406784671
4974 # 1504
4974 - 1156 5 406784671
4974 # 1504
4974 - 1149 5 406784671
4974 + 1073 406784671
4974 + 1108 406784671
4974 + 1108 406784671
4974 + 1108 406784671
4974 + 1108 406784671
4974 + 1109 406784671
4975 # 1504
4975 - 1150 6 406784671
4975 # 1504
4975 - 1150 5 406784671
4975 - 1150 5 406784671
4975 + 1109 406784671
4975 + 1199 406784671
4975 + 1199 406784671
4976 # 1504
4976 - 1150 6 406784671
4976 # 1504
4976 - 1150 6 406784671
4976 + 1199 406784671
4976 + 1199 406784671
4976 + 1200 406784671
4976 + 1200 406784671
4977 # 1504
4977 - 1150 6 406784671
4977 - 1150 6 406784671
4977 # 1504
4977 - 1150 6 406784671
4978 # 1504
4978 - 1150 7 406784671
4978 # 1504
4978 - 1150 6 406784671
4978 - 1072 5 406784671
4978 + 1222 406784671
4978 + 1222 406784671
4978 + 1223 406784671
4978 + 1223 406784671
4979 # 1504
4979 - 1072 6 406784671
4979 # 1504
4979 - 1072 6 406784671
4979 - 1073 5 406784671
4979 + 1223 406784671
4979 + 1223 406784671
4979 + 1223 406784671
4980 # 1504
4980 - 1108 6 406784671
4980 # 1504
4980 - 1108 6 406784671
4980 + 102 2802403873
4980 + 1223 406784671
4980 + 1136 406784671
4980 + 1136 406784671
4980 + 1136 406784671
4981 # 1504
4981 - 1108 7 406784671
4981 - 1108 7 406784671
4981 # 1504
4981 - 1109 7 406784671
4981 + 1137 406784671
4981 + 1137 406784671
4981 + 1137 406784671
4981 + 1137 406784671
4982 # 1504
4982 - 1109 7 406784671
4982 # 1504
4982 - 1199 7 406784671
4982 - 1199 7 406784671
4983 # 1504
4983 - 1199 7 406784671
4983 # 1504
4983 - 1199 7 406784671
4983 # 1504
4983 - 1200 7 406784671
4984 # 1504
4984 - 1200 8 406784671
4984 - 1222 6 406784671
4984 # 1504
4984 - 1222 6 406784671
4984 + 969 406786291
4985 # 1504
4985 - 1223 7 406784671
4985 # 1504
4985 - 1223 7 406784671
4985 + 969 406786291
4985 + 970 406786291
4985 + 1167 406786291
4985 + 1167 406786291
4986 # 1504
4986 - 1223 7 406784671
4986 # 1504
4986 - 1223 7 406784671
4986 - 1223 7 406784671
4986 - 102 6 2802403873
4986 + 1167 406786291
4986 + 1168 406786291
4986 + 1168 406786291
4986 + 1013 406786291
4987 # 1504
4987 - 1223 7 406784671
4987 # 1504
4987 - 1136 7 406784671
4988 # 1504
4988 - 1136 8 406784671
4988 # 1504
4988 - 1136 8 406784671
4988 - 1137 7 406784671
4988 + 1013 406786291
4988 + 1013 406786291
4988 + 1014 406786291
4988 + 1014 406786291
4988 + 1160 406786291
4988 + 1160 406786291
4989 # 1504
4989 - 1137 8 406784671
4989 # 1504
4989 - 1137 8 406784671
4989 + 1161 406786291
4989 + 1091 406786291
4989 + 1092 406786291
4989 + 1092 406786291
4989 + 1092 406786291
4990 # 1504
4990 - 1137 9 406784671
4990 - 969 6 406786291
4990 # 1504
4990 - 969 5 406786291
4990 - 970 5 406786291
4991 # 1504
4991 - 1167 6 406786291
4991 # 1504
4991 - 1167 6 406786291
4991 + 1092 406786291
4991 + 1207 406786291
4991 + 1207 406786291
4991 + 1207 406786291
4992 # 1504
4992 - 1167 6 406786291
4992 # 1504
4992 - 1168 6 406786291
4992 - 1168 6 406786291
4992 + 1208 406786291
4992 + 1208 406786291
4992 + 1226 406786291
4992 + 102 2802403873
4992 + 1226 406786291
4993 # 1504
4993 - 1013 7 406786291
4993 # 1504
4993 - 1013 5 406786291
4993 - 1013 5 406786291
4993 + 1226 406786291
4993 + 1226 406786291
4993 + 1226 406786291
4993 + 1226 406786291
4994 # 1504
4994 - 1014 6 406786291
4994 # 1504
4994 - 1014 6 406786291
4994 - 1160 6 406786291
4995 # 1504
4995 - 1160 7 406786291
4995 # 1504
4995 - 1161 6 406786291
4995 + 1226 406786291
4995 + 1191 406786291
4995 + 1191 406786291
4995 + 1192 406786291
4996 # 1504
4996 - 1091 7 406786291
4996 - 1092 7 406786291
4996 # 1504
4996 - 1092 7 406786291
4996 + 1192 406786291
4996 + 1192 406786291
4996 + 1192 406786291
4997 # 1504
4997 - 1092 8 406786291
4997 # 1504
4997 - 1092 6 406786291
4997 - 1207 6 406786291
4997 + 102 2802403873
4998 # 1504
4998 - 1207 7 406786291
4998 # 1504
4998 - 1207 7 406786291
4998 # 1504
4998 - 1208 6 406786291
4999 # 1504
4999 - 1208 7 406786291
4999 - 1226 7 406786291
4999 # 1504
4999 - 102 7 2802403873
4999 - 1226 7 406786291
5000 # 1504
5000 - 1226 7 406786291
5000 # 1504
5000 - 1226 7 406786291
5001 # 1504
5001 - 1226 8 406786291
5001 # 1504
5001 - 1226 8 406786291
5001 - 1226 6 406786291
5001 + 959 406787911
5002 # 1504
5002 - 1191 7 406786291
5002 # 1504
5002 - 1191 7 406786291
5002 + 960 406787911
5002 + 1087 406787911
5002 + 1087 406787911
5002 + 1087 406787911
5003 # 1504
5003 - 1192 8 406786291
5003 # 1504
5003 - 1192 7 406786291
5003 - 1192 7 406786291
5003 + 1088 406787911
5003 + 1012 406787911
5003 + 1012 406787911
5003 + 1013 406787911
5004 # 1504
5004 - 1192 8 406786291
5004 - 102 7 2802403873
5004 # 1504
5004 - 959 3 406787911
5005 # 1504
5005 - 960 3 406787911
5005 - 1087 3 406787911
5005 # 1504
5005 - 1087 3 406787911
5005 + 1013 406787911
5005 + 963 406787911
5005 + 964 406787911
5005 + 964 406787911
5005 + 1037 406787911
5006 # 1504
5006 - 1087 4 406787911
5006 - 1088 3 406787911
5006 # 1504
5006 - 1012 3 406787911
5006 + 1037 406787911
5006 + 1038 406787911
5006 + 1038 406787911
5006 + 1224 406787911
5006 + 1224 406787911
5007 # 1504
5007 - 1012 4 406787911
5007 - 1013 4 406787911
5007 # 1504
5007 - 1013 2 406787911
5007 + 1225 406787911
5007 + 1225 406787911
5007 + 1101 406787911
5007 + 1101 406787911
5008 # 1504
5008 - 963 3 406787911
5008 - 964 3 406787911
5008 # 1504
5008 - 964 3 406787911
5009 # 1504
5009 - 1037 4 406787911
5009 - 1037 3 406787911
5009 # 1504
5009 - 1038 3 406787911
5009 + 1101 406787911
5009 + 1102 406787911
5009 + 1102 406787911
5009 + 1102 406787911
5010 # 1504
5010 - 1038 4 406787911
5010 # 1504
5010 - 1224 4 406787911
5010 - 1224 4 406787911
5010 + 1144 406787911
5010 + 1144 406787911
5010 + 1144 406787911
5010 + 1144 406787911
5011 # 1504
5011 - 1225 4 406787911
5011 # 1504
5011 - 1225 4 406787911
5011 + 1144 406787911
5011 + 102 2802403873
5012 # 1504
5012 - 1101 5 406787911
5012 # 1504
5012 - 1101 5 406787911
5012 - 1101 3 406787911
5012 # 1504
5012 - 1102 3 406787911
5013 # 1504
5013 - 1102 4 406787911
5013 - 1102 4 406787911
5013 # 1504
5013 - 1144 3 406787911
5014 # 1504
5014 - 1144 4 406787911
5014 # 1504
5014 - 1144 4 406787911
5015 # 1504
5015 - 1144 5 406787911
5015 - 1144 4 406787911
5015 - 102 4 2802403873
5015 # 1504
5016 # 1504
5016 # 1504
5017 # 1504
5017 # 1504
5018 # 1504
5018 # 1504
5019 # 1504
5019 # 1504
5020 # 1504
5020 # 1504
5021 # 1504
5021 # 1504
5021 + 102 2802403873
5021 + 1173 406789531
5022 # 1504
5022 - 102 1 2802403873
5022 - 1173 1 406789531
5022 # 1504
5022 + 1173 406789531
5023 # 1504
5023 - 1173 1 406789531
5023 # 1504
5023 + 1173 406789531
5023 + 1173 406789531
5023 + 1173 406789531
5023 + 1173 406789531
5024 # 1504
5024 - 1173 1 406789531
5024 # 1504
5024 - 1173 1 406789531
5024 + 1173 406789531
5024 + 1173 406789531
5024 + 1173 406789531
5024 + 1173 406789531
5025 # 1504
5025 - 1173 2 406789531
5025 # 1504
5025 - 1173 2 406789531
5025 - 1173 1 406789531
5025 + 1173 406789531
5025 + 1173 406789531
5026 # 1504
5026 - 1173 2 406789531
5026 # 1504
5026 - 1173 2 406789531
5026 + 1159 406789531
5026 + 1159 406789531
5027 # 1504
5027 - 1173 3 406789531
5027 # 1504
5027 - 1173 2 406789531
5027 - 1173 2 406789531
5027 # 1504
5027 - 1159 1 406789531
5027 + 1159 406789531
5027 + 1159 406789531
5027 + 1159 406789531
5027 + 1159 406789531
5028 # 1504
5028 - 1159 2 406789531
5028 # 1504
5028 - 1159 1 406789531
5028 - 1159 1 406789531
5028 + 1159 406789531
5028 + 1160 406789531
5028 + 1160 406789531
5028 + 1160 406789531
5029 # 1504
5029 - 1159 2 406789531
5029 # 1504
5029 - 1159 2 406789531
5029 + 1160 406789531
5029 + 1160 406789531
5029 + 1160 406789531
5029 + 1164 406789531
5030 # 1504
5030 - 1159 2 406789531
5030 - 1160 2 406789531
5030 # 1504
5030 - 1160 2 406789531
5030 + 1164 406789531
5030 + 1164 406789531
5030 + 1164 406789531
5031 # 1504
5031 - 1160 3 406789531
5031 # 1504
5031 - 1160 2 406789531
5031 + 1164 406789531
5031 + 1164 406789531
5031 + 1164 406789531
5032 # 1504
5032 - 1160 3 406789531
5032 - 1160 3 406789531
5032 # 1504
5032 - 1164 3 406789531
5032 + 1164 406789531
5033 # 1504
5033 - 1164 3 406789531
5033 # 1504
5033 - 1164 3 406789531
5033 - 1164 3 406789531
5033 + 1165 406789531
5033 + 1165 406789531
5033 + 1165 406789531
5033 + 1201 406789531
5034 # 1504
5034 - 1164 3 406789531
5034 # 1504
5034 - 1164 3 406789531
5034 + 1201 406789531
5034 + 1201 406789531
5034 + 1202 406789531
5034 + 1202 406789531
5035 # 1504
5035 - 1164 4 406789531
5035 # 1504
5035 - 1164 3 406789531
5035 - 1165 2 406789531
5035 + 1202 406789531
5035 + 1202 406789531
5035 + 1202 406789531
5036 # 1504
5036 - 1165 3 406789531
5036 # 1504
5036 - 1165 3 406789531
5036 + 102 2802403873
5036 + 1202 406789531
5036 + 1202 406789531
5036 + 1201 406789531
5037 # 1504
5037 - 1201 4 406789531
5037 - 1201 3 406789531
5037 # 1504
5037 - 1201 3 406789531
5037 + 1201 406789531
5038 # 1504
5038 - 1202 4 406789531
5038 # 1504
5038 - 1202 4 406789531
5038 + 1201 406789531
5038 + 1202 406789531
5038 + 1202 406789531
5038 + 1202 406789531
5039 # 1504
5039 - 1202 4 406789531
5039 - 1202 4 406789531
5039 # 1504
5039 - 1202 4 406789531
5039 - 102 3 2802403873
5039 + 1202 406789531
5039 + 1202 406789531
5039 + 1202 406789531
5039 + 1202 406789531
5040 # 1504
5040 - 1202 4 406789531
5040 # 1504
5040 - 1202 4 406789531
5040 + 1202 406789531
5040 + 1164 406789531
5040 + 1164 406789531
5040 + 1164 406789531
5041 # 1504
5041 - 1201 5 406789531
5041 - 1201 4 406789531
5041 # 1504
5041 - 1201 3 406789531
5041 + 102 2802403873
5041 + 1164 406789531
5041 + 1164 406789531
5042 # 1504
5042 - 1202 4 406789531
5042 # 1504
5042 - 1202 4 406789531
5042 # 1504
5042 - 1202 4 406789531
5042 - 1202 3 406789531
5042 + 1164 406789531
5042 + 1164 406789531
5043 # 1504
5043 - 1202 4 406789531
5043 # 1504
5043 - 1202 4 406789531
5043 + 1164 406789531
5043 + 1164 406789531
5043 + 1164 406789531
5043 + 1164 406789531
5044 # 1504
5044 - 1202 5 406789531
5044 # 1504
5044 - 1202 4 406789531
5044 - 1164 4 406789531
5045 # 1504
5045 - 1164 5 406789531
5045 # 1504
5045 - 1164 5 406789531
5045 - 102 4 2802403873
5045 + 1164 406789531
5045 + 1165 406789531
5045 + 1165 406789531
5045 + 1165 406789531
5045 + 1229 406789531
5045 + 1229 406789531
5045 + 1229 406789531
5046 # 1504
5046 - 1164 5 406789531
5046 # 1504
5046 - 1164 5 406789531
5046 - 1164 4 406789531
5046 + 1229 406789531
5046 + 1229 406789531
5046 + 1229 406789531
5046 + 1229 406789531
5047 # 1504
5047 - 1164 5 406789531
5047 # 1504
5047 - 1164 4 406789531
5048 # 1504
5048 - 1164 5 406789531
5048 - 1164 5 406789531
5048 # 1504
5048 - 1164 5 406789531
5049 # 1504
5049 - 1164 4 406789531
5049 # 1504
5049 - 1165 4 406789531
5049 + 1229 406789531
5049 + 1229 406789531
5049 + 1230 406789531
5049 + 1230 406789531
5049 + 1230 406789531
5049 + 1230 406789531
5049 + 1230 406789531
5050 # 1504
5050 - 1165 5 406789531
5050 - 1165 5 406789531
5050 # 1504
5050 - 1229 5 406789531
5050 + 1230 406789531
5050 + 1230 406789531
5050 + 1228 406789531
5050 + 1228 406789531
5051 # 1504
5051 - 1229 6 406789531
5051 # 1504
5051 - 1229 6 406789531
5051 + 1228 406789531
5051 + 1228 406789531
5051 + 1229 406789531
5052 # 1504
5052 - 1229 6 406789531
5052 - 1229 6 406789531
5052 # 1504
5052 - 1229 6 406789531
5052 + 1229 406789531
5053 # 1504
5053 - 1229 7 406789531
5053 # 1504
5053 - 1229 4 406789531
5053 + 1229 406789531
5053 + 1229 406789531
5053 + 1229 406789531
5053 + 1229 406789531
5054 # 1504
5054 - 1229 5 406789531
5054 # 1504
5054 - 1230 5 406789531
5054 - 1230 5 406789531
5054 + 1229 406789531
5054 + 1229 406789531
5054 + 1229 406789531
5054 + 102 2802403873
5055 # 1504
5055 - 1230 6 406789531
5055 # 1504
5055 - 1230 6 406789531
5055 + 1229 406789531
5055 + 1119 406791151
5055 + 1119 406791151
5055 + 1119 406791151
5055 + 1119 406791151
5056 # 1504
5056 - 1230 7 406789531
5056 # 1504
5056 - 1230 6 406789531
5056 - 1230 6 406789531
5056 # 1504
5056 - 1228 6 406789531
5056 + 1120 406791151
5056 + 1114 406791151
5057 # 1504
5057 - 1228 7 406789531
5057 # 1504
5057 - 1228 6 406789531
5057 + 1114 406791151
5057 + 1114 406791151
5058 # 1504
5058 - 1228 7 406789531
5058 # 1504
5058 - 1229 7 406789531
5058 - 1229 6 406789531
5058 + 1114 406791151
5058 + 1115 406791151
5058 + 1115 406791151
5058 + 1079 406791151
5059 # 1504
5059 - 1229 6 406789531
5059 # 1504
5059 - 1229 6 406789531
5059 + 1079 406791151
5059 + 1079 406791151
5059 + 1080 406791151
5059 + 1080 406791151
5060 # 1504
5060 - 1229 7 406789531
5060 # 1504
5060 - 1229 7 406789531
5060 - 1229 6 406789531
5060 + 1080 406791151
5060 + 1152 406791151
5060 + 1152 406791151
5060 + 1152 406791151
5061 # 1504
5061 - 1229 7 406789531
5061 # 1504
5061 - 1229 7 406789531
5061 - 102 7 2802403873
5061 + 1152 406791151
5061 + 1152 406791151
5062 # 1504
5062 - 1229 7 406789531
5062 # 1504
5062 - 1119 7 406791151
5062 - 1119 7 406791151
5062 + 1110 406791151
5062 + 1110 406791151
5063 # 1504
5063 - 1119 8 406791151
5063 # 1504
5063 - 1119 8 406791151
5063 + 1110 406791151
5063 + 1111 406791151
5063 + 1111 406791151
5063 + 1111 406791151
5064 # 1504
5064 - 1120 8 406791151
5064 - 1114 8 406791151
5064 # 1504
5064 - 1114 7 406791151
5064 + 1207 406791151
5064 + 1207 406791151
5064 + 1207 406791151
5064 + 1207 406791151
5064 + 1207 406791151
5065 # 1504
5065 - 1114 8 406791151
5065 # 1504
5065 - 1114 7 406791151
5065 - 1115 7 406791151
5066 # 1504
5066 - 1115 8 406791151
5066 # 1504
5066 - 1079 8 406791151
5066 + 1207 406791151
5066 + 1208 406791151
5066 + 1208 406791151
5066 + 1191 406791151
5067 # 1504
5067 - 1079 8 406791151
5067 - 1079 8 406791151
5067 # 1504
5067 - 1080 8 406791151
5067 + 1191 406791151
5067 + 1191 406791151
5067 + 1192 406791151
5067 + 1192 406791151
5068 # 1504
5068 - 1080 9 406791151
5068 - 1080 8 406791151
5068 # 1504
5068 - 1152 8 406791151
5068 + 1192 406791151
5068 + 1192 406791151
5068 + 1157 406791151
5068 + 1157 406791151
5068 + 102 2802403873
5069 # 1504
5069 - 1152 9 406791151
5069 # 1504
5069 - 1152 9 406791151
5069 - 1152 8 406791151
5069 + 1157 406791151
5069 + 1157 406791151
5069 + 1157 406791151
5069 + 1157 406791151
5070 # 1504
5070 - 1152 9 406791151
5070 # 1504
5070 - 1110 8 406791151
5071 # 1504
5071 - 1110 9 406791151
5071 - 1110 8 406791151
5071 # 1504
5071 - 1111 8 406791151
5071 # 1504
5071 - 1111 8 406791151
5071 + 1157 406791151
5071 + 1158 406791151
5071 + 1158 406791151
5071 + 1158 406791151
5072 # 1504
5072 - 1111 9 406791151
5072 - 1207 8 406791151
5072 # 1504
5072 - 1207 8 406791151
5072 + 1146 406792771
5072 + 1146 406792771
5072 + 1146 406792771
5072 + 1146 406792771
5073 # 1504
5073 - 1207 9 406791151
5073 # 1504
5073 - 1207 9 406791151
5073 + 1147 406792771
5073 + 1147 406792771
5073 + 1147 406792771
5073 + 1147 406792771
5074 # 1504
5074 - 1207 10 406791151
5074 - 1207 8 406791151
5074 # 1504
5074 - 1208 8 406791151
5074 + 1160 406792771
5074 + 1160 406792771
5074 + 1160 406792771
5075 # 1504
5075 - 1208 9 406791151
5075 # 1504
5075 - 1191 9 406791151
5075 + 1160 406792771
5075 + 1160 406792771
5075 + 1161 406792771
5075 + 1161 406792771
5076 # 1504
5076 - 1191 9 406791151
5076 - 1191 9 406791151
5076 # 1504
5076 - 1192 9 406791151
5077 # 1504
5077 - 1192 10 406791151
5077 # 1504
5077 - 1192 9 406791151
5077 + 1161 406792771
5077 + 1219 406792771
5077 + 1219 406792771
5077 + 1219 406792771
5077 + 1220 406792771
5078 # 1504
5078 - 1192 10 406791151
5078 - 1157 10 406791151
5078 # 1504
5078 - 1157 10 406791151
5078 - 102 10 2802403873
5078 + 1220 406792771
5078 + 1220 406792771
5078 + 1220 406792771
5078 + 1220 406792771
5079 # 1504
5079 - 1157 10 406791151
5079 # 1504
5079 - 1157 10 406791151
5080 # 1504
5080 - 1157 11 406791151
5080 - 1157 11 406791151
5080 # 1504
5080 - 1157 9 406791151
5080 + 1215 406792771
5080 + 1215 406792771
5080 + 1216 406792771
5081 # 1504
5081 - 1158 10 406791151
5081 # 1504
5081 - 1158 10 406791151
5081 - 1158 10 406791151
5081 + 118 2802403873
5081 + 1216 406792771
5081 + 1216 406792771
5081 + 1216 406792771
5081 + 1216 406792771
5081 + 1120 406792771
5082 # 1504
5082 - 1146 10 406792771
5082 # 1504
5082 - 1146 10 406792771
5082 + 1120 406792771
5082 + 1120 406792771
5082 + 1121 406792771
5083 # 1504
5083 - 1146 11 406792771
5083 - 1146 11 406792771
5083 # 1504
5083 - 1147 10 406792771
5083 + 1121 406792771
5083 + 1121 406792771
5083 + 1121 406792771
5083 + 1121 406792771
5084 # 1504
5084 - 1147 11 406792771
5084 # 1504
5084 - 1147 11 406792771
5084 + 1121 406792771
5084 + 1154 406792771
5084 + 1154 406792771
5085 # 1504
5085 - 1147 12 406792771
5085 - 1160 11 406792771
5085 # 1504
5085 - 1160 11 406792771
5085 + 1154 406792771
5085 + 1154 406792771
5086 # 1504
5086 - 1160 12 406792771
5086 # 1504
5086 - 1160 11 406792771
5086 - 1160 11 406792771
5086 # 1504
5086 - 1161 11 406792771
5086 + 1154 406792771
5086 + 1154 406792771
5086 + 1154 406792771
5087 # 1504
5087 - 1161 12 406792771
5087 # 1504
5087 - 1161 10 406792771
5087 - 1219 10 406792771
5087 + 1154 406792771
5087 + 1154 406792771
5087 + 1154 406792771
5087 + 1219 406792771
5088 # 1504
5088 - 1219 11 406792771
5088 # 1504
5088 - 1219 11 406792771
5088 + 1219 406792771
5088 + 1219 406792771
5088 + 1219 406792771
5088 + 1219 406792771
5089 # 1504
5089 - 1220 12 406792771
5089 # 1504
5089 - 1220 11 406792771
5089 + 1219 406792771
5089 + 1219 406792771
5090 # 1504
5090 - 1220 12 406792771
5090 - 1220 12 406792771
5090 # 1504
5090 - 1220 12 406792771
5090 + 1219 406792771
5090 + 1219 406792771
5091 # 1504
5091 - 1215 11 406792771
5091 # 1504
5091 - 1215 11 406792771
5091 + 1219 406792771
5091 + 1220 406792771
5091 + 1220 406792771
5091 + 1220 406792771
5092 # 1504
5092 - 1216 12 406792771
5092 - 118 11 2802403873
5092 - 1216 11 406792771
5092 # 1504
5092 - 1216 11 406792771
5092 + 1220 406792771
5092 + 1220 406792771
5092 + 1220 406792771
5092 + 1220 406792771
5092 + 1220 406792771
5092 + 102 2802403873
5093 # 1504
5093 - 1216 12 406792771
5093 # 1504
5093 - 1216 12 406792771
5094 # 1504
5094 - 1120 13 406792771
5094 - 1120 12 406792771
5094 # 1504
5094 - 1120 12 406792771
5094 + 1221 406792771
5094 + 1221 406792771
5094 + 1221 406792771
5095 # 1504
5095 - 1121 13 406792771
5095 # 1504
5095 - 1121 12 406792771
5095 - 1121 12 406792771
5095 + 1221 406792771
5095 + 1221 406792771
5095 + 1146 406794301
5095 + 1146 406794301
5096 # 1504
5096 - 1121 13 406792771
5096 # 1504
5096 - 1121 13 406792771
5096 + 1146 406794301
5096 + 1146 406794301
5096 + 1147 406794301
5096 + 1147 406794301
5097 # 1504
5097 - 1121 13 406792771
5097 - 1154 13 406792771
5097 # 1504
5097 - 1154 13 406792771
5098 # 1504
5098 - 1154 13 406792771
5098 # 1504
5098 - 1154 13 406792771
5098 - 1154 12 406792771
5098 + 1147 406794301
5098 + 1147 406794301
5098 + 1152 406794301
5098 + 1152 406794301
5098 + 1152 406794301
5098 + 1152 406794301
5099 # 1504
5099 - 1154 13 406792771
5099 # 1504
5099 - 1154 13 406792771
5100 # 1504
5100 - 1154 13 406792771
5100 # 1504
5100 - 1154 13 406792771
5100 - 1154 13 406792771
5100 # 1504
5100 - 1219 13 406792771
5100 + 1152 406794301
5100 + 1152 406794301
5100 + 1153 406794301
5100 + 1198 406794301
5100 + 1198 406794301
5100 + 1198 406794301
5101 # 1504
5101 - 1219 13 406792771
5101 # 1504
5101 - 1219 13 406792771
5101 + 1198 406794301
5101 + 1199 406794301
5101 + 1199 406794301
5102 # 1504
5102 - 1219 14 406792771
5102 - 1219 14 406792771
5102 # 1504
5102 - 1219 13 406792771
5102 + 1199 406794301
5102 + 1199 406794301
5102 + 1160 406794301
5102 + 1160 406794301
5103 # 1504
5103 - 1219 14 406792771
5103 # 1504
5103 - 1219 13 406792771
5103 + 118 2802403873
5103 + 1160 406794301
5103 + 1160 406794301
5104 # 1504
5104 - 1219 14 406792771
5104 - 1219 13 406792771
5104 # 1504
5104 - 1220 13 406792771
5104 + 1160 406794301
5104 + 1160 406794301
5104 + 1160 406794301
5104 + 1161 406794301
5104 + 1209 406794301
5105 # 1504
5105 - 1220 14 406792771
5105 # 1504
5105 - 1220 14 406792771
5106 # 1504
5106 - 1220 14 406792771
5106 - 1220 14 406792771
5106 # 1504
5106 - 1220 14 406792771
5106 + 1209 406794301
5106 + 1209 406794301
5106 + 1210 406794301
5106 + 1210 406794301
5107 # 1504
5107 - 1220 15 406792771
5107 # 1504
5107 - 1220 15 406792771
5107 - 102 15 2802403873
5107 + 1210 406794301
5107 + 1210 406794301
5107 + 1210 406794301
5107 + 1171 406794301
5108 # 1504
5108 - 1221 14 406792771
5108 # 1504
5108 - 1221 14 406792771
5108 - 1221 14 406792771
5108 + 1171 406794301
5108 + 1171 406794301
5108 + 1171 406794301
5109 # 1504
5109 - 1221 14 406792771
5109 # 1504
5109 - 1221 14 406792771
5109 + 1172 406794301
5109 + 1172 406794301
5109 + 1172 406794301
5109 + 1172 406794301
5110 # 1504
5110 - 1146 15 406794301
5110 # 1504
5110 - 1146 15 406794301
5110 - 1146 14 406794301
5110 + 1172 406794301
5111 # 1504
5111 - 1146 15 406794301
5111 # 1504
5111 - 1147 15 406794301
5111 + 1172 406794301
5111 + 1172 406794301
5111 + 1223 406794301
5111 + 1223 406794301
5112 # 1504
5112 - 1147 16 406794301
5112 - 1147 14 406794301
5112 # 1504
5112 - 1147 14 406794301
5112 + 1223 406794301
5112 + 1223 406794301
5112 + 1223 406794301
5113 # 1504
5113 - 1152 15 406794301
5113 # 1504
5113 - 1152 15 406794301
5113 - 1152 15 406794301
5113 + 102 2802403873
5113 + 1223 406794301
5113 + 1223 406794301
5113 + 1224 406794301
5113 + 1224 406794301
5114 # 1504
5114 - 1152 16 406794301
5114 # 1504
5114 - 1152 14 406794301
5114 + 1224 406794301
5114 + 1224 406794301
5114 + 1156 406794301
5114 + 1156 406794301
5115 # 1504
5115 - 1152 15 406794301
5115 - 1153 15 406794301
5115 # 1504
5115 - 1198 15 406794301
5115 # 1504
5115 - 1198 15 406794301
5116 # 1504
5116 - 1198 16 406794301
5116 # 1504
5116 - 1198 15 406794301
5116 - 1199 15 406794301
5116 + 1156 406794301
5116 + 1156 406794301
5116 + 1157 406794301
5116 + 1157 406794301
5116 + 1157 406794301
5117 # 1504
5117 - 1199 16 406794301
5117 # 1504
5117 - 1199 15 406794301
5117 + 1157 406794301
5117 + 1157 406794301
5117 + 1157 406794301
5118 # 1504
5118 - 1199 16 406794301
5118 # 1504
5118 - 1160 16 406794301
5118 - 1160 16 406794301
5118 - 118 15 2802403873
5118 + 102 2802403873
5118 + 1157 406794301
5118 + 1157 406794301
5118 + 1157 406794301
5118 + 1137 406795921
5118 + 1137 406795921
5119 # 1504
5119 - 1160 16 406794301
5119 # 1504
5119 - 1160 16 406794301
5120 # 1504
5120 - 1160 16 406794301
5120 # 1504
5120 - 1160 16 406794301
5120 - 1160 16 406794301
5120 + 1137 406795921
5120 + 1138 406795921
5120 + 1138 406795921
5120 + 1138 406795921
5121 # 1504
5121 - 1161 17 406794301
5121 # 1504
5121 - 1209 17 406794301
5121 + 1138 406795921
5121 + 1138 406795921
5121 + 1138 406795921
5121 + 1174 406795921
5122 # 1504
5122 - 1209 16 406794301
5122 # 1504
5122 - 1209 16 406794301
5122 - 1210 16 406794301
5122 + 1174 406795921
5122 + 1174 406795921
5122 + 1174 406795921
5122 + 1174 406795921
5123 # 1504
5123 - 1210 17 406794301
5123 # 1504
5123 - 1210 16 406794301
5123 + 1174 406795921
5123 + 1174 406795921
5124 # 1504
5124 - 1210 17 406794301
5124 # 1504
5124 - 1210 17 406794301
5124 - 1171 17 406794301
5124 + 1175 406795921
5124 + 1175 406795921
5124 + 1160 406795921
5125 # 1504
5125 - 1171 17 406794301
5125 # 1504
5125 - 1171 17 406794301
5125 + 1160 406795921
5125 + 1160 406795921
5125 + 1160 406795921
5126 # 1504
5126 - 1171 18 406794301
5126 - 1172 17 406794301
5126 # 1504
5126 - 1172 17 406794301
5126 + 1160 406795921
5126 + 1161 406795921
5126 + 1161 406795921
5126 + 1161 406795921
5126 + 102 2802403873
5127 # 1504
5127 - 1172 18 406794301
5127 # 1504
5127 - 1172 18 406794301
5127 + 1161 406795921
5127 + 1161 406795921
5127 + 1153 406795921
5127 + 1153 406795921
5128 # 1504
5128 - 1172 18 406794301
5128 - 1172 17 406794301
5128 # 1504
5128 - 1172 17 406794301
5128 + 1153 406795921
5129 # 1504
5129 - 1223 18 406794301
5129 # 1504
5129 - 1223 18 406794301
5129 + 1153 406795921
5129 + 1153 406795921
5129 + 1153 406795921
5129 + 1153 406795921
5130 # 1504
5130 - 1223 18 406794301
5130 - 1223 18 406794301
5130 # 1504
5130 - 1223 18 406794301
5130 - 102 17 2802403873
5130 # 1504
5130 - 1223 17 406794301
5130 + 1154 406795921
5130 + 1130 406795921
5130 + 1130 406795921
5130 + 1130 406795921
5131 # 1504
5131 - 1223 18 406794301
5131 # 1504
5131 - 1224 18 406794301
5131 - 1224 18 406794301
5131 + 1130 406795921
5131 + 1130 406795921
5131 + 1130 406795921
5131 + 1130 406795921
5132 # 1504
5132 - 1224 18 406794301
5132 # 1504
5132 - 1224 18 406794301
5132 + 1130 406795921
5132 + 1130 406795921
5132 + 1131 406795921
5133 # 1504
5133 - 1156 19 406794301
5133 # 1504
5133 - 1156 19 406794301
5133 - 1156 17 406794301
5133 + 1201 406795921
5133 + 1201 406795921
5134 # 1504
5134 - 1156 18 406794301
5134 # 1504
5134 - 1157 18 406794301
5134 + 1201 406795921
5134 + 1202 406795921
5134 + 1202 406795921
5135 # 1504
5135 - 1157 19 406794301
5135 - 1157 19 406794301
5135 # 1504
5135 - 1157 18 406794301
5135 + 1202 406795921
5135 + 1202 406795921
5135 + 1202 406795921
5135 + 1202 406795921
5136 # 1504
5136 - 1157 19 406794301
5136 # 1504
5136 - 1157 19 406794301
5136 - 102 18 2802403873
5136 + 1202 406795921
5136 + 1200 406795921
5136 + 1200 406795921
5136 + 1200 406795921
5137 # 1504
5137 - 1157 19 406794301
5137 - 1157 19 406794301
5137 # 1504
5137 - 1157 19 406794301
5138 # 1504
5138 - 1137 20 406795921
5138 # 1504
5138 - 1137 20 406795921
5138 - 1137 18 406795921
5138 # 1504
5138 - 1138 18 406795921
5138 # 1504
5138 - 1138 18 406795921
5138 + 1200 406795921
5138 + 1200 406795921
5138 + 1200 406795921
5138 + 1200 406795921
5139 # 1504
5139 - 1138 19 406795921
5139 - 1138 18 406795921
5139 # 1504
5139 - 1138 18 406795921
5139 # 1504
5139 - 1138 18 406795921
5139 + 102 2802403873
5139 + 1200 406795921
5139 + 1200 406795921
5139 + 1200 406795921
5140 # 1504
5140 - 1174 19 406795921
5140 # 1504
5140 - 1174 18 406795921
5140 - 1174 18 406795921
5140 + 1201 406795921
5140 + 1201 406795921
5140 + 1234 406795921
5140 + 1234 406795921
5141 # 1504
5141 - 1174 19 406795921
5141 # 1504
5141 - 1174 19 406795921
5141 + 1234 406795921
5141 + 1235 406795921
5141 + 1235 406795921
5141 + 1235 406795921
5142 # 1504
5142 - 1174 19 406795921
5142 - 1174 19 406795921
5142 # 1504
5142 - 1175 18 406795921
5142 + 1235 406795921
5142 + 1235 406795921
5143 # 1504
5143 - 1175 19 406795921
5143 # 1504
5143 - 1160 19 406795921
5143 + 1235 406795921
5143 + 1235 406795921
5143 + 1235 406795921
5144 # 1504
5144 - 1160 19 406795921
5144 - 1160 19 406795921
5144 # 1504
5144 - 1160 19 406795921
5144 # 1504
5144 - 1160 18 406795921
5144 + 102 2802403873
5144 + 1235 406795921
5144 + 1235 406795921
5144 + 1165 406797541
5144 + 1165 406797541
5145 # 1504
5145 - 1161 19 406795921
5145 - 1161 19 406795921
5145 # 1504
5145 - 1161 19 406795921
5145 - 102 19 2802403873
5145 + 1166 406797541
5145 + 1166 406797541
5146 # 1504
5146 - 1161 19 406795921
5146 # 1504
5146 - 1161 19 406795921
5146 + 1166 406797541
5146 + 1166 406797541
5146 + 1166 406797541
5147 # 1504
5147 - 1153 20 406795921
5147 - 1153 20 406795921
5147 # 1504
5147 - 1153 19 406795921
5147 + 1176 406797541
5147 + 1176 406797541
5147 + 1176 406797541
5147 + 1176 406797541
5148 # 1504
5148 - 1153 19 406795921
5148 # 1504
5148 - 1153 19 406795921
5148 - 1153 19 406795921
5148 # 1504
5148 - 1153 19 406795921
5148 + 1177 406797541
5148 + 1177 406797541
5149 # 1504
5149 - 1154 19 406795921
5149 # 1504
5149 - 1130 19 406795921
5149 - 1130 19 406795921
5149 + 1177 406797541
5149 + 1177 406797541
5149 + 1143 406797541
5150 # 1504
5150 - 1130 20 406795921
5150 # 1504
5150 - 1130 19 406795921
5151 # 1504
5151 - 1130 20 406795921
5151 - 1130 20 406795921
5151 # 1504
5151 - 1130 20 406795921
5151 + 1143 406797541
5151 + 1143 406797541
5151 + 1143 406797541
5151 + 1143 406797541
5151 + 1143 406797541
5151 + 1144 406797541
5151 + 1144 406797541
5151 + 1111 406797541
5151 + 1111 406797541
5152 # 1504
5152 - 1130 20 406795921
5152 # 1504
5152 - 1130 20 406795921
5152 - 1131 20 406795921
5152 # 1504
5152 - 1201 19 406795921
5152 + 1111 406797541
5153 # 1504
5153 - 1201 20 406795921
5153 # 1504
5153 - 1201 19 406795921
5153 + 1111 406797541
5153 + 1111 406797541
5154 # 1504
5154 - 1202 20 406795921
5154 - 1202 20 406795921
5154 # 1504
5154 - 1202 19 406795921
5154 + 1111 406797541
5154 + 1112 406797541
5154 + 1122 406797541
5154 + 1122 406797541
5154 + 1122 406797541
5155 # 1504
5155 - 1202 20 406795921
5155 # 1504
5155 - 1202 20 406795921
5155 + 1122 406797541
5155 + 1122 406797541
5155 + 1123 406797541
5155 + 1123 406797541
5156 # 1504
5156 - 1202 21 406795921
5156 - 1202 20 406795921
5156 # 1504
5156 - 1200 20 406795921
5156 + 102 2802403873
5156 + 1123 406797541
5156 + 1123 406797541
5156 + 1230 406797541
5156 + 1230 406797541
5157 # 1504
5157 - 1200 21 406795921
5157 # 1504
5157 - 1200 21 406795921
5157 # 1504
5157 - 1200 19 406795921
5157 - 1200 19 406795921
5158 # 1504
5158 - 1200 20 406795921
5158 # 1504
5158 - 1200 20 406795921
5158 - 102 19 2802403873
5158 + 1230 406797541
5158 + 1230 406797541
5158 + 1230 406797541
5158 + 1230 406797541
5159 # 1504
5159 - 1200 20 406795921
5159 # 1504
5159 - 1200 20 406795921
5159 - 1200 20 406795921
5159 + 1230 406797541
5159 + 1230 406797541
5159 + 1230 406797541
5160 # 1504
5160 - 1201 20 406795921
5160 # 1504
5160 - 1201 20 406795921
5160 + 1231 406797541
5160 + 1204 406797541
5160 + 1204 406797541
5160 + 1204 406797541
5161 # 1504
5161 - 1234 21 406795921
5161 # 1504
5161 - 1234 21 406795921
5161 # 1504
5161 - 1234 20 406795921
5161 - 1235 20 406795921
5161 + 1204 406797541
5161 + 1204 406797541
5161 + 1204 406797541
5161 + 1205 406797541
5162 # 1504
5162 - 1235 21 406795921
5162 # 1504
5162 - 1235 21 406795921
5162 + 1205 406797541
5162 + 1205 406797541
5163 # 1504
5163 - 1235 21 406795921
5163 # 1504
5163 - 1235 21 406795921
5163 - 1235 20 406795921
5163 + 1205 406797541
5163 + 1205 406797541
5163 + 1234 406797541
5163 + 1234 406797541
5164 # 1504
5164 - 1235 21 406795921
5164 # 1504
5164 - 1235 21 406795921
5164 - 102 20 2802403873
5164 + 1234 406797541
5164 + 1234 406797541
5165 # 1504
5165 - 1235 21 406795921
5165 # 1504
5165 - 1235 21 406795921
5165 + 1235 406797541
5166 # 1504
5166 - 1165 22 406797541
5166 - 1165 22 406797541
5166 # 1504
5166 - 1166 21 406797541
5166 # 1504
5166 - 1166 21 406797541
5166 + 1235 406797541
5166 + 1235 406797541
5166 + 1235 406797541
5166 + 1235 406797541
5166 + 1235 406797541
5167 # 1504
5167 - 1166 21 406797541
5167 - 1166 21 406797541
5167 # 1504
5167 - 1166 21 406797541
5167 + 1145 406799161
5167 + 1145 406799161
5167 + 1145 406799161
5168 # 1504
5168 - 1176 21 406797541
5168 # 1504
5168 - 1176 21 406797541
5168 + 1145 406799161
5168 + 1145 406799161
5168 + 1145 406799161
5168 + 1105 406799161
5169 # 1504
5169 - 1176 22 406797541
5169 - 1176 22 406797541
5169 # 1504
5169 - 1177 21 406797541
5169 + 102 2802403873
5169 + 1105 406799161
5170 # 1504
5170 - 1177 22 406797541
5170 # 1504
5170 - 1177 21 406797541
5170 - 1177 21 406797541
5170 # 1504
5170 - 1143 21 406797541
5170 + 1106 406799161
5170 + 1106 406799161
5170 + 1106 406799161
5171 # 1504
5171 - 1143 20 406797541
5171 # 1504
5171 - 1143 20 406797541
5171 + 1170 406799161
5171 + 1170 406799161
5171 + 1170 406799161
5171 + 1170 406799161
5172 # 1504
5172 - 1143 21 406797541
5172 - 1143 21 406797541
5172 # 1504
5172 - 1143 21 406797541
5172 + 1170 406799161
5172 + 1170 406799161
5172 + 1141 406799161
5172 + 1141 406799161
5173 # 1504
5173 - 1144 22 406797541
5173 # 1504
5173 - 1144 22 406797541
5173 - 1111 22 406797541
5173 + 1141 406799161
5173 + 1142 406799161
5173 + 1142 406799161
5173 + 1142 406799161
5173 + 1157 406799161
5174 # 1504
5174 - 1111 23 406797541
5174 # 1504
5174 - 1111 22 406797541
5174 # 1504
5174 - 1111 21 406797541
5174 - 1111 21 406797541
5174 + 1157 406799161
5175 # 1504
5175 - 1111 21 406797541
5175 # 1504
5175 - 1112 21 406797541
5175 - 1122 21 406797541
5175 + 1157 406799161
5175 + 1157 406799161
5175 + 1157 406799161
5176 # 1504
5176 - 1122 22 406797541
5176 # 1504
5176 - 1122 22 406797541
5176 + 1157 406799161
5176 + 1158 406799161
5176 + 1205 406799161
5176 + 1205 406799161
5177 # 1504
5177 - 1122 22 406797541
5177 - 1122 22 406797541
5177 # 1504
5177 - 1123 22 406797541
5177 + 1205 406799161
5177 + 1206 406799161
5177 + 1206 406799161
5177 + 1206 406799161
5178 # 1504
5178 - 1123 23 406797541
5178 - 102 22 2802403873
5178 # 1504
5178 - 1123 22 406797541
5178 + 1206 406799161
5178 + 1206 406799161
5179 # 1504
5179 - 1123 23 406797541
5179 - 1230 23 406797541
5179 # 1504
5179 - 1230 23 406797541
5179 # 1504
5179 - 1230 21 406797541
5179 + 1206 406799161
5179 + 1181 406799161
5180 # 1504
5180 - 1230 22 406797541
5180 # 1504
5180 - 1230 22 406797541
5180 - 1230 22 406797541
5180 + 1182 406799161
5180 + 1182 406799161
5180 + 1182 406799161
5180 + 1182 406799161
5180 + 1182 406799161
5181 # 1504
5181 - 1230 22 406797541
5181 # 1504
5181 - 1230 22 406797541
5181 + 1182 406799161
5181 + 1182 406799161
5181 + 1182 406799161
5181 + 102 2802403873
5182 # 1504
5182 - 1230 23 406797541
5182 # 1504
5182 - 1231 22 406797541
5182 + 1182 406799161
5182 + 1182 406799161
5182 + 1216 406799161
5182 + 1216 406799161
5183 # 1504
5183 - 1204 23 406797541
5183 - 1204 23 406797541
5183 # 1504
5183 - 1204 23 406797541
5183 # 1504
5183 - 1204 22 406797541
5183 + 1216 406799161
5183 + 1216 406799161
5184 # 1504
5184 - 1204 23 406797541
5184 # 1504
5184 - 1204 23 406797541
5184 - 1205 23 406797541
5184 + 1217 406799161
5184 + 1217 406799161
5184 + 1217 406799161
5185 # 1504
5185 - 1205 23 406797541
5185 # 1504
5185 - 1205 23 406797541
5185 + 1217 406799161
5185 + 1217 406799161
5185 + 1179 406800781
5185 + 1180 406800781
5186 # 1504
5186 - 1205 23 406797541
5186 # 1504
5186 - 1205 23 406797541
5186 - 1234 23 406797541
5186 + 1180 406800781
5186 + 1180 406800781
5187 # 1504
5187 - 1234 24 406797541
5187 # 1504
5187 - 1234 23 406797541
5187 # 1504
5187 - 1234 23 406797541
5187 + 1180 406800781
5187 + 1021 406800781
5188 # 1504
5188 - 1235 23 406797541
5188 - 1235 22 406797541
5188 # 1504
5188 - 1235 22 406797541
5188 + 1022 406800781
5188 + 1022 406800781
5188 + 1022 406800781
5188 + 1022 406800781
5189 # 1504
5189 - 1235 23 406797541
5189 # 1504
5189 - 1235 23 406797541
5189 + 1065 406800781
5189 + 1066 406800781
5189 + 1066 406800781
5189 + 1066 406800781
5189 + 1066 406800781
5190 # 1504
5190 - 1235 24 406797541
5190 - 1145 23 406799161
5190 # 1504
5190 - 1145 23 406799161
5191 # 1504
5191 - 1145 24 406799161
5191 # 1504
5191 - 1145 23 406799161
5191 + 1222 406800781
5191 + 1222 406800781
5191 + 1223 406800781
5191 + 1223 406800781
5191 + 1223 406800781
5191 + 1169 406800781
5192 # 1504
5192 - 1145 24 406799161
5192 - 1145 24 406799161
5192 # 1504
5192 - 1105 24 406799161
5192 - 102 23 2802403873
5192 # 1504
5192 - 1105 23 406799161
5192 + 102 2802403873
5192 + 1169 406800781
5192 + 1170 406800781
5192 + 1170 406800781
5192 + 1170 406800781
5193 # 1504
5193 - 1106 23 406799161
5193 - 1106 23 406799161
5193 # 1504
5193 - 1106 23 406799161
5194 # 1504
5194 - 1170 23 406799161
5194 # 1504
5194 - 1170 23 406799161
5194 - 1170 23 406799161
5194 + 1170 406800781
5194 + 1226 406800781
5194 + 1226 406800781
5194 + 1226 406800781
5195 # 1504
5195 - 1170 24 406799161
5195 # 1504
5195 - 1170 23 406799161
5195 + 1227 406800781
5195 + 1227 406800781
5195 + 1227 406800781
5195 + 1227 406800781
5196 # 1504
5196 - 1170 24 406799161
5196 - 1141 24 406799161
5196 # 1504
5196 - 1141 24 406799161
5196 # 1504
5196 - 1141 23 406799161
5196 + 1209 406800781
5196 + 1209 406800781
5196 + 1210 406800781
5196 + 1210 406800781
5197 # 1504
5197 - 1142 24 406799161
5197 # 1504
5197 - 1142 24 406799161
5197 - 1142 24 406799161
5197 + 1210 406800781
5197 + 1210 406800781
5197 + 1210 406800781
5198 # 1504
5198 - 1157 25 406799161
5198 # 1504
5198 - 1157 24 406799161
5198 + 1210 406800781
5198 + 1179 406800781
5198 + 1179 406800781
5199 # 1504
5199 - 1157 24 406799161
5199 - 1157 24 406799161
5199 # 1504
5199 - 1157 24 406799161
5200 # 1504
5200 - 1157 24 406799161
5200 # 1504
5200 - 1158 24 406799161
5200 - 1205 24 406799161
5201 # 1504
5201 - 1205 25 406799161
5201 # 1504
5201 - 1205 24 406799161
5201 # 1504
5201 - 1206 24 406799161
5201 + 1179 406800781
5201 + 1180 406800781
5201 + 1180 406800781
5201 + 1180 406800781
5201 + 1180 406800781
5201 + 1141 406802401
5201 + 1142 406802401
5201 + 1142 406802401
5201 + 1142 406802401
5201 + 1113 406802401
5202 # 1504
5202 - 1206 25 406799161
5202 - 1206 25 406799161
5202 # 1504
5202 - 1206 24 406799161
5202 + 1114 406802401
5202 + 1114 406802401
5203 # 1504
5203 - 1206 25 406799161
5203 # 1504
5203 - 1206 24 406799161
5203 + 1114 406802401
5203 + 1225 406802401
5204 # 1504
5204 - 1181 25 406799161
5204 - 1182 24 406799161
5204 # 1504
5204 - 1182 24 406799161
5204 + 1226 406802401
5204 + 1226 406802401
5204 + 1226 406802401
5204 + 1033 406802401
5205 # 1504
5205 - 1182 25 406799161
5205 # 1504
5205 - 1182 25 406799161
5205 # 1504
5205 - 1182 25 406799161
5205 - 1182 24 406799161
5206 # 1504
5206 - 1182 25 406799161
5206 # 1504
5206 - 1182 25 406799161
5206 - 102 25 2802403873
5206 + 102 2802403873
5206 + 1033 406802401
5206 + 1033 406802401
5206 + 1034 406802401
5206 + 1016 406802401
5206 + 1016 406802401
5206 + 1016 406802401
5206 + 1017 406802401
5206 + 1238 406802401
5207 # 1504
5207 - 1182 25 406799161
5207 # 1504
5207 - 1182 25 406799161
5207 - 1216 25 406799161
5207 + 1239 406802401
5207 + 1239 406802401
5207 + 1239 406802401
5208 # 1504
5208 - 1216 26 406799161
5208 # 1504
5208 - 1216 25 406799161
5208 + 1239 406802401
5208 + 1164 406802401
5208 + 1164 406802401
5208 + 1164 406802401
5209 # 1504
5209 - 1216 26 406799161
5209 # 1504
5209 - 1217 25 406799161
5209 - 1217 25 406799161
5209 # 1504
5209 - 1217 25 406799161
5210 # 1504
5210 - 1217 25 406799161
5210 # 1504
5210 - 1217 25 406799161
5210 + 1164 406802401
5210 + 1165 406802401
5210 + 1165 406802401
5210 + 1231 406802401
5211 # 1504
5211 - 1179 26 406800781
5211 - 1180 26 406800781
5211 # 1504
5211 - 1180 25 406800781
5211 + 1231 406802401
5211 + 1231 406802401
5211 + 1231 406802401
5211 + 1231 406802401
5212 # 1504
5212 - 1180 26 406800781
5212 # 1504
5212 - 1180 25 406800781
5212 - 1021 25 406800781
5212 + 1213 406804021
5212 + 1213 406804021
5212 + 1214 406804021
5212 + 971 406804021
5213 # 1504
5213 - 1022 25 406800781
5213 # 1504
5213 - 1022 25 406800781
5213 - 1022 25 406800781
5213 + 972 406804021
5213 + 972 406804021
5214 # 1504
5214 - 1022 26 406800781
5214 # 1504
5214 - 1065 25 406800781
5214 # 1504
5214 - 1066 25 406800781
5214 - 1066 25 406800781
5214 + 972 406804021
5214 + 1067 406804021
5214 + 1068 406804021
5215 # 1504
5215 - 1066 26 406800781
5215 # 1504
5215 - 1066 26 406800781
5215 + 1068 406804021
5215 + 1068 406804021
5215 + 1154 406804021
5215 + 1155 406804021
5216 # 1504
5216 - 1222 25 406800781
5216 - 1222 25 406800781
5216 # 1504
5216 - 1223 25 406800781
5216 + 1155 406804021
5216 + 1233 406804021
5216 + 1233 406804021
5216 + 1233 406804021
5217 # 1504
5217 - 1223 26 406800781
5217 # 1504
5217 - 1223 26 406800781
5217 + 1035 406804021
5217 + 1035 406804021
5217 + 1036 406804021
5217 + 1036 406804021
5218 # 1504
5218 - 1169 27 406800781
5218 - 102 26 2802403873
5218 - 1169 26 406800781
5218 # 1504
5218 - 1170 26 406800781
5218 # 1504
5218 - 1170 26 406800781
5218 + 1036 406804021
5218 + 1100 406804021
5219 # 1504
5219 - 1170 27 406800781
5219 # 1504
5219 - 1170 25 406800781
5219 - 1226 25 406800781
5219 + 1100 406804021
5219 + 1100 406804021
5219 + 1101 406804021
5219 + 1101 406804021
5220 # 1504
5220 - 1226 26 406800781
5220 # 1504
5220 - 1226 26 406800781
5220 + 1088 406804021
5220 + 1089 406804021
5220 + 1089 406804021
5220 + 1089 406804021
5220 + 102 2802403873
5220 + 1089 406804021
5221 # 1504
5221 - 1227 26 406800781
5221 # 1504
5221 - 1227 26 406800781
5221 - 1227 26 406800781
5222 # 1504
5222 - 1227 27 406800781
5222 # 1504
5222 - 1209 26 406800781
5222 # 1504
5222 - 1209 26 406800781
5222 + 879 406805551
5222 + 879 406805551
5222 + 880 406805551
5222 + 1100 406805551
5222 + 1101 406805551
5223 # 1504
5223 - 1210 27 406800781
5223 - 1210 27 406800781
5223 # 1504
5223 - 1210 26 406800781
5223 + 1101 406805551
5223 + 893 406805551
5223 + 894 406805551
5223 + 894 406805551
5223 + 1194 406805551
5224 # 1504
5224 - 1210 27 406800781
5224 # 1504
5224 - 1210 27 406800781
5224 + 1195 406805551
5224 + 977 406805551
5224 + 978 406805551
5224 + 978 406805551
5225 # 1504
5225 - 1210 27 406800781
5225 - 1179 27 406800781
5225 # 1504
5225 - 1179 27 406800781
5225 + 1031 406805551
5226 # 1504
5226 - 1179 25 406800781
5226 # 1504
5226 - 1180 25 406800781
5226 + 1031 406805551
5226 + 1031 406805551
5226 + 1032 406805551
5226 + 1096 406805551
5227 # 1504
5227 - 1180 26 406800781
5227 - 1180 26 406800781
5227 # 1504
5227 - 1180 26 406800781
5227 # 1504
5227 - 1141 26 406802401
5227 + 1096 406805551
5227 + 1096 406805551
5227 + 1096 406805551
5227 + 1052 406805551
5228 # 1504
5228 - 1142 27 406802401
5228 - 1142 27 406802401
5228 # 1504
5228 - 1142 27 406802401
5228 + 1052 406805551
5228 + 1052 406805551
5228 + 1052 406805551
5228 + 968 406807171
5229 # 1504
5229 - 1113 28 406802401
5229 # 1504
5229 - 1114 27 406802401
5229 - 1114 27 406802401
5229 + 968 406807171
5229 + 968 406807171
5229 + 968 406807171
5229 + 1171 406807171
5229 + 1171 406807171
5230 # 1504
5230 - 1114 27 406802401
5230 # 1504
5230 - 1225 27 406802401
5231 # 1504
5231 - 1226 27 406802401
5231 # 1504
5231 - 1226 27 406802401
5231 - 1226 27 406802401
5231 # 1504
5231 - 1033 27 406802401
5231 - 102 25 2802403873
5231 + 1171 406807171
5231 + 1171 406807171
5231 + 1044 406807171
5231 + 1044 406807171
5231 + 1044 406807171
5231 + 1044 406807171
5232 # 1504
5232 - 1033 26 406802401
5232 # 1504
5232 - 1033 26 406802401
5232 - 1034 26 406802401
5232 + 1123 406807171
5232 + 1123 406807171
5232 + 1123 406807171
5233 # 1504
5233 - 1016 27 406802401
5233 # 1504
5233 - 1016 27 406802401
5233 - 1016 27 406802401
5233 + 102 2802403873
5233 + 1054 406807171
5233 + 1055 406807171
5233 + 1055 406807171
5233 + 1055 406807171
5234 # 1504
5234 - 1017 28 406802401
5234 # 1504
5234 - 1238 28 406802401
5234 + 1210 406807171
5234 + 1211 406807171
5235 # 1504
5235 - 1239 28 406802401
5235 - 1239 28 406802401
5235 # 1504
5235 - 1239 28 406802401
5235 + 1211 406807171
5235 + 1211 406807171
5236 # 1504
5236 - 1239 28 406802401
5236 # 1504
5236 - 1164 28 406802401
5236 # 1504
5236 - 1164 28 406802401
5236 - 1164 28 406802401
5236 + 1211 406807171
5236 + 1224 406807171
5236 + 1224 406807171
5236 + 1224 406807171
5237 # 1504
5237 - 1164 27 406802401
5237 # 1504
5237 - 1165 27 406802401
5237 + 1224 406807171
5237 + 1224 406807171
5237 + 1155 406807171
5237 + 1155 406807171
5238 # 1504
5238 - 1165 28 406802401
5238 # 1504
5238 - 1231 28 406802401
5238 - 1231 27 406802401
5238 + 1156 406807171
5238 + 1156 406807171
5238 + 1156 406807171
5238 + 779 406808791
5238 + 780 406808791
5239 # 1504
5239 - 1231 28 406802401
5239 # 1504
5239 - 1231 28 406802401
5239 + 1008 406808791
5240 # 1504
5240 - 1231 29 406802401
5240 # 1504
5240 - 1213 28 406804021
5240 - 1213 28 406804021
5240 # 1504
5240 - 1214 28 406804021
5240 + 1008 406808791
5240 + 895 406808791
5240 + 896 406808791
5240 + 1179 406808791
5240 + 947 406808791
5241 # 1504
5241 - 971 29 406804021
5241 - 972 28 406804021
5241 # 1504
5241 - 972 28 406804021
5241 + 947 406808791
5241 + 1030 406808791
5241 + 1030 406808791
5241 + 1031 406808791
5242 # 1504
5242 - 972 28 406804021
5242 - 1067 28 406804021
5242 # 1504
5242 - 1068 28 406804021
5242 + 991 406808791
5242 + 991 406808791
5242 + 992 406808791
5242 + 1080 406808791
5242 + 1080 406808791
5243 # 1504
5243 - 1068 28 406804021
5243 # 1504
5243 - 1068 28 406804021
5243 - 1154 28 406804021
5244 # 1504
5244 - 1155 29 406804021
5244 # 1504
5244 - 1155 28 406804021
5244 # 1504
5244 - 1233 28 406804021
5244 + 1080 406808791
5245 # 1504
5245 - 1233 29 406804021
5245 - 1233 29 406804021
5245 # 1504
5245 - 1035 28 406804021
5246 # 1504
5246 - 1035 29 406804021
5246 - 1036 29 406804021
5246 # 1504
5246 - 1036 29 406804021
5247 # 1504
5247 - 1036 29 406804021
5247 # 1504
5247 - 1100 29 406804021
5247 - 1100 28 406804021
5248 # 1504
5248 - 1100 29 406804021
5248 # 1504
5248 - 1101 29 406804021
5248 - 1101 29 406804021
5249 # 1504
5249 - 1088 29 406804021
5249 # 1504
5249 - 1089 29 406804021
5249 # 1504
5249 - 1089 29 406804021
5249 - 1089 29 406804021
5249 - 102 29 2802403873
5249 + 102 2802403873
5250 # 1504
5250 - 1089 30 406804021
5250 # 1504
5250 - 879 28 406805551
5250 - 879 28 406805551
5250 + 891 406810411
5251 # 1504
5251 - 880 29 406805551
5251 # 1504
5251 - 1100 29 406805551
5251 - 1101 29 406805551
5252 # 1504
5252 - 1101 29 406805551
5252 # 1504
5252 - 893 29 406805551
5252 - 894 29 406805551
5252 + 891 406810411
5252 + 1145 406810411
5252 + 1145 406810411
5252 + 829 406810411
5252 + 829 406810411
5252 + 875 406810411
5252 + 876 406810411
5252 + 1109 406810411
5252 + 1109 406810411
5253 # 1504
5253 - 894 30 406805551
5253 # 1504
5253 - 1194 30 406805551
5253 # 1504
5253 - 1195 29 406805551
5253 - 977 29 406805551
5253 + 1075 406810411
5253 + 1076 406810411
5253 + 1076 406810411
5253 + 1012 406810411
5254 # 1504
5254 - 978 30 406805551
5254 - 978 30 406805551
5254 # 1504
5254 - 1031 29 406805551
5255 # 1504
5255 - 1031 29 406805551
5255 # 1504
5255 - 1031 29 406805551
5255 - 1032 29 406805551
5255 + 1012 406810411
5255 + 1012 406810411
5255 + 1065 406810411
5255 + 1066 406810411
5255 + 1066 406810411
5256 # 1504
5256 - 1096 30 406805551
5256 # 1504
5256 - 1096 29 406805551
5256 - 1096 29 406805551
5257 # 1504
5257 - 1096 30 406805551
5257 # 1504
5257 - 1052 30 406805551
5258 # 1504
5258 - 1052 30 406805551
5258 - 1052 30 406805551
5258 # 1504
5258 - 1052 30 406805551
5258 # 1504
5258 - 968 30 406807171
5258 - 968 29 406807171
5259 # 1504
5259 - 968 30 406807171
5259 - 968 30 406807171
5259 # 1504
5259 - 1171 30 406807171
5259 + 102 2802403873
5260 # 1504
5260 - 1171 31 406807171
5260 # 1504
5260 - 1171 29 406807171
5261 # 1504
5261 - 1171 30 406807171
5261 - 1044 30 406807171
5261 # 1504
5261 - 1044 30 406807171
5262 # 1504
5262 - 1044 31 406807171
5262 - 1044 31 406807171
5262 # 1504
5262 - 1123 30 406807171
5262 # 1504
5262 - 1123 30 406807171
5263 # 1504
5263 - 1123 31 406807171
5263 - 102 30 2802403873
5263 - 1054 30 406807171
5263 # 1504
5263 - 1055 30 406807171
5264 # 1504
5264 - 1055 31 406807171
5264 - 1055 31 406807171
5264 # 1504
5264 - 1210 30 406807171
5265 # 1504
5265 - 1211 31 406807171
5265 # 1504
5265 - 1211 30 406807171
5266 # 1504
5266 - 1211 31 406807171
5266 # 1504
5266 - 1211 30 406807171
5266 - 1224 30 406807171
5266 # 1504
5266 - 1224 30 406807171
5267 # 1504
5267 - 1224 31 406807171
5267 # 1504
5267 - 1224 30 406807171
5268 # 1504
5268 - 1224 31 406807171
5268 - 1155 31 406807171
5268 # 1504
5268 - 1155 31 406807171
5269 # 1504
5269 - 1156 31 406807171
5269 # 1504
5269 - 1156 31 406807171
5269 - 1156 31 406807171
5269 + 730 406812031
5269 + 730 406812031
5270 # 1504
5270 - 779 32 406808791
5270 - 780 32 406808791
5270 # 1504
5270 - 1008 31 406808791
5270 + 868 406812031
5270 + 868 406812031
5270 + 869 406812031
5270 + 901 406812031
5270 + 902 406812031
5271 # 1504
5271 - 1008 31 406808791
5271 - 895 31 406808791
5271 # 1504
5271 - 896 31 406808791
5271 # 1504
5271 - 1179 31 406808791
5271 - 947 31 406808791
5271 + 102 2802403873
5271 + 941 406812031
5271 + 941 406812031
5271 + 1016 406812031
5271 + 1017 406812031
5271 + 1074 406812031
5272 # 1504
5272 - 947 31 406808791
5272 # 1504
5272 - 1030 31 406808791
5272 - 1030 31 406808791
5273 # 1504
5273 - 1031 32 406808791
5273 # 1504
5273 - 991 31 406808791
5273 - 991 31 406808791
5273 + 1075 406812031
5273 + 1075 406812031
5273 + 1111 406812031
5273 + 1111 406812031
5273 + 1112 406812031
5273 + 1043 406812031
5274 # 1504
5274 - 992 32 406808791
5274 # 1504
5274 - 1080 32 406808791
5274 + 1043 406812031
5274 + 1044 406812031
5275 # 1504
5275 - 1080 33 406808791
5275 - 1080 31 406808791
5275 - 102 26 2802403873
5275 # 1504
5275 - 891 25 406810411
5275 - 891 23 406810411
5275 # 1504
5275 - 1145 23 406810411
5276 # 1504
5276 - 1145 24 406810411
5276 # 1504
5276 - 829 24 406810411
5276 - 829 24 406810411
5277 # 1504
5277 - 875 25 406810411
5277 - 876 25 406810411
5277 # 1504
5277 - 1109 25 406810411
5278 # 1504
5278 - 1109 26 406810411
5278 - 1075 25 406810411
5278 # 1504
5278 - 1076 25 406810411
5279 # 1504
5279 - 1076 26 406810411
5279 # 1504
5279 - 1012 26 406810411
5279 - 1012 24 406810411
5279 # 1504
5279 - 1012 24 406810411
5280 # 1504
5280 - 1065 25 406810411
5280 - 1066 25 406810411
5280 # 1504
5280 - 1066 25 406810411
5280 - 102 21 2802403873
5281 # 1504
5281 - 730 12 406812031
5281 - 730 12 406812031
5281 # 1504
5281 - 868 11 406812031
5281 - 868 11 406812031
5282 # 1504
5282 - 869 12 406812031
5282 - 901 12 406812031
5282 # 1504
5282 - 902 12 406812031
5282 - 102 11 2802403873
5283 # 1504
5283 - 941 12 406812031
5283 - 941 12 406812031
5283 # 1504
5283 - 1016 12 406812031
5284 # 1504
5284 - 1017 13 406812031
5284 - 1074 13 406812031
5284 # 1504
5284 - 1075 11 406812031
5284 # 1504
5284 - 1075 11 406812031
5285 # 1504
5285 - 1111 12 406812031
5285 - 1111 12 406812031
5285 # 1504
5285 - 1112 12 406812031
5285 + 102 2802403873
5286 # 1504
5286 - 1043 13 406812031
5286 - 1043 12 406812031
5286 # 1504
5286 - 1044 12 406812031
5286 - 102 1 2802403873
5286 + 967 406813651
5286 + 967 406813651
5287 # 1504
5287 - 967 1 406813651
5287 # 1504
5287 - 967 1 406813651
5287 + 964 406813651
5287 + 964 406813651
5287 + 965 406813651
5287 + 965 406813651
5288 # 1504
5288 - 964 1 406813651
5288 # 1504
5288 - 964 1 406813651
5288 - 965 1 406813651
5288 # 1504
5288 - 965 1 406813651
5288 + 1021 406813651
5288 + 1021 406813651
5288 + 1021 406813651
5288 + 1124 406813651
5288 + 1125 406813651
5289 # 1504
5289 - 1021 1 406813651
5289 # 1504
5289 - 1021 1 406813651
5289 + 1061 406813651
5289 + 1061 406813651
5289 + 1172 406813651
5290 # 1504
5290 - 1021 2 406813651
5290 - 1124 2 406813651
5290 # 1504
5290 - 1125 2 406813651
5290 + 1173 406813651
5291 # 1504
5291 - 1061 2 406813651
5291 - 1061 2 406813651
5291 # 1504
5291 - 1172 2 406813651
5291 + 1173 406813651
5291 + 976 406813651
5291 + 976 406813651
5291 + 976 406813651
5292 # 1504
5292 - 1173 2 406813651
5292 # 1504
5292 - 1173 1 406813651
5292 - 976 1 406813651
5292 + 976 406813651
5292 + 1218 406813651
5292 + 1219 406813651
5292 + 1219 406813651
5293 # 1504
5293 - 976 2 406813651
5293 # 1504
5293 - 976 2 406813651
5293 - 976 1 406813651
5293 # 1504
5293 - 1218 1 406813651
5294 # 1504
5294 - 1219 2 406813651
5294 # 1504
5294 - 1219 2 406813651
5295 # 1504
5295 # 1504
5296 # 1504
5296 # 1504
5297 # 1504
5297 # 1504
5297 # 1504
5298 # 1504
5298 # 1504
5299 # 1504
5299 # 1504
5299 + 102 2802403873
5300 # 1504
5300 - 102 1 2802403873
5300 # 1504
5301 # 1504
5301 # 1504
5301 # 1504
5302 # 1504
5302 # 1504
5303 # 1504
5303 # 1504
5304 # 1504
5304 # 1504
5304 + 916 406815181
5305 # 1504
5305 - 916 1 406815181
5305 # 1504
5305 + 916 406815181
5305 + 1038 406815181
5305 + 1038 406815181
5305 + 1039 406815181
5306 # 1504
5306 - 916 1 406815181
5306 # 1504
5306 - 1038 1 406815181
5306 - 1038 1 406815181
5306 # 1504
5306 - 1039 1 406815181
5306 + 1039 406815181
5306 + 884 406815181
5306 + 885 406815181
5306 + 885 406815181
5306 + 1152 406815181
5306 + 102 2802403873
5307 # 1504
5307 - 1039 1 406815181
5307 # 1504
5307 - 884 1 406815181
5307 - 885 1 406815181
5307 + 1152 406815181
5307 + 1218 406815181
5307 + 1218 406815181
5308 # 1504
5308 - 885 2 406815181
5308 # 1504
5308 - 1152 2 406815181
5308 - 102 2 2802403873
5308 + 994 406815181
5308 + 994 406815181
5308 + 994 406815181
5308 + 995 406815181
5309 # 1504
5309 - 1152 2 406815181
5309 - 1218 2 406815181
5309 # 1504
5309 - 1218 2 406815181
5309 + 1134 406815181
5309 + 1135 406815181
5309 + 1135 406815181
5309 + 1135 406815181
5310 # 1504
5310 - 994 2 406815181
5310 - 994 2 406815181
5310 # 1504
5310 - 994 2 406815181
5310 # 1504
5310 - 995 2 406815181
5311 # 1504
5311 - 1134 2 406815181
5311 - 1135 2 406815181
5311 # 1504
5311 - 1135 2 406815181
5311 + 981 406815181
5311 + 982 406815181
5311 + 982 406815181
5311 + 982 406815181
5312 # 1504
5312 - 1135 3 406815181
5312 - 981 1 406815181
5312 # 1504
5312 - 982 1 406815181
5313 # 1504
5313 - 982 2 406815181
5313 - 982 2 406815181
5313 # 1504
5314 # 1504
5314 # 1504
5314 # 1504
5315 # 1504
5315 # 1504
5316 # 1504
5316 # 1504
5317 # 1504
5317 # 1504
5318 # 1504
5318 # 1504
5319 # 1504
5319 # 1504
5319 # 1504
5319 + 102 2802403873
5320 # 1504
5320 - 102 1 2802403873
5320 # 1504
5321 # 1504
5321 # 1504
5322 # 1504
5322 # 1504
5323 # 1504
5323 # 1504
5323 # 1504
5323 + 891 406816801
5323 + 891 406816801
5324 # 1504
5324 - 891 1 406816801
5324 # 1504
5324 - 891 1 406816801
5324 + 891 406816801
5324 + 1225 406816801
5324 + 1225 406816801
5325 # 1504
5325 - 891 1 406816801
5325 # 1504
5325 - 1225 1 406816801
5325 + 1226 406816801
5325 + 875 406816801
5325 + 875 406816801
5325 + 876 406816801
5325 + 1132 406816801
5326 # 1504
5326 - 1225 2 406816801
5326 # 1504
5326 - 1226 1 406816801
5326 - 875 1 406816801
5326 + 1133 406816801
5326 + 1064 406816801
5326 + 1064 406816801
5326 + 1065 406816801
5327 # 1504
5327 - 875 2 406816801
5327 - 876 2 406816801
5327 # 1504
5327 - 1132 2 406816801
5328 # 1504
5328 - 1133 2 406816801
5328 - 1064 2 406816801
5328 # 1504
5328 - 1064 2 406816801
5328 # 1504
5328 - 1065 2 406816801
5328 + 1129 406816801
5328 + 1129 406816801
5328 + 1129 406816801
5328 + 1129 406816801
5329 # 1504
5329 - 1129 1 406816801
5329 # 1504
5329 - 1129 1 406816801
5329 + 1024 406816801
5329 + 1024 406816801
5329 + 1024 406816801
5329 + 1024 406816801
5330 # 1504
5330 - 1129 2 406816801
5330 # 1504
5330 - 1129 2 406816801
5330 - 1024 1 406816801
5330 + 1024 406816801
5330 + 1024 406816801
5330 + 1025 406816801
5330 + 1025 406816801
5330 + 1025 406816801
5331 # 1504
5331 - 1024 2 406816801
5331 # 1504
5331 - 1024 2 406816801
5331 - 1024 2 406816801
5331 + 1025 406816801
5332 # 1504
5332 - 1024 2 406816801
5332 # 1504
5332 - 1024 2 406816801
5332 - 1025 2 406816801
5332 # 1504
5332 - 1025 2 406816801
5333 # 1504
5333 - 1025 3 406816801
5333 - 1025 2 406816801
5333 # 1504
5333 + 102 2802403873
5334 # 1504
5334 - 102 1 2802403873
5334 # 1504
5335 # 1504
5335 # 1504
5336 # 1504
5336 # 1504
5336 # 1504
5337 # 1504
5337 # 1504
5338 # 1504
5338 # 1504
5338 # 1504
5338 # 1504
5339 # 1504
5339 # 1504
5339 + 102 2802403873
5340 # 1504
5340 - 102 1 2802403873
5340 # 1504
5340 + 1161 406818421
5341 # 1504
5341 - 1161 1 406818421
5341 # 1504
5342 # 1504
5342 # 1504
5342 + 1161 406818421
5342 + 1065 406818421
5342 + 1065 406818421
5342 + 1065 406818421
5343 # 1504
5343 - 1161 1 406818421
5343 # 1504
5343 - 1065 1 406818421
5343 + 1065 406818421
5343 + 919 406818421
5343 + 919 406818421
5343 + 919 406818421
5343 + 982 406818421
5344 # 1504
5344 - 1065 2 406818421
5344 - 1065 2 406818421
5344 # 1504
5344 - 1065 1 406818421
5344 + 982 406818421
5344 + 983 406818421
5344 + 1065 406818421
5344 + 1066 406818421
5344 + 1066 406818421
5345 # 1504
5345 - 919 2 406818421
5345 - 919 2 406818421
5345 # 1504
5345 - 919 2 406818421
5346 # 1504
5346 - 982 3 406818421
5346 - 982 2 406818421
5346 # 1504
5346 - 983 2 406818421
5346 + 102 2802403873
5346 + 1066 406818421
5346 + 1126 406818421
5346 + 1126 406818421
5346 + 1127 406818421
5347 # 1504
5347 - 1065 3 406818421
5347 - 1066 3 406818421
5347 # 1504
5347 - 1066 3 406818421
5347 - 102 1 2802403873
5347 + 1127 406818421
5347 + 1127 406818421
5347 + 1093 406818421
5347 + 1093 406818421
5348 # 1504
5348 - 1066 2 406818421
5348 # 1504
5348 - 1126 2 406818421
5348 - 1126 2 406818421
5348 + 1094 406818421
5348 + 1094 406818421
5348 + 1094 406818421
5348 + 1094 406818421
5348 + 1082 406818421
5349 # 1504
5349 - 1127 3 406818421
5349 # 1504
5349 - 1127 2 406818421
5349 + 1082 406818421
5349 + 1082 406818421
5349 + 1082 406818421
5350 # 1504
5350 - 1127 3 406818421
5350 - 1093 3 406818421
5350 # 1504
5350 - 1093 3 406818421
5350 + 1083 406818421
5351 # 1504
5351 - 1094 3 406818421
5351 - 1094 3 406818421
5351 # 1504
5351 - 1094 3 406818421
5352 # 1504
5352 - 1094 4 406818421
5352 # 1504
5352 - 1082 4 406818421
5352 - 1082 3 406818421
5352 + 102 2802403873
5353 # 1504
5353 - 1082 4 406818421
5353 # 1504
5353 - 1082 4 406818421
5354 # 1504
5354 - 1083 4 406818421
5354 - 102 2 2802403873
5354 # 1504
5355 # 1504
5355 # 1504
5356 # 1504
5356 # 1504
5357 # 1504
5357 # 1504
5358 # 1504
5358 # 1504
5359 # 1504
5359 # 1504
5359 + 1074 406820041
5359 + 1074 406820041
5360 # 1504
5360 - 1074 1 406820041
5360 # 1504
5360 - 1074 1 406820041
5360 + 1074 406820041
5360 + 1239 406820041
5360 + 1239 406820041
5361 # 1504
5361 - 1074 1 406820041
5361 # 1504
5361 - 1239 1 406820041
5361 # 1504
5361 - 1239 1 406820041
5361 + 1239 406820041
5361 + 1240 406820041
5361 + 1059 406820041
5361 + 1059 406820041
5362 # 1504
5362 - 1239 1 406820041
5362 # 1504
5362 - 1240 1 406820041
5363 # 1504
5363 - 1059 2 406820041
5363 # 1504
5363 - 1059 2 406820041
5363 + 1059 406820041
5363 + 1059 406820041
5363 + 1150 406820041
5363 + 1151 406820041
5363 + 1151 406820041
5363 + 1115 406820041
5363 + 1116 406820041
5364 # 1504
5364 - 1059 1 406820041
5364 # 1504
5364 - 1059 1 406820041
5364 + 1116 406820041
5364 + 1116 406820041
5364 + 1109 406820041
5365 # 1504
5365 - 1150 2 406820041
5365 - 1151 2 406820041
5365 # 1504
5365 - 1151 2 406820041
5365 + 1109 406820041
5365 + 1109 406820041
5365 + 1109 406820041
5366 # 1504
5366 - 1115 3 406820041
5366 # 1504
5366 - 1116 3 406820041
5366 - 1116 2 406820041
5366 + 1110 406820041
5366 + 1110 406820041
5367 # 1504
5367 - 1116 3 406820041
5367 # 1504
5367 - 1109 3 406820041
5367 + 102 2802403873
5367 + 1211 406820041
5367 + 1211 406820041
5367 + 1211 406820041
5367 + 1211 406820041
5368 # 1504
5368 - 1109 3 406820041
5368 - 1109 3 406820041
5368 # 1504
5368 - 1109 3 406820041
5368 + 1211 406820041
5368 + 1211 406820041
5368 + 1157 406820041
5369 # 1504
5369 - 1110 3 406820041
5369 # 1504
5369 - 1110 3 406820041
5369 - 102 2 2802403873
5369 - 1211 2 406820041
5369 + 1157 406820041
5369 + 1157 406820041
5369 + 1157 406820041
5369 + 1157 406820041
5370 # 1504
5370 - 1211 3 406820041
5370 # 1504
5370 - 1211 3 406820041
5370 + 1158 406820041
5371 # 1504
5371 - 1211 4 406820041
5371 # 1504
5371 - 1211 3 406820041
5371 - 1211 3 406820041
5372 # 1504
5372 - 1157 4 406820041
5372 # 1504
5372 - 1157 3 406820041
5373 # 1504
5373 - 1157 4 406820041
5373 # 1504
5373 - 1157 4 406820041
5373 - 1157 4 406820041
5374 # 1504
5374 - 1158 4 406820041
5374 # 1504
5375 # 1504
5375 # 1504
5376 # 1504
5376 # 1504
5376 + 1040 406821661
5377 # 1504
5377 - 1040 1 406821661
5377 # 1504
5377 + 102 2802403873
5377 + 1040 406821661
5377 + 1014 406821661
5377 + 1014 406821661
5378 # 1504
5378 - 102 1 2802403873
5378 - 1040 1 406821661
5378 # 1504
5378 - 1014 1 406821661
5378 + 1014 406821661
5379 # 1504
5379 - 1014 2 406821661
5379 - 1014 1 406821661
5379 # 1504
5379 + 1014 406821661
5379 + 1014 406821661
5379 + 1068 406821661
5379 + 1068 406821661
5379 + 1069 406821661
5380 # 1504
5380 - 1014 1 406821661
5380 # 1504
5380 - 1014 1 406821661
5380 + 1069 406821661
5380 + 1227 406821661
5380 + 1227 406821661
5380 + 1228 406821661
5381 # 1504
5381 - 1068 2 406821661
5381 - 1068 2 406821661
5381 # 1504
5381 - 1069 2 406821661
5381 + 1220 406821661
5381 + 1220 406821661
5381 + 1221 406821661
5381 + 1221 406821661
5382 # 1504
5382 - 1069 2 406821661
5382 # 1504
5382 - 1227 2 406821661
5382 - 1227 2 406821661
5383 # 1504
5383 - 1228 3 406821661
5383 # 1504
5383 - 1220 2 406821661
5383 + 102 2802403873
5383 + 1156 406821661
5383 + 1156 406821661
5383 + 1156 406821661
5383 + 1157 406821661
5384 # 1504
5384 - 1220 3 406821661
5384 # 1504
5384 - 1221 3 406821661
5384 - 1221 3 406821661
5384 - 102 1 2802403873
5384 + 1157 406821661
5384 + 1157 406821661
5384 + 1140 406821661
5384 + 1140 406821661
5385 # 1504
5385 - 1156 2 406821661
5385 # 1504
5385 - 1156 2 406821661
5385 + 1141 406821661
5385 + 1141 406821661
5385 + 1141 406821661
5385 + 1141 406821661
5385 + 1105 406821661
5386 # 1504
5386 - 1156 3 406821661
5386 # 1504
5386 - 1157 3 406821661
5386 - 1157 2 406821661
5387 # 1504
5387 - 1157 3 406821661
5387 # 1504
5387 - 1140 3 406821661
5387 + 1105 406821661
5387 + 1105 406821661
5387 + 1105 406821661
5387 + 1105 406821661
5388 # 1504
5388 - 1140 4 406821661
5388 - 1141 3 406821661
5388 # 1504
5388 - 1141 3 406821661
5388 + 1105 406821661
5389 # 1504
5389 - 1141 4 406821661
5389 # 1504
5389 - 1141 4 406821661
5389 - 1105 4 406821661
5390 # 1504
5390 - 1105 3 406821661
5390 # 1504
5390 - 1105 3 406821661
5391 # 1504
5391 - 1105 4 406821661
5391 - 1105 4 406821661
5391 # 1504
5391 - 1105 3 406821661
5392 # 1504
5392 # 1504
5393 # 1504
5393 # 1504
5394 # 1504
5394 # 1504
5394 + 905 406823281
5395 # 1504
5395 - 905 1 406823281
5395 # 1504
5396 # 1504
5396 # 1504
5396 + 906 406823281
5396 + 906 406823281
5396 + 1025 406823281
5396 + 1025 406823281
5396 + 1025 406823281
5397 # 1504
5397 - 906 1 406823281
5397 # 1504
5397 - 906 1 406823281
5397 - 1025 1 406823281
5397 + 1025 406823281
5397 + 1026 406823281
5397 + 1214 406823281
5397 + 1214 406823281
5398 # 1504
5398 - 1025 2 406823281
5398 # 1504
5398 - 1025 2 406823281
5398 - 1025 1 406823281
5398 + 1214 406823281
5398 + 1214 406823281
5398 + 1004 406823281
5398 + 1004 406823281
5398 + 1005 406823281
5398 + 102 2802403873
5398 + 1005 406823281
5399 # 1504
5399 - 1026 2 406823281
5399 # 1504
5399 - 1214 2 406823281
5400 # 1504
5400 - 1214 3 406823281
5400 # 1504
5400 - 1214 2 406823281
5400 - 1214 2 406823281
5400 + 1112 406823281
5400 + 1113 406823281
5400 + 1113 406823281
5401 # 1504
5401 - 1004 3 406823281
5401 # 1504
5401 - 1004 3 406823281
5401 - 1005 3 406823281
5401 - 102 3 2802403873
5401 + 1113 406823281
5401 + 1113 406823281
5401 + 1139 406823281
5401 + 1139 406823281
5402 # 1504
5402 - 1005 4 406823281
5402 # 1504
5402 - 1112 2 406823281
5402 + 1139 406823281
5402 + 1139 406823281
5402 + 1140 406823281
5402 + 1140 406823281
5402 + 1140 406823281
5403 # 1504
5403 - 1113 3 406823281
5403 - 1113 3 406823281
5403 # 1504
5403 - 1113 2 406823281
5403 + 1079 406823281
5403 + 1079 406823281
5404 # 1504
5404 - 1113 3 406823281
5404 # 1504
5404 - 1139 3 406823281
5404 - 1139 3 406823281
5404 + 102 2802403873
5404 + 1079 406823281
5404 + 1079 406823281
5404 + 1079 406823281
5404 + 1080 406823281
5405 # 1504
5405 - 1139 3 406823281
5405 # 1504
5405 - 1139 3 406823281
5405 # 1504
5405 - 1140 3 406823281
5405 - 1140 3 406823281
5405 + 1080 406823281
5405 + 1164 406823281
5405 + 1165 406823281
5405 + 1165 406823281
5406 # 1504
5406 - 1140 4 406823281
5406 # 1504
5406 - 1079 3 406823281
5406 + 1165 406823281
5406 + 1165 406823281
5406 + 1165 406823281
5407 # 1504
5407 - 1079 4 406823281
5407 - 102 3 2802403873
5407 - 1079 3 406823281
5407 # 1504
5407 - 1079 3 406823281
5408 # 1504
5408 - 1079 4 406823281
5408 - 1080 4 406823281
5408 # 1504
5408 - 1080 3 406823281
5409 # 1504
5409 - 1164 4 406823281
5409 # 1504
5409 - 1165 4 406823281
5409 - 1165 4 406823281
5410 # 1504
5410 - 1165 4 406823281
5410 # 1504
5410 - 1165 4 406823281
5411 # 1504
5411 - 1165 5 406823281
5411 # 1504
5412 # 1504
5412 # 1504
5412 + 961 406824901
5413 # 1504
5413 - 961 1 406824901
5413 # 1504
5413 + 962 406824901
5413 + 962 406824901
5413 + 1056 406824901
5413 + 1057 406824901
5413 + 1057 406824901
5414 # 1504
5414 - 962 1 406824901
5414 # 1504
5414 - 962 1 406824901
5414 - 1056 1 406824901
5414 + 1057 406824901
5414 + 1102 406824901
5415 # 1504
5415 - 1057 2 406824901
5415 # 1504
5415 - 1057 2 406824901
5415 + 1102 406824901
5415 + 1103 406824901
5415 + 1124 406824901
5416 # 1504
5416 - 1057 2 406824901
5416 - 1102 2 406824901
5416 # 1504
5416 - 1102 1 406824901
5416 + 1124 406824901
5417 # 1504
5417 - 1103 2 406824901
5417 # 1504
5417 - 1124 2 406824901
5417 - 1124 1 406824901
5417 + 1124 406824901
5417 + 1031 406824901
5417 + 1031 406824901
5417 + 1032 406824901
5417 + 1032 406824901
5417 + 102 2802403873
5418 # 1504
5418 - 1124 1 406824901
5418 # 1504
5418 - 1031 1 406824901
5418 + 1032 406824901
5418 + 1198 406824901
5418 + 1198 406824901
5418 + 1198 406824901
5419 # 1504
5419 - 1031 2 406824901
5419 - 1032 2 406824901
5419 # 1504
5419 - 1032 2 406824901
5419 - 102 2 2802403873
5419 + 1198 406824901
5419 + 1199 406824901
5419 + 1199 406824901
5419 + 1199 406824901
5420 # 1504
5420 - 1032 2 406824901
5420 # 1504
5420 - 1198 2 406824901
5420 - 1198 2 406824901
5420 + 1231 406824901
5421 # 1504
5421 - 1198 3 406824901
5421 # 1504
5421 - 1198 2 406824901
5421 + 1231 406824901
5421 + 1231 406824901
5421 + 1231 406824901
5422 # 1504
5422 - 1199 3 406824901
5422 # 1504
5422 - 1199 3 406824901
5422 - 1199 3 406824901
5422 + 1231 406824901
5422 + 1231 406824901
5422 + 1231 406824901
5422 + 1227 406824901
5423 # 1504
5423 - 1231 3 406824901
5423 # 1504
5423 - 1231 2 406824901
5423 + 1228 406824901
5423 + 1228 406824901
5424 # 1504
5424 - 1231 3 406824901
5424 # 1504
5424 - 1231 3 406824901
5424 - 1231 2 406824901
5424 + 1228 406824901
5424 + 1228 406824901
5424 + 1228 406824901
5425 # 1504
5425 - 1231 3 406824901
5425 # 1504
5425 - 1231 3 406824901
5426 # 1504
5426 - 1227 4 406824901
5426 # 1504
5426 - 1228 3 406824901
5427 # 1504
5427 - 1228 4 406824901
5427 - 1228 3 406824901
5427 # 1504
5427 - 1228 3 406824901
5428 # 1504
5428 - 1228 4 406824901
5428 # 1504
5428 + 102 2802403873
5429 # 1504
5429 - 102 1 2802403873
5429 # 1504
5430 # 1504
5430 # 1504
5430 + 1005 406826431
5431 # 1504
5431 - 1005 1 406826431
5431 # 1504
5431 + 1006 406826431
5431 + 1006 406826431
5431 + 957 406826431
5431 + 957 406826431
5432 # 1504
5432 - 1006 1 406826431
5432 # 1504
5432 - 1006 1 406826431
5432 - 957 1 406826431
5432 + 958 406826431
5432 + 958 406826431
5432 + 958 406826431
5432 + 958 406826431
5432 + 959 406826431
5432 + 959 406826431
5433 # 1504
5433 - 957 2 406826431
5433 # 1504
5433 - 958 1 406826431
5433 - 958 1 406826431
5434 # 1504
5434 - 958 2 406826431
5434 # 1504
5434 - 958 2 406826431
5434 - 959 2 406826431
5434 + 1098 406826431
5434 + 1099 406826431
5434 + 1099 406826431
5434 + 1032 406826431
5434 + 1032 406826431
5435 # 1504
5435 - 959 3 406826431
5435 # 1504
5435 - 1098 1 406826431
5435 - 1099 1 406826431
5435 + 1032 406826431
5435 + 1033 406826431
5435 + 1033 406826431
5435 + 1085 406826431
5436 # 1504
5436 - 1099 2 406826431
5436 # 1504
5436 - 1032 2 406826431
5436 - 1032 2 406826431
5436 + 1086 406826431
5436 + 1086 406826431
5436 + 1086 406826431
5436 + 1086 406826431
5437 # 1504
5437 - 1032 2 406826431
5437 # 1504
5437 - 1033 2 406826431
5437 + 1086 406826431
5438 # 1504
5438 - 1033 3 406826431
5438 - 1085 3 406826431
5438 # 1504
5438 - 1086 2 406826431
5438 + 1086 406826431
5438 + 1137 406826431
5438 + 1138 406826431
5438 + 1138 406826431
5439 # 1504
5439 - 1086 3 406826431
5439 - 1086 3 406826431
5439 # 1504
5439 - 1086 3 406826431
5439 + 1138 406826431
5439 + 1138 406826431
5439 + 1138 406826431
5439 + 1138 406826431
5440 # 1504
5440 - 1086 3 406826431
5440 # 1504
5440 - 1086 2 406826431
5440 - 1137 2 406826431
5440 + 1176 406826431
5440 + 1176 406826431
5440 + 1177 406826431
5440 + 1177 406826431
5441 # 1504
5441 - 1138 3 406826431
5441 # 1504
5441 - 1138 3 406826431
5441 + 102 2802403873
5441 + 1177 406826431
5441 + 1177 406826431
5442 # 1504
5442 - 1138 3 406826431
5442 - 1138 3 406826431
5442 # 1504
5442 - 1138 3 406826431
5443 # 1504
5443 - 1138 4 406826431
5443 # 1504
5443 - 1176 3 406826431
5443 - 1176 3 406826431
5444 # 1504
5444 - 1177 4 406826431
5444 # 1504
5444 - 1177 4 406826431
5444 - 102 3 2802403873
5445 # 1504
5445 - 1177 4 406826431
5445 # 1504
5445 - 1177 4 406826431
5446 # 1504
5446 # 1504
5447 # 1504
5447 # 1504
5448 # 1504
5448 # 1504
5448 + 816 406828051
5449 # 1504
5449 - 816 1 406828051
5449 # 1504
5449 + 816 406828051
5449 + 956 406828051
5449 + 957 406828051
5449 + 957 406828051
5449 + 1080 406828051
5449 + 1081 406828051
5450 # 1504
5450 - 816 1 406828051
5450 # 1504
5450 - 956 1 406828051
5450 - 957 1 406828051
5450 # 1504
5450 - 957 1 406828051
5451 # 1504
5451 - 1080 2 406828051
5451 - 1081 2 406828051
5451 # 1504
5451 + 1081 406828051
5451 + 1155 406828051
5451 + 1155 406828051
5451 + 1156 406828051
5452 # 1504
5452 - 1081 1 406828051
5452 # 1504
5452 - 1155 1 406828051
5452 + 102 2802403873
5452 + 1217 406828051
5452 + 1217 406828051
5452 + 1217 406828051
5452 + 1217 406828051
5453 # 1504
5453 - 1155 2 406828051
5453 # 1504
5453 - 1156 2 406828051
5453 - 102 1 2802403873
5453 - 1217 1 406828051
5454 # 1504
5454 - 1217 2 406828051
5454 # 1504
5454 - 1217 2 406828051
5454 + 1158 406828051
5454 + 1158 406828051
5454 + 1158 406828051
5454 + 1159 406828051
5454 + 1159 406828051
5454 + 1159 406828051
5454 + 1097 406828051
5455 # 1504
5455 - 1217 3 406828051
5455 # 1504
5455 - 1158 1 406828051
5455 - 1158 1 406828051
5455 + 1097 406828051
5455 + 1097 406828051
5455 + 1097 406828051
5455 + 1097 406828051
5456 # 1504
5456 - 1158 2 406828051
5456 # 1504
5456 - 1159 2 406828051
5457 # 1504
5457 - 1159 3 406828051
5457 - 1159 3 406828051
5457 # 1504
5457 - 1097 3 406828051
5457 + 1097 406828051
5457 + 1098 406828051
5457 + 1060 406828051
5457 + 1060 406828051
5457 + 1060 406828051
5457 + 1060 406828051
5458 # 1504
5458 - 1097 3 406828051
5458 # 1504
5458 - 1097 3 406828051
5458 - 1097 3 406828051
5458 + 1061 406828051
5458 + 1061 406828051
5459 # 1504
5459 - 1097 4 406828051
5459 # 1504
5459 - 1097 2 406828051
5460 # 1504
5460 - 1098 3 406828051
5460 - 1060 3 406828051
5460 # 1504
5460 - 1060 3 406828051
5461 # 1504
5461 - 1060 4 406828051
5461 - 1060 4 406828051
5461 # 1504
5461 - 1061 3 406828051
5462 # 1504
5462 - 1061 4 406828051
5462 # 1504
5462 + 102 2802403873
5463 # 1504
5463 - 102 1 2802403873
5463 # 1504
5464 # 1504
5464 # 1504
5464 + 761 406829671
5465 # 1504
5465 - 761 1 406829671
5465 # 1504
5465 + 761 406829671
5466 # 1504
5466 - 761 1 406829671
5466 # 1504
5466 + 996 406829671
5466 + 996 406829671
5466 + 996 406829671
5466 + 1198 406829671
5466 + 1198 406829671
5467 # 1504
5467 - 996 1 406829671
5467 # 1504
5467 - 996 1 406829671
5467 - 996 1 406829671
5467 + 1199 406829671
5467 + 1096 406829671
5467 + 1096 406829671
5467 + 1097 406829671
5468 # 1504
5468 - 1198 2 406829671
5468 # 1504
5468 - 1198 2 406829671
5468 + 1151 406829671
5468 + 1151 406829671
5468 + 1151 406829671
5468 + 1151 406829671
5469 # 1504
5469 - 1199 2 406829671
5469 # 1504
5469 - 1096 2 406829671
5469 - 1096 2 406829671
5470 # 1504
5470 - 1097 3 406829671
5470 # 1504
5470 - 1151 2 406829671
5470 + 1237 406829671
5470 + 1238 406829671
5470 + 1238 406829671
5470 + 1238 406829671
5471 # 1504
5471 - 1151 3 406829671
5471 - 1151 3 406829671
5471 # 1504
5471 - 1151 3 406829671
5471 + 1238 406829671
5471 + 1060 406829671
5471 + 1060 406829671
5472 # 1504
5472 - 1237 2 406829671
5472 # 1504
5472 - 1238 2 406829671
5472 + 1060 406829671
5472 + 1060 406829671
5472 + 1060 406829671
5472 + 1061 406829671
5472 + 1061 406829671
5473 # 1504
5473 - 1238 3 406829671
5473 - 1238 3 406829671
5473 # 1504
5473 - 1238 2 406829671
5473 + 1061 406829671
5473 + 1061 406829671
5473 + 1061 406829671
5474 # 1504
5474 - 1060 3 406829671
5474 # 1504
5474 - 1060 3 406829671
5474 - 1060 2 406829671
5474 + 1062 406829671
5475 # 1504
5475 - 1060 3 406829671
5475 # 1504
5475 - 1060 3 406829671
5475 - 1061 3 406829671
5475 + 102 2802403873
5476 # 1504
5476 - 1061 4 406829671
5476 # 1504
5476 - 1061 3 406829671
5477 # 1504
5477 - 1061 4 406829671
5477 - 1061 4 406829671
5477 # 1504
5477 - 1062 3 406829671
5477 - 102 2 2802403873
5478 # 1504
5478 # 1504
5479 # 1504
5479 # 1504
5480 # 1504
5480 # 1504
5481 # 1504
5481 # 1504
5482 # 1504
5482 # 1504
5483 # 1504
5483 # 1504
5483 + 944 406831291
5484 # 1504
5484 - 944 1 406831291
5484 # 1504
5485 # 1504
5485 # 1504
5485 + 945 406831291
5485 + 1069 406831291
5485 + 1070 406831291
5485 + 1070 406831291
5485 + 1194 406831291
5486 # 1504
5486 - 945 1 406831291
5486 # 1504
5486 - 1069 1 406831291
5486 + 1194 406831291
5486 + 1194 406831291
5486 + 1194 406831291
5486 + 1189 406831291
5487 # 1504
5487 - 1070 2 406831291
5487 - 1070 2 406831291
5487 # 1504
5487 - 1194 2 406831291
5487 + 1190 406831291
5487 + 1190 406831291
5487 + 1049 406831291
5487 + 1049 406831291
5488 # 1504
5488 - 1194 2 406831291
5488 # 1504
5488 - 1194 2 406831291
5488 - 1194 2 406831291
5488 + 102 2802403873
5488 + 1049 406831291
5488 + 1049 406831291
5488 + 1050 406831291
5489 # 1504
5489 - 1189 3 406831291
5489 # 1504
5489 - 1190 2 406831291
5489 + 1065 406831291
5489 + 1065 406831291
5489 + 1065 406831291
5489 + 1065 406831291
5490 # 1504
5490 - 1190 3 406831291
5490 # 1504
5490 - 1049 3 406831291
5490 - 1049 3 406831291
5490 - 102 2 2802403873
5490 + 1065 406831291
5490 + 1066 406831291
5490 + 1119 406831291
5491 # 1504
5491 - 1049 3 406831291
5491 # 1504
5491 - 1049 3 406831291
5491 - 1050 3 406831291
5491 + 1119 406831291
5492 # 1504
5492 - 1065 3 406831291
5492 # 1504
5492 - 1065 3 406831291
5492 - 1065 3 406831291
5492 + 1120 406831291
5492 + 1120 406831291
5492 + 1120 406831291
5492 + 1120 406831291
5493 # 1504
5493 - 1065 4 406831291
5493 # 1504
5493 - 1065 3 406831291
5493 + 1071 406831291
5493 + 1071 406831291
5493 + 1071 406831291
5493 + 1072 406831291
5493 + 1072 406831291
5494 # 1504
5494 - 1066 4 406831291
5494 - 1119 4 406831291
5494 # 1504
5494 - 1119 3 406831291
5494 + 102 2802403873
5495 # 1504
5495 - 1120 3 406831291
5495 # 1504
5495 - 1120 3 406831291
5495 - 1120 3 406831291
5495 # 1504
5495 - 1120 3 406831291
5496 # 1504
5496 - 1071 3 406831291
5496 # 1504
5496 - 1071 3 406831291
5496 - 1071 3 406831291
5497 # 1504
5497 - 1072 4 406831291
5497 # 1504
5497 - 1072 4 406831291
5497 - 102 3 2802403873
5498 # 1504
5498 # 1504
5499 # 1504
5499 # 1504
5500 # 1504
5500 # 1504
5501 # 1504
5501 # 1504
5502 # 1504
5502 # 1504
5502 + 1192 406832911
5503 # 1504
5503 - 1192 1 406832911
5503 # 1504
5503 + 1192 406832911
5503 + 1014 406832911
5503 + 1015 406832911
5503 + 1015 406832911
5503 + 1015 406832911
5503 + 1054 406832911
5504 # 1504
5504 - 1192 1 406832911
5504 # 1504
5504 - 1014 1 406832911
5504 + 1054 406832911
5504 + 1054 406832911
5505 # 1504
5505 - 1015 2 406832911
5505 - 1015 2 406832911
5505 # 1504
5505 - 1015 2 406832911
5505 + 1054 406832911
5505 + 1054 406832911
5506 # 1504
5506 - 1054 3 406832911
5506 - 1054 2 406832911
5506 # 1504
5506 - 1054 2 406832911
5506 + 1054 406832911
5506 + 1127 406832911
5506 + 1128 406832911
5506 + 1128 406832911
5507 # 1504
5507 - 1054 2 406832911
5507 - 1054 2 406832911
5507 # 1504
5507 - 1054 1 406832911
5507 + 1128 406832911
5507 + 1102 406832911
5507 + 1102 406832911
5507 + 1102 406832911
5508 # 1504
5508 - 1127 2 406832911
5508 # 1504
5508 - 1128 2 406832911
5508 - 1128 2 406832911
5508 + 1103 406832911
5508 + 1103 406832911
5508 + 1103 406832911
5508 + 1150 406832911
5509 # 1504
5509 - 1128 2 406832911
5509 # 1504
5509 - 1102 2 406832911
5509 + 102 2802403873
5509 + 1150 406832911
5509 + 1150 406832911
5510 # 1504
5510 - 1102 3 406832911
5510 - 1102 3 406832911
5510 # 1504
5510 - 1103 2 406832911
5510 + 1150 406832911
5510 + 1151 406832911
5511 # 1504
5511 - 1103 3 406832911
5511 # 1504
5511 - 1103 3 406832911
5511 - 1150 3 406832911
5511 - 102 2 2802403873
5511 + 1151 406832911
5511 + 1151 406832911
5511 + 1110 406832911
5511 + 1110 406832911
5511 + 1110 406832911
5512 # 1504
5512 - 1150 3 406832911
5512 # 1504
5512 - 1150 3 406832911
5513 # 1504
5513 - 1150 3 406832911
5513 - 1151 3 406832911
5513 # 1504
5513 - 1151 2 406832911
5513 + 1110 406832911
5513 + 1110 406832911
5513 + 1111 406832911
5513 + 1111 406832911
5513 + 1111 406832911
5513 + 1097 406832911
5513 + 1097 406832911
5514 # 1504
5514 - 1151 3 406832911
5514 # 1504
5514 - 1110 3 406832911
5514 - 1110 3 406832911
5514 + 1097 406832911
5514 + 1097 406832911
5514 + 1097 406832911
5514 + 1098 406832911
5515 # 1504
5515 - 1110 4 406832911
5515 # 1504
5515 - 1110 2 406832911
5516 # 1504
5516 - 1110 3 406832911
5516 - 1111 3 406832911
5516 # 1504
5516 - 1111 3 406832911
5517 # 1504
5517 - 1111 4 406832911
5517 # 1504
5517 - 1097 4 406832911
5517 - 1097 4 406832911
5518 # 1504
5518 - 1097 4 406832911
5518 # 1504
5518 - 1097 4 406832911
5519 # 1504
5519 - 1097 5 406832911
5519 - 1098 5 406832911
5519 # 1504
5519 + 936 406834531
5520 # 1504
5520 - 936 1 406834531
5520 # 1504
5520 + 936 406834531
5520 + 1058 406834531
5520 + 1058 406834531
5520 + 1059 406834531
5521 # 1504
5521 - 936 1 406834531
5521 # 1504
5521 - 1058 1 406834531
5521 + 1227 406834531
5521 + 1228 406834531
5521 + 1228 406834531
5521 + 1006 406834531
5522 # 1504
5522 - 1058 2 406834531
5522 - 1059 2 406834531
5522 # 1504
5522 - 1227 1 406834531
5522 + 102 2802403873
5522 + 1006 406834531
5523 # 1504
5523 - 1228 2 406834531
5523 # 1504
5523 - 1228 2 406834531
5523 - 1006 2 406834531
5523 - 102 1 2802403873
5523 + 1006 406834531
5523 + 1213 406834531
5523 + 1213 406834531
5524 # 1504
5524 - 1006 2 406834531
5524 # 1504
5524 - 1006 1 406834531
5524 + 1213 406834531
5524 + 1213 406834531
5524 + 1093 406834531
5524 + 1093 406834531
5524 + 1094 406834531
5525 # 1504
5525 - 1213 2 406834531
5525 - 1213 2 406834531
5525 # 1504
5525 - 1213 1 406834531
5525 + 1094 406834531
5525 + 1094 406834531
5525 + 1110 406834531
5525 + 1110 406834531
5526 # 1504
5526 - 1213 2 406834531
5526 # 1504
5526 - 1093 2 406834531
5526 - 1093 2 406834531
5526 + 1110 406834531
5526 + 1110 406834531
5526 + 1110 406834531
5526 + 1141 406834531
5527 # 1504
5527 - 1094 3 406834531
5527 # 1504
5527 - 1094 2 406834531
5527 + 1141 406834531
5528 # 1504
5528 - 1094 3 406834531
5528 - 1110 3 406834531
5528 # 1504
5528 - 1110 3 406834531
5528 + 102 2802403873
5528 + 1142 406834531
5528 + 1142 406834531
5529 # 1504
5529 - 1110 3 406834531
5529 # 1504
5529 - 1110 3 406834531
5529 - 1110 3 406834531
5530 # 1504
5530 - 1141 4 406834531
5530 # 1504
5530 - 1141 3 406834531
5530 - 102 2 2802403873
5531 # 1504
5531 - 1142 3 406834531
5531 - 1142 3 406834531
5531 # 1504
5532 # 1504
5532 # 1504
5533 # 1504
5533 # 1504
5534 # 1504
5534 # 1504
5535 # 1504
5535 # 1504
5536 # 1504
5536 # 1504
5537 # 1504
5537 # 1504
5537 + 870 406836061
5538 # 1504
5538 - 870 1 406836061
5538 # 1504
5538 + 870 406836061
5538 + 937 406836061
5538 + 938 406836061
5538 + 938 406836061
5538 + 102 2802403873
5539 # 1504
5539 - 870 1 406836061
5539 # 1504
5539 - 937 1 406836061
5539 - 938 1 406836061
5539 # 1504
5539 - 938 1 406836061
5539 - 102 1 2802403873
5539 + 933 406836061
5539 + 933 406836061
5539 + 934 406836061
5539 + 942 406836061
5539 + 942 406836061
5539 + 943 406836061
5540 # 1504
5540 - 933 1 406836061
5540 # 1504
5540 - 933 1 406836061
5540 - 934 1 406836061
5540 + 1223 406836061
5540 + 1223 406836061
5540 + 1224 406836061
5540 + 1224 406836061
5541 # 1504
5541 - 942 2 406836061
5541 # 1504
5541 - 942 2 406836061
5541 - 943 2 406836061
5542 # 1504
5542 - 1223 2 406836061
5542 # 1504
5542 - 1223 2 406836061
5542 + 1168 406836061
5542 + 1168 406836061
5542 + 1168 406836061
5542 + 1168 406836061
5543 # 1504
5543 - 1224 3 406836061
5543 - 1224 3 406836061
5543 # 1504
5543 - 1168 1 406836061
5543 + 1169 406836061
5543 + 1168 406836061
5543 + 1168 406836061
5543 + 1169 406836061
5543 + 1169 406836061
5544 # 1504
5544 - 1168 2 406836061
5544 # 1504
5544 - 1168 2 406836061
5545 # 1504
5545 - 1168 3 406836061
5545 - 1169 2 406836061
5545 # 1504
5545 - 1168 2 406836061
5545 + 1169 406836061
5545 + 1111 406836061
5545 + 1111 406836061
5545 + 1112 406836061
5546 # 1504
5546 - 1168 3 406836061
5546 # 1504
5546 - 1169 3 406836061
5546 - 1169 3 406836061
5546 # 1504
5546 - 1169 1 406836061
5546 + 1112 406836061
5547 # 1504
5547 - 1111 2 406836061
5547 # 1504
5547 - 1111 2 406836061
5547 - 1112 2 406836061
5548 # 1504
5548 - 1112 2 406836061
5548 # 1504
5548 + 102 2802403873
5549 # 1504
5549 - 102 1 2802403873
5550 # 1504
5550 # 1504
5551 # 1504
5552 # 1504
5552 # 1504
5553 # 1504
5553 # 1504
5554 # 1504
5555 # 1504
5555 # 1504
5555 + 737 406837681
5556 # 1504
5556 - 737 1 406837681
5556 + 738 406837681
5556 + 864 406837681
5556 + 865 406837681
5556 + 865 406837681
5556 + 1098 406837681
5556 + 1099 406837681
5556 + 1099 406837681
5557 # 1504
5557 - 738 1 406837681
5557 # 1504
5557 - 864 1 406837681
5557 - 865 1 406837681
5557 + 977 406837681
5557 + 977 406837681
5557 + 977 406837681
5558 # 1504
5558 - 865 2 406837681
5558 - 1098 2 406837681
5558 # 1504
5558 - 1099 2 406837681
5558 + 1224 406837681
5559 # 1504
5559 - 1099 3 406837681
5559 + 1224 406837681
5559 + 1225 406837681
5559 + 1225 406837681
5559 + 1106 406837681
5560 # 1504
5560 - 977 3 406837681
5560 - 977 3 406837681
5560 # 1504
5560 - 977 3 406837681
5560 + 1106 406837681
5560 + 1106 406837681
5560 + 1106 406837681
5560 + 1107 406837681
5561 # 1504
5561 - 1224 3 406837681
5561 - 1224 2 406837681
5561 + 102 2802403873
5561 + 1235 406837681
5561 + 1235 406837681
5561 + 1235 406837681
5561 + 1236 406837681
5562 # 1504
5562 - 1225 3 406837681
5562 # 1504
5562 - 1225 3 406837681
5562 + 956 406837681
5562 + 956 406837681
5562 + 956 406837681
5563 # 1504
5563 - 1106 4 406837681
5563 # 1504
5563 - 1106 3 406837681
5563 - 1106 3 406837681
5563 + 956 406837681
5564 # 1504
5564 - 1106 4 406837681
5565 # 1504
5565 - 1107 5 406837681
5565 - 102 4 2802403873
5565 # 1504
5565 - 1235 4 406837681
5565 - 1235 4 406837681
5566 # 1504
5566 - 1235 5 406837681
5566 # 1504
5566 - 1236 5 406837681
5567 # 1504
5567 - 956 5 406837681
5567 - 956 5 406837681
5568 # 1504
5568 - 956 6 406837681
5568 # 1504
5568 - 956 5 406837681
5569 # 1504
5569 + 102 2802403873
5570 # 1504
5570 - 102 1 2802403873
5570 # 1504
5571 # 1504
5571 # 1504
5572 # 1504
5572 + 843 406839301
5573 # 1504
5573 - 843 1 406839301
5573 # 1504
5573 + 844 406839301
5573 + 1038 406839301
5574 # 1504
5574 - 844 1 406839301
5574 + 1038 406839301
5574 + 1039 406839301
5574 + 1144 406839301
5575 # 1504
5575 - 1038 2 406839301
5575 - 1038 1 406839301
5575 # 1504
5575 - 1039 1 406839301
5575 + 1144 406839301
5575 + 1145 406839301
5575 + 867 406839301
5576 # 1504
5576 - 1144 2 406839301
5576 # 1504
5576 - 1144 1 406839301
5576 - 1145 1 406839301
5576 + 868 406839301
5576 + 868 406839301
5576 + 988 406839301
5576 + 988 406839301
5576 + 989 406839301
5577 # 1504
5577 - 867 2 406839301
5577 + 989 406839301
5577 + 1130 406839301
5577 + 1130 406839301
5577 + 1130 406839301
5577 + 1131 406839301
5578 # 1504
5578 - 868 2 406839301
5578 - 868 2 406839301
5578 # 1504
5578 - 988 2 406839301
5578 - 988 2 406839301
5578 + 1218 406839301
5578 + 1219 406839301
5578 + 1219 406839301
5578 + 1219 406839301
5579 # 1504
5579 - 989 3 406839301
5579 # 1504
5579 - 989 2 406839301
5580 # 1504
5580 - 1130 3 406839301
5580 - 1130 3 406839301
5580 + 1067 406839301
5580 + 1067 406839301
5580 + 1068 406839301
5581 # 1504
5581 - 1130 4 406839301
5581 # 1504
5581 - 1131 4 406839301
5582 # 1504
5582 - 1218 4 406839301
5582 - 1219 4 406839301
5582 + 102 2802403873
5583 # 1504
5583 - 1219 5 406839301
5583 # 1504
5583 - 1219 5 406839301
5584 # 1504
5584 - 1067 4 406839301
5584 - 1067 4 406839301
5584 # 1504
5584 - 1068 4 406839301
5584 - 102 2 2802403873
5585 # 1504
5586 # 1504
5586 # 1504
5587 # 1504
5588 # 1504
5588 # 1504
5589 # 1504
5589 # 1504
5590 # 1504
5590 + 938 406840921
5591 # 1504
5591 - 938 1 406840921
5591 # 1504
5592 # 1504
5592 + 938 406840921
5592 + 1167 406840921
5592 + 1168 406840921
5592 + 1168 406840921
5592 + 1124 406840921
5593 # 1504
5593 - 938 1 406840921
5593 # 1504
5593 - 1167 1 406840921
5593 + 1125 406840921
5593 + 1125 406840921
5593 + 897 406840921
5593 + 898 406840921
5594 # 1504
5594 - 1168 2 406840921
5594 - 1168 2 406840921
5594 # 1504
5594 - 1124 2 406840921
5594 + 898 406840921
5594 + 1052 406840921
5594 + 1052 406840921
5594 + 1053 406840921
5594 + 1053 406840921
5595 # 1504
5595 - 1125 2 406840921
5595 + 1202 406840921
5595 + 1202 406840921
5595 + 1202 406840921
5595 + 1202 406840921
5596 # 1504
5596 - 1125 3 406840921
5596 - 897 3 406840921
5596 # 1504
5596 - 898 3 406840921
5596 - 898 2 406840921
5597 # 1504
5597 - 1052 3 406840921
5597 # 1504
5597 - 1052 3 406840921
5597 + 102 2802403873
5597 + 1219 406840921
5597 + 1219 406840921
5597 + 1219 406840921
5597 + 1220 406840921
5597 + 1042 406840921
5598 # 1504
5598 - 1053 4 406840921
5598 - 1053 4 406840921
5598 + 1042 406840921
5598 + 1043 406840921
5599 # 1504
5599 - 1202 4 406840921
5599 # 1504
5599 - 1202 4 406840921
5600 # 1504
5600 - 1202 5 406840921
5600 - 1202 5 406840921
5601 # 1504
5601 - 102 4 2802403873
5601 - 1219 4 406840921
5601 # 1504
5601 - 1219 4 406840921
5602 # 1504
5602 - 1219 5 406840921
5602 # 1504
5602 - 1220 5 406840921
5602 - 1042 5 406840921
5602 + 102 2802403873
5603 # 1504
5603 - 1042 5 406840921
5604 # 1504
5604 - 1043 6 406840921
5604 - 102 2 2802403873
5604 # 1504
5605 # 1504
5606 # 1504
5606 # 1504
5607 # 1504
5607 # 1504
5608 # 1504
5608 + 903 406842541
5609 # 1504
5609 - 903 1 406842541
5609 # 1504
5609 + 904 406842541
5609 + 946 406842541
5609 + 946 406842541
5609 + 947 406842541
5610 # 1504
5610 - 904 1 406842541
5610 # 1504
5610 - 946 1 406842541
5610 - 946 1 406842541
5610 + 1195 406842541
5610 + 1196 406842541
5611 # 1504
5611 - 947 2 406842541
5611 + 1196 406842541
5611 + 1027 406842541
5611 + 1028 406842541
5611 + 1028 406842541
5611 + 1033 406842541
5611 + 1033 406842541
5612 # 1504
5612 - 1195 2 406842541
5612 # 1504
5612 - 1196 2 406842541
5612 - 1196 1 406842541
5613 # 1504
5613 - 1027 2 406842541
5613 + 1033 406842541
5613 + 1033 406842541
5613 + 1033 406842541
5613 + 1128 406842541
5614 # 1504
5614 - 1028 3 406842541
5614 - 1028 3 406842541
5614 # 1504
5614 - 1033 3 406842541
5614 + 1128 406842541
5614 + 1128 406842541
5614 + 1128 406842541
5614 + 1128 406842541
5614 + 118 2802403873
5615 # 1504
5615 - 1033 4 406842541
5615 - 1033 2 406842541
5615 # 1504
5615 - 1033 2 406842541
5615 + 1153 406842541
5615 + 1153 406842541
5615 + 1154 406842541
5615 + 1154 406842541
5615 + 1154 406842541
5616 # 1504
5616 - 1033 3 406842541
5616 + 1012 406842541
5616 + 1012 406842541
5617 # 1504
5617 - 1128 4 406842541
5617 - 1128 3 406842541
5617 # 1504
5617 - 1128 3 406842541
5617 + 1013 406842541
5617 + 1013 406842541
5618 # 1504
5618 - 1128 4 406842541
5619 # 1504
5619 - 1128 5 406842541
5619 - 118 5 2802403873
5619 - 1153 4 406842541
5619 # 1504
5619 - 1153 4 406842541
5620 # 1504
5620 - 1154 5 406842541
5620 # 1504
5620 - 1154 5 406842541
5621 # 1504
5621 - 1154 6 406842541
5621 - 1012 5 406842541
5622 # 1504
5622 - 1012 6 406842541
5622 # 1504
5622 - 1013 5 406842541
5622 - 1013 5 406842541
5623 # 1504
5624 # 1504
5624 # 1504
5625 # 1504
5625 # 1504
5626 # 1504
5626 + 1106 406844161
5627 # 1504
5627 - 1106 1 406844161
5627 # 1504
5627 + 1107 406844161
5627 + 1155 406844161
5627 + 1155 406844161
5627 + 1155 406844161
5628 # 1504
5628 - 1107 1 406844161
5628 # 1504
5628 - 1155 1 406844161
5628 + 102 2802403873
5628 + 1030 406844161
5628 + 1030 406844161
5628 + 1030 406844161
5628 + 1030 406844161
5629 # 1504
5629 - 1155 2 406844161
5630 # 1504
5630 - 1155 3 406844161
5630 - 102 2 2802403873
5630 - 1030 2 406844161
5630 # 1504
5630 - 1030 2 406844161
5630 + 1212 406844161
5630 + 1212 406844161
5630 + 1212 406844161
5630 + 1071 406844161
5631 # 1504
5631 - 1030 3 406844161
5631 - 1030 3 406844161
5631 + 1071 406844161
5631 + 1071 406844161
5631 + 1071 406844161
5631 + 1071 406844161
5632 # 1504
5632 - 1212 2 406844161
5632 # 1504
5632 - 1212 2 406844161
5632 + 1172 406844161
5632 + 1172 406844161
5632 + 1172 406844161
5632 + 1172 406844161
5633 # 1504
5633 - 1212 3 406844161
5633 - 1071 3 406844161
5633 # 1504
5633 - 1071 2 406844161
5633 + 102 2802403873
5633 + 1173 406844161
5633 + 1197 406844161
5633 + 1197 406844161
5634 # 1504
5634 - 1071 3 406844161
5634 + 1197 406844161
5634 + 1198 406844161
5634 + 1198 406844161
5635 # 1504
5635 - 1071 4 406844161
5635 - 1071 4 406844161
5635 # 1504
5635 - 1172 3 406844161
5635 + 997 406844161
5635 + 997 406844161
5635 + 997 406844161
5635 + 998 406844161
5636 # 1504
5636 - 1172 4 406844161
5637 # 1504
5637 - 1172 5 406844161
5637 - 1172 5 406844161
5637 # 1504
5637 - 102 4 2802403873
5637 - 1173 4 406844161
5638 # 1504
5638 - 1197 5 406844161
5638 # 1504
5638 - 1197 5 406844161
5639 # 1504
5639 - 1197 5 406844161
5639 - 1198 5 406844161
5640 # 1504
5640 - 1198 6 406844161
5640 # 1504
5640 - 997 5 406844161
5641 # 1504
5641 - 997 6 406844161
5641 - 997 6 406844161
5641 # 1504
5641 - 998 6 406844161
5642 # 1504
5642 + 102 2802403873
5643 # 1504
5643 - 102 1 2802403873
5643 # 1504
5643 + 855 406845781
5644 # 1504
5644 - 855 1 406845781
5644 + 855 406845781
5644 + 855 406845781
5644 + 1117 406845781
5644 + 1117 406845781
5645 # 1504
5645 - 855 1 406845781
5645 # 1504
5645 - 855 1 406845781
5645 - 1117 1 406845781
5645 + 1117 406845781
5646 # 1504
5646 - 1117 2 406845781
5646 # 1504
5646 - 1117 1 406845781
5646 + 1117 406845781
5646 + 1118 406845781
5646 + 1118 406845781
5647 # 1504
5647 - 1117 1 406845781
5647 + 1118 406845781
5647 + 1059 406845781
5647 + 1060 406845781
5647 + 1060 406845781
5647 + 1060 406845781
5648 # 1504
5648 - 1118 2 406845781
5648 # 1504
5648 - 1118 2 406845781
5648 - 1118 1 406845781
5648 + 1058 406845781
5648 + 1059 406845781
5648 + 1059 406845781
5648 + 1059 406845781
5648 + 1059 406845781
5649 # 1504
5649 - 1059 2 406845781
5649 + 1059 406845781
5650 # 1504
5650 - 1060 3 406845781
5650 # 1504
5650 - 1060 3 406845781
5650 - 1060 3 406845781
5650 + 1143 406845781
5650 + 1144 406845781
5650 + 1144 406845781
5650 + 1144 406845781
5651 # 1504
5651 - 1058 3 406845781
5651 # 1504
5651 - 1059 3 406845781
5651 - 1059 3 406845781
5651 + 1144 406845781
5651 + 1160 406845781
5651 + 1160 406845781
5651 + 1161 406845781
5652 # 1504
5652 - 1059 4 406845781
5652 + 1161 406845781
5652 + 1161 406845781
5652 + 1161 406845781
5652 + 1085 406845781
5653 # 1504
5653 - 1059 5 406845781
5653 # 1504
5653 - 1059 4 406845781
5653 - 1143 3 406845781
5653 + 1085 406845781
5653 + 1085 406845781
5653 + 1086 406845781
5654 # 1504
5654 - 1144 4 406845781
5655 # 1504
5655 - 1144 5 406845781
5655 # 1504
5655 - 1144 5 406845781
5655 - 1144 4 406845781
5656 # 1504
5656 - 1160 5 406845781
5656 # 1504
5656 - 1160 5 406845781
5656 + 102 2802403873
5657 # 1504
5657 - 1161 6 406845781
5657 - 1161 5 406845781
5658 # 1504
5658 - 1161 6 406845781
5658 # 1504
5658 - 1161 6 406845781
5659 # 1504
5659 - 1085 7 406845781
5659 - 1085 6 406845781
5659 # 1504
5659 - 1085 6 406845781
5660 # 1504
5660 - 1086 7 406845781
5660 - 102 4 2802403873
5661 # 1504
5661 # 1504
5661 + 1129 406847401
5662 # 1504
5662 - 1129 1 406847401
5663 # 1504
5663 # 1504
5663 + 102 2802403873
5663 + 1130 406847401
5663 + 1028 406847401
5663 + 1028 406847401
5663 + 1029 406847401
5664 # 1504
5664 - 102 1 2802403873
5664 - 1130 1 406847401
5664 # 1504
5664 - 1028 1 406847401
5664 + 1180 406847401
5664 + 1180 406847401
5664 + 1180 406847401
5664 + 1181 406847401
5665 # 1504
5665 - 1028 2 406847401
5665 - 1029 2 406847401
5665 + 1200 406847401
5665 + 1201 406847401
5665 + 1201 406847401
5665 + 1026 406847401
5666 # 1504
5666 - 1180 2 406847401
5666 # 1504
5666 - 1180 2 406847401
5666 + 1026 406847401
5666 + 1027 406847401
5666 + 1027 406847401
5667 # 1504
5667 - 1180 3 406847401
5667 + 1027 406847401
5667 + 1099 406847401
5668 # 1504
5668 - 1181 4 406847401
5668 - 1200 3 406847401
5668 # 1504
5668 - 1201 3 406847401
5668 + 1099 406847401
5668 + 1099 406847401
5668 + 1099 406847401
5668 + 1099 406847401
5669 # 1504
5669 - 1201 4 406847401
5669 # 1504
5669 - 1026 4 406847401
5669 - 1026 3 406847401
5669 + 1061 406847401
5669 + 1061 406847401
5669 + 1061 406847401
5669 + 1061 406847401
5669 + 1061 406847401
5670 # 1504
5670 - 1027 4 406847401
5670 + 1062 406847401
5670 + 1055 406847401
5670 + 1055 406847401
5670 + 1055 406847401
5671 # 1504
5671 - 1027 5 406847401
5671 - 1027 4 406847401
5671 # 1504
5671 - 1099 4 406847401
5671 + 1056 406847401
5672 # 1504
5672 - 1099 4 406847401
5672 # 1504
5672 - 1099 4 406847401
5672 - 1099 4 406847401
5673 # 1504
5673 - 1099 5 406847401
5674 # 1504
5674 - 1061 5 406847401
5674 - 1061 5 406847401
5674 # 1504
5674 - 1061 5 406847401
5675 # 1504
5675 - 1061 6 406847401
5675 - 1061 6 406847401
5676 # 1504
5676 - 1062 6 406847401
5676 # 1504
5676 - 1055 6 406847401
5677 # 1504
5677 - 1055 7 406847401
5677 - 1055 7 406847401
5677 # 1504
5677 - 1056 6 406847401
5677 + 102 2802403873
5678 # 1504
5678 - 102 1 2802403873
5679 # 1504
5679 # 1504
5680 # 1504
5680 + 979 406848931
5681 # 1504
5681 - 979 1 406848931
5681 # 1504
5681 + 979 406848931
5681 + 980 406848931
5681 + 964 406848931
5681 + 964 406848931
5682 # 1504
5682 - 979 1 406848931
5682 # 1504
5682 - 980 1 406848931
5682 - 964 1 406848931
5683 # 1504
5683 - 964 2 406848931
5683 + 102 2802403873
5683 + 965 406848931
5683 + 1118 406848931
5683 + 1118 406848931
5683 + 1118 406848931
5683 + 1118 406848931
5684 # 1504
5684 - 102 1 2802403873
5684 - 965 1 406848931
5684 # 1504
5684 - 1118 1 406848931
5684 + 1118 406848931
5684 + 1053 406848931
5684 + 1054 406848931
5684 + 1054 406848931
5684 + 1054 406848931
5685 # 1504
5685 - 1118 2 406848931
5685 - 1118 2 406848931
5685 + 1031 406848931
5685 + 1031 406848931
5685 + 1031 406848931
5685 + 1031 406848931
5686 # 1504
5686 - 1118 3 406848931
5686 # 1504
5686 - 1118 2 406848931
5687 # 1504
5687 - 1053 3 406848931
5687 - 1054 3 406848931
5687 # 1504
5687 - 1054 3 406848931
5687 + 1032 406848931
5687 + 1239 406848931
5687 + 1239 406848931
5687 + 1239 406848931
5687 + 1240 406848931
5688 # 1504
5688 - 1054 4 406848931
5688 - 1031 3 406848931
5688 + 1240 406848931
5688 + 1084 406848931
5688 + 1084 406848931
5689 # 1504
5689 - 1031 4 406848931
5689 # 1504
5689 - 1031 4 406848931
5689 - 1031 4 406848931
5689 + 102 2802403873
5689 + 1084 406848931
5689 + 1084 406848931
5689 + 1085 406848931
5689 + 1085 406848931
5689 + 1025 406848931
5690 # 1504
5690 - 1032 3 406848931
5690 # 1504
5690 - 1239 3 406848931
5690 + 1026 406848931
5690 + 1026 406848931
5690 + 1026 406848931
5691 # 1504
5691 - 1239 4 406848931
5692 # 1504
5692 - 1239 5 406848931
5692 - 1240 5 406848931
5692 # 1504
5692 - 1240 4 406848931
5693 # 1504
5693 - 1084 5 406848931
5694 # 1504
5694 - 1084 6 406848931
5694 - 102 5 2802403873
5694 # 1504
5694 - 1084 5 406848931
5694 - 1084 5 406848931
5695 # 1504
5695 - 1085 6 406848931
5695 # 1504
5695 - 1085 6 406848931
5695 - 1025 6 406848931
5696 # 1504
5696 - 1026 6 406848931
5697 # 1504
5697 - 1026 7 406848931
5697 - 1026 7 406848931
5697 # 1504
5697 + 1104 406850551
5698 # 1504
5698 - 1104 1 406850551
5699 # 1504
5699 # 1504
5699 + 1104 406850551
5699 + 1138 406850551
5699 + 1138 406850551
5699 + 1102 406850551
5699 + 1102 406850551
5699 + 1102 406850551
5700 # 1504
5700 - 1104 1 406850551
5700 # 1504
5700 - 1138 1 406850551
5700 + 1102 406850551
5700 + 1102 406850551
5700 + 1043 406850551
5700 + 1043 406850551
5701 # 1504
5701 - 1138 2 406850551
5701 - 1102 2 406850551
5701 + 1043 406850551
5701 + 1043 406850551
5701 + 1180 406850551
5702 # 1504
5702 - 1102 3 406850551
5702 # 1504
5702 - 1102 3 406850551
5702 + 1180 406850551
5703 # 1504
5703 - 1102 3 406850551
5703 - 1102 3 406850551
5703 # 1504
5703 - 1043 3 406850551
5703 + 102 2802403873
5703 + 1181 406850551
5703 + 1181 406850551
5703 + 1176 406850551
5703 + 1177 406850551
5704 # 1504
5704 - 1043 4 406850551
5704 - 1043 3 406850551
5704 + 1177 406850551
5704 + 1177 406850551
5704 + 1177 406850551
5704 + 1114 406850551
5705 # 1504
5705 - 1043 4 406850551
5705 # 1504
5705 - 1180 4 406850551
5705 + 1114 406850551
5705 + 1114 406850551
5705 + 1114 406850551
5705 + 1114 406850551
5706 # 1504
5706 - 1180 4 406850551
5706 - 102 3 2802403873
5707 # 1504
5707 - 1181 4 406850551
5707 - 1181 4 406850551
5707 # 1504
5707 - 1176 4 406850551
5707 + 1104 406850551
5707 + 1104 406850551
5707 + 1105 406850551
5707 + 1105 406850551
5708 # 1504
5708 - 1177 5 406850551
5708 # 1504
5708 - 1177 4 406850551
5709 # 1504
5709 - 1177 5 406850551
5709 - 1177 5 406850551
5710 # 1504
5710 - 1114 6 406850551
5710 # 1504
5710 - 1114 5 406850551
5711 # 1504
5711 - 1114 6 406850551
5711 - 1114 6 406850551
5712 # 1504
5712 - 1114 7 406850551
5712 # 1504
5712 - 1104 5 406850551
5712 - 1104 5 406850551
5713 # 1504
5713 - 1105 6 406850551
5713 # 1504
5713 - 1105 6 406850551
5714 # 1504
5715 # 1504
5715 # 1504
5715 + 1115 406852171
5715 + 102 2802403873
5716 # 1504
5716 - 1115 1 406852171
5716 - 102 1 2802403873
5716 + 1115 406852171
5716 + 1116 406852171
5716 + 917 406852171
5716 + 917 406852171
5716 + 917 406852171
5717 # 1504
5717 - 1115 1 406852171
5717 # 1504
5717 - 1116 1 406852171
5717 + 1174 406852171
5717 + 1174 406852171
5718 # 1504
5718 - 917 2 406852171
5718 - 917 2 406852171
5718 # 1504
5718 - 917 2 406852171
5718 + 1174 406852171
5718 + 1174 406852171
5719 # 1504
5719 - 1174 2 406852171
5719 - 1174 2 406852171
5719 + 930 406852171
5719 + 930 406852171
5719 + 931 406852171
5719 + 1222 406852171
5719 + 1223 406852171
5720 # 1504
5720 - 1174 2 406852171
5720 # 1504
5720 - 1174 2 406852171
5720 + 1223 406852171
5720 + 1223 406852171
5720 + 1183 406852171
5721 # 1504
5721 - 930 2 406852171
5721 - 930 2 406852171
5721 # 1504
5721 - 931 2 406852171
5721 + 1183 406852171
5721 + 1183 406852171
5721 + 1183 406852171
5721 + 1184 406852171
5722 # 1504
5722 - 1222 3 406852171
5722 - 1223 3 406852171
5722 + 1127 406852171
5722 + 1127 406852171
5722 + 1127 406852171
5723 # 1504
5723 - 1223 3 406852171
5723 # 1504
5723 - 1223 3 406852171
5723 + 1127 406852171
5724 # 1504
5724 - 1183 4 406852171
5724 + 1127 406852171
5724 + 1052 406852171
5724 + 1052 406852171
5724 + 1053 406852171
5724 + 1053 406852171
5725 # 1504
5725 - 1183 4 406852171
5725 - 1183 4 406852171
5725 # 1504
5725 - 1183 4 406852171
5726 # 1504
5726 - 1184 5 406852171
5726 # 1504
5726 - 1127 4 406852171
5726 - 1127 4 406852171
5727 # 1504
5727 - 1127 5 406852171
5728 # 1504
5728 - 1127 5 406852171
5728 # 1504
5728 - 1127 4 406852171
5728 - 1052 4 406852171
5729 # 1504
5729 - 1052 5 406852171
5730 # 1504
5730 - 1053 6 406852171
5730 # 1504
5730 - 1053 6 406852171
5730 + 102 2802403873
5731 # 1504
5731 - 102 1 2802403873
5731 # 1504
5732 # 1504
5733 # 1504
5733 # 1504
5733 + 904 406853791
5734 # 1504
5734 - 904 1 406853791
5734 # 1504
5734 + 904 406853791
5734 + 905 406853791
5734 + 926 406853791
5734 + 926 406853791
5734 + 927 406853791
5735 # 1504
5735 - 904 1 406853791
5735 + 976 406853791
5735 + 976 406853791
5735 + 976 406853791
5735 + 976 406853791
5735 + 1063 406853791
5736 # 1504
5736 - 905 2 406853791
5736 - 926 2 406853791
5736 # 1504
5736 - 926 2 406853791
5736 + 1064 406853791
5736 + 1064 406853791
5736 + 1084 406853791
5736 + 1084 406853791
5737 # 1504
5737 - 927 3 406853791
5737 - 976 2 406853791
5738 # 1504
5738 - 976 3 406853791
5738 - 976 3 406853791
5738 # 1504
5738 - 976 3 406853791
5738 + 1085 406853791
5738 + 1085 406853791
5738 + 1085 406853791
5738 + 1202 406853791
5739 # 1504
5739 - 1063 4 406853791
5739 # 1504
5739 - 1064 3 406853791
5739 - 1064 3 406853791
5739 + 1202 406853791
5739 + 1202 406853791
5739 + 1203 406853791
5739 + 1203 406853791
5739 + 1173 406853791
5740 # 1504
5740 - 1084 4 406853791
5740 + 1173 406853791
5740 + 1174 406853791
5741 # 1504
5741 - 1084 5 406853791
5741 - 1085 3 406853791
5741 # 1504
5741 - 1085 3 406853791
5741 + 1174 406853791
5741 + 1174 406853791
5742 # 1504
5742 - 1085 4 406853791
5742 + 1015 406853791
5742 + 1015 406853791
5742 + 1015 406853791
5742 + 1016 406853791
5743 # 1504
5743 - 1202 5 406853791
5743 - 1202 4 406853791
5743 # 1504
5743 - 1202 4 406853791
5743 + 102 2802403873
5744 # 1504
5744 - 1203 5 406853791
5744 # 1504
5744 - 1203 5 406853791
5745 # 1504
5745 - 1173 6 406853791
5745 - 1173 5 406853791
5746 # 1504
5746 - 1174 6 406853791
5746 # 1504
5746 - 1174 5 406853791
5746 # 1504
5746 - 1174 5 406853791
5746 - 1015 4 406853791
5746 # 1504
5746 - 1015 4 406853791
5747 # 1504
5747 - 1015 5 406853791
5747 - 1016 5 406853791
5747 # 1504
5747 - 102 4 2802403873
5748 # 1504
5748 # 1504
5749 # 1504
5749 # 1504
5749 # 1504
5750 # 1504
5750 # 1504
5750 + 905 406855411
5751 # 1504
5751 - 905 1 406855411
5751 # 1504
5752 # 1504
5752 # 1504
5752 + 906 406855411
5752 + 906 406855411
5752 + 894 406855411
5752 + 894 406855411
5752 + 895 406855411
5752 + 1079 406855411
5753 # 1504
5753 - 906 1 406855411
5753 # 1504
5753 - 906 1 406855411
5753 - 894 1 406855411
5753 + 1079 406855411
5753 + 1079 406855411
5753 + 1079 406855411
5753 + 1094 406855411
5754 # 1504
5754 - 894 2 406855411
5754 - 895 2 406855411
5754 # 1504
5754 - 1079 2 406855411
5754 # 1504
5754 - 1079 1 406855411
5754 + 102 2802403873
5754 + 1094 406855411
5754 + 1094 406855411
5754 + 1009 406855411
5755 # 1504
5755 - 1079 2 406855411
5755 - 1079 2 406855411
5755 # 1504
5755 - 1094 2 406855411
5755 - 102 1 2802403873
5755 + 1009 406855411
5756 # 1504
5756 - 1094 2 406855411
5756 # 1504
5756 - 1094 2 406855411
5756 - 1009 2 406855411
5756 + 1010 406855411
5756 + 1010 406855411
5756 + 1010 406855411
5756 + 1073 406855411
5756 + 1073 406855411
5756 + 1073 406855411
5757 # 1504
5757 - 1009 2 406855411
5757 # 1504
5757 - 1010 1 406855411
5757 - 1010 1 406855411
5757 + 1074 406855411
5757 + 1074 406855411
5757 + 1033 406855411
5757 + 1033 406855411
5758 # 1504
5758 - 1010 2 406855411
5758 # 1504
5758 - 1073 2 406855411
5758 - 1073 2 406855411
5758 + 1033 406855411
5758 + 1033 406855411
5759 # 1504
5759 - 1073 3 406855411
5759 # 1504
5759 - 1074 2 406855411
5759 + 1033 406855411
5759 + 1101 406855411
5759 + 1101 406855411
5759 + 1101 406855411
5760 # 1504
5760 - 1074 3 406855411
5760 - 1033 3 406855411
5760 # 1504
5760 - 1033 3 406855411
5760 # 1504
5760 - 1033 2 406855411
5760 - 1033 2 406855411
5761 # 1504
5761 - 1033 2 406855411
5761 # 1504
5761 - 1101 2 406855411
5761 - 1101 2 406855411
5762 # 1504
5762 - 1101 3 406855411
5762 # 1504
5763 # 1504
5763 # 1504
5764 # 1504
5764 # 1504
5765 # 1504
5765 # 1504
5765 # 1504
5766 # 1504
5766 # 1504
5767 # 1504
5767 # 1504
5768 # 1504
5768 # 1504
5769 # 1504
5769 # 1504
5769 + 1198 406857031
5769 + 1198 406857031
5770 # 1504
5770 - 1198 1 406857031
5770 # 1504
5770 - 1198 1 406857031
5770 # 1504
5770 + 102 2802403873
5770 + 1198 406857031
5770 + 1166 406857031
5770 + 1166 406857031
5771 # 1504
5771 - 102 1 2802403873
5771 - 1198 1 406857031
5771 # 1504
5771 - 1166 1 406857031
5771 + 1142 406857031
5771 + 1143 406857031
5771 + 1143 406857031
5771 + 1143 406857031
5772 # 1504
5772 - 1166 2 406857031
5772 # 1504
5772 - 1142 1 406857031
5772 - 1143 1 406857031
5772 + 989 406857031
5772 + 990 406857031
5772 + 990 406857031
5773 # 1504
5773 - 1143 2 406857031
5773 # 1504
5773 - 1143 2 406857031
5773 + 990 406857031
5773 + 1021 406857031
5774 # 1504
5774 - 989 2 406857031
5774 - 990 2 406857031
5774 # 1504
5774 - 990 2 406857031
5774 + 1022 406857031
5774 + 1022 406857031
5774 + 1022 406857031
5774 + 1022 406857031
5774 + 1083 406857031
5775 # 1504
5775 - 990 2 406857031
5775 - 1021 2 406857031
5775 # 1504
5775 - 1022 1 406857031
5775 # 1504
5775 - 1022 1 406857031
5775 - 1022 1 406857031
5775 + 1083 406857031
5775 + 1083 406857031
5775 + 1083 406857031
5775 + 1084 406857031
5775 + 1113 406857031
5776 # 1504
5776 - 1022 2 406857031
5776 # 1504
5776 - 1083 2 406857031
5776 - 1083 1 406857031
5777 # 1504
5777 - 1083 2 406857031
5777 # 1504
5777 - 1083 2 406857031
5777 + 1113 406857031
5777 + 1113 406857031
5777 + 1113 406857031
5777 + 1114 406857031
5778 # 1504
5778 - 1084 3 406857031
5778 - 1113 3 406857031
5778 # 1504
5778 - 1113 1 406857031
5778 + 1103 406857031
5778 + 1103 406857031
5778 + 1104 406857031
5779 # 1504
5779 - 1113 2 406857031
5779 # 1504
5779 - 1113 2 406857031
5779 - 1114 2 406857031
5780 # 1504
5780 - 1103 2 406857031
5780 # 1504
5780 - 1103 2 406857031
5780 - 1104 2 406857031
5780 + 102 2802403873
5781 # 1504
5781 - 102 1 2802403873
5781 # 1504
5781 # 1504
5782 # 1504
5782 # 1504
5783 # 1504
5783 # 1504
5784 # 1504
5784 # 1504
5785 # 1504
5785 # 1504
5786 # 1504
5786 # 1504
5786 # 1504
5787 # 1504
5787 # 1504
5787 + 1228 406858651
5788 # 1504
5788 - 1228 1 406858651
5788 # 1504
5788 + 1229 406858651
5788 + 1229 406858651
5788 + 1122 406858651
5789 # 1504
5789 - 1229 1 406858651
5789 # 1504
5789 - 1229 1 406858651
5789 + 102 2802403873
5789 + 1122 406858651
5789 + 1123 406858651
5789 + 1117 406858651
5789 + 1117 406858651
5790 # 1504
5790 - 1122 2 406858651
5790 - 102 1 2802403873
5790 # 1504
5790 - 1122 1 406858651
5790 - 1123 1 406858651
5790 + 1117 406858651
5791 # 1504
5791 - 1117 2 406858651
5791 # 1504
5791 - 1117 2 406858651
5791 # 1504
5791 - 1117 1 406858651
5791 + 1117 406858651
5791 + 1117 406858651
5791 + 1118 406858651
5791 + 1182 406858651
5792 # 1504
5792 - 1117 1 406858651
5792 # 1504
5792 - 1117 1 406858651
5792 + 1182 406858651
5792 + 1182 406858651
5792 + 1183 406858651
5792 + 1088 406858651
5793 # 1504
5793 - 1118 2 406858651
5793 # 1504
5793 - 1182 2 406858651
5793 - 1182 1 406858651
5793 + 1088 406858651
5793 + 1089 406858651
5793 + 1089 406858651
5793 + 1089 406858651
5794 # 1504
5794 - 1182 2 406858651
5794 # 1504
5794 - 1183 2 406858651
5794 + 1089 406858651
5794 + 1073 406858651
5794 + 1074 406858651
5794 + 1074 406858651
5795 # 1504
5795 - 1088 3 406858651
5795 - 1088 2 406858651
5795 # 1504
5795 - 1089 2 406858651
5796 # 1504
5796 - 1089 3 406858651
5796 - 1089 3 406858651
5796 # 1504
5796 - 1089 2 406858651
5796 + 102 2802403873
5796 + 1074 406858651
5796 + 1074 406858651
5796 + 1074 406858651
5796 + 1175 406858651
5796 + 1175 406858651
5797 # 1504
5797 - 1073 3 406858651
5797 # 1504
5797 - 1074 3 406858651
5797 - 1074 3 406858651
5797 - 102 1 2802403873
5797 # 1504
5797 - 1074 1 406858651
5797 + 1175 406858651
5797 + 1175 406858651
5797 + 1176 406858651
5797 + 1176 406858651
5798 # 1504
5798 - 1074 2 406858651
5798 # 1504
5798 - 1074 2 406858651
5798 - 1175 2 406858651
5798 + 1187 406858651
5798 + 1187 406858651
5798 + 1187 406858651
5798 + 1188 406858651
5799 # 1504
5799 - 1175 3 406858651
5799 # 1504
5799 - 1175 2 406858651
5800 # 1504
5800 - 1175 3 406858651
5800 - 1176 3 406858651
5800 # 1504
5800 - 1176 3 406858651
5801 # 1504
5801 - 1187 3 406858651
5801 # 1504
5801 - 1187 3 406858651
5802 # 1504
5802 - 1187 4 406858651
5802 - 1188 4 406858651
5802 # 1504
5802 # 1504
5803 # 1504
5803 # 1504
5804 # 1504
5804 # 1504
5804 + 965 406860271
5805 # 1504
5805 - 965 1 406860271
5805 # 1504
5806 # 1504
5806 # 1504
5806 + 965 406860271
5806 + 965 406860271
5806 + 1237 406860271
5806 + 1238 406860271
5807 # 1504
5807 - 965 1 406860271
5807 # 1504
5807 - 965 1 406860271
5807 # 1504
5807 - 1237 1 406860271
5807 - 1238 1 406860271
5807 + 964 406860271
5807 + 964 406860271
5807 + 965 406860271
5807 + 965 406860271
5807 + 1025 406860271
5808 # 1504
5808 - 964 1 406860271
5808 # 1504
5808 - 964 1 406860271
5808 - 965 1 406860271
5808 + 1025 406860271
5808 + 1026 406860271
5808 + 1027 406860271
5808 + 1027 406860271
5808 + 1028 406860271
5808 + 102 2802403873
5808 + 1028 406860271
5809 # 1504
5809 - 965 2 406860271
5809 # 1504
5809 - 1025 2 406860271
5809 - 1025 1 406860271
5810 # 1504
5810 - 1026 2 406860271
5810 # 1504
5810 - 1027 2 406860271
5810 - 1027 2 406860271
5810 + 1203 406860271
5810 + 1204 406860271
5810 + 1204 406860271
5810 + 1204 406860271
5811 # 1504
5811 - 1028 3 406860271
5811 - 102 3 2802403873
5811 # 1504
5811 - 1028 3 406860271
5811 + 1165 406860271
5811 + 1165 406860271
5811 + 1166 406860271
5811 + 1166 406860271
5812 # 1504
5812 - 1203 2 406860271
5812 # 1504
5812 - 1204 2 406860271
5812 - 1204 2 406860271
5812 + 1166 406860271
5812 + 1144 406860271
5812 + 1144 406860271
5812 + 1144 406860271
5813 # 1504
5813 - 1204 3 406860271
5813 # 1504
5813 - 1165 2 406860271
5813 # 1504
5813 - 1165 2 406860271
5813 - 1166 2 406860271
5814 # 1504
5814 - 1166 3 406860271
5814 # 1504
5814 - 1166 2 406860271
5815 # 1504
5815 - 1144 3 406860271
5815 # 1504
5815 - 1144 3 406860271
5815 - 1144 3 406860271
5816 # 1504
5816 # 1504
5817 # 1504
5817 # 1504
5818 # 1504
5818 # 1504
5818 # 1504
5819 # 1504
5819 # 1504
5820 # 1504
5820 # 1504
5820 + 102 2802403873
5821 # 1504
5821 - 102 1 2802403873
5821 # 1504
5822 # 1504
5822 # 1504
5822 + 1130 406861891
5823 # 1504
5823 - 1130 1 406861891
5823 # 1504
5823 # 1504
5823 + 1130 406861891
5824 # 1504
5824 - 1130 1 406861891
5824 # 1504
5824 + 1130 406861891
5824 + 864 406861891
5824 + 865 406861891
5824 + 865 406861891
5824 + 1229 406861891
5825 # 1504
5825 - 1130 1 406861891
5825 # 1504
5825 - 864 1 406861891
5825 - 865 1 406861891
5825 + 1229 406861891
5825 + 1229 406861891
5825 + 981 406861891
5826 # 1504
5826 - 865 2 406861891
5826 # 1504
5826 - 1229 2 406861891
5826 + 102 2802403873
5826 + 982 406861891
5826 + 982 406861891
5826 + 1004 406861891
5827 # 1504
5827 - 1229 2 406861891
5827 - 1229 2 406861891
5827 # 1504
5827 - 981 2 406861891
5827 - 102 1 2802403873
5827 + 1004 406861891
5827 + 1004 406861891
5827 + 1005 406861891
5827 + 1198 406861891
5828 # 1504
5828 - 982 2 406861891
5828 - 982 2 406861891
5828 # 1504
5828 - 1004 2 406861891
5828 + 1198 406861891
5828 + 1199 406861891
5828 + 1199 406861891
5828 + 1060 406861891
5829 # 1504
5829 - 1004 2 406861891
5829 - 1004 2 406861891
5829 # 1504
5829 - 1005 2 406861891
5829 # 1504
5829 - 1198 2 406861891
5829 + 1060 406861891
5829 + 1061 406861891
5829 + 1061 406861891
5829 + 1061 406861891
5830 # 1504
5830 - 1198 2 406861891
5830 # 1504
5830 - 1199 2 406861891
5830 - 1199 2 406861891
5830 + 936 406861891
5830 + 936 406861891
5830 + 936 406861891
5831 # 1504
5831 - 1060 3 406861891
5831 # 1504
5831 - 1060 2 406861891
5831 - 1061 2 406861891
5832 # 1504
5832 - 1061 3 406861891
5832 # 1504
5832 - 1061 3 406861891
5832 - 936 2 406861891
5833 # 1504
5833 - 936 3 406861891
5833 # 1504
5833 - 936 3 406861891
5834 # 1504
5834 # 1504
5834 # 1504
5835 # 1504
5835 # 1504
5836 # 1504
5836 # 1504
5837 # 1504
5837 # 1504
5838 # 1504
5838 # 1504
5839 # 1504
5839 # 1504
5839 # 1504
5840 # 1504
5840 # 1504
5840 + 1138 406863421
5841 # 1504
5841 - 1138 1 406863421
5841 # 1504
5841 + 102 2802403873
5841 + 1138 406863421
5841 + 1139 406863421
5842 # 1504
5842 - 102 1 2802403873
5842 - 1138 1 406863421
5842 # 1504
5842 - 1139 1 406863421
5842 + 1139 406863421
5842 + 1063 406863421
5842 + 1063 406863421
5842 + 1063 406863421
5843 # 1504
5843 - 1139 1 406863421
5843 # 1504
5843 - 1063 1 406863421
5843 + 1067 406863421
5843 + 1068 406863421
5843 + 1068 406863421
5843 + 1068 406863421
5844 # 1504
5844 - 1063 2 406863421
5844 - 1063 2 406863421
5844 # 1504
5844 - 1067 1 406863421
5844 + 1036 406863421
5844 + 1036 406863421
5844 + 1037 406863421
5844 + 1037 406863421
5844 + 1091 406863421
5845 # 1504
5845 - 1068 2 406863421
5845 # 1504
5845 - 1068 2 406863421
5845 - 1068 2 406863421
5845 # 1504
5845 - 1036 1 406863421
5846 # 1504
5846 - 1036 2 406863421
5846 - 1037 2 406863421
5846 # 1504
5846 - 1037 2 406863421
5846 + 1091 406863421
5846 + 1092 406863421
5846 + 1092 406863421
5846 + 1092 406863421
5847 # 1504
5847 - 1091 3 406863421
5847 - 1091 1 406863421
5847 # 1504
5847 - 1092 1 406863421
5847 + 1172 406863421
5847 + 1173 406863421
5847 + 1173 406863421
5847 + 1173 406863421
5847 + 1173 406863421
5848 # 1504
5848 - 1092 2 406863421
5848 # 1504
5848 - 1092 2 406863421
5848 - 1172 1 406863421
5848 + 1182 406863421
5848 + 1182 406863421
5848 + 1182 406863421
5849 # 1504
5849 - 1173 2 406863421
5849 # 1504
5849 - 1173 2 406863421
5849 + 1182 406863421
5849 + 1183 406863421
5849 + 1177 406863421
5849 + 1178 406863421
5849 + 1178 406863421
5850 # 1504
5850 - 1173 3 406863421
5850 # 1504
5850 - 1173 3 406863421
5850 - 1182 2 406863421
5850 # 1504
5850 - 1182 2 406863421
5851 # 1504
5851 - 1182 3 406863421
5851 # 1504
5851 - 1182 2 406863421
5851 - 1183 2 406863421
5852 # 1504
5852 - 1177 3 406863421
5852 # 1504
5852 - 1178 3 406863421
5853 # 1504
5853 - 1178 4 406863421
5853 # 1504
5853 + 102 2802403873
5854 # 1504
5854 - 102 1 2802403873
5854 # 1504
5855 # 1504
5855 # 1504
5855 # 1504
5856 # 1504
5856 # 1504
5857 # 1504
5857 # 1504
5858 # 1504
5858 # 1504
5859 # 1504
5859 # 1504
5859 + 948 406865041
5860 # 1504
5860 - 948 1 406865041
5860 # 1504
5860 + 949 406865041
5860 + 949 406865041
5860 + 1156 406865041
5860 + 1157 406865041
5861 # 1504
5861 - 949 1 406865041
5861 # 1504
5861 - 949 1 406865041
5861 # 1504
5861 - 1156 1 406865041
5861 - 1157 1 406865041
5861 + 1239 406865041
5861 + 1239 406865041
5861 + 1239 406865041
5861 + 1000 406865041
5862 # 1504
5862 - 1239 1 406865041
5862 # 1504
5862 - 1239 1 406865041
5863 # 1504
5863 - 1239 2 406865041
5863 # 1504
5863 - 1000 2 406865041
5863 + 1001 406865041
5863 + 1001 406865041
5863 + 1001 406865041
5863 + 1212 406865041
5864 # 1504
5864 - 1001 1 406865041
5864 # 1504
5864 - 1001 1 406865041
5864 - 1001 1 406865041
5864 + 102 2802403873
5864 + 1212 406865041
5864 + 1212 406865041
5864 + 1212 406865041
5864 + 1102 406865041
5864 + 1102 406865041
5865 # 1504
5865 - 1212 2 406865041
5865 - 102 1 2802403873
5865 # 1504
5865 - 1212 1 406865041
5865 + 1102 406865041
5865 + 1102 406865041
5865 + 1103 406865041
5865 + 1206 406865041
5866 # 1504
5866 - 1212 2 406865041
5866 # 1504
5866 - 1212 2 406865041
5866 # 1504
5866 - 1102 2 406865041
5866 - 1102 2 406865041
5866 + 1206 406865041
5866 + 1206 406865041
5866 + 1207 406865041
5866 + 1207 406865041
5867 # 1504
5867 - 1102 2 406865041
5867 # 1504
5867 - 1102 2 406865041
5867 - 1103 2 406865041
5868 # 1504
5868 - 1206 3 406865041
5868 # 1504
5868 - 1206 2 406865041
5868 + 1069 406865041
5868 + 1069 406865041
5868 + 1070 406865041
5869 # 1504
5869 - 1206 3 406865041
5869 # 1504
5869 - 1207 3 406865041
5869 - 1207 3 406865041
5870 # 1504
5870 - 1069 2 406865041
5870 # 1504
5870 - 1069 2 406865041
5871 # 1504
5871 - 1070 3 406865041
5871 # 1504
5871 # 1504
5872 # 1504
5872 # 1504
5873 # 1504
5873 # 1504
5873 + 102 2802403873
5874 # 1504
5874 - 102 1 2802403873
5874 # 1504
5875 # 1504
5875 # 1504
5876 # 1504
5876 # 1504
5876 + 1174 406866661
5877 # 1504
5877 - 1174 1 406866661
5877 # 1504
5877 # 1504
5877 + 1174 406866661
5877 + 1174 406866661
5877 + 1175 406866661
5878 # 1504
5878 - 1174 1 406866661
5878 # 1504
5878 - 1174 1 406866661
5878 + 998 406866661
5878 + 998 406866661
5878 + 998 406866661
5878 + 1200 406866661
5878 + 1200 406866661
5879 # 1504
5879 - 1175 2 406866661
5879 # 1504
5879 - 998 1 406866661
5879 - 998 1 406866661
5879 + 1201 406866661
5879 + 1201 406866661
5879 + 1153 406866661
5879 + 1153 406866661
5880 # 1504
5880 - 998 2 406866661
5880 # 1504
5880 - 1200 2 406866661
5880 - 1200 2 406866661
5881 # 1504
5881 - 1201 2 406866661
5881 # 1504
5881 - 1201 2 406866661
5881 + 1154 406866661
5881 + 1154 406866661
5881 + 1132 406866661
5881 + 1132 406866661
5881 + 1132 406866661
5881 + 1133 406866661
5882 # 1504
5882 - 1153 3 406866661
5882 # 1504
5882 - 1153 3 406866661
5882 - 1154 1 406866661
5882 # 1504
5882 - 1154 1 406866661
5882 + 1075 406866661
5882 + 1075 406866661
5882 + 1076 406866661
5882 + 1076 406866661
5882 + 102 2802403873
5883 # 1504
5883 - 1132 2 406866661
5883 # 1504
5883 - 1132 2 406866661
5883 - 1132 2 406866661
5884 # 1504
5884 - 1133 3 406866661
5884 # 1504
5884 - 1075 2 406866661
5884 + 1076 406866661
5884 + 1177 406866661
5884 + 1177 406866661
5884 + 1178 406866661
5885 # 1504
5885 - 1075 3 406866661
5885 - 1076 3 406866661
5885 # 1504
5885 - 1076 3 406866661
5885 - 102 3 2802403873
5885 + 1178 406866661
5885 + 1178 406866661
5885 + 973 406866661
5885 + 973 406866661
5886 # 1504
5886 - 1076 2 406866661
5886 # 1504
5886 - 1177 2 406866661
5886 - 1177 2 406866661
5886 + 973 406866661
5886 + 974 406866661
5887 # 1504
5887 - 1178 3 406866661
5887 # 1504
5887 - 1178 2 406866661
5887 # 1504
5887 - 1178 2 406866661
5887 - 973 2 406866661
5888 # 1504
5888 - 973 3 406866661
5888 # 1504
5888 - 973 2 406866661
5888 - 974 2 406866661
5889 # 1504
5889 # 1504
5890 # 1504
5890 # 1504
5891 # 1504
5891 # 1504
5892 # 1504
5892 # 1504
5892 # 1504
5892 + 102 2802403873
5893 # 1504
5893 - 102 1 2802403873
5893 # 1504
5893 + 906 406868281
5894 # 1504
5894 - 906 1 406868281
5894 # 1504
5895 # 1504
5895 # 1504
5895 + 906 406868281
5895 + 907 406868281
5895 + 1118 406868281
5895 + 1118 406868281
5896 # 1504
5896 - 906 1 406868281
5896 # 1504
5896 - 907 1 406868281
5896 - 1118 1 406868281
5896 + 983 406868281
5896 + 983 406868281
5896 + 983 406868281
5896 + 984 406868281
5896 + 1129 406868281
5897 # 1504
5897 - 1118 2 406868281
5897 # 1504
5897 - 983 1 406868281
5897 - 983 1 406868281
5897 + 1129 406868281
5897 + 1129 406868281
5897 + 1130 406868281
5897 + 1168 406868281
5898 # 1504
5898 - 983 2 406868281
5898 # 1504
5898 - 984 2 406868281
5898 # 1504
5898 - 1129 2 406868281
5898 - 1129 1 406868281
5898 + 1169 406868281
5898 + 1169 406868281
5898 + 1169 406868281
5898 + 1113 406868281
5899 # 1504
5899 - 1129 2 406868281
5899 # 1504
5899 - 1130 2 406868281
5899 + 1113 406868281
5900 # 1504
5900 - 1168 3 406868281
5900 - 1169 2 406868281
5900 # 1504
5900 - 1169 2 406868281
5900 + 1113 406868281
5900 + 1113 406868281
5900 + 1113 406868281
5900 + 1166 406868281
5901 # 1504
5901 - 1169 3 406868281
5901 # 1504
5901 - 1113 3 406868281
5901 - 1113 2 406868281
5901 + 102 2802403873
5901 + 1166 406868281
5901 + 1166 406868281
5901 + 1166 406868281
5901 + 1166 406868281
5902 # 1504
5902 - 1113 2 406868281
5902 # 1504
5902 - 1113 2 406868281
5902 + 1113 406868281
5902 + 1113 406868281
5902 + 1114 406868281
5903 # 1504
5903 - 1113 3 406868281
5903 - 1166 3 406868281
5903 - 102 2 2802403873
5903 # 1504
5903 - 1166 2 406868281
5903 # 1504
5903 - 1166 2 406868281
5904 # 1504
5904 - 1166 3 406868281
5904 # 1504
5904 - 1166 3 406868281
5904 - 1113 2 406868281
5905 # 1504
5905 - 1113 3 406868281
5905 # 1504
5905 - 1114 3 406868281
5906 # 1504
5906 # 1504
5907 # 1504
5907 # 1504
5908 # 1504
5908 # 1504
5908 # 1504
5909 # 1504
5909 # 1504
5910 # 1504
5910 # 1504
5911 # 1504
5911 # 1504
5912 # 1504
5912 # 1504
5912 + 102 2802403873
5913 # 1504
5913 - 102 1 2802403873
5913 # 1504
5913 + 1104 406869901
5914 # 1504
5914 - 1104 1 406869901
5914 # 1504
5914 # 1504
5914 + 1105 406869901
5914 + 1105 406869901
5914 + 1105 406869901
5914 + 1105 406869901
5915 # 1504
5915 - 1105 1 406869901
5915 # 1504
5915 - 1105 1 406869901
5915 + 1218 406869901
5915 + 1218 406869901
5915 + 1218 406869901
5915 + 1138 406869901
5916 # 1504
5916 - 1105 2 406869901
5916 - 1105 2 406869901
5916 # 1504
5916 - 1218 1 406869901
5916 + 1138 406869901
5916 + 1138 406869901
5916 + 1139 406869901
5916 + 1062 406869901
5917 # 1504
5917 - 1218 2 406869901
5917 # 1504
5917 - 1218 2 406869901
5917 + 1062 406869901
5917 + 1063 406869901
5918 # 1504
5918 - 1138 3 406869901
5918 - 1138 2 406869901
5918 # 1504
5918 - 1138 2 406869901
5918 + 1063 406869901
5918 + 1034 406869901
5919 # 1504
5919 - 1139 3 406869901
5919 # 1504
5919 - 1062 3 406869901
5919 - 1062 2 406869901
5919 # 1504
5919 - 1063 2 406869901
5919 + 1035 406869901
5919 + 1035 406869901
5919 + 1035 406869901
5919 + 1035 406869901
5920 # 1504
5920 - 1063 2 406869901
5920 - 1034 2 406869901
5920 # 1504
5920 - 1035 1 406869901
5920 + 1048 406869901
5920 + 1048 406869901
5920 + 1048 406869901
5920 + 1049 406869901
5920 + 1049 406869901
5921 # 1504
5921 - 1035 2 406869901
5921 - 1035 2 406869901
5921 # 1504
5921 - 1035 2 406869901
5921 + 1049 406869901
5921 + 1064 406869901
5921 + 1065 406869901
5921 + 1065 406869901
5922 # 1504
5922 - 1048 2 406869901
5922 # 1504
5922 - 1048 2 406869901
5922 - 1048 2 406869901
5922 + 1065 406869901
5922 + 1065 406869901
5922 + 1065 406869901
5922 + 965 406869901
5922 + 965 406869901
5923 # 1504
5923 - 1049 3 406869901
5923 # 1504
5923 - 1049 3 406869901
5923 - 1049 2 406869901
5924 # 1504
5924 - 1064 3 406869901
5924 # 1504
5924 - 1065 3 406869901
5924 - 1065 3 406869901
5924 # 1504
5924 - 1065 2 406869901
5924 + 965 406869901
5924 + 966 406869901
5925 # 1504
5925 - 1065 3 406869901
5925 # 1504
5925 - 1065 3 406869901
5925 - 965 3 406869901
5926 # 1504
5926 - 965 4 406869901
5926 # 1504
5926 - 965 2 406869901
5926 - 966 2 406869901
5927 # 1504
5927 # 1504
5927 + 102 2802403873
5928 # 1504
5928 - 102 1 2802403873
5928 # 1504
5929 # 1504
5929 # 1504
5929 + 1062 406871521
5930 # 1504
5930 - 1062 1 406871521
5930 # 1504
5930 # 1504
5931 # 1504
5931 # 1504
5931 + 1062 406871521
5931 + 1062 406871521
5931 + 1181 406871521
5931 + 1182 406871521
5932 # 1504
5932 - 1062 1 406871521
5932 # 1504
5932 - 1062 1 406871521
5932 + 1020 406871521
5932 + 1020 406871521
5932 + 1020 406871521
5932 + 1075 406871521
5932 + 1075 406871521
5933 # 1504
5933 - 1181 2 406871521
5933 - 1182 2 406871521
5933 # 1504
5933 - 1020 1 406871521
5933 + 1075 406871521
5933 + 1177 406871521
5933 + 1177 406871521
5933 + 1177 406871521
5934 # 1504
5934 - 1020 2 406871521
5934 # 1504
5934 - 1020 2 406871521
5934 - 1075 2 406871521
5934 + 1177 406871521
5934 + 1015 406871521
5934 + 1015 406871521
5935 # 1504
5935 - 1075 3 406871521
5935 # 1504
5935 - 1075 2 406871521
5935 - 1177 2 406871521
5935 # 1504
5935 - 1177 2 406871521
5935 + 1015 406871521
5936 # 1504
5936 - 1177 3 406871521
5936 # 1504
5936 - 1177 2 406871521
5936 - 1015 2 406871521
5936 + 1016 406871521
5936 + 1016 406871521
5936 + 1204 406871521
5936 + 1204 406871521
5936 + 1204 406871521
5936 + 1205 406871521
5937 # 1504
5937 - 1015 3 406871521
5937 # 1504
5937 - 1015 2 406871521
5937 - 1016 1 406871521
5937 + 1205 406871521
5937 + 1037 406871521
5937 + 1037 406871521
5937 + 1037 406871521
5938 # 1504
5938 - 1016 2 406871521
5938 # 1504
5938 - 1204 2 406871521
5939 # 1504
5939 - 1204 3 406871521
5939 # 1504
5939 - 1204 3 406871521
5939 - 1205 3 406871521
5940 # 1504
5940 - 1205 3 406871521
5940 # 1504
5940 - 1037 3 406871521
5940 # 1504
5940 - 1037 3 406871521
5940 - 1037 3 406871521
5941 # 1504
5941 # 1504
5941 + 102 2802403873
5942 # 1504
5942 - 102 1 2802403873
5942 # 1504
5943 # 1504
5943 # 1504
5944 # 1504
5944 # 1504
5945 # 1504
5945 # 1504
5946 # 1504
5946 # 1504
5946 # 1504
5947 # 1504
5947 # 1504
5947 + 1029 406873141
5948 # 1504
5948 - 1029 1 406873141
5948 # 1504
5948 + 1030 406873141
5948 + 1030 406873141
5948 + 1030 406873141
5948 + 1030 406873141
5948 + 1159 406873141
5949 # 1504
5949 - 1030 1 406873141
5949 # 1504
5949 - 1030 1 406873141
5950 # 1504
5950 - 1030 2 406873141
5950 - 1030 2 406873141
5950 # 1504
5950 - 1159 2 406873141
5950 + 102 2802403873
5950 + 1159 406873141
5950 + 1160 406873141
5950 + 1017 406873141
5950 + 1017 406873141
5951 # 1504
5951 - 102 1 2802403873
5951 - 1159 1 406873141
5951 # 1504
5951 - 1160 1 406873141
5951 # 1504
5951 - 1017 1 406873141
5951 - 1017 1 406873141
5951 + 1018 406873141
5951 + 1018 406873141
5951 + 1220 406873141
5952 # 1504
5952 - 1018 1 406873141
5952 # 1504
5952 - 1018 1 406873141
5952 # 1504
5952 - 1220 1 406873141
5952 + 1220 406873141
5952 + 1221 406873141
5952 + 1053 406873141
5952 + 1054 406873141
5953 # 1504
5953 - 1220 1 406873141
5953 # 1504
5953 - 1221 1 406873141
5953 + 1054 406873141
5953 + 1054 406873141
5953 + 1197 406873141
5953 + 1197 406873141
5954 # 1504
5954 - 1053 2 406873141
5954 + 1198 406873141
5954 + 1198 406873141
5954 + 1226 406873141
5954 + 1226 406873141
5955 # 1504
5955 - 1054 3 406873141
5955 - 1054 2 406873141
5955 + 102 2802403873
5956 # 1504
5956 - 1054 3 406873141
5956 # 1504
5956 - 1197 3 406873141
5956 + 1226 406873141
5956 + 1226 406873141
5956 + 1227 406873141
5957 # 1504
5957 - 1197 4 406873141
5957 - 1198 3 406873141
5957 + 1138 406873141
5957 + 1138 406873141
5957 + 1139 406873141
5958 # 1504
5958 - 1198 4 406873141
5958 # 1504
5958 - 1226 4 406873141
5959 # 1504
5959 - 1226 5 406873141
5959 - 102 4 2802403873
5960 # 1504
5960 - 1226 4 406873141
5960 - 1226 4 406873141
5961 # 1504
5961 - 1227 5 406873141
5961 # 1504
5961 - 1138 4 406873141
5961 + 102 2802403873
5962 # 1504
5962 - 1138 5 406873141
5963 # 1504
5963 - 1139 6 406873141
5963 - 102 2 2802403873
5963 # 1504
5964 # 1504
5965 # 1504
5965 + 951 406874761
5966 # 1504
5966 - 951 1 406874761
5966 # 1504
5966 + 952 406874761
5966 + 952 406874761
5966 + 952 406874761
5966 + 947 406874761
5967 # 1504
5967 - 952 1 406874761
5968 # 1504
5968 - 952 2 406874761
5968 - 952 2 406874761
5968 # 1504
5968 - 947 2 406874761
5968 + 947 406874761
5968 + 947 406874761
5968 + 1071 406874761
5968 + 1072 406874761
5968 + 1072 406874761
5969 # 1504
5969 - 947 1 406874761
5969 + 1072 406874761
5969 + 966 406874761
5969 + 966 406874761
5969 + 966 406874761
5969 + 967 406874761
5970 # 1504
5970 - 947 2 406874761
5970 - 1071 2 406874761
5970 + 994 406874761
5970 + 994 406874761
5970 + 994 406874761
5970 + 995 406874761
5970 + 1075 406874761
5971 # 1504
5971 - 1072 3 406874761
5971 # 1504
5971 - 1072 3 406874761
5971 + 1076 406874761
5971 + 1076 406874761
5972 # 1504
5972 - 1072 3 406874761
5972 - 966 3 406874761
5972 + 1076 406874761
5972 + 1076 406874761
5973 # 1504
5973 - 966 4 406874761
5973 # 1504
5973 - 966 4 406874761
5973 - 967 4 406874761
5973 + 1238 406874761
5973 + 1238 406874761
5973 + 1238 406874761
5973 + 1238 406874761
5974 # 1504
5974 - 994 4 406874761
5974 + 1238 406874761
5974 + 1152 406874761
5974 + 1152 406874761
5974 + 1152 406874761
5975 # 1504
5975 - 994 5 406874761
5975 - 994 5 406874761
5975 + 102 2802403873
5976 # 1504
5976 - 995 6 406874761
5976 # 1504
5976 - 1075 6 406874761
5976 - 1076 5 406874761
5977 # 1504
5977 - 1076 6 406874761
5978 # 1504
5978 - 1076 6 406874761
5978 - 1076 6 406874761
5978 # 1504
5978 - 1238 5 406874761
5979 # 1504
5979 - 1238 6 406874761
5980 # 1504
5980 - 1238 7 406874761
5980 # 1504
5980 - 1238 7 406874761
5981 # 1504
5981 - 1238 7 406874761
5981 - 1152 7 406874761
5982 # 1504
5982 - 1152 8 406874761
5983 # 1504
5983 - 1152 9 406874761
5983 - 102 8 2802403873
5983 # 1504
5983 + 1122 406876291
5984 # 1504
5984 - 1122 1 406876291
5984 + 1122 406876291
5984 + 1122 406876291
5984 + 1122 406876291
5984 + 1122 406876291
5985 # 1504
5985 - 1122 1 406876291
5985 # 1504
5985 - 1122 1 406876291
5985 + 1185 406876291
5985 + 1185 406876291
5985 + 1185 406876291
5985 + 999 406876291
5986 # 1504
5986 - 1122 2 406876291
5986 - 1122 2 406876291
5987 # 1504
5987 - 1185 2 406876291
5987 + 999 406876291
5987 + 999 406876291
5987 + 999 406876291
5987 + 1058 406876291
5987 + 1058 406876291
5988 # 1504
5988 - 1185 3 406876291
5988 # 1504
5988 - 1185 3 406876291
5988 + 1058 406876291
5988 + 1058 406876291
5988 + 973 406876291
5988 + 973 406876291
5989 # 1504
5989 - 999 4 406876291
5989 - 999 2 406876291
5989 + 973 406876291
5989 + 973 406876291
5989 + 1066 406876291
5989 + 1066 406876291
5989 + 1067 406876291
5990 # 1504
5990 - 999 3 406876291
5990 # 1504
5990 - 999 3 406876291
5990 - 1058 3 406876291
5990 + 102 2802403873
5990 + 1067 406876291
5991 # 1504
5991 - 1058 4 406876291
5991 + 1067 406876291
5991 + 1225 406876291
5991 + 1226 406876291
5991 + 1226 406876291
5992 # 1504
5992 - 1058 4 406876291
5992 - 1058 4 406876291
5992 + 1226 406876291
5992 + 1226 406876291
5992 + 1115 406876291
5992 + 1115 406876291
5993 # 1504
5993 - 973 5 406876291
5993 # 1504
5993 - 973 5 406876291
5993 - 973 4 406876291
5993 + 1116 406876291
5994 # 1504
5994 - 973 5 406876291
5995 # 1504
5995 - 1066 6 406876291
5995 - 1066 6 406876291
5995 # 1504
5995 - 1067 6 406876291
5995 - 102 5 2802403873
5996 # 1504
5996 - 1067 6 406876291
5997 # 1504
5997 - 1067 6 406876291
5997 - 1225 6 406876291
5998 # 1504
5998 - 1226 7 406876291
5998 # 1504
5998 - 1226 7 406876291
5999 # 1504
5999 - 1226 7 406876291
5999 + 102 2802403873
6000 # 1504
6000 - 1226 8 406876291
6000 - 1115 8 406876291
6000 # 1504
6000 - 1115 8 406876291
6001 # 1504
6001 - 1116 8 406876291
6001 - 102 2 2802403873
6001 + 1217 406877911
6002 # 1504
6002 - 1217 1 406877911
6002 + 1217 406877911
6002 + 1217 406877911
6002 + 1217 406877911
6002 + 1129 406877911
6003 # 1504
6003 - 1217 1 406877911
6003 # 1504
6003 - 1217 1 406877911
6003 + 1130 406877911
6003 + 1130 406877911
6003 + 960 406877911
6003 + 960 406877911
6004 # 1504
6004 - 1217 2 406877911
6005 # 1504
6005 - 1129 3 406877911
6005 - 1130 2 406877911
6005 # 1504
6005 - 1130 2 406877911
6005 + 102 2802403873
6005 + 960 406877911
6005 + 960 406877911
6005 + 1013 406877911
6005 + 1013 406877911
6005 + 1013 406877911
6006 # 1504
6006 - 960 3 406877911
6006 - 960 3 406877911
6006 + 1014 406877911
6006 + 1029 406877911
6006 + 1029 406877911
6006 + 1030 406877911
6006 + 1030 406877911
6007 # 1504
6007 - 102 2 2802403873
6007 - 960 2 406877911
6007 + 1103 406877911
6007 + 1104 406877911
6007 + 1104 406877911
6007 + 1104 406877911
6008 # 1504
6008 - 960 3 406877911
6008 - 1013 3 406877911
6008 # 1504
6008 - 1013 3 406877911
6008 + 1104 406877911
6009 # 1504
6009 - 1013 4 406877911
6009 - 1014 3 406877911
6009 + 1204 406877911
6009 + 1204 406877911
6009 + 1204 406877911
6010 # 1504
6010 - 1029 4 406877911
6010 # 1504
6010 - 1029 4 406877911
6010 + 1205 406877911
6010 + 1205 406877911
6010 + 1134 406877911
6010 + 1134 406877911
6010 + 1134 406877911
6011 # 1504
6011 - 1030 5 406877911
6011 - 1030 5 406877911
6012 # 1504
6012 - 1103 5 406877911
6013 # 1504
6013 - 1104 6 406877911
6013 - 1104 6 406877911
6013 # 1504
6013 - 1104 6 406877911
6014 # 1504
6014 - 1104 6 406877911
6015 # 1504
6015 - 1204 6 406877911
6015 # 1504
6015 - 1204 6 406877911
6015 - 1204 6 406877911
6016 # 1504
6016 - 1205 6 406877911
6016 + 102 2802403873
6017 # 1504
6017 - 1205 7 406877911
6018 # 1504
6018 - 1134 8 406877911
6018 - 1134 8 406877911
6018 # 1504
6018 - 1134 8 406877911
6018 - 102 2 2802403873
6018 + 909 406879531
6019 # 1504
6019 - 909 1 406879531
6019 + 909 406879531
6019 + 909 406879531
6019 + 1085 406879531
6019 + 1085 406879531
6020 # 1504
6020 - 909 1 406879531
6020 # 1504
6020 - 909 1 406879531
6020 - 1085 1 406879531
6020 + 1102 406879531
6021 # 1504
6021 - 1085 2 406879531
6021 + 1103 406879531
6021 + 1182 406879531
6021 + 1182 406879531
6021 + 1026 406879531
6022 # 1504
6022 - 1102 2 406879531
6022 + 1026 406879531
6022 + 1027 406879531
6022 + 997 406879531
6022 + 997 406879531
6022 + 998 406879531
6023 # 1504
6023 - 1103 2 406879531
6023 - 1182 2 406879531
6023 # 1504
6023 - 1182 2 406879531
6024 # 1504
6024 - 1026 3 406879531
6024 + 998 406879531
6024 + 1055 406879531
6024 + 1055 406879531
6024 + 1055 406879531
6024 + 1056 406879531
6024 + 1056 406879531
6024 + 880 406879531
6025 # 1504
6025 - 1026 3 406879531
6025 - 1027 3 406879531
6025 # 1504
6025 - 997 3 406879531
6025 + 880 406879531
6026 # 1504
6026 - 997 4 406879531
6026 - 998 4 406879531
6027 # 1504
6027 - 998 3 406879531
6027 # 1504
6027 - 1055 3 406879531
6027 - 1055 3 406879531
6028 # 1504
6028 - 1055 4 406879531
6028 + 102 2802403873
6029 # 1504
6029 - 1056 5 406879531
6029 - 1056 5 406879531
6030 # 1504
6030 - 880 6 406879531
6030 # 1504
6030 - 880 5 406879531
6030 - 102 2 2802403873
6031 # 1504
6032 # 1504
6032 # 1504
6033 # 1504
6034 # 1504
6035 # 1504
6035 # 1504
6036 # 1504
6037 # 1504
6037 # 1504
6038 # 1504
6038 + 99 406881151
6038 + 1185 406881151
6039 # 1504
6039 - 99 1 406881151
6039 - 1185 1 406881151
6040 # 1504
6040 # 1504
6040 + 1185 406881151
6040 + 1185 406881151
6040 + 1186 406881151
6040 + 1186 406881151
6041 # 1504
6041 - 1185 1 406881151
6041 + 1186 406881151
6041 + 1186 406881151
6041 + 1186 406881151
6041 + 1186 406881151
6042 # 1504
6042 - 1185 2 406881151
6042 # 1504
6042 - 1186 2 406881151
6042 + 102 2802403873
6042 + 1186 406881151
6042 + 1186 406881151
6042 + 1186 406881151
6042 + 1186 406881151
6043 # 1504
6043 - 1186 3 406881151
6043 - 1186 2 406881151
6044 # 1504
6044 - 1186 3 406881151
6044 + 1186 406881151
6044 + 1186 406881151
6044 + 1156 406881151
6044 + 1156 406881151
6044 + 1156 406881151
6045 # 1504
6045 - 1186 4 406881151
6045 # 1504
6045 - 1186 4 406881151
6045 - 102 3 2802403873
6045 + 1156 406881151
6045 + 1157 406881151
6045 + 1157 406881151
6045 + 1157 406881151
6045 + 1157 406881151
6046 # 1504
6046 - 1186 4 406881151
6046 - 1186 4 406881151
6046 + 1157 406881151
6046 + 1157 406881151
6046 + 1157 406881151
6047 # 1504
6047 - 1186 5 406881151
6047 # 1504
6047 - 1186 5 406881151
6048 # 1504
6048 - 1186 4 406881151
6048 + 1157 406881151
6048 + 1157 406881151
6048 + 1126 406881151
6048 + 1126 406881151
6049 # 1504
6049 - 1186 5 406881151
6049 - 1156 5 406881151
6049 + 1127 406881151
6049 + 1127 406881151
6049 + 1127 406881151
6049 + 1127 406881151
6049 + 1127 406881151
6050 # 1504
6050 - 1156 6 406881151
6050 # 1504
6050 - 1156 6 406881151
6050 + 1127 406881151
6050 + 1190 406881151
6051 # 1504
6051 - 1156 6 406881151
6051 - 1157 6 406881151
6051 + 1190 406881151
6051 + 1190 406881151
6051 + 102 2802403873
6052 # 1504
6052 - 1157 7 406881151
6052 # 1504
6052 - 1157 7 406881151
6052 + 1190 406881151
6052 + 1191 406881151
6052 + 1191 406881151
6052 + 1196 406881151
6053 # 1504
6053 - 1157 8 406881151
6053 + 1196 406881151
6053 + 1196 406881151
6053 + 1196 406881151
6053 + 1197 406881151
6054 # 1504
6054 - 1157 8 406881151
6054 - 1157 8 406881151
6054 + 1197 406881151
6054 + 1071 406881151
6054 + 1071 406881151
6054 + 1072 406881151
6055 # 1504
6055 - 1157 9 406881151
6055 # 1504
6055 - 1157 7 406881151
6055 + 1072 406881151
6055 + 1072 406881151
6056 # 1504
6056 - 1157 8 406881151
6056 - 1126 8 406881151
6056 + 1085 406881151
6056 + 1085 406881151
6056 + 1085 406881151
6056 + 1086 406881151
6056 + 1086 406881151
6057 # 1504
6057 - 1126 9 406881151
6057 # 1504
6057 - 1127 8 406881151
6057 + 102 2802403873
6057 + 1086 406881151
6057 + 1086 406881151
6057 + 1130 406881151
6057 + 1130 406881151
6058 # 1504
6058 - 1127 9 406881151
6058 - 1127 9 406881151
6059 # 1504
6059 - 1127 10 406881151
6059 + 1130 406881151
6059 + 1130 406881151
6059 + 1130 406881151
6059 + 1131 406881151
6059 + 1131 406881151
6060 # 1504
6060 - 1127 11 406881151
6060 # 1504
6060 - 1127 10 406881151
6060 - 1190 10 406881151
6061 # 1504
6061 - 1190 10 406881151
6061 + 1131 406881151
6061 + 1181 406882771
6061 + 1181 406882771
6061 + 1181 406882771
6061 + 1075 406882771
6061 + 1075 406882771
6061 + 1075 406882771
6061 + 1076 406882771
6062 # 1504
6062 - 1190 11 406881151
6062 - 102 11 2802403873
6062 # 1504
6062 - 1190 10 406881151
6062 + 1118 406882771
6062 + 1118 406882771
6062 + 1119 406882771
6062 + 1119 406882771
6063 # 1504
6063 - 1191 11 406881151
6063 - 1191 11 406881151
6064 # 1504
6064 - 1196 12 406881151
6064 + 1133 406882771
6064 + 1133 406882771
6064 + 1134 406882771
6064 + 1163 406882771
6065 # 1504
6065 - 1196 12 406881151
6065 # 1504
6065 - 1196 12 406881151
6066 # 1504
6066 - 1196 13 406881151
6066 - 1197 13 406881151
6066 + 1164 406882771
6066 + 1217 406882771
6066 + 1020 406882771
6066 + 1020 406882771
6066 + 991 406882771
6066 + 991 406882771
6067 # 1504
6067 - 1197 13 406881151
6067 # 1504
6067 - 1071 13 406881151
6068 # 1504
6068 - 1071 14 406881151
6068 - 1072 14 406881151
6069 # 1504
6069 - 1072 14 406881151
6070 # 1504
6070 - 1072 15 406881151
6070 - 1085 14 406881151
6070 # 1504
6070 - 1085 14 406881151
6071 # 1504
6071 - 1085 15 406881151
6071 + 102 2802403873
6072 # 1504
6072 - 1086 16 406881151
6072 - 1086 16 406881151
6072 - 102 15 2802403873
6072 # 1504
6072 - 1086 15 406881151
6073 # 1504
6073 - 1086 16 406881151
6073 + 1133 406884391
6074 # 1504
6074 - 1130 17 406881151
6074 - 1130 17 406881151
6074 # 1504
6074 - 1130 15 406881151
6074 + 1134 406884391
6074 + 1134 406884391
6074 + 1134 406884391
6074 + 1134 406884391
6075 # 1504
6075 - 1130 16 406881151
6075 + 1010 406884391
6075 + 1010 406884391
6075 + 1011 406884391
6075 + 1011 406884391
6075 + 1062 406884391
6076 # 1504
6076 - 1130 17 406881151
6076 - 1131 17 406881151
6077 # 1504
6077 - 1131 18 406881151
6077 # 1504
6077 - 1131 16 406881151
6077 + 1063 406884391
6077 + 1063 406884391
6077 + 1063 406884391
6077 + 1004 406884391
6078 # 1504
6078 - 1181 17 406882771
6078 - 1181 17 406882771
6078 + 1004 406884391
6078 + 1005 406884391
6078 + 1005 406884391
6078 + 1097 406884391
6078 + 1098 406884391
6079 # 1504
6079 - 1181 18 406882771
6079 # 1504
6079 - 1075 18 406882771
6079 + 1098 406884391
6079 + 824 406884391
6079 + 824 406884391
6079 + 1185 406884391
6079 + 1185 406884391
6080 # 1504
6080 - 1075 19 406882771
6080 - 1075 19 406882771
6080 + 1032 406884391
6080 + 1032 406884391
6081 # 1504
6081 - 1076 20 406882771
6081 + 1033 406884391
6082 # 1504
6082 - 1118 20 406882771
6082 # 1504
6082 - 1118 20 406882771
6082 - 1119 20 406882771
6083 # 1504
6083 - 1119 21 406882771
6083 + 102 2802403873
6084 # 1504
6084 - 1133 20 406882771
6084 # 1504
6084 - 1133 20 406882771
6084 - 1134 20 406882771
6085 # 1504
6085 - 1163 21 406882771
6086 # 1504
6086 - 1164 20 406882771
6087 # 1504
6087 - 1217 21 406882771
6087 - 1020 21 406882771
6087 # 1504
6087 - 1020 21 406882771
6088 # 1504
6088 - 991 22 406882771
6088 - 991 22 406882771
6088 - 102 17 2802403873
6089 # 1504
6089 - 1133 16 406884391
6089 # 1504
6089 - 1134 15 406884391
6090 # 1504
6090 - 1134 16 406884391
6090 - 1134 16 406884391
6091 # 1504
6091 - 1134 17 406884391
6091 + 1093 406886011
6092 # 1504
6092 - 1010 17 406884391
6092 # 1504
6092 - 1010 17 406884391
6092 - 1011 17 406884391
6092 + 1093 406886011
6092 + 1093 406886011
6092 + 1094 406886011
6092 + 1094 406886011
6093 # 1504
6093 - 1011 18 406884391
6093 + 1185 406886011
6093 + 1185 406886011
6093 + 1185 406886011
6094 # 1504
6094 - 1062 19 406884391
6094 - 1063 17 406884391
6094 # 1504
6094 - 1063 17 406884391
6094 + 1130 406886011
6095 # 1504
6095 - 1063 18 406884391
6095 - 1004 18 406884391
6095 + 102 2802403873
6095 + 1130 406886011
6095 + 1130 406886011
6095 + 1020 406886011
6095 + 1020 406886011
6095 + 1021 406886011
6096 # 1504
6096 - 1004 18 406884391
6096 + 1021 406886011
6096 + 965 406886011
6096 + 966 406886011
6096 + 966 406886011
6096 + 966 406886011
6097 # 1504
6097 - 1005 19 406884391
6097 - 1005 19 406884391
6097 # 1504
6097 - 1097 19 406884391
6097 + 1023 406886011
6097 + 1023 406886011
6097 + 1020 406886011
6097 + 1021 406886011
6097 + 882 406886011
6098 # 1504
6098 - 1098 20 406884391
6098 + 882 406886011
6098 + 883 406886011
6099 # 1504
6099 - 1098 20 406884391
6099 - 824 20 406884391
6099 # 1504
6099 - 824 20 406884391
6099 - 1185 20 406884391
6100 # 1504
6100 - 1185 21 406884391
6101 # 1504
6101 - 1032 21 406884391
6102 # 1504
6102 - 1032 22 406884391
6102 - 1033 21 406884391
6102 - 102 19 2802403873
6102 # 1504
6102 - 1093 11 406886011
6103 # 1504
6103 - 1093 11 406886011
6104 # 1504
6104 - 1093 12 406886011
6104 - 1094 12 406886011
6104 # 1504
6104 - 1094 12 406886011
6105 # 1504
6105 - 1185 12 406886011
6106 # 1504
6106 - 1185 13 406886011
6106 - 1185 13 406886011
6107 # 1504
6107 - 1130 13 406886011
6107 - 102 12 2802403873
6107 # 1504
6107 - 1130 12 406886011
6108 # 1504
6108 - 1130 13 406886011
6108 - 1020 13 406886011
6109 # 1504
6109 - 1020 14 406886011
6109 # 1504
6109 - 1021 14 406886011
6109 - 1021 13 406886011
6109 + 118 2802403873
6109 + 1163 406887631
6110 # 1504
6110 - 965 14 406886011
6110 + 1163 406887631
6110 + 1163 406887631
6110 + 1163 406887631
6110 + 1163 406887631
6111 # 1504
6111 - 966 15 406886011
6111 - 966 15 406886011
6111 + 1191 406887631
6111 + 1192 406887631
6111 + 1192 406887631
6111 + 1192 406887631
6112 # 1504
6112 - 966 16 406886011
6112 # 1504
6112 - 1023 15 406886011
6112 - 1023 15 406886011
6113 # 1504
6113 - 1020 16 406886011
6113 + 977 406887631
6113 + 977 406887631
6113 + 978 406887631
6113 + 1214 406887631
6113 + 1214 406887631
6113 + 1215 406887631
6114 # 1504
6114 - 1021 17 406886011
6114 - 882 17 406886011
6114 # 1504
6114 - 882 16 406886011
6114 - 883 16 406886011
6114 + 1123 406887631
6114 + 1123 406887631
6114 + 1123 406887631
6114 + 1123 406887631
6115 # 1504
6115 - 118 6 2802403873
6115 - 1163 6 406887631
6115 + 965 406887631
6115 + 965 406887631
6115 + 965 406887631
6116 # 1504
6116 - 1163 6 406887631
6116 + 1181 406887631
6117 # 1504
6117 - 1163 7 406887631
6117 # 1504
6117 - 1163 7 406887631
6117 - 1163 7 406887631
6117 + 1182 406887631
6117 + 1050 406887631
6117 + 1050 406887631
6117 + 1051 406887631
6118 # 1504
6118 - 1191 7 406887631
6119 # 1504
6119 - 1192 8 406887631
6119 # 1504
6119 - 1192 8 406887631
6120 # 1504
6120 - 1192 9 406887631
6120 - 977 7 406887631
6121 # 1504
6121 - 977 8 406887631
6121 # 1504
6121 - 978 8 406887631
6121 - 1214 8 406887631
6122 # 1504
6122 - 1214 9 406887631
6123 # 1504
6123 - 1215 10 406887631
6124 # 1504
6124 - 1123 10 406887631
6124 - 1123 10 406887631
6124 # 1504
6124 - 1123 10 406887631
6124 + 102 2802403873
6125 # 1504
6125 - 1123 11 406887631
6126 # 1504
6126 - 965 11 406887631
6126 - 965 11 406887631
6126 # 1504
6126 - 965 11 406887631
6127 # 1504
6127 - 1181 11 406887631
6127 - 1182 10 406887631
6127 + 1074 406889161
6128 # 1504
6128 - 1050 11 406887631
6128 + 1074 406889161
6128 + 1075 406889161
6128 + 1075 406889161
6128 + 1075 406889161
6129 # 1504
6129 - 1050 12 406887631
6129 # 1504
6129 - 1051 12 406887631
6129 - 102 5 2802403873
6129 - 1074 2 406889161
6129 + 1029 406889161
6129 + 1029 406889161
6129 + 1029 406889161
6129 + 1029 406889161
6129 + 1110 406889161
6130 # 1504
6130 - 1074 2 406889161
6131 # 1504
6131 - 1075 3 406889161
6131 - 1075 3 406889161
6131 # 1504
6131 - 1075 3 406889161
6131 + 1111 406889161
6131 + 1111 406889161
6131 + 1109 406889161
6131 + 1109 406889161
6132 # 1504
6132 - 1029 3 406889161
6132 + 102 2802403873
6132 + 1110 406889161
6132 + 1133 406889161
6132 + 1133 406889161
6132 + 1134 406889161
6132 + 1134 406889161
6133 # 1504
6133 - 1029 4 406889161
6133 - 1029 4 406889161
6133 + 961 406889161
6133 + 961 406889161
6133 + 961 406889161
6133 + 961 406889161
6133 + 858 406889161
6134 # 1504
6134 - 1029 5 406889161
6134 # 1504
6134 - 1110 5 406889161
6134 - 1111 3 406889161
6135 # 1504
6135 - 1111 4 406889161
6135 + 858 406889161
6135 + 859 406889161
6135 + 1027 406889161
6135 + 1027 406889161
6135 + 1028 406889161
6136 # 1504
6136 - 1109 5 406889161
6136 # 1504
6136 - 1109 5 406889161
6136 - 102 4 2802403873
6136 - 1110 4 406889161
6137 # 1504
6137 - 1133 5 406889161
6138 # 1504
6138 - 1133 6 406889161
6139 # 1504
6139 - 1134 7 406889161
6139 - 1134 7 406889161
6139 # 1504
6139 - 961 6 406889161
6140 # 1504
6140 - 961 7 406889161
6140 - 961 7 406889161
6140 + 102 2802403873
6141 # 1504
6141 - 961 8 406889161
6141 # 1504
6141 - 858 8 406889161
6141 - 858 6 406889161
6142 # 1504
6142 - 859 7 406889161
6142 - 1027 7 406889161
6143 # 1504
6143 - 1027 8 406889161
6144 # 1504
6144 - 1028 9 406889161
6144 - 102 4 2802403873
6144 # 1504
6144 + 1219 406890781
6145 # 1504
6145 - 1219 1 406890781
6146 # 1504
6146 # 1504
6146 + 1219 406890781
6146 + 1219 406890781
6146 + 1219 406890781
6146 + 1084 406890781
6147 # 1504
6147 - 1219 1 406890781
6147 + 1085 406890781
6147 + 1085 406890781
6147 + 1085 406890781
6147 + 970 406890781
6148 # 1504
6148 - 1219 2 406890781
6148 + 970 406890781
6148 + 971 406890781
6148 + 1189 406890781
6148 + 1189 406890781
6148 + 1190 406890781
6149 # 1504
6149 - 1219 3 406890781
6149 # 1504
6149 - 1084 3 406890781
6149 - 1085 2 406890781
6149 + 102 2802403873
6150 # 1504
6150 - 1085 3 406890781
6150 + 1002 406890781
6150 + 1003 406890781
6150 + 1003 406890781
6150 + 1003 406890781
6151 # 1504
6151 - 1085 4 406890781
6151 - 970 4 406890781
6151 # 1504
6151 - 970 3 406890781
6151 + 953 406890781
6151 + 953 406890781
6151 + 953 406890781
6151 + 954 406890781
6151 + 941 406890781
6152 # 1504
6152 - 971 4 406890781
6152 + 941 406890781
6152 + 942 406890781
6152 + 1087 406890781
6152 + 1087 406890781
6152 + 1088 406890781
6153 # 1504
6153 - 1189 5 406890781
6153 - 1189 5 406890781
6154 # 1504
6154 - 1190 6 406890781
6154 - 102 5 2802403873
6154 # 1504
6154 - 1002 4 406890781
6154 # 1504
6154 - 1003 4 406890781
6154 - 1003 4 406890781
6154 # 1504
6154 - 1003 4 406890781
6154 - 953 3 406890781
6155 # 1504
6155 - 953 4 406890781
6156 # 1504
6156 - 953 5 406890781
6156 - 954 5 406890781
6156 # 1504
6156 - 941 5 406890781
6157 # 1504
6157 - 941 5 406890781
6157 - 942 5 406890781
6157 # 1504
6157 - 1087 5 406890781
6157 + 102 2802403873
6158 # 1504
6158 - 1087 6 406890781
6158 - 1088 6 406890781
6158 # 1504
6158 - 102 1 2802403873
6159 # 1504
6159 # 1504
6160 # 1504
6160 # 1504
6161 # 1504
6162 # 1504
6162 # 1504
6163 # 1504
6163 # 1504
6164 # 1504
6164 # 1504
6164 + 1113 406892401
6165 # 1504
6165 - 1113 1 406892401
6165 # 1504
6165 + 1114 406892401
6165 + 1114 406892401
6165 + 1114 406892401
6166 # 1504
6166 - 1114 1 406892401
6166 + 1131 406892401
6166 + 1132 406892401
6166 + 1132 406892401
6166 + 1132 406892401
6167 # 1504
6167 - 1114 2 406892401
6167 # 1504
6167 - 1114 2 406892401
6167 - 1131 1 406892401
6167 + 1174 406892401
6167 + 1174 406892401
6167 + 1175 406892401
6168 # 1504
6168 - 1132 2 406892401
6168 # 1504
6168 - 1132 2 406892401
6168 + 118 2802403873
6168 + 1177 406892401
6168 + 1177 406892401
6169 # 1504
6169 - 1132 3 406892401
6169 # 1504
6169 - 1174 2 406892401
6169 - 1174 2 406892401
6169 + 1177 406892401
6170 # 1504
6170 - 1175 3 406892401
6170 - 118 2 2802403873
6170 # 1504
6170 - 1177 2 406892401
6170 + 1086 406892401
6170 + 1086 406892401
6170 + 1086 406892401
6170 + 1086 406892401
6171 # 1504
6171 - 1177 3 406892401
6171 # 1504
6171 - 1177 2 406892401
6171 - 1086 1 406892401
6171 + 1015 406892401
6171 + 1015 406892401
6171 + 1015 406892401
6171 + 1016 406892401
6171 + 1034 406892401
6172 # 1504
6172 - 1086 2 406892401
6172 + 1034 406892401
6172 + 1035 406892401
6172 + 1035 406892401
6173 # 1504
6173 - 1086 3 406892401
6173 - 1086 3 406892401
6173 # 1504
6173 - 1015 2 406892401
6173 + 1206 406892401
6173 + 1207 406892401
6173 + 1207 406892401
6174 # 1504
6174 - 1015 3 406892401
6174 - 1015 3 406892401
6174 # 1504
6174 - 1016 3 406892401
6175 # 1504
6175 - 1034 4 406892401
6175 - 1034 3 406892401
6175 # 1504
6175 - 1035 3 406892401
6176 # 1504
6176 - 1035 4 406892401
6176 # 1504
6176 - 1206 3 406892401
6176 - 1207 3 406892401
6176 + 102 2802403873
6177 # 1504
6177 - 1207 4 406892401
6177 - 102 1 2802403873
6178 # 1504
6178 # 1504
6179 # 1504
6179 # 1504
6180 # 1504
6180 # 1504
6181 # 1504
6181 # 1504
6181 + 1119 406894021
6182 # 1504
6182 - 1119 1 406894021
6182 + 1119 406894021
6182 + 1119 406894021
6182 + 1120 406894021
6182 + 1120 406894021
6183 # 1504
6183 - 1119 1 406894021
6183 # 1504
6183 - 1119 1 406894021
6183 + 1166 406894021
6183 + 1166 406894021
6184 # 1504
6184 - 1120 2 406894021
6184 - 1120 2 406894021
6184 # 1504
6184 - 1166 1 406894021
6184 + 1166 406894021
6185 # 1504
6185 - 1166 2 406894021
6185 # 1504
6185 - 1166 1 406894021
6185 + 1167 406894021
6185 + 1058 406894021
6185 + 1058 406894021
6185 + 1059 406894021
6186 # 1504
6186 - 1167 1 406894021
6186 # 1504
6186 - 1058 1 406894021
6186 + 1059 406894021
6186 + 1053 406894021
6186 + 1053 406894021
6186 + 1053 406894021
6187 # 1504
6187 - 1058 2 406894021
6187 - 1059 2 406894021
6187 # 1504
6187 - 1059 1 406894021
6187 + 102 2802403873
6187 + 1053 406894021
6187 + 1188 406894021
6187 + 1188 406894021
6188 # 1504
6188 - 1053 2 406894021
6188 - 1053 2 406894021
6188 + 1188 406894021
6188 + 1189 406894021
6188 + 1002 406894021
6189 # 1504
6189 - 1053 3 406894021
6189 - 102 2 2802403873
6189 # 1504
6189 - 1053 2 406894021
6189 + 1002 406894021
6190 # 1504
6190 - 1188 3 406894021
6190 # 1504
6190 - 1188 3 406894021
6190 - 1188 2 406894021
6190 + 1003 406894021
6190 + 1003 406894021
6190 + 1036 406894021
6190 + 1036 406894021
6190 + 1036 406894021
6191 # 1504
6191 - 1189 3 406894021
6191 # 1504
6191 - 1002 3 406894021
6191 - 1002 2 406894021
6191 + 1036 406894021
6191 + 1036 406894021
6191 + 1116 406894021
6192 # 1504
6192 - 1003 2 406894021
6192 # 1504
6192 - 1003 2 406894021
6192 - 1036 2 406894021
6192 + 1117 406894021
6192 + 1117 406894021
6192 + 1117 406894021
6193 # 1504
6193 - 1036 3 406894021
6193 + 102 2802403873
6194 # 1504
6194 - 1036 4 406894021
6194 # 1504
6194 - 1036 3 406894021
6194 - 1036 3 406894021
6195 # 1504
6195 - 1116 4 406894021
6195 # 1504
6195 - 1117 3 406894021
6195 - 1117 3 406894021
6196 # 1504
6196 - 1117 4 406894021
6196 - 102 3 2802403873
6196 # 1504
6197 # 1504
6197 # 1504
6198 # 1504
6199 # 1504
6199 # 1504
6199 + 1174 406895641
6200 # 1504
6200 - 1174 1 406895641
6200 # 1504
6200 + 132 554869826
6200 + 1174 406895641
6200 + 1175 406895641
6200 + 1175 406895641
6201 # 1504
6201 - 132 1 554869826
6201 - 1174 1 406895641
6201 # 1504
6201 - 1175 1 406895641
6201 + 1175 406895641
6201 + 1175 406895641
6201 + 1175 406895641
6201 + 1175 406895641
6201 + 102 2802403873
6202 # 1504
6202 - 1175 2 406895641
6202 # 1504
6202 - 1175 1 406895641
6202 - 1175 1 406895641
6202 + 1175 406895641
6202 + 1175 406895641
6202 + 1175 406895641
6203 # 1504
6203 - 1175 2 406895641
6203 # 1504
6203 - 1175 2 406895641
6203 - 102 2 2802403873
6204 # 1504
6204 - 1175 2 406895641
6204 + 1163 406895641
6204 + 1163 406895641
6204 + 1164 406895641
6204 + 1164 406895641
6205 # 1504
6205 - 1175 3 406895641
6205 - 1175 3 406895641
6205 # 1504
6205 - 1163 1 406895641
6205 + 1076 406895641
6205 + 1076 406895641
6205 + 1076 406895641
6206 # 1504
6206 - 1163 2 406895641
6206 # 1504
6206 - 1164 2 406895641
6206 + 1076 406895641
6206 + 1077 406895641
6206 + 1067 406895641
6206 + 1068 406895641
6206 + 1068 406895641
6207 # 1504
6207 - 1164 3 406895641
6207 - 1076 2 406895641
6207 # 1504
6207 - 1076 2 406895641
6207 + 102 2802403873
6207 + 1068 406895641
6207 + 1068 406895641
6207 + 1213 406895641
6208 # 1504
6208 - 1076 3 406895641
6208 - 1076 2 406895641
6208 # 1504
6208 - 1077 2 406895641
6209 # 1504
6209 - 1067 3 406895641
6209 + 1213 406895641
6209 + 1214 406895641
6209 + 1214 406895641
6210 # 1504
6210 - 1068 4 406895641
6210 - 1068 4 406895641
6210 - 102 3 2802403873
6210 # 1504
6210 - 1068 3 406895641
6210 + 1016 406895641
6210 + 1016 406895641
6210 + 1016 406895641
6210 + 1016 406895641
6211 # 1504
6211 - 1068 4 406895641
6211 # 1504
6211 - 1213 4 406895641
6211 - 1213 2 406895641
6211 + 1017 406895641
6211 + 1113 406895641
6211 + 1114 406895641
6211 + 1114 406895641
6212 # 1504
6212 - 1214 3 406895641
6212 # 1504
6212 - 1214 3 406895641
6212 + 1114 406895641
6212 + 1114 406895641
6213 # 1504
6213 - 1016 3 406895641
6213 - 1016 3 406895641
6213 # 1504
6213 - 1016 3 406895641
6214 # 1504
6214 - 1016 4 406895641
6214 - 1017 3 406895641
6214 # 1504
6214 - 1113 3 406895641
6215 # 1504
6215 - 1114 4 406895641
6215 + 102 2802403873
6216 # 1504
6216 - 1114 5 406895641
6216 - 1114 4 406895641
6216 # 1504
6216 - 1114 4 406895641
6216 - 102 1 2802403873
6217 # 1504
6217 # 1504
6217 + 1173 406897261
6218 # 1504
6218 - 1173 1 406897261
6218 # 1504
6219 # 1504
6219 # 1504
6219 + 1173 406897261
6219 + 1173 406897261
6219 + 1173 406897261
6219 + 1173 406897261
6219 + 1153 406897261
6219 + 1154 406897261
6220 # 1504
6220 - 1173 1 406897261
6221 # 1504
6221 - 1173 2 406897261
6221 # 1504
6221 - 1173 2 406897261
6221 + 1154 406897261
6221 + 1154 406897261
6221 + 1154 406897261
6221 + 1154 406897261
6221 + 1073 406897261
6221 + 1073 406897261
6222 # 1504
6222 - 1173 3 406897261
6222 - 1153 3 406897261
6222 # 1504
6222 - 1154 3 406897261
6223 # 1504
6223 - 1154 2 406897261
6223 # 1504
6223 - 1154 2 406897261
6223 - 1154 2 406897261
6224 # 1504
6224 - 1154 3 406897261
6224 # 1504
6224 - 1073 3 406897261
6224 + 1074 406897261
6224 + 1074 406897261
6224 + 1136 406897261
6224 + 1136 406897261
6224 + 1136 406897261
6224 + 1136 406897261
6224 + 1096 406897261
6224 + 102 2802403873
6224 + 1097 406897261
6224 + 1097 406897261
6225 # 1504
6225 - 1073 4 406897261
6225 - 1074 1 406897261
6226 # 1504
6226 - 1074 2 406897261
6226 # 1504
6226 - 1136 2 406897261
6227 # 1504
6227 - 1136 3 406897261
6227 - 1136 3 406897261
6227 # 1504
6227 - 1136 3 406897261
6227 + 1097 406897261
6227 + 1097 406897261
6227 + 1174 406897261
6227 + 1174 406897261
6227 + 1175 406897261
6227 + 1175 406897261
6227 + 1206 406897261
6227 + 1206 406897261
6228 # 1504
6228 - 1096 4 406897261
6228 - 102 4 2802403873
6228 # 1504
6228 - 1097 4 406897261
6228 - 1097 4 406897261
6229 # 1504
6229 - 1097 2 406897261
6229 # 1504
6229 - 1097 2 406897261
6229 + 1206 406897261
6229 + 1206 406897261
6229 + 1117 406897261
6229 + 1117 406897261
6229 + 1117 406897261
6229 + 1117 406897261
6230 # 1504
6230 - 1174 3 406897261
6230 - 1174 3 406897261
6230 # 1504
6230 - 1175 3 406897261
6231 # 1504
6231 - 1175 4 406897261
6231 + 1117 406897261
6232 # 1504
6232 - 1206 5 406897261
6232 # 1504
6232 - 1206 5 406897261
6232 - 1206 3 406897261
6233 # 1504
6233 - 1206 4 406897261
6233 # 1504
6233 - 1117 4 406897261
6234 # 1504
6234 - 1117 5 406897261
6234 - 1117 5 406897261
6234 # 1504
6234 - 1117 5 406897261
6235 # 1504
6235 - 1117 4 406897261
6235 # 1504
6235 + 934 406898881
6236 # 1504
6236 - 934 1 406898881
6236 + 102 2802403873
6236 + 935 406898881
6236 + 935 406898881
6236 + 978 406898881
6236 + 978 406898881
6236 + 978 406898881
6237 # 1504
6237 - 102 1 2802403873
6237 - 935 1 406898881
6237 # 1504
6237 - 935 1 406898881
6237 - 978 1 406898881
6238 # 1504
6238 - 978 2 406898881
6238 # 1504
6238 - 978 2 406898881
6238 + 979 406898881
6238 + 1076 406898881
6238 + 1077 406898881
6238 + 1077 406898881
6239 # 1504
6239 - 979 1 406898881
6239 # 1504
6239 - 1076 1 406898881
6239 + 1077 406898881
6239 + 1201 406898881
6239 + 1201 406898881
6239 + 1201 406898881
6240 # 1504
6240 - 1077 2 406898881
6240 - 1077 2 406898881
6240 # 1504
6240 - 1077 1 406898881
6240 + 1086 406898881
6240 + 1086 406898881
6241 # 1504
6241 - 1201 2 406898881
6241 # 1504
6241 - 1201 2 406898881
6241 - 1201 2 406898881
6241 + 1086 406898881
6241 + 1086 406898881
6242 # 1504
6242 - 1086 2 406898881
6242 + 1087 406898881
6242 + 1079 406898881
6242 + 1079 406898881
6242 + 1080 406898881
6243 # 1504
6243 - 1086 3 406898881
6243 # 1504
6243 - 1086 2 406898881
6243 - 1086 2 406898881
6243 + 1080 406898881
6243 + 1189 406898881
6243 + 1189 406898881
6244 # 1504
6244 - 1087 2 406898881
6244 # 1504
6244 - 1079 2 406898881
6244 - 1079 2 406898881
6244 + 1190 406898881
6244 + 1190 406898881
6244 + 1190 406898881
6244 + 1084 406898881
6245 # 1504
6245 - 1080 3 406898881
6245 # 1504
6245 - 1080 2 406898881
6245 + 1084 406898881
6245 + 1084 406898881
6245 + 1084 406898881
6246 # 1504
6246 - 1189 3 406898881
6246 - 1189 3 406898881
6246 # 1504
6246 - 1190 2 406898881
6247 # 1504
6247 - 1190 3 406898881
6247 + 1084 406898881
6248 # 1504
6248 - 1190 4 406898881
6248 # 1504
6248 - 1084 4 406898881
6248 - 1084 3 406898881
6249 # 1504
6249 - 1084 4 406898881
6249 # 1504
6249 - 1084 4 406898881
6249 - 1084 2 406898881
6250 # 1504
6250 # 1504
6251 # 1504
6251 # 1504
6251 + 102 2802403873
6252 # 1504
6252 - 102 1 2802403873
6253 # 1504
6253 # 1504
6253 + 1181 406900501
6254 # 1504
6254 - 1181 1 406900501
6254 # 1504
6254 + 1181 406900501
6254 + 1181 406900501
6254 + 1080 406900501
6255 # 1504
6255 - 1181 1 406900501
6255 # 1504
6255 - 1181 1 406900501
6255 + 1081 406900501
6255 + 1081 406900501
6255 + 1077 406900501
6255 + 1077 406900501
6256 # 1504
6256 - 1080 2 406900501
6256 # 1504
6256 - 1081 1 406900501
6256 - 1081 1 406900501
6256 + 1078 406900501
6256 + 996 406900501
6256 + 996 406900501
6257 # 1504
6257 - 1077 2 406900501
6257 # 1504
6257 - 1077 2 406900501
6257 - 1078 1 406900501
6258 # 1504
6258 - 996 2 406900501
6258 + 997 406900501
6258 + 997 406900501
6258 + 1118 406900501
6258 + 1118 406900501
6258 + 1118 406900501
6258 + 1119 406900501
6259 # 1504
6259 - 996 3 406900501
6259 - 997 1 406900501
6259 # 1504
6259 - 997 1 406900501
6259 + 1007 406900501
6259 + 1008 406900501
6259 + 1008 406900501
6259 + 1008 406900501
6260 # 1504
6260 - 1118 2 406900501
6260 # 1504
6260 - 1118 2 406900501
6260 - 1118 2 406900501
6260 + 1186 406900501
6260 + 1186 406900501
6260 + 1186 406900501
6261 # 1504
6261 - 1119 3 406900501
6261 # 1504
6261 - 1007 2 406900501
6261 - 1008 2 406900501
6261 + 1187 406900501
6262 # 1504
6262 - 1008 3 406900501
6262 # 1504
6262 - 1008 3 406900501
6262 - 1186 2 406900501
6262 + 1155 406900501
6262 + 1155 406900501
6263 # 1504
6263 - 1186 3 406900501
6263 + 1156 406900501
6263 + 1156 406900501
6264 # 1504
6264 - 1186 4 406900501
6264 # 1504
6264 - 1187 3 406900501
6265 # 1504
6265 - 1155 3 406900501
6265 - 1155 3 406900501
6265 # 1504
6265 - 1156 2 406900501
6266 # 1504
6266 - 1156 3 406900501
6266 # 1504
6266 + 102 2802403873
6267 # 1504
6267 - 102 1 2802403873
6267 # 1504
6268 # 1504
6268 # 1504
6269 # 1504
6270 # 1504
6270 # 1504
6271 # 1504
6271 # 1504
6271 + 856 406902121
6272 # 1504
6272 - 856 1 406902121
6272 # 1504
6272 + 856 406902121
6272 + 857 406902121
6272 + 918 406902121
6272 + 918 406902121
6273 # 1504
6273 - 856 1 406902121
6273 # 1504
6273 - 857 1 406902121
6273 - 918 1 406902121
6273 + 918 406902121
6273 + 1077 406902121
6273 + 1077 406902121
6273 + 980 406902121
6273 + 981 406902121
6274 # 1504
6274 - 918 2 406902121
6274 - 918 1 406902121
6274 + 102 2802403873
6274 + 981 406902121
6274 + 981 406902121
6274 + 1201 406902121
6275 # 1504
6275 - 1077 2 406902121
6275 # 1504
6275 - 1077 2 406902121
6276 # 1504
6276 - 980 3 406902121
6276 - 981 3 406902121
6276 - 102 2 2802403873
6276 # 1504
6276 - 981 2 406902121
6276 + 1202 406902121
6276 + 1202 406902121
6276 + 1202 406902121
6276 + 1218 406902121
6277 # 1504
6277 - 981 3 406902121
6277 - 1201 3 406902121
6277 # 1504
6277 - 1202 1 406902121
6277 + 1219 406902121
6277 + 1219 406902121
6277 + 1116 406902121
6278 # 1504
6278 - 1202 2 406902121
6278 # 1504
6278 - 1202 2 406902121
6278 + 1117 406902121
6278 + 1117 406902121
6278 + 1117 406902121
6278 + 986 406902121
6279 # 1504
6279 - 1218 3 406902121
6279 - 1219 2 406902121
6279 + 987 406902121
6279 + 987 406902121
6279 + 987 406902121
6280 # 1504
6280 - 1219 3 406902121
6280 # 1504
6280 - 1116 3 406902121
6281 # 1504
6281 - 1117 3 406902121
6281 - 1117 3 406902121
6281 # 1504
6281 - 1117 3 406902121
6282 # 1504
6282 - 986 4 406902121
6282 - 987 3 406902121
6282 # 1504
6282 - 987 3 406902121
6283 # 1504
6283 - 987 4 406902121
6283 # 1504
6284 # 1504
6284 # 1504
6285 # 1504
6286 # 1504
6286 # 1504
6287 # 1504
6287 # 1504
6287 + 102 2802403873
6288 # 1504
6288 - 102 1 2802403873
6288 # 1504
6289 # 1504
6289 # 1504
6289 + 989 406903741
6290 # 1504
6290 - 989 1 406903741
6290 + 989 406903741
6290 + 989 406903741
6290 + 989 406903741
6290 + 1215 406903741
6291 # 1504
6291 - 989 1 406903741
6291 # 1504
6291 - 989 1 406903741
6291 - 989 1 406903741
6291 + 1215 406903741
6291 + 1215 406903741
6292 # 1504
6292 - 1215 2 406903741
6292 # 1504
6292 - 1215 1 406903741
6292 + 926 406903741
6292 + 927 406903741
6293 # 1504
6293 - 1215 2 406903741
6293 # 1504
6293 - 926 1 406903741
6293 - 927 1 406903741
6293 + 927 406903741
6293 + 939 406903741
6293 + 939 406903741
6293 + 939 406903741
6294 # 1504
6294 - 927 1 406903741
6294 # 1504
6294 - 939 1 406903741
6294 - 939 1 406903741
6295 # 1504
6295 - 939 2 406903741
6295 + 1043 406903741
6295 + 1043 406903741
6295 + 1043 406903741
6295 + 1043 406903741
6295 + 1172 406903741
6295 + 1172 406903741
6295 + 1173 406903741
6296 # 1504
6296 - 1043 1 406903741
6296 # 1504
6296 - 1043 1 406903741
6296 + 1027 406903741
6296 + 1027 406903741
6296 + 1028 406903741
6297 # 1504
6297 - 1043 2 406903741
6297 - 1043 2 406903741
6297 # 1504
6297 - 1172 2 406903741
6297 + 1028 406903741
6297 + 1107 406903741
6297 + 1107 406903741
6297 + 1107 406903741
6298 # 1504
6298 - 1172 3 406903741
6298 # 1504
6298 - 1173 3 406903741
6298 - 1027 2 406903741
6298 + 1107 406903741
6299 # 1504
6299 - 1027 3 406903741
6299 # 1504
6299 - 1028 3 406903741
6299 - 1028 2 406903741
6300 # 1504
6300 - 1107 3 406903741
6300 # 1504
6300 - 1107 3 406903741
6301 # 1504
6301 - 1107 4 406903741
6301 - 1107 3 406903741
6302 # 1504
6302 # 1504
6302 + 102 2802403873
6303 # 1504
6303 - 102 1 2802403873
6303 # 1504
6304 # 1504
6304 # 1504
6305 # 1504
6305 # 1504
6306 # 1504
6307 # 1504
6307 # 1504
6307 + 1198 406905361
6308 # 1504
6308 - 1198 1 406905361
6308 # 1504
6308 + 1199 406905361
6308 + 1199 406905361
6308 + 1159 406905361
6309 # 1504
6309 - 1199 1 406905361
6309 # 1504
6309 - 1199 1 406905361
6309 + 1160 406905361
6310 # 1504
6310 - 1159 2 406905361
6310 # 1504
6310 - 1160 1 406905361
6310 + 1160 406905361
6310 + 1092 406905361
6310 + 1093 406905361
6311 # 1504
6311 - 1160 1 406905361
6311 # 1504
6311 - 1092 1 406905361
6311 + 1240 406905361
6311 + 1240 406905361
6311 + 984 406905361
6311 + 985 406905361
6312 # 1504
6312 - 1093 2 406905361
6312 + 985 406905361
6312 + 1137 406905361
6312 + 1138 406905361
6312 + 1138 406905361
6313 # 1504
6313 - 1240 2 406905361
6313 - 1240 2 406905361
6313 # 1504
6313 - 984 2 406905361
6313 + 1186 406905361
6313 + 1186 406905361
6313 + 1187 406905361
6314 # 1504
6314 - 985 3 406905361
6314 - 985 2 406905361
6314 # 1504
6314 - 1137 2 406905361
6314 + 1187 406905361
6314 + 978 406905361
6315 # 1504
6315 - 1138 3 406905361
6315 # 1504
6315 - 1138 3 406905361
6315 - 1186 2 406905361
6315 + 979 406905361
6315 + 979 406905361
6316 # 1504
6316 - 1186 3 406905361
6316 # 1504
6316 - 1187 3 406905361
6317 # 1504
6317 - 1187 3 406905361
6317 - 978 3 406905361
6317 + 979 406905361
6317 + 102 2802403873
6318 # 1504
6318 - 979 3 406905361
6318 # 1504
6318 - 979 3 406905361
6318 - 979 1 406905361
6318 - 102 1 2802403873
6319 # 1504
6319 # 1504
6320 # 1504
6320 # 1504
6321 # 1504
6321 # 1504
6322 # 1504
6323 # 1504
6323 # 1504
6324 # 1504
6324 # 1504
6325 # 1504
6325 # 1504
6325 + 102 2802403873
6325 + 1174 406906981
6326 # 1504
6326 - 102 1 2802403873
6326 - 1174 1 406906981
6326 # 1504
6326 + 1174 406906981
6326 + 1175 406906981
6326 + 1145 406906981
6327 # 1504
6327 - 1174 1 406906981
6327 # 1504
6327 - 1175 1 406906981
6327 + 1145 406906981
6328 # 1504
6328 - 1145 2 406906981
6328 + 1146 406906981
6328 + 1153 406906981
6328 + 1153 406906981
6329 # 1504
6329 - 1145 2 406906981
6329 - 1146 1 406906981
6329 # 1504
6329 - 1153 1 406906981
6329 + 1048 406906981
6329 + 1048 406906981
6329 + 1048 406906981
6329 + 883 406906981
6330 # 1504
6330 - 1153 2 406906981
6330 # 1504
6330 - 1048 1 406906981
6330 - 1048 1 406906981
6330 + 883 406906981
6330 + 883 406906981
6330 + 1144 406906981
6330 + 1144 406906981
6330 + 1191 406906981
6331 # 1504
6331 - 1048 2 406906981
6331 # 1504
6331 - 883 2 406906981
6331 - 883 1 406906981
6331 + 1191 406906981
6331 + 1191 406906981
6331 + 1191 406906981
6332 # 1504
6332 - 883 2 406906981
6332 - 1144 2 406906981
6332 # 1504
6332 - 1144 2 406906981
6332 + 1191 406906981
6333 # 1504
6333 - 1191 3 406906981
6333 + 1066 406906981
6333 + 1066 406906981
6334 # 1504
6334 - 1191 3 406906981
6334 # 1504
6334 - 1191 3 406906981
6334 - 1191 3 406906981
6334 + 1067 406906981
6334 + 1067 406906981
6335 # 1504
6335 - 1191 3 406906981
6335 # 1504
6335 - 1066 2 406906981
6336 # 1504
6336 - 1066 3 406906981
6336 - 1067 2 406906981
6336 # 1504
6336 - 1067 2 406906981
6336 + 102 2802403873
6337 # 1504
6337 - 102 1 2802403873
6337 # 1504
6338 # 1504
6338 # 1504
6339 # 1504
6340 # 1504
6340 # 1504
6341 # 1504
6341 # 1504
6342 # 1504
6342 # 1504
6343 # 1504
6343 # 1504
6343 + 1013 406908601
6344 # 1504
6344 - 1013 1 406908601
6344 + 1014 406908601
6344 + 1014 406908601
6344 + 1014 406908601
6344 + 980 406908601
6344 + 102 2802403873
6345 # 1504
6345 - 1014 1 406908601
6345 # 1504
6345 - 1014 1 406908601
6346 # 1504
6346 - 1014 2 406908601
6346 - 980 2 406908601
6346 - 102 2 2802403873
6346 # 1504
6346 + 980 406908601
6346 + 980 406908601
6346 + 981 406908601
6346 + 1089 406908601
6346 + 1089 406908601
6346 + 1089 406908601
6347 # 1504
6347 - 980 1 406908601
6347 # 1504
6347 - 980 1 406908601
6347 - 981 1 406908601
6347 + 1020 406908601
6347 + 1021 406908601
6347 + 1021 406908601
6347 + 1021 406908601
6348 # 1504
6348 - 1089 2 406908601
6348 # 1504
6348 - 1089 2 406908601
6348 + 1022 406908601
6348 + 1022 406908601
6348 + 1023 406908601
6349 # 1504
6349 - 1089 3 406908601
6349 - 1020 2 406908601
6350 # 1504
6350 - 1021 3 406908601
6350 # 1504
6350 - 1021 3 406908601
6350 - 1021 3 406908601
6350 + 1127 406908601
6350 + 1127 406908601
6350 + 1129 406908601
6350 + 1130 406908601
6351 # 1504
6351 - 1022 3 406908601
6351 # 1504
6351 - 1022 3 406908601
6351 - 1023 3 406908601
6351 + 1130 406908601
6351 + 1130 406908601
6351 + 1130 406908601
6352 # 1504
6352 - 1127 2 406908601
6352 # 1504
6352 - 1127 2 406908601
6352 + 1080 406908601
6352 + 1081 406908601
6352 + 1081 406908601
6352 + 1081 406908601
6353 # 1504
6353 - 1129 3 406908601
6353 - 1130 3 406908601
6353 # 1504
6353 - 1130 2 406908601
6353 + 1081 406908601
6354 # 1504
6354 - 1130 3 406908601
6354 # 1504
6354 - 1130 3 406908601
6354 - 1080 2 406908601
6356 # 1504
6356 - 1081 4 406908601
6356 + 102 2802403873
6359 # 1504
6359 - 1081 7 406908601
6361 # 1504
6361 - 1081 9 406908601
6361 - 1081 8 406908601
6361 - 102 5 2802403873
6361 + 1014 406910311
6362 + 1014 406910311
6362 + 1014 406910311
6362 + 1015 406910311
6363 + 1146 406910311
6364 # 1504
6364 - 1014 3 406910311
6364 + 1146 406910311
6364 + 1146 406910311
6364 + 1109 406910311
6364 + 1109 406910311
6365 + 1109 406910311
6365 + 1089 406910311
6365 + 1089 406910311
6366 # 1504
6366 - 1014 4 406910311
6367 + 1090 406910311
6367 + 870 406910311
6367 + 870 406910311
6367 + 870 406910311
6367 + 1232 406910311
6367 + 1232 406910311
6367 + 1161 406910311
6367 + 1161 406910311
6368 + 102 2802403873
6369 # 1504
6369 - 1014 7 406910311
6369 - 1015 7 406910311
6369 + 1162 406910311
6369 + 1162 406910311
6369 + 1162 406910311
6370 + 1125 406910311
6370 + 1125 406910311
6370 + 1125 406910311
6370 + 1125 406910311
6371 + 1125 406910311
6371 + 1125 406910311
6372 # 1504
6372 - 1146 9 406910311
6374 # 1504
6374 - 1146 10 406910311
6374 - 1146 10 406910311
6377 # 1504
6377 - 1109 13 406910311
6377 + 1107 406911931
6379 # 1504
6379 - 1109 15 406910311
6379 + 1107 406911931
6379 + 1107 406911931
6379 + 1063 406911931
6380 + 1063 406911931
6380 + 1063 406911931
6380 + 964 406911931
6380 + 965 406911931
6381 + 965 406911931
6381 + 968 406911931
6381 + 969 406911931
6381 + 945 406911931
6382 # 1504
6382 - 1109 17 406910311
6382 - 1089 17 406910311
6382 + 946 406911931
6382 + 977 406911931
6382 + 978 406911931
6382 + 1044 406911931
6383 + 1044 406911931
6384 + 1044 406911931
6384 + 1195 406911931
6384 + 1196 406911931
6384 + 102 2802403873
6384 + 1196 406911931
6385 # 1504
6385 - 1089 20 406910311
6387 # 1504
6387 - 1090 20 406910311
6387 - 870 20 406910311
6390 # 1504
6390 - 870 23 406910311
6393 # 1504
6393 - 870 26 406910311
6393 - 1232 26 406910311
6395 # 1504
6395 - 1232 28 406910311
6395 + 102 2802403873
6397 + 992 406913551
6398 # 1504
6398 - 1161 31 406910311
6398 + 993 406913551
6398 + 993 406913551
6398 + 993 406913551
6398 + 1232 406913551
6399 + 1232 406913551
6399 + 1232 406913551
6399 + 962 406913551
6400 # 1504
6400 - 1161 33 406910311
6400 - 102 32 2802403873
6401 + 963 406913551
6401 + 963 406913551
6401 + 973 406913551
6401 + 973 406913551
6402 + 973 406913551
6402 + 901 406913551
6402 + 901 406913551
6402 + 901 406913551
6402 + 897 406913551
6403 # 1504
6403 - 1162 34 406910311
6403 - 1162 34 406910311
6403 + 897 406913551
6403 + 898 406913551
6403 + 1073 406913551
6403 + 1073 406913551
6404 + 1073 406913551
6404 + 1074 406913551
6404 + 1074 406913551
6406 # 1504
6406 - 1162 37 406910311
6406 + 1235 406913551
6406 + 1235 406913551
6406 + 1235 406913551
6406 + 1236 406913551
6407 + 1236 406913551
6408 # 1504
6408 - 1125 38 406910311
6410 + 102 2802403873
6411 # 1504
6411 - 1125 41 406910311
6411 - 1125 41 406910311
6413 # 1504
6413 - 1125 43 406910311
6414 + 991 406915171
6415 + 991 406915171
6415 + 991 406915171
6415 + 991 406915171
6415 + 1061 406915171
6416 # 1504
6416 - 1125 45 406910311
6417 + 102 2802403873
6417 + 1062 406915171
6417 + 1062 406915171
6417 + 1023 406915171
6417 + 1023 406915171
6417 + 96 554869826
6418 + 1024 406915171
6418 + 970 406915171
6418 + 970 406915171
6418 + 971 406915171
6418 + 867 406915171
6418 + 867 406915171
6419 # 1504
6419 - 1125 48 406910311
6419 - 1107 42 406911931
6419 + 868 406915171
6420 + 875 406915171
6420 + 875 406915171
6420 + 875 406915171
6420 + 1153 406915171
6421 # 1504
6421 - 1107 42 406911931
6421 + 1153 406915171
6421 + 1154 406915171
6421 + 1154 406915171
6423 + 1093 406915171
6423 + 1093 406915171
6423 + 1093 406915171
6423 + 1093 406915171
6423 + 1093 406915171
6424 # 1504
6424 - 1107 45 406911931
6427 # 1504
6427 - 1063 48 406911931
6427 - 1063 47 406911931
6427 + 102 2802403873
6429 # 1504
6429 - 1063 49 406911931
6432 # 1504
6432 - 964 52 406911931
6432 - 965 52 406911931
6432 + 1000 406916791
6433 + 1001 406916791
6433 + 1001 406916791
6433 + 1001 406916791
6434 # 1504
6434 - 965 53 406911931
6434 + 102 2802403873
6434 + 1149 406916791
6435 + 1149 406916791
6435 + 1150 406916791
6435 + 1109 406916791
6436 + 1109 406916791
6436 + 1110 406916791
6436 + 1134 406916791
6436 + 1134 406916791
6436 + 1135 406916791
6437 # 1504
6437 - 968 56 406911931
6437 - 969 56 406911931
6437 + 1053 406916791
6437 + 1053 406916791
6437 + 1054 406916791
6437 + 1076 406916791
6439 + 1076 406916791
6439 + 1077 406916791
6439 + 1093 406916791
6440 # 1504
6440 - 945 59 406911931
6440 - 946 58 406911931
6440 + 1093 406916791
6440 + 1093 406916791
6440 + 1094 406916791
6440 + 1186 406916791
6441 + 1186 406916791
6441 + 1186 406916791
6441 + 1187 406916791
6442 # 1504
6442 - 977 60 406911931
6443 + 102 2802403873
6445 # 1504
6445 - 978 63 406911931
6445 - 1044 63 406911931
6447 # 1504
6447 - 1044 64 406911931
6450 # 1504
6450 - 1044 66 406911931
6451 + 1068 406918411
6452 + 1068 406918411
6452 + 1068 406918411
6452 + 1068 406918411
6453 # 1504
6453 - 1195 69 406911931
6453 - 1196 69 406911931
6453 - 102 69 2802403873
6453 + 1202 406918411
6453 + 1202 406918411
6453 + 1203 406918411
6454 + 1053 406918411
6454 + 1054 406918411
6454 + 1054 406918411
6455 # 1504
6455 - 1196 71 406911931
6455 - 102 60 2802403873
6456 + 102 2802403873
6456 + 1157 406918411
6456 + 1158 406918411
6456 + 1158 406918411
6456 + 1104 406918411
6457 + 1104 406918411
6457 + 1104 406918411
6457 + 1045 406918411
6457 + 1045 406918411
6458 # 1504
6458 - 992 61 406913551
6458 + 1046 406918411
6458 + 952 406918411
6458 + 952 406918411
6458 + 952 406918411
6459 + 952 406918411
6459 + 1075 406918411
6459 + 1076 406918411
6460 # 1504
6460 - 993 62 406913551
6460 - 993 62 406913551
6460 + 1076 406918411
6461 + 1076 406918411
6461 + 1076 406918411
6463 # 1504
6463 - 993 65 406913551
6465 + 102 2802403873
6466 # 1504
6466 - 1232 68 406913551
6468 # 1504
6468 - 1232 69 406913551
6468 - 1232 69 406913551
6468 + 1204 406920031
6469 + 1205 406920031
6469 + 1205 406920031
6470 + 975 406920031
6470 + 976 406920031
6470 + 976 406920031
6470 + 976 406920031
6471 # 1504
6471 - 962 72 406913551
6471 + 1029 406920031
6471 + 1029 406920031
6471 + 1029 406920031
6472 + 956 406920031
6472 + 957 406920031
6473 + 957 406920031
6473 + 957 406920031
6473 + 989 406920031
6473 + 989 406920031
6474 # 1504
6474 - 963 73 406913551
6474 - 963 73 406913551
6474 + 989 406920031
6474 + 989 406920031
6474 + 1132 406920031
6474 + 1132 406920031
6475 + 1133 406920031
6475 + 1043 406920031
6475 + 1043 406920031
6476 # 1504
6476 - 973 75 406913551
6476 + 1043 406920031
6477 + 1044 406920031
6477 + 1016 406920031
6477 + 1016 406920031
6477 + 1017 406920031
6478 + 1017 406920031
6478 + 1017 406920031
6479 # 1504
6479 - 973 78 406913551
6479 - 973 77 406913551
6479 + 102 2802403873
6481 # 1504
6481 - 901 79 406913551
6484 # 1504
6484 - 901 82 406913551
6484 - 901 82 406913551
6487 # 1504
6487 - 897 85 406913551
6487 - 897 84 406913551
6487 + 1229 406921651
6488 + 102 2802403873
6488 + 1229 406921651
6488 + 1230 406921651
6488 + 1199 406921651
6489 # 1504
6489 - 898 86 406913551
6490 + 1199 406921651
6490 + 1199 406921651
6490 + 1027 406921651
6490 + 1027 406921651
6490 + 1027 406921651
6491 + 1121 406921651
6491 + 1122 406921651
6491 + 1122 406921651
6491 + 1038 406921651
6492 # 1504
6492 - 1073 89 406913551
6492 - 1073 89 406913551
6493 + 1038 406921651
6493 + 1038 406921651
6493 + 1038 406921651
6493 + 1123 406921651
6493 + 1123 406921651
6494 # 1504
6494 - 1073 90 406913551
6494 + 1124 406921651
6494 + 947 406921651
6494 + 947 406921651
6495 + 948 406921651
6495 + 948 406921651
6495 + 1125 406921651
6495 + 1125 406921651
6496 + 1125 406921651
6496 + 1126 406921651
6497 # 1504
6497 - 1074 93 406913551
6497 - 1074 93 406913551
6500 # 1504
6500 - 1235 94 406913551
6502 # 1504
6502 - 1235 96 406913551
6502 + 102 2802403873
6505 # 1504
6505 - 1235 99 406913551
6505 + 1072 406923271
6506 + 1072 406923271
6506 + 1072 406923271
6506 + 1210 406923271
6506 + 1210 406923271
6508 # 1504
6508 - 1236 102 406913551
6508 + 1211 406923271
6508 + 1053 406923271
6508 + 1054 406923271
6508 + 1054 406923271
6509 + 1161 406923271
6509 + 1161 406923271
6509 + 1162 406923271
6510 # 1504
6510 - 1236 103 406913551
6510 - 102 100 2802403873
6510 - 991 96 406915171
6510 + 1082 406923271
6510 + 1083 406923271
6510 + 1083 406923271
6510 + 1083 406923271
6511 + 102 2802403873
6511 + 961 406923271
6511 + 961 406923271
6511 + 962 406923271
6512 + 962 406923271
6513 # 1504
6513 - 991 98 406915171
6513 + 1235 406923271
6513 + 1235 406923271
6513 + 1235 406923271
6513 + 1074 406923271
6515 # 1504
6515 - 991 100 406915171
6515 - 991 100 406915171
6515 + 1074 406923271
6515 + 1075 406923271
6515 + 1075 406923271
6518 # 1504
6518 - 1061 103 406915171
6518 - 102 101 2802403873
6520 + 102 2802403873
6521 # 1504
6521 - 1062 104 406915171
6521 - 1062 104 406915171
6523 # 1504
6523 - 1023 106 406915171
6523 + 1079 406924891
6524 + 1080 406924891
6524 + 1080 406924891
6524 + 1229 406924891
6525 + 1229 406924891
6525 + 1230 406924891
6525 + 1065 406924891
6526 # 1504
6526 - 1023 109 406915171
6526 - 96 109 554869826
6526 + 1066 406924891
6527 + 1066 406924891
6527 + 1078 406924891
6527 + 1078 406924891
6527 + 1078 406924891
6528 # 1504
6528 - 1024 110 406915171
6528 - 970 110 406915171
6528 + 1064 406924891
6528 + 1064 406924891
6528 + 1064 406924891
6530 + 1064 406924891
6530 + 979 406924891
6530 + 979 406924891
6530 + 980 406924891
6530 + 980 406924891
6530 + 984 406924891
6530 + 984 406924891
6531 # 1504
6531 - 970 113 406915171
6531 + 984 406924891
6531 + 985 406924891
6531 + 1112 406924891
6531 + 1113 406924891
6532 + 1113 406924891
6532 + 1113 406924891
6534 # 1504
6534 - 971 116 406915171
6534 - 867 116 406915171
6535 + 102 2802403873
6536 # 1504
6536 - 867 118 406915171
6536 - 868 117 406915171
6539 # 1504
6539 - 875 119 406915171
6539 - 875 119 406915171
6541 # 1504
6541 - 875 121 406915171
6541 + 804 406926511
6542 + 804 406926511
6542 + 1222 406926511
6542 + 1223 406926511
6543 + 1223 406926511
6543 + 1129 406926511
6543 + 1129 406926511
6543 + 1130 406926511
6544 # 1504
6544 - 1153 124 406915171
6545 + 959 406926511
6545 + 959 406926511
6545 + 959 406926511
6545 + 959 406926511
6545 + 1018 406926511
6546 + 1019 406926511
6546 + 1019 406926511
6546 + 1019 406926511
6546 + 1224 406926511
6547 # 1504
6547 - 1153 126 406915171
6547 - 1154 126 406915171
6547 + 1224 406926511
6547 + 1224 406926511
6547 + 1102 406926511
6549 # 1504
6549 - 1154 128 406915171
6549 + 1102 406926511
6549 + 1102 406926511
6549 + 1103 406926511
6549 + 1239 406926511
6549 + 102 2802403873
6550 + 1239 406926511
6550 + 1240 406926511
6550 + 1240 406926511
6552 # 1504
6552 - 1093 129 406915171
6554 # 1504
6554 - 1093 131 406915171
6554 - 1093 131 406915171
6554 # 1504
6554 - 1093 131 406915171
6555 # 1504
6555 - 1093 132 406915171
6555 - 102 128 2802403873
6555 - 1000 123 406916791
6555 # 1504
6555 - 1001 122 406916791
6556 # 1504
6556 - 1001 123 406916791
6556 - 1001 123 406916791
6556 - 102 122 2802403873
6556 # 1504
6556 - 1149 122 406916791
6557 # 1504
6557 - 1149 122 406916791
6557 + 102 2802403873
6558 # 1504
6558 - 1150 123 406916791
6558 # 1504
6558 - 1109 123 406916791
6558 - 1109 122 406916791
6559 # 1504
6559 - 1110 123 406916791
6559 # 1504
6559 - 1134 123 406916791
6559 - 1134 123 406916791
6559 + 1047 406928131
6560 # 1504
6560 - 1135 124 406916791
6560 + 1048 406928131
6560 + 997 406928131
6560 + 998 406928131
6561 # 1504
6561 - 1053 124 406916791
6561 # 1504
6561 - 1053 124 406916791
6561 - 1054 124 406916791
6562 # 1504
6562 - 1076 125 406916791
6562 # 1504
6562 - 1076 123 406916791
6562 + 998 406928131
6562 + 1180 406928131
6562 + 1181 406928131
6562 + 1181 406928131
6562 + 995 406928131
6563 # 1504
6563 - 1077 124 406916791
6563 - 1093 124 406916791
6563 # 1504
6563 - 1093 123 406916791
6563 + 995 406928131
6563 + 995 406928131
6563 + 996 406928131
6563 + 974 406928131
6564 # 1504
6564 - 1093 124 406916791
6564 - 1094 124 406916791
6564 + 975 406928131
6564 + 975 406928131
6564 + 975 406928131
6564 + 1103 406928131
6564 + 1103 406928131
6565 # 1504
6565 - 1186 125 406916791
6565 # 1504
6565 - 1186 124 406916791
6566 # 1504
6566 - 1186 125 406916791
6566 # 1504
6566 - 1187 125 406916791
6566 - 102 123 2802403873
6566 - 1068 115 406918411
6566 + 1104 406928131
6566 + 1104 406928131
6566 + 1025 406928131
6566 + 1025 406928131
6567 # 1504
6567 - 1068 115 406918411
6567 + 1025 406928131
6567 + 1025 406928131
6567 + 1144 406928131
6568 # 1504
6568 - 1068 116 406918411
6568 - 1068 116 406918411
6568 # 1504
6568 - 1202 115 406918411
6568 + 1144 406928131
6568 + 1144 406928131
6568 + 1145 406928131
6569 # 1504
6569 - 1202 116 406918411
6569 # 1504
6569 - 1203 116 406918411
6570 # 1504
6570 - 1053 116 406918411
6570 - 1054 116 406918411
6570 # 1504
6570 - 1054 116 406918411
6570 - 102 114 2802403873
6570 + 102 2802403873
6571 # 1504
6571 - 1157 115 406918411
6572 # 1504
6572 - 1158 116 406918411
6572 - 1158 116 406918411
6572 # 1504
6572 - 1104 116 406918411
6573 # 1504
6573 - 1104 116 406918411
6573 # 1504
6573 - 1104 116 406918411
6573 - 1045 116 406918411
6574 # 1504
6574 - 1045 117 406918411
6575 # 1504
6575 - 1046 117 406918411
6575 - 952 117 406918411
6575 # 1504
6575 - 952 117 406918411
6576 # 1504
6576 - 952 118 406918411
6576 - 952 117 406918411
6576 # 1504
6576 - 1075 117 406918411
6576 + 102 2802403873
6577 # 1504
6577 - 1076 118 406918411
6577 - 1076 117 406918411
6577 # 1504
6577 - 1076 116 406918411
6578 # 1504
6578 - 1076 117 406918411
6578 - 102 113 2802403873
6578 + 1094 406929751
6578 + 1095 406929751
6579 # 1504
6579 - 1204 111 406920031
6579 - 1205 110 406920031
6579 # 1504
6579 - 1205 110 406920031
6579 + 1164 406929751
6579 + 1165 406929751
6579 + 1055 406929751
6579 + 1055 406929751
6580 # 1504
6580 - 975 110 406920031
6580 # 1504
6580 - 976 110 406920031
6580 - 976 110 406920031
6581 # 1504
6581 - 976 111 406920031
6581 - 1029 110 406920031
6581 + 1056 406929751
6581 + 1232 406929751
6581 + 1232 406929751
6581 + 1232 406929751
6582 # 1504
6582 - 1029 111 406920031
6582 # 1504
6582 - 1029 111 406920031
6582 - 956 110 406920031
6582 + 1050 406929751
6582 + 1050 406929751
6582 + 1050 406929751
6583 # 1504
6583 - 957 111 406920031
6583 # 1504
6583 - 957 110 406920031
6583 - 957 110 406920031
6583 + 1050 406929751
6583 + 955 406929751
6583 + 956 406929751
6583 + 956 406929751
6583 + 956 406929751
6584 # 1504
6584 - 989 111 406920031
6584 + 1032 406929751
6584 + 1032 406929751
6584 + 1032 406929751
6584 + 1033 406929751
6585 # 1504
6585 - 989 112 406920031
6585 - 989 111 406920031
6585 # 1504
6585 - 989 111 406920031
6585 + 1122 406929751
6585 + 1123 406929751
6585 + 1123 406929751
6586 # 1504
6586 - 1132 112 406920031
6586 # 1504
6586 - 1132 112 406920031
6586 - 1133 111 406920031
6586 + 1123 406929751
6587 # 1504
6587 - 1043 112 406920031
6587 # 1504
6587 - 1043 112 406920031
6587 - 1043 111 406920031
6588 # 1504
6588 - 1044 111 406920031
6589 # 1504
6589 - 1016 112 406920031
6589 - 1016 112 406920031
6589 # 1504
6589 - 1017 112 406920031
6590 # 1504
6590 - 1017 112 406920031
6590 - 1017 112 406920031
6590 # 1504
6590 - 102 111 2802403873
6590 - 1229 103 406921651
6590 - 102 102 2802403873
6590 + 102 2802403873
6591 # 1504
6591 - 1229 103 406921651
6592 # 1504
6592 - 1230 104 406921651
6592 # 1504
6592 - 1199 104 406921651
6593 # 1504
6593 - 1199 103 406921651
6593 - 1199 103 406921651
6593 # 1504
6593 - 1027 103 406921651
6594 # 1504
6594 - 1027 104 406921651
6594 - 1027 104 406921651
6594 # 1504
6594 - 1121 103 406921651
6595 # 1504
6595 - 1122 104 406921651
6595 + 999 406931371
6596 # 1504
6596 - 1122 105 406921651
6596 - 1038 105 406921651
6596 # 1504
6596 - 1038 103 406921651
6597 # 1504
6597 - 1038 104 406921651
6597 - 1038 104 406921651
6597 # 1504
6597 - 1123 104 406921651
6597 + 999 406931371
6597 + 825 406931371
6597 + 826 406931371
6597 + 983 406931371
6598 # 1504
6598 - 1123 105 406921651
6598 + 983 406931371
6598 + 983 406931371
6598 + 951 406931371
6598 + 951 406931371
6598 + 952 406931371
6599 # 1504
6599 - 1124 105 406921651
6599 - 947 105 406921651
6599 # 1504
6599 - 947 105 406921651
6600 # 1504
6600 - 948 105 406921651
6600 - 948 105 406921651
6600 # 1504
6600 - 1125 105 406921651
6600 + 952 406931371
6600 + 1066 406931371
6600 + 1066 406931371
6600 + 1066 406931371
6600 + 1067 406931371
6600 + 1153 406931371
6601 # 1504
6601 - 1125 106 406921651
6601 - 1125 105 406921651
6601 # 1504
6601 - 1126 105 406921651
6601 - 102 99 2802403873
6601 + 1153 406931371
6601 + 1153 406931371
6601 + 949 406931371
6601 + 949 406931371
6602 # 1504
6602 - 1072 97 406923271
6603 # 1504
6603 - 1072 97 406923271
6603 - 1072 97 406923271
6603 # 1504
6603 - 1210 97 406923271
6603 + 102 2802403873
6603 + 950 406931371
6603 + 950 406931371
6603 + 1080 406931371
6603 + 1080 406931371
6603 + 1080 406931371
6604 # 1504
6604 - 1210 98 406923271
6604 # 1504
6604 - 1211 96 406923271
6604 + 1080 406931371
6605 # 1504
6605 - 1053 97 406923271
6605 - 1054 97 406923271
6606 # 1504
6606 - 1054 98 406923271
6606 # 1504
6606 - 1161 97 406923271
6606 - 1161 97 406923271
6607 # 1504
6607 - 1162 98 406923271
6607 # 1504
6607 - 1082 97 406923271
6608 # 1504
6608 - 1083 98 406923271
6608 - 1083 98 406923271
6609 # 1504
6609 - 1083 99 406923271
6609 - 102 98 2802403873
6609 # 1504
6609 - 961 98 406923271
6609 - 961 98 406923271
6609 + 102 2802403873
6610 # 1504
6610 - 962 99 406923271
6610 # 1504
6610 - 962 98 406923271
6611 # 1504
6611 - 1235 98 406923271
6611 - 1235 98 406923271
6611 # 1504
6611 - 1235 98 406923271
6612 # 1504
6612 - 1074 99 406923271
6613 # 1504
6613 - 1074 98 406923271
6613 - 1075 98 406923271
6613 # 1504
6613 - 1075 98 406923271
6613 - 102 93 2802403873
6613 + 1054 406932991
6614 # 1504
6614 - 1079 91 406924891
6614 # 1504
6614 - 1080 90 406924891
6614 - 1080 90 406924891
6614 + 1055 406932991
6614 + 904 406932991
6614 + 904 406932991
6614 + 853 406932991
6615 # 1504
6615 - 1229 91 406924891
6615 + 854 406932991
6615 + 854 406932991
6616 # 1504
6616 - 1229 91 406924891
6616 # 1504
6616 - 1230 91 406924891
6616 - 1065 91 406924891
6616 + 1111 406932991
6616 + 1112 406932991
6616 + 1112 406932991
6617 # 1504
6617 - 1066 91 406924891
6617 # 1504
6617 - 1066 90 406924891
6617 + 962 406932991
6617 + 962 406932991
6617 + 963 406932991
6617 + 963 406932991
6617 + 1059 406932991
6618 # 1504
6618 - 1078 91 406924891
6618 - 1078 91 406924891
6618 # 1504
6618 - 1078 91 406924891
6618 + 1059 406932991
6618 + 1059 406932991
6618 + 1072 406932991
6619 # 1504
6619 - 1064 91 406924891
6619 - 1064 91 406924891
6619 + 1072 406932991
6619 + 1073 406932991
6620 # 1504
6620 - 1064 92 406924891
6620 # 1504
6620 - 1064 90 406924891
6620 + 1008 406932991
6620 + 1008 406932991
6620 + 1008 406932991
6620 + 102 2802403873
6620 + 1009 406932991
6621 # 1504
6621 - 979 91 406924891
6621 - 979 91 406924891
6621 # 1504
6621 - 980 91 406924891
6621 - 980 91 406924891
6622 # 1504
6622 - 984 92 406924891
6623 # 1504
6623 - 984 93 406924891
6623 - 984 92 406924891
6623 # 1504
6623 - 985 92 406924891
6624 # 1504
6624 - 1112 93 406924891
6624 # 1504
6624 - 1113 93 406924891
6624 - 1113 92 406924891
6625 # 1504
6625 - 1113 93 406924891
6625 - 102 90 2802403873
6625 # 1504
6625 - 804 84 406926511
6625 - 804 83 406926511
6625 + 118 2802403873
6626 # 1504
6626 - 1222 84 406926511
6627 # 1504
6627 - 1223 85 406926511
6627 # 1504
6627 - 1223 84 406926511
6627 - 1129 84 406926511
6628 # 1504
6628 - 1129 85 406926511
6628 # 1504
6628 - 1130 85 406926511
6629 # 1504
6629 - 959 84 406926511
6629 - 959 84 406926511
6630 # 1504
6630 - 959 85 406926511
6630 - 959 85 406926511
6630 # 1504
6630 - 1018 85 406926511
6631 # 1504
6631 - 1019 85 406926511
6631 - 1019 85 406926511
6631 # 1504
6631 - 1019 85 406926511
6632 # 1504
6632 - 1224 86 406926511
6632 # 1504
6632 - 1224 85 406926511
6633 # 1504
6633 - 1224 86 406926511
6633 - 1102 86 406926511
6633 + 1102 406934611
6634 # 1504
6634 - 1102 85 406926511
6634 # 1504
6634 - 1102 85 406926511
6634 + 1102 406934611
6634 + 1103 406934611
6635 # 1504
6635 - 1103 86 406926511
6635 - 1239 86 406926511
6635 - 102 86 2802403873
6635 # 1504
6635 - 1239 85 406926511
6635 + 1103 406934611
6635 + 1218 406934611
6635 + 1218 406934611
6635 + 102 2802403873
6636 # 1504
6636 - 1240 86 406926511
6636 + 1218 406934611
6636 + 1194 406934611
6637 # 1504
6637 - 1240 87 406926511
6637 - 102 80 2802403873
6637 # 1504
6637 - 1047 78 406928131
6637 - 1048 77 406928131
6638 # 1504
6638 - 997 78 406928131
6638 # 1504
6638 - 998 78 406928131
6638 - 998 76 406928131
6639 # 1504
6639 - 1180 77 406928131
6639 + 1195 406934611
6639 + 1195 406934611
6639 + 1109 406934611
6639 + 1109 406934611
6640 # 1504
6640 - 1181 78 406928131
6640 # 1504
6640 - 1181 78 406928131
6640 - 995 78 406928131
6641 # 1504
6641 - 995 78 406928131
6641 # 1504
6641 - 995 78 406928131
6641 - 996 78 406928131
6641 + 1110 406934611
6641 + 1110 406934611
6641 + 1110 406934611
6641 + 1066 406934611
6641 + 1066 406934611
6642 # 1504
6642 - 974 79 406928131
6642 # 1504
6642 - 975 78 406928131
6642 - 975 78 406928131
6643 # 1504
6643 - 975 79 406928131
6643 + 1067 406934611
6643 + 1067 406934611
6643 + 1118 406934611
6643 + 1118 406934611
6643 + 1119 406934611
6644 # 1504
6644 - 1103 80 406928131
6644 - 1103 80 406928131
6644 # 1504
6644 - 1104 78 406928131
6645 # 1504
6645 - 1104 79 406928131
6645 # 1504
6645 - 1025 79 406928131
6645 - 1025 79 406928131
6645 + 1119 406934611
6645 + 1050 406934611
6645 + 1050 406934611
6646 # 1504
6646 - 1025 79 406928131
6646 + 1050 406934611
6646 + 1051 406934611
6646 + 102 2802403873
6647 # 1504
6647 - 1025 80 406928131
6647 - 1144 80 406928131
6647 # 1504
6647 - 1144 79 406928131
6648 # 1504
6648 - 1144 80 406928131
6648 # 1504
6648 - 1145 80 406928131
6648 - 102 78 2802403873
6648 - 102 72 2802403873
6648 - 1094 70 406929751
6648 + 1051 406934611
6648 + 1205 406934611
6648 + 1205 406934611
6648 + 1206 406934611
6648 + 1206 406934611
6649 # 1504
6649 - 1095 71 406929751
6649 # 1504
6649 - 1164 70 406929751
6649 + 1025 406936231
6650 # 1504
6650 - 1165 71 406929751
6650 - 1055 71 406929751
6651 # 1504
6651 - 1055 72 406929751
6651 # 1504
6651 - 1056 70 406929751
6651 + 1025 406936231
6651 + 1025 406936231
6651 + 1025 406936231
6651 + 1096 406936231
6652 # 1504
6652 - 1232 71 406929751
6652 # 1504
6652 - 1232 71 406929751
6652 - 1232 71 406929751
6652 + 1096 406936231
6653 # 1504
6653 - 1050 71 406929751
6653 + 1097 406936231
6653 + 1003 406936231
6654 # 1504
6654 - 1050 72 406929751
6654 - 1050 72 406929751
6654 # 1504
6654 - 1050 71 406929751
6654 + 1003 406936231
6654 + 1003 406936231
6654 + 1004 406936231
6655 # 1504
6655 - 955 72 406929751
6655 - 956 72 406929751
6655 # 1504
6655 - 956 72 406929751
6656 # 1504
6656 - 956 73 406929751
6656 - 1032 72 406929751
6656 # 1504
6656 - 1032 72 406929751
6657 # 1504
6657 - 1032 73 406929751
6657 - 1033 73 406929751
6657 + 1238 406936231
6657 + 1238 406936231
6657 + 1238 406936231
6657 + 1238 406936231
6657 + 1044 406936231
6657 + 102 2802403873
6657 + 1044 406936231
6658 # 1504
6658 - 1122 73 406929751
6658 # 1504
6658 - 1123 73 406929751
6659 # 1504
6659 - 1123 74 406929751
6659 - 1123 73 406929751
6659 - 102 69 2802403873
6659 # 1504
6659 - 999 64 406931371
6659 + 1044 406936231
6659 + 1044 406936231
6659 + 1044 406936231
6659 + 1188 406936231
6660 # 1504
6660 - 999 63 406931371
6660 - 825 63 406931371
6661 # 1504
6661 - 826 64 406931371
6661 # 1504
6661 - 983 64 406931371
6661 - 983 63 406931371
6661 + 1188 406936231
6661 + 1189 406936231
6661 + 1189 406936231
6661 + 1070 406936231
6662 # 1504
6662 - 983 64 406931371
6662 - 951 64 406931371
6662 # 1504
6662 - 951 64 406931371
6662 + 1070 406936231
6663 # 1504
6663 - 952 65 406931371
6663 - 952 63 406931371
6664 # 1504
6664 - 1066 64 406931371
6664 # 1504
6664 - 1066 64 406931371
6664 + 1071 406936231
6664 + 1071 406936231
6664 + 1071 406936231
6664 + 1122 406936231
6664 + 1122 406936231
6665 # 1504
6665 - 1066 65 406931371
6665 - 1067 65 406931371
6665 # 1504
6665 - 1153 65 406931371
6666 # 1504
6666 - 1153 65 406931371
6666 # 1504
6666 - 1153 65 406931371
6666 - 949 65 406931371
6666 + 1122 406936231
6666 + 1122 406936231
6667 # 1504
6667 - 949 66 406931371
6667 - 102 64 2802403873
6667 - 950 64 406931371
6667 + 1122 406936231
6667 + 1122 406936231
6668 # 1504
6668 - 950 65 406931371
6668 # 1504
6668 - 1080 65 406931371
6668 + 102 2802403873
6668 + 916 406937851
6669 # 1504
6669 - 1080 66 406931371
6669 - 1080 66 406931371
6669 # 1504
6669 - 1080 65 406931371
6669 - 102 60 2802403873
6670 # 1504
6670 - 1054 57 406932991
6670 - 1055 56 406932991
6670 + 916 406937851
6670 + 916 406937851
6670 + 956 406937851
6670 + 957 406937851
6671 # 1504
6671 - 904 57 406932991
6671 # 1504
6671 - 904 57 406932991
6671 - 853 57 406932991
6671 + 961 406937851
6672 # 1504
6672 - 854 57 406932991
6672 - 854 57 406932991
6672 # 1504
6672 - 1111 56 406932991
6672 + 961 406937851
6672 + 962 406937851
6672 + 962 406937851
6672 + 1214 406937851
6673 # 1504
6673 - 1112 57 406932991
6673 # 1504
6673 - 1112 57 406932991
6673 - 962 56 406932991
6673 + 1214 406937851
6673 + 1214 406937851
6674 # 1504
6674 - 962 57 406932991
6674 - 963 57 406932991
6674 + 994 406937851
6675 # 1504
6675 - 963 58 406932991
6675 # 1504
6675 - 1059 58 406932991
6675 + 994 406937851
6675 + 994 406937851
6676 # 1504
6676 - 1059 58 406932991
6676 - 1059 58 406932991
6676 # 1504
6676 - 1072 58 406932991
6677 # 1504
6677 - 1072 58 406932991
6677 - 1073 58 406932991
6677 + 994 406937851
6677 + 1041 406937851
6677 + 1041 406937851
6677 + 1041 406937851
6677 + 1117 406937851
6678 # 1504
6678 - 1008 58 406932991
6678 # 1504
6678 - 1008 58 406932991
6678 - 1008 58 406932991
6678 - 102 58 2802403873
6678 + 102 2802403873
6679 # 1504
6679 - 1009 59 406932991
6679 - 118 54 2802403873
6679 # 1504
6679 - 1102 46 406934611
6679 + 1118 406937851
6680 # 1504
6680 - 1102 46 406934611
6680 - 1103 46 406934611
6680 # 1504
6680 - 1103 45 406934611
6680 + 1118 406937851
6680 + 1118 406937851
6680 + 1169 406937851
6680 + 1169 406937851
6681 # 1504
6681 - 1218 46 406934611
6682 # 1504
6682 - 1218 47 406934611
6682 - 102 47 2802403873
6682 # 1504
6682 - 1218 46 406934611
6682 - 1194 46 406934611
6682 + 1169 406937851
6682 + 1169 406937851
6682 + 1169 406937851
6683 # 1504
6683 - 1195 44 406934611
6683 # 1504
6683 - 1195 44 406934611
6684 # 1504
6684 - 1109 45 406934611
6685 # 1504
6685 - 1109 46 406934611
6685 - 1110 44 406934611
6685 # 1504
6685 - 1110 44 406934611
6686 # 1504
6686 - 1110 45 406934611
6686 - 1066 45 406934611
6686 # 1504
6686 - 1066 45 406934611
6686 + 767 406939561
6687 # 1504
6687 - 1067 44 406934611
6687 # 1504
6687 - 1067 44 406934611
6687 - 1118 44 406934611
6688 # 1504
6688 - 1118 45 406934611
6689 # 1504
6689 - 1119 46 406934611
6689 # 1504
6689 - 1119 44 406934611
6689 - 1050 44 406934611
6689 + 768 406939561
6689 + 1117 406939561
6689 + 1118 406939561
6689 + 1220 406939561
6689 + 1220 406939561
6690 # 1504
6690 - 1050 45 406934611
6690 # 1504
6690 - 1050 44 406934611
6690 - 1051 44 406934611
6690 - 102 44 2802403873
6691 # 1504
6691 - 1051 43 406934611
6691 + 1221 406939561
6691 + 1182 406939561
6691 + 1183 406939561
6691 + 1183 406939561
6692 # 1504
6692 - 1205 44 406934611
6692 # 1504
6692 - 1205 44 406934611
6692 - 1206 44 406934611
6692 + 1085 406939561
6692 + 1085 406939561
6692 + 1085 406939561
6692 + 102 2802403873
6693 # 1504
6693 - 1206 45 406934611
6693 # 1504
6693 - 1025 44 406936231
6693 + 1086 406939561
6694 # 1504
6694 - 1025 43 406936231
6694 - 1025 43 406936231
6694 + 1007 406939561
6694 + 1007 406939561
6695 # 1504
6695 - 1025 44 406936231
6695 # 1504
6695 - 1096 44 406936231
6695 - 1096 43 406936231
6695 + 1007 406939561
6695 + 1008 406939561
6695 + 1230 406939561
6696 # 1504
6696 - 1097 43 406936231
6696 # 1504
6696 - 1003 43 406936231
6697 # 1504
6697 - 1003 43 406936231
6697 - 1003 43 406936231
6697 # 1504
6697 - 1004 43 406936231
6697 + 1230 406939561
6697 + 1231 406939561
6697 + 1231 406939561
6697 + 1082 406939561
6698 # 1504
6698 - 1238 41 406936231
6699 # 1504
6699 - 1238 42 406936231
6699 - 1238 42 406936231
6699 # 1504
6699 - 1238 42 406936231
6699 + 1082 406939561
6699 + 1082 406939561
6699 + 1082 406939561
6699 + 102 2802403873
6700 # 1504
6700 - 1044 43 406936231
6700 - 102 43 2802403873
6700 # 1504
6700 - 1044 43 406936231
6700 - 1044 41 406936231
6701 # 1504
6701 - 1044 42 406936231
6701 + 1082 406939561
6701 + 1082 406939561
6702 # 1504
6702 - 1044 43 406936231
6702 - 1188 43 406936231
6702 # 1504
6702 - 1188 41 406936231
6703 # 1504
6703 - 1189 42 406936231
6703 # 1504
6703 - 1189 42 406936231
6704 # 1504
6704 - 1070 43 406936231
6704 - 1070 42 406936231
6704 # 1504
6704 - 1071 40 406936231
6704 + 1024 406941181
6705 # 1504
6705 - 1071 41 406936231
6705 - 1071 41 406936231
6706 # 1504
6706 - 1122 42 406936231
6706 # 1504
6706 - 1122 42 406936231
6707 # 1504
6707 - 1122 41 406936231
6707 - 1122 41 406936231
6707 # 1504
6707 - 1122 40 406936231
6707 + 1025 406941181
6707 + 936 406941181
6707 + 936 406941181
6707 + 936 406941181
6707 + 951 406941181
6707 + 102 2802403873
6708 # 1504
6708 - 1122 41 406936231
6708 - 102 40 2802403873
6709 # 1504
6709 - 916 41 406937851
6709 - 916 39 406937851
6709 # 1504
6709 - 916 39 406937851
6709 - 956 39 406937851
6709 + 951 406941181
6709 + 951 406941181
6709 + 952 406941181
6709 + 976 406941181
6709 + 977 406941181
6709 + 977 406941181
6710 # 1504
6710 - 957 40 406937851
6710 # 1504
6710 - 961 39 406937851
6710 - 961 38 406937851
6711 # 1504
6711 - 962 39 406937851
6711 # 1504
6711 - 962 39 406937851
6711 - 1214 39 406937851
6711 + 977 406941181
6711 + 1079 406941181
6711 + 1079 406941181
6711 + 1079 406941181
6712 # 1504
6712 - 1214 39 406937851
6712 + 1080 406941181
6712 + 1235 406941181
6713 # 1504
6713 - 1214 40 406937851
6713 # 1504
6713 - 994 39 406937851
6713 - 994 38 406937851
6713 + 102 2802403873
6713 + 1236 406941181
6713 + 1236 406941181
6714 # 1504
6714 - 994 39 406937851
6714 # 1504
6714 - 994 37 406937851
6714 - 1041 37 406937851
6715 # 1504
6715 - 1041 38 406937851
6715 + 1048 406941181
6716 # 1504
6716 - 1041 39 406937851
6716 # 1504
6716 - 1117 39 406937851
6716 - 102 38 2802403873
6716 - 1118 37 406937851
6716 + 1048 406941181
6716 + 1049 406941181
6716 + 1049 406941181
6716 + 1049 406941181
6717 # 1504
6717 - 1118 37 406937851
6717 # 1504
6717 - 1118 37 406937851
6718 # 1504
6718 - 1169 38 406937851
6718 - 1169 38 406937851
6718 + 1102 406941181
6718 + 1102 406941181
6718 + 1103 406941181
6718 + 1103 406941181
6718 + 1103 406941181
6719 # 1504
6719 - 1169 37 406937851
6719 # 1504
6719 - 1169 37 406937851
6720 # 1504
6720 - 1169 38 406937851
6720 - 767 34 406939561
6720 # 1504
6720 - 768 31 406939561
6720 - 1117 31 406939561
6721 # 1504
6721 - 1118 32 406939561
6721 # 1504
6721 - 1220 32 406939561
6722 # 1504
6722 - 1220 33 406939561
6723 # 1504
6723 - 1221 32 406939561
6723 - 1182 32 406939561
6723 # 1504
6723 - 1183 32 406939561
6723 + 1078 406942801
6724 # 1504
6724 - 1183 33 406939561
6724 # 1504
6724 - 1085 32 406939561
6724 - 1085 32 406939561
6725 # 1504
6725 - 1085 33 406939561
6725 - 102 33 2802403873
6725 + 1078 406942801
6725 + 902 406942801
6725 + 902 406942801
6725 + 903 406942801
6725 + 1184 406942801
6725 + 102 2802403873
6726 # 1504
6726 - 1086 33 406939561
6726 # 1504
6726 - 1007 32 406939561
6726 - 1007 32 406939561
6727 # 1504
6727 - 1007 32 406939561
6727 # 1504
6727 - 1008 32 406939561
6727 - 1230 32 406939561
6728 # 1504
6728 - 1230 31 406939561
6728 # 1504
6728 - 1231 31 406939561
6728 + 1184 406942801
6728 + 1184 406942801
6728 + 967 406942801
6728 + 967 406942801
6728 + 968 406942801
6728 + 968 406942801
6729 # 1504
6729 - 1231 32 406939561
6729 + 1078 406942801
6729 + 1078 406942801
6730 # 1504
6730 - 1082 33 406939561
6730 - 1082 31 406939561
6730 # 1504
6730 - 1082 31 406939561
6730 + 1079 406942801
6731 # 1504
6731 - 1082 32 406939561
6731 - 102 32 2802403873
6731 # 1504
6731 - 1082 30 406939561
6731 - 1082 30 406939561
6731 + 1079 406942801
6731 + 967 406942801
6732 # 1504
6732 - 1024 28 406941181
6733 # 1504
6733 - 1025 26 406941181
6733 - 936 26 406941181
6733 # 1504
6733 - 936 26 406941181
6733 + 968 406942801
6733 + 968 406942801
6733 + 968 406942801
6733 + 1008 406942801
6733 + 1008 406942801
6734 # 1504
6734 - 936 27 406941181
6734 - 951 27 406941181
6734 - 102 27 2802403873
6734 # 1504
6734 - 951 25 406941181
6734 - 951 25 406941181
6735 # 1504
6735 - 952 26 406941181
6735 # 1504
6735 - 976 26 406941181
6735 - 977 26 406941181
6735 + 1008 406942801
6735 + 1009 406942801
6735 + 1142 406942801
6735 + 1142 406942801
6735 + 1143 406942801
6736 # 1504
6736 - 977 27 406941181
6737 # 1504
6737 - 977 26 406941181
6737 - 1079 26 406941181
6737 # 1504
6737 - 1079 26 406941181
6737 + 1143 406942801
6737 + 102 2802403873
6738 # 1504
6738 - 1079 27 406941181
6738 # 1504
6738 - 1080 26 406941181
6738 - 1235 26 406941181
6738 - 102 25 2802403873
6739 # 1504
6739 - 1236 26 406941181
6740 # 1504
6740 - 1236 27 406941181
6740 # 1504
6740 - 1048 25 406941181
6740 + 949 406944421
6741 # 1504
6741 - 1048 25 406941181
6741 - 1049 25 406941181
6741 # 1504
6741 - 1049 25 406941181
6742 # 1504
6742 - 1049 26 406941181
6742 - 1102 24 406941181
6742 # 1504
6742 - 1102 24 406941181
6742 + 102 2802403873
6742 + 949 406944421
6742 + 950 406944421
6743 # 1504
6743 - 1103 25 406941181
6743 + 899 406944421
6743 + 899 406944421
6743 + 899 406944421
6744 # 1504
6744 - 1103 26 406941181
6744 - 1103 26 406941181
6744 # 1504
6744 - 1078 21 406942801
6745 # 1504
6745 - 1078 20 406942801
6745 - 902 20 406942801
6745 # 1504
6745 - 902 20 406942801
6745 - 903 20 406942801
6745 + 1095 406944421
6745 + 1095 406944421
6745 + 1096 406944421
6745 + 1184 406944421
6745 + 1184 406944421
6746 # 1504
6746 - 1184 21 406942801
6746 - 102 21 2802403873
6747 # 1504
6747 - 1184 19 406942801
6747 # 1504
6747 - 1184 19 406942801
6747 + 1185 406944421
6747 + 1038 406944421
6747 + 1038 406944421
6747 + 1038 406944421
6747 + 1038 406944421
6748 # 1504
6748 - 967 20 406942801
6748 - 967 20 406942801
6748 # 1504
6748 - 968 20 406942801
6748 + 1013 406944421
6748 + 1014 406944421
6749 # 1504
6749 - 968 21 406942801
6749 - 1078 20 406942801
6749 + 1014 406944421
6750 # 1504
6750 - 1078 21 406942801
6750 # 1504
6750 - 1079 20 406942801
6750 - 1079 19 406942801
6750 + 1079 406944421
6750 + 1079 406944421
6751 # 1504
6751 - 967 20 406942801
6751 # 1504
6751 - 968 18 406942801
6751 - 968 18 406942801
6751 + 102 2802403873
6752 # 1504
6752 - 968 19 406942801
6752 # 1504
6752 - 1008 19 406942801
6752 - 1008 19 406942801
6752 + 1079 406944421
6752 + 1036 406944421
6752 + 1036 406944421
6752 + 1037 406944421
6752 + 1037 406944421
6753 # 1504
6753 - 1008 18 406942801
6754 # 1504
6754 - 1009 19 406942801
6754 - 1142 19 406942801
6754 # 1504
6754 - 1142 19 406942801
6755 # 1504
6755 - 1143 20 406942801
6755 # 1504
6755 - 1143 18 406942801
6755 - 102 18 2802403873
6755 - 949 15 406944421
6755 - 102 13 2802403873
6756 # 1504
6756 - 949 14 406944421
6757 # 1504
6757 - 950 15 406944421
6757 - 899 14 406944421
6757 # 1504
6757 - 899 14 406944421
6757 - 899 14 406944421
6758 # 1504
6758 - 1095 13 406944421
6758 # 1504
6758 - 1095 13 406944421
6758 + 934 406946041
6759 # 1504
6759 - 1096 14 406944421
6759 - 1184 14 406944421
6759 # 1504
6759 - 1184 14 406944421
6760 # 1504
6760 - 1185 13 406944421
6760 + 934 406946041
6760 + 934 406946041
6760 + 1150 406946041
6760 + 1150 406946041
6760 + 1054 406946041
6761 # 1504
6761 - 1038 14 406944421
6761 - 1038 14 406944421
6761 # 1504
6761 - 1038 14 406944421
6762 # 1504
6762 - 1038 15 406944421
6762 - 1013 14 406944421
6762 # 1504
6762 - 1014 14 406944421
6763 # 1504
6763 - 1014 14 406944421
6763 + 1054 406946041
6763 + 1055 406946041
6763 + 1177 406946041
6763 + 1178 406946041
6763 + 1178 406946041
6764 # 1504
6764 - 1079 14 406944421
6764 - 1079 14 406944421
6764 - 102 13 2802403873
6764 # 1504
6764 - 1079 12 406944421
6764 + 102 2802403873
6765 # 1504
6765 - 1036 13 406944421
6765 - 1036 13 406944421
6765 # 1504
6765 - 1037 13 406944421
6765 + 960 406946041
6765 + 961 406946041
6765 + 961 406946041
6765 + 1227 406946041
6765 + 1227 406946041
6766 # 1504
6766 - 1037 14 406944421
6766 - 934 8 406946041
6766 # 1504
6766 - 934 6 406946041
6767 # 1504
6767 - 934 7 406946041
6767 - 1150 7 406946041
6767 + 952 406946041
6767 + 952 406946041
6767 + 952 406946041
6767 + 968 406946041
6767 + 969 406946041
6768 # 1504
6768 - 1150 8 406946041
6768 # 1504
6768 - 1054 8 406946041
6769 # 1504
6769 - 1054 6 406946041
6769 - 1055 6 406946041
6769 # 1504
6769 - 1177 6 406946041
6770 # 1504
6770 - 1178 7 406946041
6770 + 102 2802403873
6770 + 969 406946041
6770 + 969 406946041
6771 # 1504
6771 - 1178 8 406946041
6771 - 102 7 2802403873
6771 - 960 6 406946041
6771 # 1504
6771 - 961 6 406946041
6772 # 1504
6772 - 961 7 406946041
6772 - 1227 7 406946041
6772 # 1504
6772 - 1227 7 406946041
6773 # 1504
6773 - 952 6 406946041
6774 # 1504
6774 - 952 7 406946041
6774 - 952 7 406946041
6774 # 1504
6774 - 968 7 406946041
6774 - 969 7 406946041
6775 # 1504
6775 - 102 5 2802403873
6775 - 969 5 406946041
6775 # 1504
6775 - 969 5 406946041
6776 # 1504
6776 # 1504
6776 + 102 2802403873
6776 + 941 406947661
6777 # 1504
6777 - 102 1 2802403873
6777 - 941 1 406947661
6778 # 1504
6778 # 1504
6779 # 1504
6779 # 1504
6779 + 941 406947661
6779 + 942 406947661
6779 + 1168 406947661
6779 + 1168 406947661
6780 # 1504
6780 - 941 1 406947661
6780 + 1162 406947661
6780 + 1162 406947661
6780 + 1162 406947661
6781 # 1504
6781 - 942 2 406947661
6781 # 1504
6781 - 1168 2 406947661
6781 - 1168 2 406947661
6782 # 1504
6782 - 1162 2 406947661
6782 # 1504
6782 - 1162 2 406947661
6782 + 1119 406947661
6782 + 1120 406947661
6782 + 1120 406947661
6782 + 953 406947661
6783 # 1504
6783 - 1162 3 406947661
6783 - 1119 1 406947661
6783 # 1504
6783 - 1120 1 406947661
6784 # 1504
6784 - 1120 2 406947661
6784 - 953 2 406947661
6784 + 954 406947661
6785 # 1504
6785 - 954 1 406947661
6785 # 1504
6785 + 954 406947661
6785 + 1163 406947661
6785 + 1164 406947661
6785 + 968 406947661
6785 + 968 406947661
6785 + 969 406947661
6786 # 1504
6786 - 954 1 406947661
6786 # 1504
6786 - 1163 1 406947661
6786 + 102 2802403873
6787 # 1504
6787 - 1164 2 406947661
6787 - 968 2 406947661
6787 + 1045 406947661
6787 + 1045 406947661
6787 + 1045 406947661
6787 + 1045 406947661
6787 + 1045 406947661
6788 # 1504
6788 - 968 3 406947661
6788 # 1504
6788 - 969 3 406947661
6788 - 102 2 2802403873
6788 - 1045 1 406947661
6789 # 1504
6789 - 1045 2 406947661
6789 # 1504
6789 - 1045 2 406947661
6789 - 1045 2 406947661
6789 + 1045 406947661
6790 # 1504
6790 - 1045 3 406947661
6790 # 1504
6790 - 1045 1 406947661
6791 # 1504
6792 # 1504
6792 # 1504
6793 # 1504
6793 # 1504
6794 # 1504
6794 + 102 2802403873
6794 + 889 406949281
6795 # 1504
6795 - 102 1 2802403873
6795 - 889 1 406949281
6795 # 1504
6796 # 1504
6796 # 1504
6797 # 1504
6797 # 1504
6797 + 889 406949281
6797 + 890 406949281
6797 + 1143 406949281
6797 + 1144 406949281
6797 + 1096 406949281
6798 # 1504
6798 - 889 1 406949281
6798 + 1096 406949281
6798 + 1097 406949281
6798 + 853 406949281
6799 # 1504
6799 - 890 2 406949281
6799 - 1143 2 406949281
6799 # 1504
6799 - 1144 2 406949281
6799 + 853 406949281
6799 + 854 406949281
6799 + 1113 406949281
6800 # 1504
6800 - 1096 3 406949281
6800 # 1504
6800 - 1096 2 406949281
6800 - 1097 2 406949281
6801 # 1504
6801 - 853 3 406949281
6802 # 1504
6802 - 853 3 406949281
6802 - 854 3 406949281
6802 # 1504
6802 - 1113 3 406949281
6802 + 1114 406949281
6802 + 947 406949281
6802 + 947 406949281
6802 + 1187 406949281
6802 + 1187 406949281
6803 # 1504
6803 - 1114 1 406949281
6803 # 1504
6803 - 947 1 406949281
6803 - 947 1 406949281
6804 # 1504
6804 - 1187 2 406949281
6804 + 1115 406949281
6804 + 1115 406949281
6804 + 1115 406949281
6804 + 1116 406949281
6805 # 1504
6805 - 1187 3 406949281
6805 # 1504
6805 - 1115 1 406949281
6806 # 1504
6806 - 1115 2 406949281
6806 - 1115 2 406949281
6806 # 1504
6806 - 1116 2 406949281
6806 + 1116 406949281
6806 + 1116 406949281
6807 # 1504
6807 - 1116 1 406949281
6807 # 1504
6807 - 1116 1 406949281
6807 + 102 2802403873
6808 # 1504
6808 - 102 1 2802403873
6809 # 1504
6809 # 1504
6810 # 1504
6810 # 1504
6811 # 1504
6812 # 1504
6812 # 1504
6812 + 943 406950901
6813 # 1504
6813 - 943 1 406950901
6813 # 1504
6814 # 1504
6814 # 1504
6814 + 943 406950901
6814 + 1099 406950901
6814 + 1100 406950901
6814 + 912 406950901
6815 # 1504
6815 - 943 1 406950901
6816 # 1504
6816 - 1099 2 406950901
6816 # 1504
6816 - 1100 2 406950901
6816 - 912 2 406950901
6816 + 913 406950901
6816 + 913 406950901
6816 + 976 406950901
6816 + 977 406950901
6817 # 1504
6817 - 913 1 406950901
6817 # 1504
6817 - 913 1 406950901
6817 - 976 1 406950901
6817 + 102 2802403873
6818 # 1504
6818 - 977 2 406950901
6818 - 102 1 2802403873
6818 + 763 406950901
6818 + 763 406950901
6818 + 818 406950901
6818 + 819 406950901
6818 + 862 406950901
6818 + 863 406950901
6819 # 1504
6819 - 763 1 406950901
6819 # 1504
6819 - 763 1 406950901
6819 - 818 1 406950901
6820 # 1504
6820 - 819 2 406950901
6820 - 862 2 406950901
6820 # 1504
6820 - 863 2 406950901
6820 + 1183 406950901
6820 + 1184 406950901
6820 + 1184 406950901
6820 + 1184 406950901
6820 + 1184 406950901
6821 # 1504
6821 - 1183 1 406950901
6821 # 1504
6821 - 1184 1 406950901
6822 # 1504
6822 - 1184 2 406950901
6823 # 1504
6823 - 1184 3 406950901
6823 - 1184 3 406950901
6823 # 1504
6824 # 1504
6824 # 1504
6825 # 1504
6826 # 1504
6826 # 1504
6827 # 1504
6827 # 1504
6828 # 1504
6829 # 1504
6829 # 1504
6829 + 102 2802403873
6830 # 1504
6830 - 102 1 2802403873
6830 # 1504
6830 + 822 406952521
6831 # 1504
6831 - 822 1 406952521
6831 # 1504
6832 # 1504
6832 + 822 406952521
6832 + 690 406952521
6832 + 691 406952521
6832 + 852 406952521
6832 + 827 406952521
6833 # 1504
6833 - 822 1 406952521
6833 # 1504
6833 - 690 1 406952521
6833 - 691 1 406952521
6833 + 1122 406952521
6834 # 1504
6834 - 852 2 406952521
6834 - 827 2 406952521
6834 # 1504
6834 - 1122 1 406952521
6835 # 1504
6835 + 714 406952521
6835 + 714 406952521
6835 + 841 406952521
6835 + 841 406952521
6835 + 1044 406952521
6835 + 1044 406952521
6835 + 1044 406952521
6836 # 1504
6836 - 714 1 406952521
6836 - 714 1 406952521
6836 # 1504
6836 - 841 1 406952521
6837 # 1504
6837 - 841 2 406952521
6837 - 1044 2 406952521
6837 # 1504
6837 - 1044 2 406952521
6837 + 1044 406952521
6837 + 1045 406952521
6838 # 1504
6838 - 1044 3 406952521
6838 - 1044 1 406952521
6838 # 1504
6838 - 1045 1 406952521
6839 # 1504
6839 + 102 2802403873
6840 # 1504
6840 - 102 1 2802403873
6840 # 1504
6841 # 1504
6841 # 1504
6842 # 1504
6843 # 1504
6843 # 1504
6844 # 1504
6844 # 1504
6845 # 1504
6845 # 1504
6846 # 1504
6847 # 1504
6847 # 1504
6848 # 1504
6848 # 1504
6848 + 834 406954141
6849 # 1504
6849 - 834 1 406954141
6850 # 1504
6850 # 1504
6850 # 1504
6850 # 1504
6850 + 835 406954141
6850 + 692 406954141
6850 + 692 406954141
6850 + 1000 406954141
6850 + 967 406954141
6850 + 1206 406954141
6850 + 102 2802403873
6851 # 1504
6851 - 835 1 406954141
6851 # 1504
6851 - 692 1 406954141
6851 - 692 1 406954141
6852 # 1504
6852 - 1000 2 406954141
6852 - 967 2 406954141
6852 # 1504
6852 - 1206 2 406954141
6852 - 102 2 2802403873
6853 # 1504
6853 # 1504
6853 + 796 406954141
6853 + 797 406954141
6853 + 682 406954141
6853 + 682 406954141
6853 + 1095 406954141
6853 + 1095 406954141
6854 # 1504
6854 - 796 1 406954141
6854 # 1504
6854 - 797 1 406954141
6854 - 682 1 406954141
6854 - 682 1 406954141
6855 # 1504
6855 - 1095 2 406954141
6855 # 1504
6855 - 1095 2 406954141
6855 + 1095 406954141
6855 + 1095 406954141
6856 # 1504
6856 - 1095 1 406954141
6856 # 1504
6856 - 1095 1 406954141
6856 + 102 2802403873
6857 # 1504
6857 - 102 1 2802403873
6858 # 1504
6858 # 1504
6859 # 1504
6859 # 1504
6860 # 1504
6860 # 1504
6861 # 1504
6861 # 1504
6862 # 1504
6862 # 1504
6863 # 1504
6863 # 1504
6864 # 1504
6864 # 1504
6865 # 1504
6865 # 1504
6865 + 873 406955761
6866 # 1504
6866 - 873 1 406955761
6866 # 1504
6867 # 1504
6867 # 1504
6867 + 873 406955761
6867 + 748 406955761
6867 + 748 406955761
6867 + 761 406955761
6867 + 762 406955761
6867 + 1167 406955761
6868 # 1504
6868 - 873 1 406955761
6868 # 1504
6868 - 748 1 406955761
6868 - 748 1 406955761
6869 # 1504
6869 - 761 2 406955761
6869 - 762 2 406955761
6869 # 1504
6869 - 1167 2 406955761
6870 # 1504
6870 + 102 2802403873
6870 + 917 406955761
6870 + 918 406955761
6870 + 789 406955761
6870 + 790 406955761
6870 + 1219 406955761
6871 # 1504
6871 - 102 1 2802403873
6871 - 917 1 406955761
6871 # 1504
6871 - 918 1 406955761
6871 - 789 1 406955761
6871 + 1071 406955761
6871 + 1071 406955761
6871 + 1071 406955761
6871 + 1072 406955761
6872 # 1504
6872 - 790 2 406955761
6872 # 1504
6872 - 1219 2 406955761
6872 - 1071 1 406955761
6873 # 1504
6873 - 1071 2 406955761
6873 # 1504
6873 - 1071 2 406955761
6873 - 1072 2 406955761
6874 # 1504
6874 # 1504
6875 # 1504
6875 # 1504
6876 # 1504
6876 # 1504
6877 # 1504
6877 # 1504
6878 # 1504
6878 # 1504
6879 # 1504
6879 # 1504
6880 # 1504
6880 # 1504
6880 + 102 2802403873
6881 # 1504
6881 - 102 1 2802403873
6881 # 1504
6882 # 1504
6882 # 1504
6883 # 1504
6883 # 1504
6884 # 1504
6884 + 856 406957381
6885 # 1504
6885 - 856 1 406957381
6885 # 1504
6886 # 1504
6886 # 1504
6886 + 856 406957381
6886 + 700 406957381
6886 + 700 406957381
6886 + 725 406957381
6886 + 726 406957381
6886 + 748 406957381
6887 # 1504
6887 - 856 1 406957381
6887 # 1504
6887 - 700 1 406957381
6887 - 700 1 406957381
6887 - 725 1 406957381
6888 # 1504
6888 - 726 2 406957381
6888 - 748 2 406957381
6888 # 1504
6888 + 102 2802403873
6889 # 1504
6889 - 102 1 2802403873
6889 # 1504
6889 + 749 406957381
6889 + 1014 406957381
6889 + 1015 406957381
6889 + 660 406957381
6889 + 660 406957381
6889 + 1028 406957381
6889 + 1093 406957381
6890 # 1504
6890 - 749 1 406957381
6890 # 1504
6890 - 1014 1 406957381
6890 - 1015 1 406957381
6891 # 1504
6891 - 660 2 406957381
6891 - 660 2 406957381
6891 # 1504
6891 - 1028 2 406957381
6891 + 1093 406957381
6891 + 1093 406957381
6891 + 1093 406957381
6892 # 1504
6892 - 1093 3 406957381
6892 - 1093 1 406957381
6892 # 1504
6892 - 1093 1 406957381
6893 # 1504
6893 - 1093 2 406957381
6893 # 1504
6894 # 1504
6894 # 1504
6894 + 102 2802403873
6895 # 1504
6895 - 102 1 2802403873
6895 # 1504
6896 # 1504
6896 # 1504
6897 # 1504
6898 # 1504
6898 # 1504
6899 # 1504
6899 # 1504
6900 # 1504
6900 # 1504
6901 # 1504
6901 # 1504
6901 + 1032 406959001
6902 # 1504
6902 - 1032 1 406959001
6902 # 1504
6903 # 1504
6903 # 1504
6903 + 1032 406959001
6903 + 779 406959001
6904 # 1504
6904 - 1032 1 406959001
6904 # 1504
6904 - 779 1 406959001
6904 + 780 406959001
6904 + 773 406959001
6904 + 774 406959001
6904 + 733 406959001
6904 + 733 406959001
6905 # 1504
6905 - 780 1 406959001
6905 # 1504
6905 - 773 1 406959001
6905 - 774 1 406959001
6905 + 1040 406959001
6905 + 1040 406959001
6905 + 1006 406959001
6905 + 102 2802403873
6906 # 1504
6906 - 733 2 406959001
6906 - 733 2 406959001
6906 # 1504
6906 - 1040 1 406959001
6906 - 1040 1 406959001
6907 # 1504
6907 - 1006 2 406959001
6907 - 102 2 2802403873
6907 # 1504
6907 + 1118 406959001
6907 + 1162 406959001
6907 + 1162 406959001
6907 + 1162 406959001
6907 + 1163 406959001
6908 # 1504
6908 - 1118 1 406959001
6908 # 1504
6908 - 1162 1 406959001
6909 # 1504
6909 - 1162 2 406959001
6909 # 1504
6909 - 1162 2 406959001
6909 - 1163 2 406959001
6910 # 1504
6911 # 1504
6911 # 1504
6912 # 1504
6912 # 1504
6913 # 1504
6913 # 1504
6914 # 1504
6914 # 1504
6915 # 1504
6915 # 1504
6915 + 102 2802403873
6916 # 1504
6916 - 102 1 2802403873
6916 # 1504
6917 # 1504
6917 # 1504
6918 # 1504
6918 # 1504
6919 # 1504
6919 # 1504
6920 # 1504
6920 # 1504
6920 + 902 406960621
6921 # 1504
6921 - 902 1 406960621
6921 # 1504
6922 # 1504
6922 # 1504
6923 # 1504
6923 + 903 406960621
6923 + 728 406960621
6923 + 728 406960621
6923 + 749 406960621
6923 + 750 406960621
6923 + 822 406960621
6923 + 822 406960621
6923 + 776 406960621
6923 + 776 406960621
6924 # 1504
6924 - 903 1 406960621
6924 # 1504
6924 - 728 1 406960621
6924 - 728 1 406960621
6925 # 1504
6925 - 749 2 406960621
6925 - 750 2 406960621
6925 # 1504
6925 - 822 2 406960621
6925 - 822 2 406960621
6925 + 824 406960621
6925 + 1070 406960621
6925 + 1117 406960621
6925 + 1118 406960621
6926 # 1504
6926 - 776 3 406960621
6926 - 776 3 406960621
6926 # 1504
6926 - 824 1 406960621
6926 - 1070 1 406960621
6927 # 1504
6927 - 1117 2 406960621
6927 # 1504
6927 - 1118 2 406960621
6927 + 102 2802403873
6928 # 1504
6928 - 102 1 2802403873
6928 # 1504
6929 # 1504
6929 # 1504
6930 # 1504
6930 # 1504
6931 # 1504
6931 # 1504
6932 # 1504
6932 # 1504
6933 # 1504
6933 # 1504
6934 # 1504
6934 # 1504
6935 # 1504
6935 # 1504
6936 # 1504
6937 # 1504
6937 # 1504
6938 # 1504
6938 # 1504
6938 + 102 2802403873
6938 + 1081 406962331
6939 # 1504
6939 - 102 1 2802403873
6939 - 1081 1 406962331
6939 # 1504
6940 # 1504
6940 # 1504
6940 + 1081 406962331
6940 + 655 406962331
6940 + 656 406962331
6940 + 995 406962331
6940 + 995 406962331
6941 # 1504
6941 - 1081 1 406962331
6941 # 1504
6941 - 655 1 406962331
6941 - 656 1 406962331
6941 + 982 406962331
6941 + 982 406962331
6942 # 1504
6942 - 995 2 406962331
6942 - 995 2 406962331
6942 # 1504
6942 - 982 1 406962331
6942 + 822 406962331
6942 + 823 406962331
6942 + 1061 406962331
6943 # 1504
6943 - 982 2 406962331
6943 - 822 1 406962331
6943 # 1504
6943 - 823 1 406962331
6944 # 1504
6944 - 1061 2 406962331
6944 # 1504
6944 + 715 406962331
6944 + 715 406962331
6944 + 1102 406962331
6944 + 1103 406962331
6945 # 1504
6945 - 715 1 406962331
6945 - 715 1 406962331
6945 # 1504
6945 - 1102 1 406962331
6945 + 1103 406962331
6946 # 1504
6946 - 1103 2 406962331
6946 # 1504
6946 - 1103 1 406962331
6946 + 102 2802403873
6947 # 1504
6947 - 102 1 2802403873
6947 # 1504
6948 # 1504
6948 # 1504
6949 # 1504
6949 # 1504
6950 # 1504
6951 # 1504
6951 # 1504
6952 # 1504
6952 # 1504
6953 # 1504
6953 # 1504
6954 # 1504
6954 # 1504
6955 # 1504
6955 # 1504
6955 + 1031 406963951
6956 # 1504
6956 - 1031 1 406963951
6956 # 1504
6957 # 1504
6957 # 1504
6958 # 1504
6958 # 1504
6958 + 1032 406963951
6958 + 1086 406963951
6958 + 936 406963951
6958 + 937 406963951
6958 + 1233 406963951
6958 + 688 406963951
6959 # 1504
6959 - 1032 1 406963951
6959 # 1504
6959 - 1086 1 406963951
6959 + 689 406963951
6959 + 1054 406963951
6959 + 747 406963951
6959 + 748 406963951
6959 + 102 2802403873
6960 # 1504
6960 - 936 2 406963951
6960 - 937 2 406963951
6960 # 1504
6960 - 1233 2 406963951
6960 - 688 2 406963951
6960 + 1179 406963951
6960 + 1179 406963951
6961 # 1504
6961 - 689 2 406963951
6961 # 1504
6961 - 1054 2 406963951
6961 - 747 2 406963951
6962 # 1504
6962 - 748 3 406963951
6962 - 102 3 2802403873
6962 - 1179 2 406963951
6962 # 1504
6962 - 1179 2 406963951
6962 + 1179 406963951
6963 # 1504
6963 - 1179 1 406963951
6964 # 1504
6964 # 1504
6965 # 1504
6965 # 1504
6966 # 1504
6966 # 1504
6967 # 1504
6967 # 1504
6968 # 1504
6968 # 1504
6969 # 1504
6969 # 1504
6970 # 1504
6970 # 1504
6970 + 102 2802403873
6971 # 1504
6971 - 102 1 2802403873
6971 # 1504
6972 # 1504
6972 # 1504
6973 # 1504
6973 # 1504
6974 # 1504
6974 # 1504
6974 + 1231 406965571
6975 # 1504
6975 - 1231 1 406965571
6975 # 1504
6975 + 1231 406965571
6975 + 736 406965571
6975 + 737 406965571
6976 # 1504
6976 - 1231 1 406965571
6977 # 1504
6977 - 736 2 406965571
6977 - 737 2 406965571
6977 # 1504
6977 + 860 406965571
6977 + 861 406965571
6978 # 1504
6978 - 860 1 406965571
6978 # 1504
6978 - 861 1 406965571
6978 + 1156 406965571
6978 + 909 406965571
6978 + 909 406965571
6978 + 1081 406965571
6979 # 1504
6979 - 1156 1 406965571
6979 # 1504
6979 - 909 1 406965571
6979 - 909 1 406965571
6979 + 825 406965571
6979 + 825 406965571
6979 + 1009 406965571
6980 # 1504
6980 - 1081 2 406965571
6980 # 1504
6980 - 825 1 406965571
6980 - 825 1 406965571
6980 + 102 2802403873
6981 # 1504
6981 - 1009 2 406965571
6981 - 102 1 2802403873
6981 # 1504
6981 + 1009 406965571
6981 + 1009 406965571
6981 + 1009 406965571
6982 # 1504
6982 - 1009 1 406965571
6982 # 1504
6982 - 1009 1 406965571
6983 # 1504
6983 - 1009 2 406965571
6983 # 1504
6984 # 1504
6984 # 1504
6985 # 1504
6985 # 1504
6986 # 1504
6986 # 1504
6987 # 1504
6987 # 1504
6988 # 1504
6988 # 1504
6989 # 1504
6990 # 1504
6990 # 1504
6990 + 102 2802403873
6991 # 1504
6991 - 102 1 2802403873
6991 # 1504
6991 + 1042 406967191
6992 # 1504
6992 - 1042 1 406967191
6992 # 1504
6993 # 1504
6993 # 1504
6994 # 1504
6994 # 1504
6994 + 1042 406967191
6994 + 1042 406967191
6994 + 808 406967191
6994 + 808 406967191
6994 + 942 406967191
6995 # 1504
6995 - 1042 1 406967191
6995 # 1504
6995 - 1042 1 406967191
6995 - 808 1 406967191
6996 # 1504
6996 - 808 2 406967191
6996 # 1504
6996 - 942 2 406967191
6996 + 943 406967191
6996 + 694 406967191
6996 + 695 406967191
6996 + 1051 406967191
6996 + 1051 406967191
6996 + 691 406967191
6996 + 692 406967191
6997 # 1504
6997 - 943 1 406967191
6997 # 1504
6997 - 694 1 406967191
6997 - 695 1 406967191
6998 # 1504
6998 - 1051 2 406967191
6998 - 1051 2 406967191
6998 # 1504
6998 - 691 2 406967191
6998 - 692 2 406967191
6998 + 1053 406967191
6998 + 1054 406967191
6998 + 1163 406967191
6998 + 1163 406967191
6998 + 1164 406967191
6999 # 1504
6999 - 1053 1 406967191
6999 # 1504
6999 - 1054 1 406967191
7000 # 1504
7000 - 1163 2 406967191
7000 - 1163 2 406967191
7000 # 1504
7000 - 1164 2 406967191
7001 # 1504
7001 # 1504
7002 # 1504
7003 # 1504
7003 # 1504
7004 # 1504
7004 # 1504
7005 # 1504
7005 # 1504
7006 # 1504
7006 # 1504
7006 + 102 2802403873
7007 # 1504
7007 - 102 1 2802403873
7007 # 1504
7008 # 1504
7008 # 1504
7009 # 1504
7009 # 1504
7009 + 993 406968811
7010 # 1504
7010 - 993 1 406968811
7010 # 1504
7011 # 1504
7011 # 1504
7011 + 993 406968811
7011 + 993 406968811
7012 # 1504
7012 - 993 1 406968811
7012 # 1504
7012 - 993 1 406968811
7012 + 813 406968811
7012 + 814 406968811
7012 + 865 406968811
7013 # 1504
7013 - 813 1 406968811
7013 # 1504
7013 - 814 1 406968811
7013 - 865 1 406968811
7014 # 1504
7014 # 1504
7014 + 866 406968811
7014 + 769 406968811
7014 + 770 406968811
7014 + 982 406968811
7014 + 982 406968811
7014 + 686 406968811
7014 + 687 406968811
7015 # 1504
7015 - 866 1 406968811
7015 # 1504
7015 - 769 1 406968811
7015 - 770 1 406968811
7016 # 1504
7016 - 982 2 406968811
7016 - 982 2 406968811
7016 + 1140 406968811
7016 + 1141 406968811
7016 + 1216 406968811
7016 + 1216 406968811
7017 # 1504
7017 - 686 3 406968811
7017 - 687 3 406968811
7017 # 1504
7017 - 1140 1 406968811
7018 # 1504
7018 - 1141 2 406968811
7018 # 1504
7018 - 1216 2 406968811
7018 - 1216 2 406968811
7019 # 1504
7019 # 1504
7019 + 1216 406968811
7020 # 1504
7020 - 1216 1 406968811
7020 # 1504
7020 + 102 2802403873
7021 # 1504
7021 - 102 1 2802403873
7021 # 1504
7022 # 1504
7022 # 1504
7023 # 1504
7023 # 1504
7024 # 1504
7024 # 1504
7025 # 1504
7025 # 1504
7025 + 102 2802403873
7026 # 1504
7026 - 102 1 2802403873
7026 # 1504
7027 # 1504
7027 # 1504
7028 # 1504
7028 # 1504
7028 + 1105 406970431
7029 # 1504
7029 - 1105 1 406970431
7029 + 1105 406970431
7029 + 1106 406970431
7030 # 1504
7030 - 1105 1 406970431
7030 # 1504
7030 - 1106 1 406970431
7031 # 1504
7031 # 1504
7031 + 924 406970431
7031 + 925 406970431
7031 + 871 406970431
7031 + 871 406970431
7031 + 871 406970431
7031 + 1108 406970431
7032 # 1504
7032 - 924 1 406970431
7032 # 1504
7032 - 925 1 406970431
7032 - 871 1 406970431
7032 + 1108 406970431
7033 # 1504
7033 - 871 2 406970431
7033 - 871 2 406970431
7033 # 1504
7033 - 1108 2 406970431
7033 + 924 406970431
7033 + 925 406970431
7034 # 1504
7034 - 1108 2 406970431
7034 # 1504
7034 - 924 1 406970431
7034 - 925 1 406970431
7034 + 925 406970431
7034 + 1027 406970431
7034 + 1027 406970431
7035 # 1504
7035 - 925 1 406970431
7035 # 1504
7035 - 1027 1 406970431
7035 - 1027 1 406970431
7036 # 1504
7036 # 1504
7036 + 1044 406970431
7036 + 1044 406970431
7036 + 1044 406970431
7036 + 966 406970431
7037 # 1504
7037 - 1044 1 406970431
7037 # 1504
7037 - 1044 1 406970431
7038 # 1504
7038 - 1044 2 406970431
7038 - 966 2 406970431
7038 # 1504
7038 + 966 406970431
7038 + 966 406970431
7038 + 966 406970431
7039 # 1504
7039 - 966 1 406970431
7039 # 1504
7039 - 966 1 406970431
7039 - 966 1 406970431
7040 # 1504
7040 # 1504
7041 # 1504
7041 # 1504
7041 + 102 2802403873
7042 # 1504
7042 - 102 1 2802403873
7043 # 1504
7043 # 1504
7044 # 1504
7044 # 1504
7045 # 1504
7045 # 1504
7046 # 1504
7046 # 1504
7047 # 1504
7047 # 1504
7048 # 1504
7048 # 1504
7049 # 1504
7049 # 1504
7049 + 1235 406972051
7050 # 1504
7050 - 1235 1 406972051
7050 # 1504
7051 # 1504
7051 # 1504
7051 + 1235 406972051
7051 + 1235 406972051
7051 + 1235 406972051
7051 + 1235 406972051
7052 # 1504
7052 - 1235 1 406972051
7052 # 1504
7052 - 1235 1 406972051
7053 # 1504
7053 - 1235 2 406972051
7053 # 1504
7053 - 1235 2 406972051
7053 + 1235 406972051
7053 + 1235 406972051
7053 + 1235 406972051
7053 + 1235 406972051
7053 + 102 2802403873
7054 # 1504
7054 - 1235 1 406972051
7054 # 1504
7054 - 1235 1 406972051
7054 # 1504
7054 - 1235 1 406972051
7054 # 1504
7054 - 1235 1 406972051
7054 - 102 1 2802403873
7055 # 1504
7055 # 1504
7055 # 1504
7055 + 1235 406972051
7055 + 1191 406972051
7055 + 1191 406972051
7055 + 1192 406972051
7056 # 1504
7056 - 1235 1 406972051
7056 # 1504
7056 - 1191 1 406972051
7056 # 1504
7056 - 1191 1 406972051
7057 # 1504
7057 - 1192 2 406972051
7057 # 1504
7058 # 1504
7058 # 1504
7058 # 1504
7058 + 1192 406972051
7058 + 1192 406972051
7058 + 1192 406972051
7058 + 1192 406972051
7059 # 1504
7059 - 1192 1 406972051
7059 # 1504
7059 - 1192 1 406972051
7059 # 1504
7059 - 1192 1 406972051
7060 # 1504
7060 - 1192 2 406972051
7060 # 1504
7060 + 1131 406972051
7060 + 1131 406972051
7060 + 1131 406972051
7060 + 1131 406972051
7060 + 1131 406972051
7060 + 1131 406972051
7061 # 1504
7061 - 1131 1 406972051
7061 # 1504
7061 - 1131 1 406972051
7061 # 1504
7061 - 1131 1 406972051
7062 # 1504
7062 - 1131 2 406972051
7062 - 1131 2 406972051
7062 # 1504
7062 - 1131 2 406972051
7062 # 1504
7062 + 1132 406972051
7062 + 1132 406972051
7062 + 1132 406972051
7062 + 1132 406972051
7063 # 1504
7063 - 1132 1 406972051
7063 # 1504
7063 - 1132 1 406972051
7064 # 1504
7064 - 1132 2 406972051
7064 # 1504
7064 - 1132 2 406972051
7064 # 1504
7065 # 1504
7065 # 1504
7065 # 1504
7065 + 102 2802403873
7065 + 1218 406972051
7065 + 1218 406972051
7065 + 1218 406972051
7065 + 1218 406972051
7066 # 1504
7066 - 102 1 2802403873
7066 - 1218 1 406972051
7066 # 1504
7066 - 1218 1 406972051
7067 # 1504
7067 - 1218 2 406972051
7067 # 1504
7067 - 1218 2 406972051
7067 # 1504
7067 + 1218 406972051
7067 + 1218 406972051
7068 # 1504
7068 - 1218 1 406972051
7068 # 1504
7068 - 1218 1 406972051
7068 # 1504
7068 + 1219 406972051
7068 + 1219 406972051
7068 + 1219 406972051
7069 # 1504
7069 - 1219 1 406972051
7069 # 1504
7069 - 1219 1 406972051
7069 # 1504
7069 - 1219 1 406972051
7069 + 1202 406972051
7069 + 1202 406972051
7069 + 1202 406972051
7070 # 1504
7070 - 1202 1 406972051
7070 # 1504
7070 - 1202 1 406972051
7071 # 1504
7071 - 1202 2 406972051
7071 # 1504
7071 # 1504
7071 + 1202 406972051
7071 + 1202 406972051
7071 + 1203 406972051
7071 + 1203 406972051
7072 # 1504
7072 - 1202 1 406972051
7072 # 1504
7072 - 1202 1 406972051
7072 # 1504
7072 - 1203 1 406972051
7073 # 1504
7073 - 1203 2 406972051
7073 # 1504
7073 + 1203 406972051
7073 + 1203 406972051
7073 + 1128 406972051
7073 + 1128 406972051
7073 + 1129 406972051
7074 # 1504
7074 - 1203 1 406972051
7074 # 1504
7074 - 1203 1 406972051
7074 # 1504
7074 - 1128 1 406972051
7075 # 1504
7075 - 1128 2 406972051
7075 - 1129 2 406972051
7075 # 1504
7075 # 1504
7076 # 1504
7076 # 1504
7077 # 1504
7077 # 1504
7077 # 1504
7077 + 1129 406972051
7077 + 1129 406972051
7077 + 1129 406972051
7077 + 1129 406972051
7077 + 1129 406972051
7077 + 1023 406972051
7077 + 1023 406972051
7078 # 1504
7078 - 1129 1 406972051
7078 # 1504
7078 - 1129 1 406972051
7078 # 1504
7078 - 1129 1 406972051
7079 # 1504
7079 - 1129 2 406972051
7079 - 1129 2 406972051
7079 # 1504
7079 - 1023 2 406972051
7079 + 102 2802403873
7079 + 1023 406972051
7079 + 1023 406972051
7079 + 1113 406972051
7079 + 1113 406972051
7080 # 1504
7080 - 1023 3 406972051
7080 - 102 1 2802403873
7080 - 1023 1 406972051
7080 # 1504
7080 - 1023 1 406972051
7080 # 1504
7080 - 1113 1 406972051
7081 # 1504
7081 - 1113 2 406972051
7081 # 1504
7081 # 1504
7081 + 1113 406972051
7081 + 1113 406972051
7081 + 1113 406972051
7081 + 1113 406972051
7082 # 1504
7082 - 1113 1 406972051
7082 # 1504
7082 - 1113 1 406972051
7083 # 1504
7083 - 1113 2 406972051
7083 - 1113 2 406972051
7083 # 1504
7083 # 1504
7083 + 1113 406972051
7083 + 1114 406972051
7083 + 803 406973671
7083 + 1062 406973671
7083 + 1077 406973671
7084 # 1504
7084 - 1113 1 406972051
7084 # 1504
7084 - 1114 1 406972051
7084 # 1504
7084 - 803 1 406973671
7084 - 1062 1 406973671
7085 # 1504
7085 - 1077 2 406973671
7085 # 1504
7085 + 659 406973671
7085 + 1015 406973671
7086 # 1504
7086 - 659 1 406973671
7086 # 1504
7086 - 1015 1 406973671
7086 # 1504
7086 + 669 406975291
7086 + 670 406975291
7086 + 737 406975291
7086 + 738 406975291
7086 + 960 406975291
7087 # 1504
7087 - 669 1 406975291
7087 - 670 1 406975291
7087 # 1504
7087 - 737 1 406975291
7087 - 738 1 406975291
7087 # 1504
7087 - 960 1 406975291
7088 # 1504
7088 # 1504
7088 # 1504
7088 + 102 2802403873
7088 + 1033 406975291
7088 + 1149 406975291
7088 + 1055 406975291
7088 + 768 406975291
7088 + 768 406975291
7089 # 1504
7089 - 102 1 2802403873
7089 - 1033 1 406975291
7089 # 1504
7089 - 1149 1 406975291
7090 # 1504
7090 - 1055 2 406975291
7090 - 768 2 406975291
7090 # 1504
7090 - 768 2 406975291
7090 # 1504
7091 # 1504
7091 # 1504
7091 # 1504
7092 # 1504
7092 # 1504
7093 # 1504
7093 # 1504
7093 # 1504
7094 # 1504
7094 # 1504
7094 # 1504
7095 # 1504
7095 # 1504
7096 # 1504
7096 # 1504
7096 # 1504
7097 # 1504
7097 # 1504
7097 # 1504
7098 # 1504
7098 # 1504
7099 # 1504
7099 # 1504
7099 # 1504
7100 # 1504
7100 # 1504
7100 # 1504
7100 + 788 406976911
7101 # 1504
7101 - 788 1 406976911
7101 # 1504
7101 + 102 2802403873
7102 # 1504
7102 - 102 1 2802403873
7102 # 1504
7102 # 1504
7102 + 789 406976911
7102 + 734 406976911
7102 + 735 406976911
7102 + 1195 406976911
7102 + 1064 406976911
7103 # 1504
7103 - 789 1 406976911
7103 # 1504
7103 - 734 1 406976911
7103 - 735 1 406976911
7103 # 1504
7103 - 1195 1 406976911
7104 # 1504
7104 - 1064 2 406976911
7104 # 1504
7104 + 1006 406976911
7104 + 739 406976911
7104 + 739 406976911
7105 # 1504
7105 - 1006 1 406976911
7105 # 1504
7105 - 739 1 406976911
7105 - 739 1 406976911
7105 # 1504
7105 + 757 406976911
7105 + 757 406976911
7105 + 853 406976911
7105 + 853 406976911
7106 # 1504
7106 - 757 1 406976911
7106 # 1504
7106 - 757 1 406976911
7106 - 853 1 406976911
7106 # 1504
7106 - 853 1 406976911
7107 # 1504
7107 # 1504
7107 # 1504
7107 + 102 2802403873
7108 # 1504
7108 - 102 1 2802403873
7108 # 1504
7109 # 1504
7109 # 1504
7109 # 1504
7110 # 1504
7110 # 1504
7110 # 1504
7111 # 1504
7111 # 1504
7112 # 1504
7112 # 1504
7112 # 1504
7113 # 1504
7113 # 1504
7113 # 1504
7114 # 1504
7114 # 1504
7115 # 1504
7115 # 1504
7115 # 1504
7116 # 1504
7116 # 1504
7116 # 1504
7117 # 1504
7117 # 1504
7118 # 1504
7118 # 1504
7118 # 1504
7118 + 934 406978531
7119 # 1504
7119 - 934 1 406978531
7119 # 1504
7119 # 1504
7120 # 1504
7120 # 1504
7121 # 1504
7121 # 1504
7121 # 1504
7121 + 935 406978531
7121 + 779 406978531
7121 + 780 406978531
7121 + 867 406978531
7121 + 868 406978531
7121 + 788 406978531
7121 + 788 406978531
7121 + 102 2802403873
7121 + 841 406978531
7122 # 1504
7122 - 935 1 406978531
7122 # 1504
7122 - 779 1 406978531
7122 - 780 1 406978531
7122 # 1504
7122 - 867 1 406978531
7122 - 868 1 406978531
7123 # 1504
7123 - 788 2 406978531
7123 - 788 2 406978531
7123 - 102 2 2802403873
7123 # 1504
7123 - 841 2 406978531
7123 + 842 406978531
7123 + 1030 406978531
7124 # 1504
7124 - 842 1 406978531
7124 # 1504
7124 - 1030 1 406978531
7124 # 1504
7124 + 1030 406978531
7124 + 973 406978531
7124 + 973 406978531
7124 + 838 406978531
7125 # 1504
7125 - 1030 1 406978531
7125 # 1504
7125 - 973 1 406978531
7125 - 973 1 406978531
7125 # 1504
7125 - 838 1 406978531
7126 # 1504
7126 # 1504
7126 # 1504
7126 + 838 406978531
7127 # 1504
7127 - 838 1 406978531
7127 # 1504
7128 # 1504
7128 # 1504
7128 # 1504
7128 + 118 2802403873
7129 # 1504
7129 - 118 1 2802403873
7129 # 1504
7129 # 1504
7130 # 1504
7130 # 1504
7131 # 1504
7131 # 1504
7131 # 1504
7132 # 1504
7132 # 1504
7132 # 1504
7133 # 1504
7133 # 1504
7134 # 1504
7134 # 1504
7134 # 1504
7135 # 1504
7135 # 1504
7135 # 1504
7136 # 1504
7136 # 1504
7136 + 1184 406980151
7137 # 1504
7137 - 1184 1 406980151
7137 # 1504
7137 # 1504
7138 # 1504
7138 # 1504
7138 # 1504
7138 + 1185 406980151
7138 + 995 406980151
7138 + 996 406980151
7138 + 1027 406980151
7139 # 1504
7139 - 1185 1 406980151
7139 # 1504
7139 - 995 1 406980151
7140 # 1504
7140 - 996 2 406980151
7140 - 1027 2 406980151
7140 # 1504
7140 # 1504
7140 + 1027 406980151
7141 # 1504
7141 - 1027 1 406980151
7141 # 1504
7141 # 1504
7141 + 919 406980151
7141 + 920 406980151
7141 + 916 406980151
7141 + 917 406980151
7142 # 1504
7142 - 919 1 406980151
7142 # 1504
7142 - 920 1 406980151
7142 - 916 1 406980151
7142 # 1504
7142 - 917 1 406980151
7142 + 102 2802403873
7142 + 889 406980151
7142 + 889 406980151
7142 + 1051 406980151
7142 + 1052 406980151
7143 # 1504
7143 - 102 1 2802403873
7143 - 889 1 406980151
7143 # 1504
7143 - 889 1 406980151
7143 - 1051 1 406980151
7144 # 1504
7144 - 1052 2 406980151
7144 # 1504
7144 # 1504
7144 + 912 406980151
7144 + 912 406980151
7145 # 1504
7145 - 912 1 406980151
7145 # 1504
7145 - 912 1 406980151
7145 # 1504
7146 # 1504
7146 # 1504
7147 # 1504
7147 # 1504
7147 # 1504
7148 # 1504
7148 # 1504
7148 # 1504
7149 # 1504
7149 # 1504
7149 + 102 2802403873
7150 # 1504
7150 - 102 1 2802403873
7150 # 1504
7150 # 1504
7151 # 1504
7151 # 1504
7151 # 1504
7152 # 1504
7152 # 1504
7153 # 1504
7153 # 1504
7153 # 1504
7154 # 1504
7154 # 1504
7154 # 1504
7154 + 963 406981771
7155 # 1504
7155 - 963 1 406981771
7155 # 1504
7156 # 1504
7156 # 1504
7156 # 1504
7156 + 964 406981771
7157 # 1504
7157 - 964 1 406981771
7157 # 1504
7157 # 1504
7157 + 964 406981771
7157 + 1208 406981771
7157 + 1209 406981771
7157 + 1188 406981771
7158 # 1504
7158 - 964 1 406981771
7158 # 1504
7158 - 1208 1 406981771
7158 + 102 2802403873
7158 + 1188 406981771
7158 + 1111 406981771
7159 # 1504
7159 - 1209 2 406981771
7159 # 1504
7159 - 1188 2 406981771
7159 - 102 1 2802403873
7159 - 1188 1 406981771
7159 # 1504
7159 - 1111 1 406981771
7160 # 1504
7160 # 1504
7160 # 1504
7160 + 1111 406981771
7160 + 1037 406981771
7160 + 1038 406981771
7160 + 1136 406981771
7160 + 1136 406981771
7161 # 1504
7161 - 1111 1 406981771
7161 # 1504
7161 - 1037 1 406981771
7161 # 1504
7161 - 1038 1 406981771
7161 - 1136 1 406981771
7162 # 1504
7162 - 1136 2 406981771
7162 # 1504
7162 + 869 406981771
7162 + 870 406981771
7162 + 773 406981771
7162 + 774 406981771
7163 # 1504
7163 - 869 1 406981771
7163 # 1504
7163 - 870 1 406981771
7163 - 773 1 406981771
7163 # 1504
7163 - 774 1 406981771
7164 # 1504
7164 # 1504
7164 # 1504
7165 # 1504
7165 # 1504
7166 # 1504
7166 # 1504
7166 # 1504
7167 # 1504
7167 # 1504
7167 # 1504
7168 # 1504
7168 # 1504
7169 # 1504
7169 # 1504
7169 # 1504
7170 # 1504
7170 # 1504
7170 # 1504
7171 # 1504
7171 # 1504
7172 # 1504
7172 # 1504
7172 # 1504
7172 + 1073 406983391
7172 + 102 2802403873
7173 # 1504
7173 - 1073 1 406983391
7173 - 102 1 2802403873
7173 # 1504
7173 # 1504
7173 + 1073 406983391
7173 + 1073 406983391
7173 + 1184 406983391
7174 # 1504
7174 - 1073 1 406983391
7174 # 1504
7174 - 1073 1 406983391
7175 # 1504
7175 - 1184 2 406983391
7175 # 1504
7175 # 1504
7175 + 1184 406983391
7175 + 859 406983391
7175 + 860 406983391
7175 + 860 406983391
7175 + 873 406983391
7176 # 1504
7176 - 1184 1 406983391
7176 # 1504
7176 - 859 1 406983391
7176 - 860 1 406983391
7176 # 1504
7176 - 860 1 406983391
7177 # 1504
7177 - 873 2 406983391
7177 # 1504
7177 + 873 406983391
7177 + 874 406983391
7177 + 1100 406983391
7178 # 1504
7178 - 873 1 406983391
7178 # 1504
7178 - 874 1 406983391
7178 - 1100 1 406983391
7178 # 1504
7178 + 102 2802403873
7178 + 1100 406983391
7178 + 1069 406983391
7178 + 1070 406983391
7179 # 1504
7179 - 102 1 2802403873
7179 - 1100 1 406983391
7179 # 1504
7179 - 1069 1 406983391
7179 # 1504
7179 - 1070 1 406983391
7180 # 1504
7180 # 1504
7180 # 1504
7180 + 691 406983391
7180 + 692 406983391
7180 + 710 406983391
7180 + 710 406983391
7181 # 1504
7181 - 691 1 406983391
7181 - 692 1 406983391
7181 # 1504
7181 - 710 1 406983391
7181 - 710 1 406983391
7182 # 1504
7182 # 1504
7182 # 1504
7183 # 1504
7183 # 1504
7183 # 1504
7184 # 1504
7184 # 1504
7185 # 1504
7185 # 1504
7185 # 1504
7186 # 1504
7186 # 1504
7186 # 1504
7187 # 1504
7187 # 1504
7187 + 102 2802403873
7188 # 1504
7188 - 102 1 2802403873
7188 # 1504
7188 # 1504
7189 # 1504
7189 # 1504
7189 # 1504
7190 # 1504
7190 # 1504
7190 + 1028 406985011
7191 # 1504
7191 - 1028 1 406985011
7191 # 1504
7191 # 1504
7192 # 1504
7192 # 1504
7192 # 1504
7192 + 1028 406985011
7192 + 1029 406985011
7192 + 891 406985011
7192 + 892 406985011
7192 + 892 406985011
7192 + 923 406985011
7193 # 1504
7193 - 1028 1 406985011
7193 # 1504
7193 - 1029 1 406985011
7193 - 891 1 406985011
7193 + 102 2802403873
7194 # 1504
7194 - 892 2 406985011
7194 # 1504
7194 - 892 2 406985011
7194 - 923 2 406985011
7194 - 102 1 2802403873
7194 # 1504
7195 # 1504
7195 # 1504
7195 # 1504
7195 + 923 406985011
7195 + 923 406985011
7195 + 953 406985011
7195 + 953 406985011
7195 + 954 406985011
7196 # 1504
7196 - 923 1 406985011
7196 # 1504
7196 - 923 1 406985011
7196 - 953 1 406985011
7196 + 1080 406985011
7196 + 1080 406985011
7196 + 1080 406985011
7197 # 1504
7197 - 953 2 406985011
7197 # 1504
7197 - 954 2 406985011
7197 - 1080 1 406985011
7197 # 1504
7197 - 1080 1 406985011
7198 # 1504
7198 - 1080 2 406985011
7198 # 1504
7198 # 1504
7198 + 1087 406985011
7198 + 1088 406985011
7198 + 1088 406985011
7198 + 974 406985011
7198 + 974 406985011
7198 + 102 2802403873
7199 # 1504
7199 - 1087 1 406985011
7199 # 1504
7199 - 1088 1 406985011
7199 # 1504
7199 - 1088 1 406985011
7199 - 974 1 406985011
7200 # 1504
7200 - 974 2 406985011
7200 - 102 2 2802403873
7200 # 1504
7200 + 1021 406985011
7201 # 1504
7201 - 1021 1 406985011
7201 # 1504
7201 # 1504
7201 + 1021 406985011
7202 # 1504
7202 - 1021 1 406985011
7202 # 1504
7202 # 1504
7203 # 1504
7203 # 1504
7204 # 1504
7204 # 1504
7204 # 1504
7205 # 1504
7205 # 1504
7205 # 1504
7206 # 1504
7206 # 1504
7207 # 1504
7207 # 1504
7207 # 1504
7208 # 1504
7208 # 1504
7208 # 1504
7208 + 102 2802403873
7209 # 1504
7209 - 102 1 2802403873
7209 # 1504
7209 + 948 406986631
7210 # 1504
7210 - 948 1 406986631
7210 # 1504
7210 # 1504
7211 # 1504
7211 # 1504
7211 # 1504
7211 + 948 406986631
7211 + 948 406986631
7211 + 949 406986631
7211 + 944 406986631
7212 # 1504
7212 - 948 1 406986631
7212 # 1504
7212 - 948 1 406986631
7212 - 949 1 406986631
7212 + 944 406986631
7212 + 945 406986631
7212 + 915 406986631
7213 # 1504
7213 - 944 2 406986631
7213 # 1504
7213 - 944 1 406986631
7213 - 945 1 406986631
7213 # 1504
7213 - 915 1 406986631
7213 + 915 406986631
7213 + 916 406986631
7213 + 1142 406986631
7214 # 1504
7214 - 915 1 406986631
7214 # 1504
7214 - 916 1 406986631
7214 - 1142 1 406986631
7214 # 1504
7215 # 1504
7215 # 1504
7215 # 1504
7215 + 1142 406986631
7215 + 1143 406986631
7215 + 1128 406986631
7215 + 1129 406986631
7216 # 1504
7216 - 1142 1 406986631
7216 # 1504
7216 - 1143 1 406986631
7217 # 1504
7217 - 1128 2 406986631
7217 # 1504
7217 - 1129 2 406986631
7217 # 1504
7218 # 1504
7218 # 1504
7218 # 1504
7218 + 1129 406986631
7218 + 1045 406986631
7218 + 1045 406986631
7218 + 1046 406986631
7218 + 944 406986631
7218 + 944 406986631
7219 # 1504
7219 - 1129 1 406986631
7219 # 1504
7219 - 1045 1 406986631
7219 + 102 2802403873
7220 # 1504
7220 - 1045 2 406986631
7220 - 1046 2 406986631
7220 # 1504
7220 - 944 2 406986631
7220 # 1504
7220 - 944 2 406986631
7220 - 102 1 2802403873
7220 + 945 406986631
7220 + 1050 406986631
7220 + 1050 406986631
7221 # 1504
7221 - 945 1 406986631
7221 # 1504
7221 - 1050 1 406986631
7221 # 1504
7221 - 1050 1 406986631
7222 # 1504
7222 # 1504
7223 # 1504
7223 # 1504
7223 # 1504
7224 # 1504
7224 # 1504
7224 # 1504
7225 # 1504
7225 # 1504
7226 # 1504
7226 # 1504
7226 # 1504
7227 # 1504
7227 # 1504
7227 # 1504
7227 + 1189 406988251
7228 # 1504
7228 - 1189 1 406988251
7228 # 1504
7228 + 1189 406988251
7229 # 1504
7229 - 1189 1 406988251
7229 # 1504
7229 # 1504
7229 + 1189 406988251
7229 + 956 406988251
7229 + 956 406988251
7230 # 1504
7230 - 1189 1 406988251
7230 # 1504
7230 - 956 1 406988251
7230 # 1504
7230 - 956 1 406988251
7231 # 1504
7231 # 1504
7231 + 957 406988251
7231 + 1141 406988251
7231 + 1141 406988251
7231 + 1141 406988251
7231 + 1059 406988251
7232 # 1504
7232 - 957 1 406988251
7232 # 1504
7232 - 1141 1 406988251
7232 # 1504
7232 - 1141 1 406988251
7232 - 1141 1 406988251
7233 # 1504
7233 - 1059 2 406988251
7233 # 1504
7233 # 1504
7233 + 102 2802403873
7234 # 1504
7234 - 102 1 2802403873
7234 # 1504
7234 # 1504
7234 + 1059 406988251
7234 + 1059 406988251
7234 + 1065 406988251
7234 + 1066 406988251
7234 + 1066 406988251
7235 # 1504
7235 - 1059 1 406988251
7235 # 1504
7235 - 1059 1 406988251
7235 + 1073 406988251
7235 + 1073 406988251
7236 # 1504
7236 - 1065 2 406988251
7236 - 1066 2 406988251
7236 # 1504
7236 - 1066 2 406988251
7236 # 1504
7236 - 1073 1 406988251
7236 - 1073 1 406988251
7236 + 1073 406988251
7236 + 962 406988251
7236 + 962 406988251
7237 # 1504
7237 - 1073 1 406988251
7237 # 1504
7237 - 962 1 406988251
7237 - 962 1 406988251
7237 # 1504
7237 + 963 406988251
7237 + 1107 406988251
7237 + 1107 406988251
7238 # 1504
7238 - 963 1 406988251
7238 # 1504
7238 - 1107 1 406988251
7239 # 1504
7239 - 1107 2 406988251
7239 # 1504
7239 # 1504
7240 # 1504
7240 # 1504
7240 # 1504
7240 + 1107 406988251
7241 # 1504
7241 - 1107 1 406988251
7241 # 1504
7242 # 1504
7242 # 1504
7242 # 1504
7242 + 102 2802403873
7243 # 1504
7243 - 102 1 2802403873
7243 # 1504
7243 # 1504
7244 # 1504
7244 # 1504
7245 # 1504
7245 # 1504
7245 # 1504
7245 + 1109 406989871
7246 # 1504
7246 - 1109 1 406989871
7246 # 1504
7246 # 1504
7247 # 1504
7247 # 1504
7247 + 1110 406989871
7247 + 1110 406989871
7247 + 906 406989871
7247 + 906 406989871
7247 + 906 406989871
7248 # 1504
7248 - 1110 1 406989871
7248 # 1504
7248 - 1110 1 406989871
7248 # 1504
7248 - 906 1 406989871
7248 - 906 1 406989871
7248 + 1179 406989871
7248 + 1179 406989871
7248 + 102 2802403873
7249 # 1504
7249 - 906 2 406989871
7249 # 1504
7249 - 1179 1 406989871
7249 - 1179 1 406989871
7249 - 102 1 2802403873
7249 # 1504
7249 + 852 406989871
7250 # 1504
7250 - 852 1 406989871
7250 # 1504
7250 + 853 406989871
7250 + 853 406989871
7250 + 1052 406989871
7251 # 1504
7251 - 853 1 406989871
7251 # 1504
7251 - 853 1 406989871
7251 - 1052 1 406989871
7251 # 1504
7252 # 1504
7252 # 1504
7252 # 1504
7252 + 1053 406989871
7252 + 1053 406989871
7252 + 926 406989871
7252 + 926 406989871
7252 + 927 406989871
7253 # 1504
7253 - 1053 1 406989871
7253 # 1504
7253 - 1053 1 406989871
7253 # 1504
7253 - 926 1 406989871
7253 - 926 1 406989871
7254 # 1504
7254 - 927 2 406989871
7254 # 1504
7254 # 1504
7254 # 1504
7254 + 865 406989871
7254 + 865 406989871
7254 + 866 406989871
7254 + 870 406989871
7254 + 870 406989871
7254 + 870 406989871
7255 # 1504
7255 - 865 1 406989871
7255 # 1504
7255 - 865 1 406989871
7255 - 866 1 406989871
7256 # 1504
7256 - 870 2 406989871
7256 - 870 2 406989871
7256 # 1504
7256 - 870 2 406989871
7257 # 1504
7257 # 1504
7257 # 1504
7258 # 1504
7258 # 1504
7259 # 1504
7259 # 1504
7260 # 1504
7260 # 1504
7261 # 1504
7261 # 1504
7262 # 1504
7262 # 1504
7262 + 923 406991491
7263 # 1504
7263 - 923 1 406991491
7263 # 1504
7264 # 1504
7264 # 1504
7264 + 924 406991491
7264 + 924 406991491
7264 + 937 406991491
7264 + 938 406991491
7264 + 938 406991491
7264 + 102 2802403873
7265 # 1504
7265 - 924 1 406991491
7265 # 1504
7265 - 924 1 406991491
7265 - 937 1 406991491
7266 # 1504
7266 - 938 2 406991491
7266 # 1504
7266 - 938 2 406991491
7266 - 102 2 2802403873
7266 + 936 406991491
7266 + 936 406991491
7267 # 1504
7267 - 936 1 406991491
7267 # 1504
7267 - 936 1 406991491
7267 + 936 406991491
7267 + 1175 406991491
7267 + 1176 406991491
7267 + 1095 406991491
7268 # 1504
7268 - 936 1 406991491
7268 # 1504
7268 - 1175 1 406991491
7269 # 1504
7269 - 1176 2 406991491
7269 - 1095 2 406991491
7269 # 1504
7269 + 1095 406991491
7269 + 1096 406991491
7269 + 1206 406991491
7269 + 1206 406991491
7270 # 1504
7270 - 1095 1 406991491
7270 # 1504
7270 - 1096 1 406991491
7271 # 1504
7271 - 1206 2 406991491
7271 # 1504
7271 - 1206 2 406991491
7271 # 1504
7271 + 1236 406991491
7271 + 1237 406991491
7271 + 888 406991491
7271 + 888 406991491
7271 + 888 406991491
7271 + 102 2802403873
7272 # 1504
7272 - 1236 1 406991491
7272 # 1504
7272 - 1237 1 406991491
7273 # 1504
7273 - 888 2 406991491
7273 - 888 2 406991491
7273 # 1504
7273 - 888 2 406991491
7273 - 102 2 2802403873
7274 # 1504
7274 # 1504
7275 # 1504
7275 # 1504
7276 # 1504
7276 # 1504
7277 # 1504
7277 # 1504
7278 # 1504
7278 # 1504
7279 # 1504
7279 # 1504
7280 # 1504
7280 # 1504
7281 # 1504
7281 # 1504
7281 + 957 406993111
7282 # 1504
7282 - 957 1 406993111
7282 # 1504
7283 # 1504
7283 # 1504
7283 + 957 406993111
7283 + 958 406993111
7283 + 1030 406993111
7283 + 1030 406993111
7283 + 1030 406993111
7284 # 1504
7284 - 957 1 406993111
7284 # 1504
7284 - 958 1 406993111
7284 - 1030 1 406993111
7284 + 102 2802403873
7285 # 1504
7285 - 1030 2 406993111
7285 # 1504
7285 - 1030 2 406993111
7285 - 102 1 2802403873
7285 # 1504
7285 + 859 406993111
7286 # 1504
7286 - 859 1 406993111
7286 # 1504
7286 + 859 406993111
7286 + 860 406993111
7286 + 1095 406993111
7286 + 1096 406993111
7287 # 1504
7287 - 859 1 406993111
7287 # 1504
7287 - 860 1 406993111
7287 - 1095 1 406993111
7288 # 1504
7288 - 1096 2 406993111
7288 # 1504
7288 + 1095 406993111
7288 + 1095 406993111
7288 + 1095 406993111
7288 + 1038 406993111
7288 + 1038 406993111
7288 + 914 406993111
7289 # 1504
7289 - 1095 1 406993111
7289 # 1504
7289 - 1095 1 406993111
7290 # 1504
7290 - 1095 2 406993111
7290 - 1038 2 406993111
7290 # 1504
7290 - 1038 2 406993111
7290 + 914 406993111
7290 + 914 406993111
7290 + 1123 406993111
7290 + 1124 406993111
7290 + 1124 406993111
7291 # 1504
7291 - 914 3 406993111
7291 - 914 1 406993111
7291 # 1504
7291 - 914 1 406993111
7292 # 1504
7292 - 1123 2 406993111
7292 - 1124 2 406993111
7292 # 1504
7292 - 1124 2 406993111
7292 + 102 2802403873
7293 # 1504
7293 - 102 1 2802403873
7293 # 1504
7294 # 1504
7294 # 1504
7295 # 1504
7295 # 1504
7296 # 1504
7296 # 1504
7297 # 1504
7297 # 1504
7298 # 1504
7298 # 1504
7298 + 102 2802403873
7299 # 1504
7299 - 102 1 2802403873
7299 # 1504
7299 # 1504
7299 + 1008 406994731
7300 # 1504
7300 - 1008 1 406994731
7300 # 1504
7301 # 1504
7301 # 1504
7301 + 1009 406994731
7301 + 965 406994731
7301 + 966 406994731
7301 + 966 406994731
7301 + 933 406994731
7302 # 1504
7302 - 1009 1 406994731
7302 # 1504
7302 - 965 1 406994731
7302 - 966 1 406994731
7303 # 1504
7303 - 966 2 406994731
7303 # 1504
7303 - 933 2 406994731
7303 + 933 406994731
7303 + 933 406994731
7303 + 1033 406994731
7303 + 1033 406994731
7303 + 903 406994731
7304 # 1504
7304 - 933 1 406994731
7304 # 1504
7304 - 933 1 406994731
7304 - 1033 1 406994731
7305 # 1504
7305 - 1033 2 406994731
7305 # 1504
7305 - 903 2 406994731
7305 + 904 406994731
7305 + 904 406994731
7305 + 1159 406994731
7305 + 1159 406994731
7305 + 1165 406994731
7306 # 1504
7306 - 904 1 406994731
7306 # 1504
7306 - 904 1 406994731
7306 - 1159 1 406994731
7307 # 1504
7307 - 1159 2 406994731
7307 # 1504
7307 - 1165 2 406994731
7308 # 1504
7308 # 1504
7308 + 1165 406994731
7308 + 980 406994731
7308 + 980 406994731
7308 + 980 406994731
7308 + 981 406994731
7309 # 1504
7309 - 1165 1 406994731
7309 # 1504
7309 - 980 1 406994731
7310 # 1504
7310 - 980 2 406994731
7310 - 980 2 406994731
7310 # 1504
7310 - 981 2 406994731
7311 # 1504
7311 # 1504
7311 + 102 2802403873
7312 # 1504
7312 - 102 1 2802403873
7312 # 1504
7312 # 1504
7313 # 1504
7313 # 1504
7314 # 1504
7314 # 1504
7315 # 1504
7315 # 1504
7316 # 1504
7316 # 1504
7317 # 1504
7317 # 1504
7317 + 829 406996351
7318 # 1504
7318 - 829 1 406996351
7318 # 1504
7319 # 1504
7319 # 1504
7319 + 830 406996351
7319 + 891 406996351
7319 + 891 406996351
7319 + 891 406996351
7319 + 919 406996351
7320 # 1504
7320 - 830 1 406996351
7320 # 1504
7320 - 891 1 406996351
7320 - 891 1 406996351
7320 + 920 406996351
7320 + 920 406996351
7320 + 1159 406996351
7321 # 1504
7321 - 891 2 406996351
7321 - 919 2 406996351
7321 # 1504
7321 - 920 1 406996351
7321 + 1160 406996351
7321 + 1156 406996351
7322 # 1504
7322 - 920 2 406996351
7322 - 1159 2 406996351
7322 # 1504
7322 - 1160 1 406996351
7322 + 1157 406996351
7323 # 1504
7323 - 1156 2 406996351
7323 # 1504
7323 - 1157 1 406996351
7324 # 1504
7324 # 1504
7324 + 847 406996351
7324 + 847 406996351
7324 + 970 406996351
7324 + 970 406996351
7324 + 1224 406996351
7324 + 102 2802403873
7325 # 1504
7325 - 847 1 406996351
7325 # 1504
7325 - 847 1 406996351
7325 - 970 1 406996351
7326 # 1504
7326 - 970 2 406996351
7326 # 1504
7326 - 1224 2 406996351
7326 - 102 2 2802403873
7326 # 1504
7326 + 1225 406996351
7326 + 1225 406996351
7327 # 1504
7327 - 1225 1 406996351
7327 # 1504
7327 - 1225 1 406996351
7328 # 1504
7328 # 1504
7329 # 1504
7329 # 1504
7330 # 1504
7330 # 1504
7331 # 1504
7331 # 1504
7332 # 1504
7332 # 1504
7333 # 1504
7333 # 1504
7334 # 1504
7334 # 1504
7335 # 1504
7335 # 1504
7335 + 673 406997971
7336 # 1504
7336 - 673 1 406997971
7336 # 1504
7336 + 674 406997971
7336 + 1004 406997971
7336 + 1004 406997971
7337 # 1504
7337 - 674 1 406997971
7337 # 1504
7337 - 1004 1 406997971
7337 - 1004 1 406997971
7337 + 1190 406997971
7337 + 1191 406997971
7337 + 1039 406997971
7338 # 1504
7338 - 1190 1 406997971
7338 # 1504
7338 - 1191 1 406997971
7339 # 1504
7339 - 1039 2 406997971
7339 # 1504
7339 + 102 2802403873
7340 # 1504
7340 - 102 1 2802403873
7340 # 1504
7340 # 1504
7340 + 1039 406997971
7340 + 998 406997971
7340 + 998 406997971
7340 + 827 406997971
7340 + 828 406997971
7340 + 791 406997971
7341 # 1504
7341 - 1039 1 406997971
7341 # 1504
7341 - 998 1 406997971
7342 # 1504
7342 - 998 2 406997971
7342 - 827 2 406997971
7342 # 1504
7342 - 828 2 406997971
7342 - 791 2 406997971
7342 + 791 406997971
7342 + 1098 406997971
7342 + 1098 406997971
7342 + 1098 406997971
7343 # 1504
7343 - 791 1 406997971
7343 # 1504
7343 - 1098 1 406997971
7343 - 1098 1 406997971
7344 # 1504
7344 - 1098 2 406997971
7344 # 1504
7345 # 1504
7345 # 1504
7346 # 1504
7346 # 1504
7347 # 1504
7347 # 1504
7348 # 1504
7348 # 1504
7349 # 1504
7349 # 1504
7350 # 1504
7350 # 1504
7351 # 1504
7351 # 1504
7352 # 1504
7352 # 1504
7353 # 1504
7353 # 1504
7353 + 1022 406999591
7354 # 1504
7354 - 1022 1 406999591
7354 # 1504
7354 # 1504
7354 + 102 2802403873
7354 + 802 406999591
7354 + 802 406999591
7354 + 1138 406999591
7355 # 1504
7355 - 102 1 2802403873
7355 - 802 1 406999591
7355 # 1504
7355 - 802 1 406999591
7355 - 1138 1 406999591
7356 # 1504
7356 # 1504
7356 + 1138 406999591
7356 + 1064 406999591
7356 + 1065 406999591
7356 + 933 406999591
7357 # 1504
7357 - 1138 1 406999591
7357 # 1504
7357 - 1064 1 406999591
7358 # 1504
7358 - 1065 2 406999591
7358 - 933 2 406999591
7358 # 1504
7358 + 933 406999591
7358 + 980 406999591
7358 + 980 406999591
7358 + 795 406999591
7358 + 795 406999591
7358 + 1148 406999591
7359 # 1504
7359 - 933 1 406999591
7359 # 1504
7359 - 980 1 406999591
7359 - 980 1 406999591
7360 # 1504
7360 - 795 2 406999591
7360 - 795 2 406999591
7360 # 1504
7360 - 1148 2 406999591
7360 + 1149 406999591
7361 # 1504
7361 - 1149 1 406999591
7361 # 1504
7362 # 1504
7362 # 1504
7363 # 1504
7363 # 1504
7364 # 1504
7364 # 1504
7365 # 1504
7365 # 1504
7366 # 1504
7366 # 1504
7367 # 1504
7367 # 1504
7368 # 1504
7368 # 1504
7368 # 1504
7368 + 102 2802403873
7369 # 1504
7369 - 102 1 2802403873
7369 # 1504
7370 # 1504
7370 # 1504
7371 # 1504
7371 # 1504
7371 + 658 407001211
7372 # 1504
7372 - 658 1 407001211
7372 # 1504
7372 + 659 407001211
7372 + 1147 407001211
7372 + 1076 407001211
7373 # 1504
7373 - 659 1 407001211
7373 # 1504
7373 - 1147 1 407001211
7373 - 1076 1 407001211
7373 + 1076 407001211
7373 + 967 407001211
7373 + 967 407001211
7374 # 1504
7374 - 1076 1 407001211
7374 # 1504
7374 - 967 1 407001211
7374 + 102 2802403873
7374 + 1014 407001211
7374 + 1015 407001211
7375 # 1504
7375 - 967 2 407001211
7375 - 102 1 2802403873
7375 - 1014 1 407001211
7375 # 1504
7375 - 1015 1 407001211
7376 # 1504
7376 # 1504
7377 # 1504
7377 # 1504
7377 + 982 407001211
7377 + 982 407001211
7377 + 825 407001211
7377 + 826 407001211
7377 + 804 407001211
7377 + 805 407001211
7378 # 1504
7378 - 982 1 407001211
7378 # 1504
7378 - 982 1 407001211
7378 - 825 1 407001211
7379 # 1504
7379 - 826 2 407001211
7379 - 804 2 407001211
7379 # 1504
7379 - 805 2 407001211
7380 # 1504
7380 # 1504
7381 # 1504
7381 # 1504
7382 # 1504
7382 # 1504
7382 # 1504
7383 # 1504
7383 # 1504
7384 # 1504
7384 # 1504
7385 # 1504
7385 # 1504
7386 # 1504
7386 # 1504
7387 # 1504
7387 # 1504
7387 + 102 2802403873
7388 # 1504
7388 - 102 1 2802403873
7388 # 1504
7389 # 1504
7389 # 1504
7389 + 755 407002831
7390 # 1504
7390 - 755 1 407002831
7390 # 1504
7390 + 836 407002831
7390 + 958 407002831
7390 + 958 407002831
7391 # 1504
7391 - 836 1 407002831
7391 # 1504
7391 - 958 1 407002831
7391 - 958 1 407002831
7392 # 1504
7392 # 1504
7392 + 926 407002831
7392 + 927 407002831
7392 + 1048 407002831
7392 + 1048 407002831
7392 + 790 407002831
7393 # 1504
7393 - 926 1 407002831
7393 # 1504
7393 - 927 1 407002831
7393 - 1048 1 407002831
7394 # 1504
7394 - 1048 2 407002831
7394 # 1504
7394 - 790 2 407002831
7394 + 790 407002831
7394 + 1197 407002831
7395 # 1504
7395 - 790 1 407002831
7395 # 1504
7395 - 1197 1 407002831
7395 # 1504
7395 + 660 407002831
7395 + 661 407002831
7396 # 1504
7396 - 660 1 407002831
7396 - 661 1 407002831
7396 # 1504
7397 # 1504
7397 # 1504
7398 # 1504
7398 # 1504
7398 + 102 2802403873
7399 # 1504
7399 - 102 1 2802403873
7399 # 1504
7400 # 1504
7400 # 1504
7401 # 1504
7401 # 1504
7402 # 1504
7402 # 1504
7403 # 1504
7403 # 1504
7404 # 1504
7404 # 1504
7405 # 1504
7405 # 1504
7406 # 1504
7406 # 1504
7406 + 857 407004451
7407 # 1504
7407 - 857 1 407004451
7407 # 1504
7407 + 858 407004451
7407 + 756 407004451
7407 + 757 407004451
7408 # 1504
7408 - 858 1 407004451
7408 # 1504
7408 - 756 1 407004451
7408 - 757 1 407004451
7408 + 1005 407004451
7408 + 1005 407004451
7408 + 866 407004451
7409 # 1504
7409 - 1005 1 407004451
7409 # 1504
7409 - 1005 1 407004451
7409 - 866 1 407004451
7409 # 1504
7410 # 1504
7410 # 1504
7411 # 1504
7411 # 1504
7411 + 866 407004451
7411 + 890 407004451
7411 + 891 407004451
7411 + 1233 407004451
7411 + 1158 407004451
7412 # 1504
7412 - 866 1 407004451
7412 # 1504
7412 - 890 1 407004451
7412 - 891 1 407004451
7413 # 1504
7413 - 1233 2 407004451
7413 # 1504
7413 - 1158 2 407004451
7413 + 102 2802403873
7413 + 834 407004451
7413 + 835 407004451
7414 # 1504
7414 - 102 1 2802403873
7414 - 834 1 407004451
7414 # 1504
7414 - 835 1 407004451
7415 # 1504
7415 # 1504
7416 # 1504
7416 # 1504
7417 # 1504
7417 # 1504
7418 # 1504
7418 # 1504
7419 # 1504
7419 # 1504
7420 # 1504
7420 # 1504
7420 + 102 2802403873
7421 # 1504
7421 - 102 1 2802403873
7421 # 1504
7422 # 1504
7422 # 1504
7423 # 1504
7423 # 1504
7423 # 1504
7424 # 1504
7424 # 1504
7424 + 819 407006071
7425 # 1504
7425 - 819 1 407006071
7425 # 1504
7425 + 819 407006071
7425 + 807 407006071
7425 + 808 407006071
7426 # 1504
7426 - 819 1 407006071
7426 # 1504
7426 - 807 1 407006071
7426 - 808 1 407006071
7426 + 1012 407006071
7426 + 1013 407006071
7427 # 1504
7427 - 1012 1 407006071
7427 # 1504
7427 - 1013 1 407006071
7427 + 879 407006071
7428 # 1504
7428 - 879 1 407006071
7428 # 1504
7429 # 1504
7429 # 1504
7429 + 879 407006071
7429 + 890 407006071
7429 + 891 407006071
7429 + 752 407006071
7429 + 752 407006071
7429 + 667 407006071
7430 # 1504
7430 - 879 1 407006071
7430 # 1504
7430 - 890 1 407006071
7430 - 891 1 407006071
7431 # 1504
7431 - 752 2 407006071
7431 - 752 2 407006071
7431 # 1504
7431 - 667 2 407006071
7431 + 668 407006071
7431 + 958 407006071
7431 + 958 407006071
7432 # 1504
7432 - 668 1 407006071
7432 # 1504
7432 - 958 1 407006071
7432 - 958 1 407006071
7432 + 102 2802403873
7433 # 1504
7433 - 102 1 2802403873
7433 # 1504
7434 # 1504
7434 # 1504
7435 # 1504
7435 # 1504
7436 # 1504
7436 # 1504
7437 # 1504
7437 # 1504
7437 # 1504
7437 + 102 2802403873
7438 # 1504
7438 - 102 1 2802403873
7438 # 1504
7439 # 1504
7439 # 1504
7440 # 1504
7440 # 1504
7441 # 1504
7441 # 1504
7442 # 1504
7442 # 1504
7442 + 1033 407007691
7443 # 1504
7443 - 1033 1 407007691
7443 # 1504
7444 # 1504
7444 # 1504
7445 # 1504
7445 # 1504
7445 + 1034 407007691
7445 + 986 407007691
7445 + 986 407007691
7445 + 884 407007691
7445 + 884 407007691
7445 + 884 407007691
7446 # 1504
7446 - 1034 1 407007691
7446 # 1504
7446 - 986 1 407007691
7446 - 986 1 407007691
7447 # 1504
7447 - 884 2 407007691
7447 # 1504
7447 - 884 2 407007691
7447 - 884 2 407007691
7447 + 915 407007691
7447 + 916 407007691
7447 + 916 407007691
7447 + 1202 407007691
7447 + 1203 407007691
7448 # 1504
7448 - 915 1 407007691
7448 # 1504
7448 - 916 1 407007691
7448 - 916 1 407007691
7448 + 874 407007691
7449 # 1504
7449 - 1202 2 407007691
7449 # 1504
7449 - 1203 2 407007691
7449 + 874 407007691
7449 + 736 407007691
7450 # 1504
7450 - 874 2 407007691
7450 - 874 1 407007691
7450 # 1504
7450 - 736 1 407007691
7450 + 736 407007691
7450 + 1234 407007691
7450 + 1234 407007691
7451 # 1504
7451 - 736 1 407007691
7451 # 1504
7451 - 1234 1 407007691
7451 # 1504
7451 - 1234 1 407007691
7452 # 1504
7452 # 1504
7452 + 102 2802403873
7453 # 1504
7453 - 102 1 2802403873
7453 # 1504
7454 # 1504
7454 # 1504
7455 # 1504
7455 # 1504
7455 # 1504
7455 # 1504
7455 # 1504
7456 # 1504
7456 # 1504
7457 # 1504
7457 # 1504
7457 # 1504
7458 # 1504
7458 # 1504
7458 # 1504
7459 # 1504
7459 # 1504
7460 # 1504
7460 # 1504
7460 # 1504
7460 + 1033 407009401
7461 # 1504
7461 - 1033 1 407009401
7461 # 1504
7461 # 1504
7462 # 1504
7462 # 1504
7462 + 1033 407009401
7462 + 863 407009401
7463 # 1504
7463 - 1033 1 407009401
7463 # 1504
7463 - 863 1 407009401
7463 # 1504
7463 + 102 2802403873
7463 + 864 407009401
7463 + 864 407009401
7463 + 943 407009401
7464 # 1504
7464 - 102 1 2802403873
7464 - 864 1 407009401
7464 # 1504
7464 - 864 1 407009401
7464 - 943 1 407009401
7464 # 1504
7465 # 1504
7465 # 1504
7465 + 944 407009401
7465 + 944 407009401
7465 + 879 407009401
7465 + 879 407009401
7465 + 880 407009401
7465 + 1167 407009401
7466 # 1504
7466 - 944 1 407009401
7466 # 1504
7466 - 944 1 407009401
7466 - 879 1 407009401
7466 # 1504
7466 - 879 1 407009401
7467 # 1504
7467 - 880 2 407009401
7467 - 1167 2 407009401
7467 # 1504
7467 # 1504
7467 + 1167 407009401
7467 + 923 407009401
7467 + 923 407009401
7467 + 785 407009401
7468 # 1504
7468 - 1167 1 407009401
7468 # 1504
7468 - 923 1 407009401
7468 # 1504
7468 - 923 1 407009401
7468 - 785 1 407009401
7468 + 786 407009401
7469 # 1504
7469 - 786 1 407009401
7469 # 1504
7470 # 1504
7470 # 1504
7470 # 1504
7470 + 1218 407009401
7470 + 1218 407009401
7470 + 1219 407009401
7471 # 1504
7471 - 1218 1 407009401
7471 # 1504
7471 - 1218 1 407009401
7471 # 1504
7471 - 1219 1 407009401
7472 # 1504
7472 # 1504
7473 # 1504
7473 # 1504
7473 # 1504
7474 # 1504
7474 # 1504
7474 # 1504
7475 # 1504
7475 # 1504
7476 # 1504
7476 # 1504
7476 # 1504
7477 # 1504
7477 # 1504
7477 # 1504
7477 + 102 2802403873
7478 # 1504
7478 - 102 1 2802403873
7478 # 1504
7479 # 1504
7479 # 1504
7479 # 1504
7479 + 984 407011021
7480 # 1504
7480 - 984 1 407011021
7480 # 1504
7480 # 1504
7480 + 984 407011021
7480 + 985 407011021
7480 + 1103 407011021
7481 # 1504
7481 - 984 1 407011021
7481 # 1504
7481 - 985 1 407011021
7481 # 1504
7481 - 1103 1 407011021
7481 + 1104 407011021
7482 # 1504
7482 - 1104 1 407011021
7482 # 1504
7482 + 1104 407011021
7482 + 1017 407011021
7482 + 1017 407011021
7483 # 1504
7483 - 1104 1 407011021
7483 # 1504
7483 - 1017 1 407011021
7483 # 1504
7483 - 1017 1 407011021
7484 # 1504
7484 # 1504
7484 # 1504
7484 + 1018 407011021
7484 + 990 407011021
7484 + 990 407011021
7484 + 991 407011021
7484 + 924 407011021
7485 # 1504
7485 - 1018 1 407011021
7485 # 1504
7485 - 990 1 407011021
7485 - 990 1 407011021
7486 # 1504
7486 - 991 2 407011021
7486 # 1504
7486 - 924 2 407011021
7486 # 1504
7487 # 1504
7487 # 1504
7487 # 1504
7487 + 102 2802403873
7487 + 924 407011021
7487 + 925 407011021
7487 + 889 407011021
7487 + 890 407011021
7487 + 761 407011021
7487 + 762 407011021
7488 # 1504
7488 - 102 1 2802403873
7488 - 924 1 407011021
7488 # 1504
7488 - 925 1 407011021
7488 - 889 1 407011021
7489 # 1504
7489 - 890 2 407011021
7489 - 761 2 407011021
7489 # 1504
7489 - 762 2 407011021
7489 # 1504
7489 + 1194 407011021
7489 + 1194 407011021
7489 + 1195 407011021
7490 # 1504
7490 - 1194 1 407011021
7490 # 1504
7490 - 1194 1 407011021
7490 # 1504
7490 - 1195 1 407011021
7491 # 1504
7491 # 1504
7492 # 1504
7492 # 1504
7492 # 1504
7493 # 1504
7493 # 1504
7493 # 1504
7494 # 1504
7494 # 1504
7495 # 1504
7495 # 1504
7495 # 1504
7496 # 1504
7496 # 1504
7496 # 1504
7496 + 1028 407012641
7497 # 1504
7497 - 1028 1 407012641
7497 # 1504
7497 # 1504
7498 # 1504
7498 # 1504
7498 + 1029 407012641
7498 + 873 407012641
7498 + 874 407012641
7499 # 1504
7499 - 1029 1 407012641
7499 # 1504
7499 - 873 1 407012641
7499 - 874 1 407012641
7499 # 1504
7499 + 874 407012641
7499 + 1096 407012641
7500 # 1504
7500 - 874 1 407012641
7500 # 1504
7500 - 1096 1 407012641
7500 # 1504
7500 + 102 2802403873
7500 + 1097 407012641
7500 + 1166 407012641
7500 + 1166 407012641
7501 # 1504
7501 - 102 1 2802403873
7501 - 1097 1 407012641
7501 # 1504
7501 - 1166 1 407012641
7502 # 1504
7502 - 1166 2 407012641
7502 # 1504
7502 # 1504
7502 + 1063 407012641
7502 + 1063 407012641
7502 + 760 407012641
7502 + 761 407012641
7502 + 793 407012641
7503 # 1504
7503 - 1063 1 407012641
7503 # 1504
7503 - 1063 1 407012641
7503 - 760 1 407012641
7503 # 1504
7503 - 761 1 407012641
7503 - 793 1 407012641
7504 # 1504
7504 # 1504
7504 + 793 407012641
7504 + 1173 407012641
7504 + 1173 407012641
7504 + 1173 407012641
7505 # 1504
7505 - 793 1 407012641
7505 # 1504
7505 - 1173 1 407012641
7505 # 1504
7505 - 1173 1 407012641
7505 - 1173 1 407012641
7506 # 1504
7506 # 1504
7506 # 1504
7507 # 1504
7507 # 1504
7507 + 102 2802403873
7508 # 1504
7508 - 102 1 2802403873
7508 # 1504
7508 # 1504
7509 # 1504
7509 # 1504
7509 # 1504
7510 # 1504
7510 # 1504
7510 # 1504
7511 # 1504
7511 # 1504
7512 # 1504
7512 # 1504
7512 # 1504
7513 # 1504
7513 # 1504
7513 # 1504
7514 # 1504
7514 # 1504
7515 # 1504
7515 # 1504
7515 # 1504
7515 + 1056 407014261
7516 # 1504
7516 - 1056 1 407014261
7516 # 1504
7516 # 1504
7517 # 1504
7517 # 1504
7517 + 1056 407014261
7517 + 1219 407014261
7518 # 1504
7518 - 1056 1 407014261
7518 # 1504
7518 - 1219 1 407014261
7518 # 1504
7518 + 1220 407014261
7518 + 865 407014261
7518 + 865 407014261
7519 # 1504
7519 - 1220 1 407014261
7519 # 1504
7519 - 865 1 407014261
7519 - 865 1 407014261
7519 # 1504
7519 + 102 2802403873
7520 # 1504
7520 - 102 1 2802403873
7520 # 1504
7520 + 866 407014261
7520 + 947 407014261
7520 + 948 407014261
7520 + 948 407014261
7520 + 1202 407014261
7521 # 1504
7521 - 866 1 407014261
7521 # 1504
7521 - 947 1 407014261
7521 - 948 1 407014261
7521 # 1504
7521 - 948 1 407014261
7522 # 1504
7522 - 1202 2 407014261
7522 # 1504
7522 # 1504
7522 + 1203 407014261
7522 + 816 407014261
7522 + 817 407014261
7522 + 747 407014261
7523 # 1504
7523 - 1203 1 407014261
7523 # 1504
7523 - 816 1 407014261
7523 - 817 1 407014261
7523 # 1504
7523 - 747 1 407014261
7523 + 748 407014261
7523 + 1162 407014261
7523 + 1163 407014261
7523 + 1163 407014261
7524 # 1504
7524 - 748 1 407014261
7524 # 1504
7524 - 1162 1 407014261
7525 # 1504
7525 - 1163 2 407014261
7525 - 1163 2 407014261
7525 # 1504
7525 # 1504
7526 # 1504
7526 # 1504
7526 # 1504
7527 # 1504
7527 # 1504
7528 # 1504
7528 # 1504
7528 # 1504
7528 + 102 2802403873
7529 # 1504
7529 - 102 1 2802403873
7529 # 1504
7529 # 1504
7530 # 1504
7530 # 1504
7531 # 1504
7531 # 1504
7531 # 1504
7532 # 1504
7532 # 1504
7532 # 1504
7533 # 1504
7533 # 1504
7533 + 854 407015881
7534 # 1504
7534 - 854 1 407015881
7534 # 1504
7534 # 1504
7535 # 1504
7535 # 1504
7535 # 1504
7535 + 855 407015881
7535 + 1063 407015881
7536 # 1504
7536 - 855 1 407015881
7536 # 1504
7536 - 1063 1 407015881
7536 + 1063 407015881
7536 + 877 407015881
7536 + 878 407015881
7536 + 878 407015881
7537 # 1504
7537 - 1063 1 407015881
7537 # 1504
7537 - 877 1 407015881
7537 - 878 1 407015881
7537 # 1504
7537 - 878 1 407015881
7537 + 907 407015881
7537 + 907 407015881
7537 + 907 407015881
7538 # 1504
7538 - 907 1 407015881
7538 # 1504
7538 - 907 1 407015881
7538 - 907 1 407015881
7538 # 1504
7539 # 1504
7539 # 1504
7539 # 1504
7539 + 1032 407015881
7539 + 1033 407015881
7539 + 756 407015881
7539 + 756 407015881
7539 + 777 407015881
7539 + 777 407015881
7539 + 102 2802403873
7540 # 1504
7540 - 1032 1 407015881
7540 # 1504
7540 - 1033 1 407015881
7540 - 756 1 407015881
7541 # 1504
7541 - 756 2 407015881
7541 - 777 2 407015881
7541 # 1504
7541 - 777 2 407015881
7541 - 102 2 2802403873
7541 # 1504
7542 # 1504
7542 # 1504
7542 # 1504
7542 + 1091 407015881
7542 + 1091 407015881
7542 + 1092 407015881
7543 # 1504
7543 - 1091 1 407015881
7543 # 1504
7543 - 1091 1 407015881
7544 # 1504
7544 - 1092 2 407015881
7544 # 1504
7544 # 1504
7545 # 1504
7545 # 1504
7545 # 1504
7546 # 1504
7546 # 1504
7547 # 1504
7547 # 1504
7547 # 1504
7548 # 1504
7548 # 1504
7548 # 1504
7549 # 1504
7549 # 1504
7550 # 1504
7550 # 1504
7550 # 1504
7550 + 102 2802403873
7551 # 1504
7551 - 102 1 2802403873
7551 # 1504
7551 # 1504
7551 + 1111 407017501
7552 # 1504
7552 - 1111 1 407017501
7552 # 1504
7552 # 1504
7553 # 1504
7553 # 1504
7554 # 1504
7554 # 1504
7554 # 1504
7554 + 1112 407017501
7554 + 897 407017501
7554 + 898 407017501
7554 + 898 407017501
7554 + 928 407017501
7555 # 1504
7555 - 1112 1 407017501
7555 # 1504
7555 - 897 1 407017501
7555 - 898 1 407017501
7555 # 1504
7555 - 898 1 407017501
7555 + 928 407017501
7555 + 928 407017501
7555 + 884 407017501
7556 # 1504
7556 - 928 2 407017501
7556 - 928 1 407017501
7556 # 1504
7556 - 928 1 407017501
7556 - 884 1 407017501
7557 # 1504
7557 # 1504
7557 # 1504
7557 + 885 407017501
7557 + 885 407017501
7557 + 1003 407017501
7557 + 1003 407017501
7557 + 1225 407017501
7558 # 1504
7558 - 885 1 407017501
7558 # 1504
7558 - 885 1 407017501
7558 - 1003 1 407017501
7558 # 1504
7558 - 1003 1 407017501
7559 # 1504
7559 - 1225 2 407017501
7559 # 1504
7559 + 1198 407017501
7559 + 1058 407017501
7559 + 1058 407017501
7559 + 1058 407017501
7560 # 1504
7560 - 1198 1 407017501
7560 # 1504
7560 - 1058 1 407017501
7560 # 1504
7560 - 1058 1 407017501
7560 - 1058 1 407017501
7561 # 1504
7561 # 1504
7561 # 1504
7561 + 102 2802403873
7562 # 1504
7562 - 102 1 2802403873
7562 # 1504
7563 # 1504
7563 # 1504
7563 # 1504
7564 # 1504
7564 # 1504
7564 # 1504
7565 # 1504
7565 # 1504
7565 # 1504
7566 # 1504
7566 # 1504
7567 # 1504
7567 # 1504
7567 # 1504
7568 # 1504
7568 # 1504
7568 # 1504
7569 # 1504
7569 # 1504
7569 + 999 407019121
7570 # 1504
7570 - 999 1 407019121
7570 # 1504
7570 # 1504
7571 # 1504
7571 # 1504
7571 # 1504
7571 + 1000 407019121
7571 + 871 407019121
7571 + 872 407019121
7572 # 1504
7572 - 1000 1 407019121
7572 # 1504
7572 - 871 1 407019121
7572 - 872 1 407019121
7572 + 872 407019121
7572 + 1232 407019121
7573 # 1504
7573 - 872 1 407019121
7573 # 1504
7573 - 1232 1 407019121
7573 # 1504
7574 # 1504
7574 # 1504
7574 # 1504
7574 + 1233 407019121
7574 + 1051 407019121
7574 + 1051 407019121
7574 + 874 407019121
7574 + 875 407019121
7574 + 1017 407019121
7575 # 1504
7575 - 1233 1 407019121
7575 # 1504
7575 - 1051 1 407019121
7576 # 1504
7576 - 1051 2 407019121
7576 - 874 2 407019121
7576 # 1504
7576 - 875 2 407019121
7576 # 1504
7576 - 1017 2 407019121
7576 + 102 2802403873
7576 + 657 407019121
7576 + 657 407019121
7576 + 1186 407019121
7576 + 1187 407019121
7576 + 1187 407019121
7577 # 1504
7577 - 102 1 2802403873
7577 - 657 1 407019121
7577 - 657 1 407019121
7577 # 1504
7577 - 1186 1 407019121
7577 # 1504
7577 - 1187 1 407019121
7578 # 1504
7578 - 1187 2 407019121
7578 # 1504
7579 # 1504
7579 # 1504
7579 # 1504
7580 # 1504
7580 # 1504
7580 # 1504
7581 # 1504
7581 # 1504
7581 # 1504
7582 # 1504
7582 # 1504
7582 + 102 2802403873
7583 # 1504
7583 - 102 1 2802403873
7583 # 1504
7583 # 1504
7584 # 1504
7584 # 1504
7584 # 1504
7585 # 1504
7585 # 1504
7586 # 1504
7586 # 1504
7586 # 1504
7586 + 1205 407020741
7587 # 1504
7587 - 1205 1 407020741
7587 # 1504
7587 # 1504
7588 # 1504
7588 # 1504
7588 + 1205 407020741
7588 + 950 407020741
7588 + 950 407020741
7589 # 1504
7589 - 1205 1 407020741
7589 # 1504
7589 - 950 1 407020741
7589 # 1504
7589 - 950 1 407020741
7589 + 951 407020741
7589 + 870 407020741
7590 # 1504
7590 - 951 1 407020741
7590 # 1504
7590 - 870 1 407020741
7590 # 1504
7591 # 1504
7591 # 1504
7591 + 870 407020741
7591 + 870 407020741
7591 + 1114 407020741
7591 + 1115 407020741
7591 + 853 407020741
7592 # 1504
7592 - 870 1 407020741
7592 # 1504
7592 - 870 1 407020741
7592 - 1114 1 407020741
7592 # 1504
7592 - 1115 1 407020741
7593 # 1504
7593 - 853 2 407020741
7593 # 1504
7593 # 1504
7593 + 854 407020741
7593 + 1035 407020741
7593 + 1225 407020741
7593 + 1232 407020741
7593 + 1232 407020741
7594 # 1504
7594 - 854 1 407020741
7594 # 1504
7594 - 1035 1 407020741
7594 # 1504
7594 - 1225 1 407020741
7594 - 1232 1 407020741
7595 # 1504
7595 - 1232 2 407020741
7595 # 1504
7596 # 1504
7596 # 1504
7596 # 1504
7596 + 102 2802403873
7596 + 1232 407020741
7597 # 1504
7597 - 102 1 2802403873
7597 - 1232 1 407020741
7597 # 1504
7597 # 1504
7598 # 1504
7598 # 1504
7599 # 1504
7599 # 1504
7599 # 1504
7600 # 1504
7600 # 1504
7600 # 1504
7601 # 1504
7601 # 1504
7602 # 1504
7602 # 1504
7602 # 1504
7603 # 1504
7603 # 1504
7603 # 1504
7604 # 1504
7604 # 1504
7604 + 1239 407022361
7605 # 1504
7605 - 1239 1 407022361
7605 # 1504
7605 # 1504
7606 # 1504
7606 # 1504
7606 # 1504
7607 # 1504
7607 # 1504
7607 # 1504
7607 + 1240 407022361
7607 + 932 407022361
7607 + 932 407022361
7607 + 932 407022361
7607 + 865 407022361
7608 # 1504
7608 - 1240 1 407022361
7608 # 1504
7608 - 932 1 407022361
7609 # 1504
7609 - 932 2 407022361
7609 - 932 2 407022361
7609 # 1504
7609 - 865 2 407022361
7609 # 1504
7609 + 866 407022361
7609 + 866 407022361
7609 + 1119 407022361
7609 + 1120 407022361
7609 + 1011 407022361
7610 # 1504
7610 - 866 1 407022361
7610 # 1504
7610 - 866 1 407022361
7610 - 1119 1 407022361
7610 # 1504
7610 - 1120 1 407022361
7611 # 1504
7611 - 1011 2 407022361
7611 # 1504
7611 + 1012 407022361
7611 + 1200 407022361
7611 + 737 407022361
7611 + 738 407022361
7611 + 1147 407022361
7611 + 102 2802403873
7612 # 1504
7612 - 1012 1 407022361
7612 # 1504
7612 - 1200 1 407022361
7612 - 737 1 407022361
7612 # 1504
7612 - 738 1 407022361
7612 + 1147 407022361
7613 # 1504
7613 - 1147 2 407022361
7613 - 102 2 2802403873
7613 # 1504
7613 - 1147 1 407022361
7613 # 1504
7614 # 1504
7614 # 1504
7614 + 1148 407022361
7615 # 1504
7615 - 1148 1 407022361
7615 # 1504
7615 # 1504
7616 # 1504
7616 # 1504
7616 # 1504
7617 # 1504
7617 # 1504
7618 # 1504
7618 # 1504
7618 # 1504
7619 # 1504
7619 # 1504
7619 # 1504
7619 + 102 2802403873
7620 # 1504
7620 - 102 1 2802403873
7620 # 1504
7621 # 1504
7621 # 1504
7621 # 1504
7622 # 1504
7622 # 1504
7622 # 1504
7623 # 1504
7623 # 1504
7623 # 1504
7623 + 1139 407023981
7624 # 1504
7624 - 1139 1 407023981
7624 # 1504
7625 # 1504
7625 # 1504
7625 # 1504
7625 + 1140 407023981
7625 + 864 407023981
7625 + 864 407023981
7625 + 864 407023981
7625 + 870 407023981
7626 # 1504
7626 - 1140 1 407023981
7626 # 1504
7626 - 864 1 407023981
7626 - 864 1 407023981
7626 # 1504
7626 - 864 1 407023981
7627 # 1504
7627 - 870 2 407023981
7627 # 1504
7627 + 870 407023981
7627 + 870 407023981
7627 + 1102 407023981
7627 + 1103 407023981
7627 + 946 407023981
7628 # 1504
7628 - 870 1 407023981
7628 # 1504
7628 - 870 1 407023981
7628 - 1102 1 407023981
7628 # 1504
7628 - 1103 1 407023981
7629 # 1504
7629 - 946 2 407023981
7629 # 1504
7629 # 1504
7629 + 118 2802403873
7629 + 947 407023981
7629 + 1090 407023981
7629 + 686 407023981
7629 + 686 407023981
7629 + 993 407023981
7629 + 994 407023981
7630 # 1504
7630 - 118 1 2802403873
7630 - 947 1 407023981
7630 # 1504
7630 - 1090 1 407023981
7630 - 686 1 407023981
7631 # 1504
7631 - 686 2 407023981
7631 # 1504
7631 - 993 2 407023981
7631 - 994 2 407023981
7631 # 1504
7632 # 1504
7632 # 1504
7632 # 1504
7632 + 994 407023981
7633 # 1504
7633 - 994 1 407023981
7633 # 1504
7634 # 1504
7634 # 1504
7634 # 1504
7635 # 1504
7635 # 1504
7635 # 1504
7636 # 1504
7636 # 1504
7636 # 1504
7637 # 1504
7637 # 1504
7638 # 1504
7638 # 1504
7638 # 1504
7639 # 1504
7639 # 1504
7639 # 1504
7640 # 1504
7640 # 1504
7641 # 1504
7641 # 1504
7641 # 1504
7641 + 1051 407025601
7642 # 1504
7642 - 1051 1 407025601
7642 # 1504
7642 # 1504
7642 + 102 2802403873
7643 # 1504
7643 - 102 1 2802403873
7643 # 1504
7644 # 1504
7644 # 1504
7644 # 1504
7644 + 1052 407025601
7644 + 864 407025601
7644 + 864 407025601
7644 + 865 407025601
7644 + 1126 407025601
7644 + 1127 407025601
7645 # 1504
7645 - 1052 1 407025601
7645 # 1504
7645 - 864 1 407025601
7645 - 864 1 407025601
7645 # 1504
7645 - 865 1 407025601
7646 # 1504
7646 - 1126 2 407025601
7646 - 1127 2 407025601
7646 # 1504
7646 + 1072 407025601
7646 + 1072 407025601
7646 + 979 407025601
7646 + 979 407025601
7647 # 1504
7647 - 1072 1 407025601
7647 # 1504
7647 - 1072 1 407025601
7647 # 1504
7647 - 979 1 407025601
7647 - 979 1 407025601
7648 # 1504
7648 # 1504
7648 # 1504
7648 + 1102 407025601
7648 + 708 407025601
7648 + 708 407025601
7648 + 1009 407025601
7648 + 1010 407025601
7648 + 1010 407025601
7649 # 1504
7649 - 1102 1 407025601
7649 # 1504
7649 - 708 1 407025601
7649 - 708 1 407025601
7649 # 1504
7649 - 1009 1 407025601
7650 # 1504
7650 - 1010 2 407025601
7650 - 1010 2 407025601
7650 # 1504
7651 # 1504
7651 # 1504
7651 # 1504
7652 # 1504
7652 # 1504
7652 # 1504
7652 + 102 2802403873
7653 # 1504
7653 - 102 1 2802403873
7653 # 1504
7654 # 1504
7654 # 1504
7654 # 1504
7655 # 1504
7655 # 1504
7655 # 1504
7656 # 1504
7656 # 1504
7656 # 1504
7656 # 1504
7656 # 1504
7657 # 1504
7657 # 1504
7657 # 1504
7658 # 1504
7658 # 1504
7658 # 1504
7659 # 1504
7659 # 1504
7659 + 1200 407027221
7660 # 1504
7660 - 1200 1 407027221
7660 # 1504
7660 # 1504
7661 # 1504
7661 # 1504
7661 # 1504
7661 + 1200 407027221
7661 + 1018 407027221
7661 + 1019 407027221
7661 + 1019 407027221
7662 # 1504
7662 - 1200 1 407027221
7662 # 1504
7662 - 1018 1 407027221
7662 # 1504
7662 - 1019 1 407027221
7662 - 1019 1 407027221
7662 + 894 407027221
7662 + 894 407027221
7662 + 895 407027221
7662 + 941 407027221
7663 # 1504
7663 - 894 1 407027221
7663 # 1504
7663 - 894 1 407027221
7663 - 895 1 407027221
7663 # 1504
7663 - 941 1 407027221
7664 # 1504
7664 # 1504
7664 + 941 407027221
7664 + 942 407027221
7664 + 1058 407027221
7665 # 1504
7665 - 941 1 407027221
7665 # 1504
7665 - 942 1 407027221
7665 - 1058 1 407027221
7665 # 1504
7665 + 102 2802403873
7666 # 1504
7666 - 102 1 2802403873
7666 # 1504
7666 # 1504
7666 + 1059 407027221
7666 + 1165 407027221
7666 + 736 407027221
7666 + 737 407027221
7666 + 963 407027221
7666 + 963 407027221
7667 # 1504
7667 - 1059 1 407027221
7667 # 1504
7667 - 1165 1 407027221
7667 - 736 1 407027221
7667 # 1504
7667 - 737 1 407027221
7668 # 1504
7668 - 963 2 407027221
7668 - 963 2 407027221
7668 # 1504
7668 + 963 407027221
7669 # 1504
7669 - 963 1 407027221
7669 # 1504
7669 # 1504
7670 # 1504
7670 # 1504
7670 # 1504
7671 # 1504
7671 # 1504
7671 # 1504
7672 # 1504
7672 # 1504
7672 # 1504
7673 # 1504
7673 # 1504
7674 # 1504
7674 # 1504
7674 # 1504
7674 + 102 2802403873
7675 # 1504
7675 - 102 1 2802403873
7675 # 1504
7675 # 1504
7676 # 1504
7676 # 1504
7676 # 1504
7677 # 1504
7677 # 1504
7677 + 1193 407028841
7678 # 1504
7678 - 1193 1 407028841
7678 # 1504
7678 # 1504
7679 # 1504
7679 # 1504
7679 # 1504
7679 + 1193 407028841
7679 + 1017 407028841
7679 + 1017 407028841
7679 + 1017 407028841
7680 # 1504
7680 - 1193 1 407028841
7680 # 1504
7680 - 1017 1 407028841
7680 # 1504
7680 - 1017 1 407028841
7680 - 1017 1 407028841
7681 # 1504
7681 # 1504
7681 # 1504
7681 + 1132 407028841
7681 + 1132 407028841
7681 + 1150 407028841
7681 + 1151 407028841
7682 # 1504
7682 - 1132 1 407028841
7682 # 1504
7682 - 1132 1 407028841
7682 + 102 2802403873
7683 # 1504
7683 - 1150 2 407028841
7683 # 1504
7683 - 1151 2 407028841
7683 - 102 1 2802403873
7683 # 1504
7684 # 1504
7684 # 1504
7684 # 1504
7684 + 922 407028841
7684 + 923 407028841
7684 + 1082 407028841
7684 + 1234 407028841
7684 + 901 407028841
7684 + 901 407028841
7685 # 1504
7685 - 922 1 407028841
7685 # 1504
7685 - 923 1 407028841
7685 - 1082 1 407028841
7685 # 1504
7685 - 1234 1 407028841
7686 # 1504
7686 - 901 2 407028841
7686 - 901 2 407028841
7686 # 1504
7686 + 901 407028841
7687 # 1504
7687 - 901 1 407028841
7687 # 1504
7687 # 1504
7688 # 1504
7688 # 1504
7688 # 1504
7688 + 102 2802403873
7689 # 1504
7689 - 102 1 2802403873
7689 # 1504
7689 # 1504
7690 # 1504
7690 # 1504
7690 # 1504
7691 # 1504
7691 # 1504
7692 # 1504
7692 # 1504
7692 # 1504
7693 # 1504
7693 # 1504
7693 # 1504
7694 # 1504
7694 # 1504
7694 # 1504
7695 # 1504
7695 # 1504
7695 # 1504
7696 # 1504
7696 # 1504
7696 + 932 407030461
7697 # 1504
7697 - 932 1 407030461
7697 # 1504
7697 # 1504
7698 # 1504
7698 # 1504
7698 # 1504
7698 + 932 407030461
7698 + 933 407030461
7698 + 1139 407030461
7698 + 1139 407030461
7699 # 1504
7699 - 932 1 407030461
7699 # 1504
7699 - 933 1 407030461
7699 - 1139 1 407030461
7699 # 1504
7699 - 1139 1 407030461
7700 # 1504
7700 # 1504
7700 + 1139 407030461
7700 + 994 407030461
7700 + 994 407030461
7700 + 994 407030461
7700 + 931 407030461
7701 # 1504
7701 - 1139 1 407030461
7701 # 1504
7701 - 994 1 407030461
7701 # 1504
7701 - 994 1 407030461
7701 - 994 1 407030461
7702 # 1504
7702 - 931 2 407030461
7702 # 1504
7702 # 1504
7703 # 1504
7703 # 1504
7703 # 1504
7703 + 931 407030461
7703 + 931 407030461
7703 + 889 407030461
7703 + 889 407030461
7703 + 889 407030461
7703 + 1195 407030461
7704 # 1504
7704 - 931 1 407030461
7704 # 1504
7704 - 931 1 407030461
7704 - 889 1 407030461
7704 # 1504
7704 - 889 1 407030461
7704 + 102 2802403873
7705 # 1504
7705 - 889 2 407030461
7705 - 1195 2 407030461
7705 - 102 1 2802403873
7705 # 1504
7705 + 812 407030461
7705 + 812 407030461
7705 + 879 407030461
7705 + 880 407030461
7705 + 880 407030461
7706 # 1504
7706 - 812 1 407030461
7706 # 1504
7706 - 812 1 407030461
7706 - 879 1 407030461
7706 # 1504
7706 - 880 1 407030461
7706 - 880 1 407030461
7707 # 1504
7707 # 1504
7707 # 1504
7708 # 1504
7708 # 1504
7708 # 1504
7709 # 1504
7709 # 1504
7710 # 1504
7710 # 1504
7710 # 1504
7711 # 1504
7711 # 1504
7711 # 1504
7712 # 1504
7712 # 1504
7712 # 1504
7712 + 102 2802403873
7713 # 1504
7713 - 102 1 2802403873
7713 # 1504
7713 # 1504
7713 + 856 407032081
7714 # 1504
7714 - 856 1 407032081
7714 # 1504
7715 # 1504
7715 # 1504
7715 # 1504
7716 # 1504
7716 # 1504
7716 # 1504
7716 + 857 407032081
7716 + 857 407032081
7716 + 1234 407032081
7716 + 1234 407032081
7717 # 1504
7717 - 857 1 407032081
7717 # 1504
7717 - 857 1 407032081
7717 - 1234 1 407032081
7717 # 1504
7717 - 1234 1 407032081
7718 # 1504
7718 # 1504
7718 + 1235 407032081
7718 + 1094 407032081
7718 + 1095 407032081
7718 + 1095 407032081
7718 + 1053 407032081
7719 # 1504
7719 - 1235 1 407032081
7719 # 1504
7719 - 1094 1 407032081
7719 # 1504
7719 - 1095 1 407032081
7719 + 1053 407032081
7719 + 1053 407032081
7720 # 1504
7720 - 1095 2 407032081
7720 - 1053 2 407032081
7720 # 1504
7720 - 1053 1 407032081
7720 # 1504
7720 - 1053 1 407032081
7720 + 956 407032081
7720 + 956 407032081
7720 + 957 407032081
7721 # 1504
7721 - 956 1 407032081
7721 # 1504
7721 - 956 1 407032081
7721 - 957 1 407032081
7721 # 1504
7721 + 102 2802403873
7722 # 1504
7722 - 102 1 2802403873
7722 # 1504
7722 # 1504
7722 + 739 407032081
7722 + 739 407032081
7723 # 1504
7723 - 739 1 407032081
7723 - 739 1 407032081
7723 # 1504
7723 + 878 407032081
7723 + 879 407032081
7723 + 896 407032081
7723 + 897 407032081
7724 # 1504
7724 - 878 1 407032081
7724 # 1504
7724 - 879 1 407032081
7724 - 896 1 407032081
7724 # 1504
7724 - 897 1 407032081
7724 + 897 407032081
7725 # 1504
7725 - 897 1 407032081
7725 # 1504
7725 # 1504
7726 # 1504
7726 # 1504
7726 # 1504
7727 # 1504
7727 # 1504
7728 # 1504
7728 # 1504
7728 # 1504
7729 # 1504
7729 # 1504
7729 # 1504
7730 # 1504
7730 # 1504
7730 # 1504
7731 # 1504
7731 # 1504
7731 # 1504
7731 + 991 407033701
7732 # 1504
7732 - 991 1 407033701
7732 # 1504
7733 # 1504
7733 # 1504
7733 # 1504
7734 # 1504
7734 # 1504
7734 # 1504
7734 + 992 407033701
7734 + 992 407033701
7734 + 1004 407033701
7734 + 1005 407033701
7734 + 1005 407033701
7735 # 1504
7735 - 992 1 407033701
7735 # 1504
7735 - 992 1 407033701
7735 - 1004 1 407033701
7735 # 1504
7735 - 1005 1 407033701
7736 # 1504
7736 - 1005 2 407033701
7736 # 1504
7736 + 1005 407033701
7736 + 1140 407033701
7736 + 1140 407033701
7736 + 1140 407033701
7736 + 102 2802403873
7736 + 1003 407033701
7737 # 1504
7737 - 1005 1 407033701
7737 # 1504
7737 - 1140 1 407033701
7737 # 1504
7737 - 1140 1 407033701
7737 - 1140 1 407033701
7738 # 1504
7738 - 102 2 2802403873
7738 - 1003 2 407033701
7738 # 1504
7738 # 1504
7738 + 1004 407033701
7738 + 1004 407033701
7738 + 878 407033701
7738 + 879 407033701
7738 + 879 407033701
7739 # 1504
7739 - 1004 1 407033701
7739 # 1504
7739 - 1004 1 407033701
7739 - 878 1 407033701
7739 # 1504
7739 - 879 1 407033701
7740 # 1504
7740 - 879 2 407033701
7740 # 1504
7740 # 1504
7741 # 1504
7741 # 1504
7741 + 1239 407033701
7741 + 760 407033701
7741 + 761 407033701
7741 + 854 407033701
7741 + 854 407033701
7741 + 855 407033701
7742 # 1504
7742 - 1239 1 407033701
7742 # 1504
7742 - 760 1 407033701
7742 - 761 1 407033701
7742 # 1504
7742 - 854 1 407033701
7742 - 854 1 407033701
7743 # 1504
7743 - 855 2 407033701
7743 # 1504
7743 # 1504
7744 # 1504
7744 # 1504
7744 # 1504
7745 # 1504
7745 # 1504
7746 # 1504
7746 # 1504
7746 # 1504
7746 + 102 2802403873
7747 # 1504
7747 - 102 1 2802403873
7747 # 1504
7747 # 1504
7748 # 1504
7748 # 1504
7748 # 1504
7749 # 1504
7749 # 1504
7749 # 1504
7749 + 1183 407035321
7750 # 1504
7750 - 1183 1 407035321
7750 # 1504
7751 # 1504
7751 # 1504
7751 # 1504
7751 + 1184 407035321
7752 # 1504
7752 - 1184 1 407035321
7752 # 1504
7752 # 1504
7752 + 1148 407035321
7752 + 1149 407035321
7752 + 1149 407035321
7753 # 1504
7753 - 1148 1 407035321
7753 # 1504
7753 - 1149 1 407035321
7753 # 1504
7753 - 1149 1 407035321
7754 # 1504
7754 # 1504
7754 + 1133 407035321
7754 + 1133 407035321
7754 + 1134 407035321
7754 + 980 407035321
7754 + 981 407035321
7755 # 1504
7755 - 1133 1 407035321
7755 # 1504
7755 - 1133 1 407035321
7755 # 1504
7755 - 1134 1 407035321
7755 - 980 1 407035321
7756 # 1504
7756 - 981 2 407035321
7756 # 1504
7756 # 1504
7756 + 981 407035321
7756 + 875 407035321
7756 + 876 407035321
7756 + 876 407035321
7756 + 1240 407035321
7757 # 1504
7757 - 981 1 407035321
7757 # 1504
7757 - 875 1 407035321
7757 - 876 1 407035321
7757 # 1504
7757 - 876 1 407035321
7758 # 1504
7758 - 1240 2 407035321
7758 # 1504
7758 # 1504
7758 + 766 407035321
7759 # 1504
7759 - 766 1 407035321
7759 # 1504
7759 + 767 407035321
7759 + 855 407035321
7759 + 856 407035321
7759 + 856 407035321
7760 # 1504
7760 - 767 1 407035321
7760 # 1504
7760 - 855 1 407035321
7760 - 856 1 407035321
7760 # 1504
7760 - 856 1 407035321
7761 # 1504
7761 # 1504
7761 # 1504
7762 # 1504
7762 # 1504
7762 # 1504
7762 + 102 2802403873
7763 # 1504
7763 - 102 1 2802403873
7763 # 1504
7763 # 1504
7764 # 1504
7764 # 1504
7765 # 1504
7765 # 1504
7765 # 1504
7766 # 1504
7766 # 1504
7766 # 1504
7767 # 1504
7767 # 1504
7767 # 1504
7767 + 102 2802403873
7767 + 878 407036941
7768 # 1504
7768 - 102 1 2802403873
7768 - 878 1 407036941
7768 # 1504
7769 # 1504
7769 # 1504
7769 # 1504
7770 # 1504
7770 # 1504
7770 # 1504
7770 + 878 407036941
7770 + 879 407036941
7770 + 1196 407036941
7770 + 1196 407036941
7770 + 1197 407036941
7771 # 1504
7771 - 878 1 407036941
7771 # 1504
7771 - 879 1 407036941
7771 - 1196 1 407036941
7771 # 1504
7771 - 1196 1 407036941
7771 + 1164 407036941
7771 + 1164 407036941
7772 # 1504
7772 - 1197 2 407036941
7772 # 1504
7772 - 1164 1 407036941
7772 # 1504
7772 - 1164 1 407036941
7772 + 1164 407036941
7772 + 1027 407036941
7772 + 1027 407036941
7773 # 1504
7773 - 1164 1 407036941
7773 # 1504
7773 - 1027 1 407036941
7774 # 1504
7774 - 1027 2 407036941
7774 # 1504
7774 # 1504
7774 + 1027 407036941
7774 + 1204 407036941
7774 + 1204 407036941
7774 + 1150 407036941
7775 # 1504
7775 - 1027 1 407036941
7775 # 1504
7775 - 1204 1 407036941
7775 # 1504
7775 - 1204 1 407036941
7776 # 1504
7776 - 1150 2 407036941
7776 # 1504
7776 # 1504
7777 # 1504
7777 # 1504
7777 + 725 407036941
7777 + 726 407036941
7777 + 892 407036941
7777 + 892 407036941
7777 + 893 407036941
7778 # 1504
7778 - 725 1 407036941
7778 - 726 1 407036941
7778 # 1504
7778 - 892 1 407036941
7778 # 1504
7778 - 892 1 407036941
7778 - 893 1 407036941
7779 # 1504
7779 # 1504
7779 # 1504
7780 # 1504
7780 # 1504
7780 # 1504
7781 # 1504
7781 # 1504
7781 # 1504
7782 # 1504
7782 # 1504
7782 + 102 2802403873
7783 # 1504
7783 - 102 1 2802403873
7783 # 1504
7783 # 1504
7784 # 1504
7784 # 1504
7784 # 1504
7785 # 1504
7785 # 1504
7785 # 1504
7786 # 1504
7786 # 1504
7786 + 1137 407038561
7787 # 1504
7787 - 1137 1 407038561
7787 # 1504
7787 # 1504
7787 + 102 2802403873
7788 # 1504
7788 - 102 1 2802403873
7788 # 1504
7788 # 1504
7788 + 1137 407038561
7788 + 925 407038561
7788 + 926 407038561
7788 + 926 407038561
7788 + 1140 407038561
7789 # 1504
7789 - 1137 1 407038561
7789 # 1504
7789 - 925 1 407038561
7789 - 926 1 407038561
7789 # 1504
7789 - 926 1 407038561
7790 # 1504
7790 - 1140 2 407038561
7790 # 1504
7790 # 1504
7790 + 1140 407038561
7790 + 1141 407038561
7790 + 930 407038561
7790 + 930 407038561
7790 + 931 407038561
7791 # 1504
7791 - 1140 1 407038561
7791 # 1504
7791 - 1141 1 407038561
7792 # 1504
7792 - 930 2 407038561
7792 - 930 2 407038561
7792 # 1504
7792 - 931 2 407038561
7792 # 1504
7792 + 1126 407038561
7792 + 1126 407038561
7792 + 1173 407038561
7792 + 745 407038561
7793 # 1504
7793 - 1126 1 407038561
7793 # 1504
7793 - 1126 1 407038561
7793 # 1504
7793 - 1173 1 407038561
7793 - 745 1 407038561
7793 + 745 407038561
7794 # 1504
7794 - 745 1 407038561
7794 # 1504
7794 # 1504
7795 # 1504
7795 # 1504
7795 + 917 407038561
7795 + 918 407038561
7795 + 918 407038561
7796 # 1504
7796 - 917 1 407038561
7796 # 1504
7796 - 918 1 407038561
7796 - 918 1 407038561
7796 # 1504
7797 # 1504
7797 # 1504
7797 # 1504
7798 # 1504
7798 # 1504
7798 # 1504
7798 + 102 2802403873
7799 # 1504
7799 - 102 1 2802403873
7799 # 1504
7799 # 1504
7800 # 1504
7800 # 1504
7801 # 1504
7801 # 1504
7801 # 1504
7802 # 1504
7802 # 1504
7802 # 1504
7803 # 1504
7803 # 1504
7803 # 1504
7803 + 882 407040181
7804 # 1504
7804 - 882 1 407040181
7804 # 1504
7805 # 1504
7805 # 1504
7805 # 1504
7806 # 1504
7806 # 1504
7806 # 1504
7806 + 102 2802403873
7806 + 882 407040181
7806 + 882 407040181
7806 + 973 407040181
7806 + 973 407040181
7806 + 973 407040181
7806 + 1084 407040181
7806 + 1084 407040181
7807 # 1504
7807 - 102 1 2802403873
7807 - 882 1 407040181
7807 # 1504
7807 - 882 1 407040181
7807 - 973 1 407040181
7807 # 1504
7807 - 973 1 407040181
7808 # 1504
7808 - 973 2 407040181
7808 - 1084 2 407040181
7808 # 1504
7808 - 1084 2 407040181
7808 # 1504
7808 + 1084 407040181
7808 + 968 407040181
7808 + 969 407040181
7808 + 969 407040181
7808 + 1068 407040181
7808 + 1068 407040181
7809 # 1504
7809 - 1084 1 407040181
7809 # 1504
7809 - 968 1 407040181
7810 # 1504
7810 - 969 2 407040181
7810 - 969 2 407040181
7810 # 1504
7810 - 1068 2 407040181
7810 # 1504
7810 - 1068 2 407040181
7811 # 1504
7811 # 1504
7811 # 1504
7811 + 1143 407040181
7811 + 1197 407040181
7811 + 993 407040181
7811 + 993 407040181
7812 # 1504
7812 - 1143 1 407040181
7812 # 1504
7812 - 1197 1 407040181
7812 # 1504
7812 - 993 1 407040181
7812 - 993 1 407040181
7813 # 1504
7813 # 1504
7814 # 1504
7814 # 1504
7814 # 1504
7815 # 1504
7815 # 1504
7815 # 1504
7816 # 1504
7816 # 1504
7816 # 1504
7817 # 1504
7817 # 1504
7817 # 1504
7818 # 1504
7818 # 1504
7819 # 1504
7819 # 1504
7819 # 1504
7820 # 1504
7820 # 1504
7820 # 1504
7820 + 102 2802403873
7821 # 1504
7821 - 102 1 2802403873
7821 # 1504
7821 # 1504
7821 + 1176 407041801
7822 # 1504
7822 - 1176 1 407041801
7822 # 1504
7822 + 1176 407041801
7822 + 971 407041801
7823 # 1504
7823 - 1176 1 407041801
7823 # 1504
7823 - 971 1 407041801
7823 # 1504
7824 # 1504
7824 # 1504
7824 # 1504
7824 + 972 407041801
7824 + 972 407041801
7824 + 1055 407041801
7824 + 1055 407041801
7824 + 1056 407041801
7825 # 1504
7825 - 972 1 407041801
7825 # 1504
7825 - 972 1 407041801
7825 - 1055 1 407041801
7825 # 1504
7825 - 1055 1 407041801
7825 + 944 407041801
7826 # 1504
7826 - 1056 2 407041801
7826 # 1504
7826 - 944 1 407041801
7826 # 1504
7826 + 945 407041801
7826 + 945 407041801
7827 # 1504
7827 - 945 1 407041801
7827 # 1504
7827 - 945 1 407041801
7827 + 1182 407041801
7827 + 1182 407041801
7827 + 673 407041801
7828 # 1504
7828 - 1182 1 407041801
7828 # 1504
7828 - 1182 1 407041801
7828 # 1504
7828 - 673 1 407041801
7829 # 1504
7829 # 1504
7829 # 1504
7829 + 673 407041801
7829 + 778 407041801
7829 + 779 407041801
7829 + 913 407041801
7829 + 914 407041801
7830 # 1504
7830 - 673 1 407041801
7830 - 778 1 407041801
7830 # 1504
7830 - 779 1 407041801
7830 # 1504
7830 - 913 1 407041801
7830 - 914 1 407041801
7831 # 1504
7831 # 1504
7831 + 102 2802403873
7832 # 1504
7832 - 102 1 2802403873
7832 # 1504
7832 # 1504
7833 # 1504
7833 # 1504
7833 # 1504
7834 # 1504
7834 # 1504
7834 # 1504
7835 # 1504
7835 # 1504
7835 # 1504
7836 # 1504
7836 # 1504
7837 # 1504
7837 # 1504
7837 # 1504
7838 # 1504
7838 # 1504
7838 # 1504
7839 # 1504
7839 # 1504
7839 # 1504
7839 + 923 407043421
7840 # 1504
7840 - 923 1 407043421
7840 # 1504
7840 # 1504
7841 # 1504
7841 # 1504
7842 # 1504
7842 # 1504
7842 # 1504
7842 + 923 407043421
7842 + 924 407043421
7842 + 977 407043421
7842 + 977 407043421
7842 + 977 407043421
7842 + 977 407043421
7843 # 1504
7843 - 923 1 407043421
7843 # 1504
7843 - 924 1 407043421
7843 - 977 1 407043421
7843 # 1504
7843 - 977 1 407043421
7844 # 1504
7844 - 977 2 407043421
7844 - 977 2 407043421
7844 # 1504
7844 # 1504
7844 + 1136 407043421
7844 + 1137 407043421
7844 + 1137 407043421
7844 + 1038 407043421
7845 # 1504
7845 - 1136 1 407043421
7845 # 1504
7845 - 1137 1 407043421
7846 # 1504
7846 - 1137 2 407043421
7846 - 1038 2 407043421
7846 # 1504
7846 # 1504
7846 + 1038 407043421
7846 + 1039 407043421
7846 + 1204 407043421
7846 + 1204 407043421
7847 # 1504
7847 - 1038 1 407043421
7847 # 1504
7847 - 1039 1 407043421
7847 # 1504
7847 - 1204 1 407043421
7847 - 1204 1 407043421
7847 + 102 2802403873
7848 # 1504
7848 - 102 1 2802403873
7848 # 1504
7848 # 1504
7848 + 691 407043421
7848 + 691 407043421
7848 + 726 407043421
7849 # 1504
7849 - 691 1 407043421
7849 - 691 1 407043421
7849 # 1504
7849 - 726 1 407043421
7849 # 1504
7849 + 726 407043421
7849 + 975 407043421
7849 + 975 407043421
7850 # 1504
7850 - 726 1 407043421
7850 # 1504
7850 - 975 1 407043421
7850 - 975 1 407043421
7851 # 1504
7851 # 1504
7851 # 1504
7852 # 1504
7852 # 1504
7852 # 1504
7853 # 1504
7853 # 1504
7853 # 1504
7854 # 1504
7854 # 1504
7854 + 102 2802403873
7855 # 1504
7855 - 102 1 2802403873
7855 # 1504
7855 # 1504
7856 # 1504
7856 # 1504
7856 # 1504
7856 + 1138 407044951
7857 # 1504
7857 - 1138 1 407044951
7857 # 1504
7857 # 1504
7858 # 1504
7858 # 1504
7858 # 1504
7858 # 1504
7858 # 1504
7858 # 1504
7858 + 1138 407044951
7859 # 1504
7859 - 1138 1 407044951
7859 # 1504
7859 # 1504
7859 + 1011 407044951
7859 + 1011 407044951
7859 + 1012 407044951
7860 # 1504
7860 - 1011 1 407044951
7860 # 1504
7860 - 1011 1 407044951
7860 # 1504
7860 - 1012 1 407044951
7860 + 1113 407044951
7860 + 1113 407044951
7860 + 1113 407044951
7861 # 1504
7861 - 1113 1 407044951
7861 # 1504
7861 - 1113 1 407044951
7861 # 1504
7861 - 1113 1 407044951
7862 # 1504
7862 # 1504
7862 # 1504
7862 + 1007 407044951
7862 + 1008 407044951
7862 + 1008 407044951
7862 + 1199 407044951
7863 # 1504
7863 - 1007 1 407044951
7863 # 1504
7863 - 1008 1 407044951
7863 # 1504
7863 - 1008 1 407044951
7863 - 1199 1 407044951
7863 + 102 2802403873
7864 # 1504
7864 - 102 1 2802403873
7864 # 1504
7864 # 1504
7864 + 1200 407044951
7864 + 778 407044951
7864 + 779 407044951
7864 + 838 407044951
7864 + 839 407044951
7864 + 1121 407044951
7865 # 1504
7865 - 1200 1 407044951
7865 # 1504
7865 - 778 1 407044951
7865 - 779 1 407044951
7865 # 1504
7865 - 838 1 407044951
7865 - 839 1 407044951
7866 # 1504
7866 - 1121 2 407044951
7866 # 1504
7866 # 1504
7866 + 1121 407044951
7867 # 1504
7867 - 1121 1 407044951
7867 # 1504
7867 # 1504
7868 # 1504
7868 # 1504
7868 # 1504
7869 # 1504
7869 # 1504
7869 # 1504
7870 # 1504
7870 # 1504
7870 # 1504
7871 # 1504
7871 # 1504
7871 # 1504
7872 # 1504
7872 # 1504
7872 # 1504
7873 # 1504
7873 # 1504
7873 # 1504
7874 # 1504
7874 # 1504
7874 # 1504
7874 + 1184 407046571
7875 # 1504
7875 - 1184 1 407046571
7875 # 1504
7875 # 1504
7876 # 1504
7876 # 1504
7876 # 1504
7877 # 1504
7877 # 1504
7877 # 1504
7877 + 1185 407046571
7877 + 1072 407046571
7877 + 1072 407046571
7877 + 1072 407046571
7878 # 1504
7878 - 1185 1 407046571
7878 # 1504
7878 - 1072 1 407046571
7878 # 1504
7878 - 1072 1 407046571
7878 - 1072 1 407046571
7878 + 102 2802403873
7879 # 1504
7879 - 102 1 2802403873
7879 # 1504
7879 # 1504
7880 # 1504
7880 # 1504
7880 # 1504
7880 + 1032 407046571
7880 + 1032 407046571
7880 + 1032 407046571
7880 + 1033 407046571
7880 + 1045 407046571
7880 + 1046 407046571
7880 + 1046 407046571
7881 # 1504
7881 - 1032 1 407046571
7881 # 1504
7881 - 1032 1 407046571
7881 # 1504
7881 - 1032 1 407046571
7881 - 1033 1 407046571
7882 # 1504
7882 - 1045 2 407046571
7882 # 1504
7882 - 1046 2 407046571
7882 - 1046 2 407046571
7882 # 1504
7882 + 1172 407046571
7882 + 1172 407046571
7882 + 713 407046571
7882 + 714 407046571
7882 + 842 407046571
7882 + 843 407046571
7883 # 1504
7883 - 1172 1 407046571
7883 # 1504
7883 - 1172 1 407046571
7883 # 1504
7883 - 713 1 407046571
7883 - 714 1 407046571
7884 # 1504
7884 - 842 2 407046571
7884 - 843 2 407046571
7884 # 1504
7884 # 1504
7885 # 1504
7885 # 1504
7885 # 1504
7885 + 1205 407046571
7885 + 1205 407046571
7886 # 1504
7886 - 1205 1 407046571
7886 # 1504
7886 - 1205 1 407046571
7886 # 1504
7887 # 1504
7887 # 1504
7887 # 1504
7888 # 1504
7888 # 1504
7888 # 1504
7889 # 1504
7889 # 1504
7889 # 1504
7890 # 1504
7890 # 1504
7890 # 1504
7890 + 102 2802403873
7891 # 1504
7891 - 102 1 2802403873
7891 # 1504
7891 # 1504
7892 # 1504
7892 # 1504
7892 # 1504
7893 # 1504
7893 # 1504
7893 # 1504
7893 + 913 407048191
7894 # 1504
7894 - 913 1 407048191
7894 # 1504
7894 # 1504
7895 # 1504
7895 # 1504
7895 # 1504
7895 + 914 407048191
7895 + 914 407048191
7895 + 1052 407048191
7895 + 1052 407048191
7895 + 1052 407048191
7896 # 1504
7896 - 914 1 407048191
7896 # 1504
7896 - 914 1 407048191
7896 - 1052 1 407048191
7896 # 1504
7896 - 1052 1 407048191
7897 # 1504
7897 - 1052 2 407048191
7897 # 1504
7897 # 1504
7898 # 1504
7898 # 1504
7898 + 102 2802403873
7898 + 1128 407048191
7898 + 1129 407048191
7898 + 1129 407048191
7898 + 950 407048191
7898 + 950 407048191
7898 + 951 407048191
7899 # 1504
7899 - 102 1 2802403873
7899 - 1128 1 407048191
7899 # 1504
7899 - 1129 1 407048191
7899 # 1504
7899 - 1129 1 407048191
7899 - 950 1 407048191
7900 # 1504
7900 - 950 2 407048191
7900 # 1504
7900 - 951 2 407048191
7900 # 1504
7900 + 871 407048191
7900 + 871 407048191
7900 + 660 407048191
7900 + 660 407048191
7900 + 865 407048191
7900 + 866 407048191
7901 # 1504
7901 - 871 1 407048191
7901 # 1504
7901 - 871 1 407048191
7901 - 660 1 407048191
7901 # 1504
7901 - 660 1 407048191
7901 - 865 1 407048191
7902 # 1504
7902 - 866 2 407048191
7902 # 1504
7902 # 1504
7902 + 1100 407048191
7903 # 1504
7903 - 1100 1 407048191
7903 # 1504
7903 # 1504
7903 + 1101 407048191
7904 # 1504
7904 - 1101 1 407048191
7904 # 1504
7904 # 1504
7905 # 1504
7905 # 1504
7905 # 1504
7906 # 1504
7906 # 1504
7906 # 1504
7907 # 1504
7907 # 1504
7907 # 1504
7908 # 1504
7908 # 1504
7908 # 1504
7909 # 1504
7909 # 1504
7909 # 1504
7910 # 1504
7910 # 1504
7910 # 1504
7910 + 1085 407049811
7911 # 1504
7911 - 1085 1 407049811
7911 # 1504
7911 # 1504
7912 # 1504
7912 # 1504
7912 # 1504
7912 + 1086 407049811
7912 + 1086 407049811
7912 + 1208 407049811
7912 + 1209 407049811
7912 + 1209 407049811
7913 # 1504
7913 - 1086 1 407049811
7913 # 1504
7913 - 1086 1 407049811
7913 # 1504
7913 - 1208 1 407049811
7914 # 1504
7914 - 1209 2 407049811
7914 - 1209 2 407049811
7914 # 1504
7914 # 1504
7914 + 102 2802403873
7915 # 1504
7915 - 102 1 2802403873
7915 # 1504
7915 # 1504
7915 + 963 407049811
7915 + 964 407049811
7915 + 964 407049811
7915 + 964 407049811
7915 + 1101 407049811
7916 # 1504
7916 - 963 1 407049811
7916 # 1504
7916 - 964 1 407049811
7916 - 964 1 407049811
7916 # 1504
7916 - 964 1 407049811
7917 # 1504
7917 - 1101 2 407049811
7917 # 1504
7917 # 1504
7917 + 1101 407049811
7917 + 1102 407049811
7917 + 1058 407049811
7917 + 1059 407049811
7918 # 1504
7918 - 1101 1 407049811
7918 # 1504
7918 - 1102 1 407049811
7918 # 1504
7918 - 1058 1 407049811
7918 - 1059 1 407049811
7919 # 1504
7919 # 1504
7919 # 1504
7919 + 676 407049811
7919 + 676 407049811
7919 + 815 407049811
7919 + 816 407049811
7919 + 1047 407049811
7919 + 1047 407049811
7920 # 1504
7920 - 676 1 407049811
7920 - 676 1 407049811
7920 # 1504
7920 - 815 1 407049811
7920 - 816 1 407049811
7920 # 1504
7920 - 1047 1 407049811
7921 # 1504
7921 - 1047 2 407049811
7921 # 1504
7921 # 1504
7922 # 1504
7922 # 1504
7922 # 1504
7923 # 1504
7923 # 1504
7923 # 1504
7924 # 1504
7924 # 1504
7924 # 1504
7925 # 1504
7925 # 1504
7925 # 1504
7926 # 1504
7926 # 1504
7926 # 1504
7927 # 1504
7927 # 1504
7927 # 1504
7928 # 1504
7928 # 1504
7928 # 1504
7928 + 978 407051431
7929 # 1504
7929 - 978 1 407051431
7929 # 1504
7929 # 1504
7929 + 102 2802403873
7930 # 1504
7930 - 102 1 2802403873
7930 # 1504
7930 # 1504
7930 + 978 407051431
7930 + 978 407051431
7930 + 1115 407051431
7930 + 1115 407051431
7930 + 1116 407051431
7931 # 1504
7931 - 978 1 407051431
7931 # 1504
7931 - 978 1 407051431
7931 # 1504
7931 - 1115 1 407051431
7931 - 1115 1 407051431
7932 # 1504
7932 - 1116 2 407051431
7932 # 1504
7932 # 1504
7932 + 1188 407051431
7932 + 1188 407051431
7932 + 1188 407051431
7932 + 897 407051431
7933 # 1504
7933 - 1188 1 407051431
7933 # 1504
7933 - 1188 1 407051431
7933 # 1504
7933 - 1188 1 407051431
7933 - 897 1 407051431
7933 + 897 407051431
7934 # 1504
7934 - 897 1 407051431
7934 # 1504
7934 # 1504
7935 # 1504
7935 # 1504
7935 # 1504
7935 + 898 407051431
7935 + 888 407051431
7935 + 888 407051431
7935 + 673 407051431
7935 + 673 407051431
7935 + 819 407051431
7936 # 1504
7936 - 898 1 407051431
7936 # 1504
7936 - 888 1 407051431
7936 - 888 1 407051431
7936 # 1504
7936 - 673 1 407051431
7936 - 673 1 407051431
7937 # 1504
7937 - 819 2 407051431
7937 # 1504
7937 # 1504
7937 + 819 407051431
7937 + 983 407051431
7938 # 1504
7938 - 819 1 407051431
7938 # 1504
7938 - 983 1 407051431
7938 # 1504
7938 + 983 407051431
7939 # 1504
7939 - 983 1 407051431
7939 # 1504
7939 # 1504
7940 # 1504
7940 # 1504
7940 # 1504
7940 + 102 2802403873
7941 # 1504
7941 - 102 1 2802403873
7941 # 1504
7941 # 1504
7942 # 1504
7942 # 1504
7942 # 1504
7943 # 1504
7943 # 1504
7943 # 1504
7944 # 1504
7944 # 1504
7944 # 1504
7945 # 1504
7945 # 1504
7945 # 1504
7946 # 1504
7946 # 1504
7946 # 1504
7946 + 989 407053051
7947 # 1504
7947 - 989 1 407053051
7947 # 1504
7947 # 1504
7947 + 989 407053051
7947 + 990 407053051
7947 + 1199 407053051
7947 + 1200 407053051
7948 # 1504
7948 - 989 1 407053051
7948 # 1504
7948 - 990 1 407053051
7948 # 1504
7948 - 1199 1 407053051
7948 - 1200 1 407053051
7949 # 1504
7949 # 1504
7949 # 1504
7949 + 1200 407053051
7949 + 1151 407053051
7949 + 1152 407053051
7950 # 1504
7950 - 1200 1 407053051
7950 # 1504
7950 - 1151 1 407053051
7950 # 1504
7950 - 1152 1 407053051
7950 + 1152 407053051
7950 + 988 407053051
7951 # 1504
7951 - 1152 1 407053051
7951 # 1504
7951 - 988 1 407053051
7951 # 1504
7951 + 989 407053051
7951 + 989 407053051
7951 + 831 407053051
7952 # 1504
7952 - 989 1 407053051
7952 # 1504
7952 - 989 1 407053051
7952 - 831 1 407053051
7952 # 1504
7952 + 102 2802403873
7953 # 1504
7953 - 102 1 2802403873
7953 # 1504
7953 # 1504
7953 + 832 407053051
7954 # 1504
7954 - 832 1 407053051
7954 # 1504
7954 # 1504
7954 + 1105 407053051
7954 + 700 407053051
7954 + 701 407053051
7954 + 796 407053051
7954 + 796 407053051
7955 # 1504
7955 - 1105 1 407053051
7955 # 1504
7955 - 700 1 407053051
7955 - 701 1 407053051
7955 # 1504
7955 - 796 1 407053051
7955 - 796 1 407053051
7956 # 1504
7956 # 1504
7956 # 1504
7957 # 1504
7957 # 1504
7957 # 1504
7958 # 1504
7958 # 1504
7958 # 1504
7959 # 1504
7959 # 1504
7959 # 1504
7960 # 1504
7960 # 1504
7960 # 1504
7961 # 1504
7961 # 1504
7961 # 1504
7962 # 1504
7962 # 1504
7962 # 1504
7963 # 1504
7963 # 1504
7963 # 1504
7963 + 947 407054671
7964 # 1504
7964 - 947 1 407054671
7964 # 1504
7964 # 1504
7964 + 102 2802403873
7965 # 1504
7965 - 102 1 2802403873
7965 # 1504
7965 # 1504
7966 # 1504
7966 # 1504
7966 # 1504
7966 + 948 407054671
7966 + 948 407054671
7966 + 1054 407054671
7966 + 1054 407054671
7966 + 1054 407054671
7967 # 1504
7967 - 948 1 407054671
7967 # 1504
7967 - 948 1 407054671
7967 - 1054 1 407054671
7967 # 1504
7967 - 1054 1 407054671
7968 # 1504
7968 - 1054 2 407054671
7968 # 1504
7968 # 1504
7968 + 1031 407054671
7968 + 1032 407054671
7968 + 1032 407054671
7968 + 907 407054671
7968 + 907 407054671
7969 # 1504
7969 - 1031 1 407054671
7969 # 1504
7969 - 1032 1 407054671
7969 # 1504
7969 - 1032 1 407054671
7969 - 907 1 407054671
7969 + 907 407054671
7969 + 777 407054671
7969 + 778 407054671
7970 # 1504
7970 - 907 2 407054671
7970 - 907 1 407054671
7970 # 1504
7970 - 777 1 407054671
7970 - 778 1 407054671
7970 # 1504
7970 + 939 407054671
7970 + 681 407054671
7970 + 681 407054671
7970 + 845 407054671
7970 + 102 2802403873
7971 # 1504
7971 - 939 1 407054671
7971 # 1504
7971 - 681 1 407054671
7971 - 681 1 407054671
7971 # 1504
7971 - 845 1 407054671
7971 - 102 1 2802403873
7971 + 845 407054671
7972 # 1504
7972 - 845 1 407054671
7972 # 1504
7972 # 1504
7973 # 1504
7973 # 1504
7973 # 1504
7974 # 1504
7974 # 1504
7974 # 1504
7975 # 1504
7975 # 1504
7975 # 1504
7976 # 1504
7976 # 1504
7976 # 1504
7977 # 1504
7977 # 1504
7977 # 1504
7978 # 1504
7978 # 1504
7978 # 1504
7979 # 1504
7979 # 1504
7979 # 1504
7980 # 1504
7980 # 1504
7980 # 1504
7980 + 102 2802403873
7981 # 1504
7981 - 102 1 2802403873
7981 # 1504
7981 # 1504
7982 # 1504
7982 # 1504
7982 # 1504
7982 + 876 407056201
7983 # 1504
7983 - 876 1 407056201
7983 # 1504
7983 # 1504
7984 # 1504
7984 # 1504
7984 # 1504
7984 + 876 407056201
7984 + 876 407056201
7984 + 1037 407056201
7984 + 1037 407056201
7984 + 1038 407056201
7985 # 1504
7985 - 876 1 407056201
7985 # 1504
7985 - 876 1 407056201
7985 - 1037 1 407056201
7985 # 1504
7985 - 1037 1 407056201
7986 # 1504
7986 - 1038 2 407056201
7986 # 1504
7986 # 1504
7987 # 1504
7987 # 1504
7987 # 1504
7987 + 102 2802403873
7987 + 1069 407056201
7987 + 1069 407056201
7987 + 1070 407056201
7987 + 970 407056201
7987 + 971 407056201
7988 # 1504
7988 - 102 1 2802403873
7988 - 1069 1 407056201
7988 # 1504
7988 - 1069 1 407056201
7988 # 1504
7988 - 1070 1 407056201
7988 - 970 1 407056201
7988 + 971 407056201
7988 + 828 407056201
7988 + 828 407056201
7988 + 939 407056201
7989 # 1504
7989 - 971 2 407056201
7989 # 1504
7989 - 971 1 407056201
7989 - 828 1 407056201
7989 # 1504
7989 - 828 1 407056201
7989 - 939 1 407056201
7989 + 658 407056201
7989 + 658 407056201
7989 + 799 407056201
7990 # 1504
7990 - 658 1 407056201
7990 - 658 1 407056201
7990 # 1504
7990 - 799 1 407056201
7990 # 1504
7991 # 1504
7991 # 1504
7991 # 1504
7991 + 800 407056201
7992 # 1504
7992 - 800 1 407056201
7992 # 1504
7992 # 1504
7993 # 1504
7993 # 1504
7993 # 1504
7994 # 1504
7994 # 1504
7994 # 1504
7995 # 1504
7995 # 1504
7995 # 1504
7996 # 1504
7996 # 1504
7996 # 1504
7997 # 1504
7997 # 1504
7997 # 1504
7998 # 1504
7998 # 1504
7998 # 1504
7998 + 102 2802403873
7999 # 1504
7999 - 102 1 2802403873
7999 # 1504
7999 # 1504
8000 # 1504
8000 # 1504
8000 # 1504
8000 + 1056 407057821
8001 # 1504
8001 - 1056 1 407057821
8001 # 1504
8001 # 1504
8001 + 1056 407057821
8001 + 1057 407057821
8001 + 1217 407057821
8002 # 1504
8002 - 1056 1 407057821
8002 # 1504
8002 - 1057 1 407057821
8002 # 1504
8002 - 1217 1 407057821
8002 + 1217 407057821
8003 # 1504
8003 - 1217 1 407057821
8003 # 1504
8003 # 1504
8003 + 1218 407057821
8003 + 1069 407057821
8004 # 1504
8004 - 1218 1 407057821
8004 # 1504
8004 - 1069 1 407057821
8004 # 1504
8004 + 1069 407057821
8004 + 1069 407057821
8005 # 1504
8005 - 1069 1 407057821
8005 # 1504
8005 - 1069 1 407057821
8005 # 1504
8005 + 893 407057821
8005 + 893 407057821
8005 + 894 407057821
8006 # 1504
8006 - 893 1 407057821
8006 # 1504
8006 - 893 1 407057821
8006 - 894 1 407057821
8006 # 1504
8007 # 1504
8007 # 1504
8007 # 1504
8007 + 1152 407057821
8007 + 1152 407057821
8007 + 1169 407057821
8007 + 741 407057821
8008 # 1504
8008 - 1152 1 407057821
8008 # 1504
8008 - 1152 1 407057821
8008 # 1504
8008 - 1169 1 407057821
8008 - 741 1 407057821
8008 + 742 407057821
8009 # 1504
8009 - 742 1 407057821
8009 # 1504
8009 # 1504
8009 + 102 2802403873
8010 # 1504
8010 - 102 1 2802403873
8010 # 1504
8010 # 1504
8010 + 853 407057821
8010 + 853 407057821
8011 # 1504
8011 - 853 1 407057821
8011 # 1504
8011 - 853 1 407057821
8011 # 1504
8012 # 1504
8012 # 1504
8012 # 1504
8013 # 1504
8013 # 1504
8013 # 1504
8014 # 1504
8014 # 1504
8014 # 1504
8015 # 1504
8015 # 1504
8015 # 1504
8016 # 1504
8016 # 1504
8016 # 1504
8017 # 1504
8017 # 1504
8017 # 1504
8018 # 1504
8018 # 1504
8018 # 1504
8018 + 989 407059441
8019 # 1504
8019 - 989 1 407059441
8019 # 1504
8019 # 1504
8019 + 989 407059441
8019 + 990 407059441
8019 + 1123 407059441
8020 # 1504
8020 - 989 1 407059441
8020 # 1504
8020 - 990 1 407059441
8020 # 1504
8020 - 1123 1 407059441
8020 + 102 2802403873
8021 # 1504
8021 - 102 1 2802403873
8021 # 1504
8021 # 1504
8021 + 1123 407059441
8021 + 1124 407059441
8021 + 1020 407059441
8021 + 1020 407059441
8022 # 1504
8022 - 1123 1 407059441
8022 # 1504
8022 - 1124 1 407059441
8022 # 1504
8022 - 1020 1 407059441
8022 - 1020 1 407059441
8022 + 1020 407059441
8023 # 1504
8023 - 1020 1 407059441
8023 # 1504
8023 # 1504
8024 # 1504
8024 # 1504
8024 # 1504
8024 + 872 407059441
8024 + 872 407059441
8024 + 873 407059441
8024 + 1171 407059441
8024 + 1172 407059441
8025 # 1504
8025 - 872 1 407059441
8025 # 1504
8025 - 872 1 407059441
8025 - 873 1 407059441
8025 # 1504
8025 - 1171 1 407059441
8026 # 1504
8026 - 1172 2 407059441
8026 # 1504
8026 # 1504
8026 + 943 407059441
8026 + 667 407059441
8026 + 667 407059441
8026 + 797 407059441
8026 + 797 407059441
8027 # 1504
8027 - 943 1 407059441
8027 # 1504
8027 - 667 1 407059441
8027 - 667 1 407059441
8027 # 1504
8027 - 797 1 407059441
8027 - 797 1 407059441
8028 # 1504
8028 # 1504
8028 # 1504
8029 # 1504
8029 # 1504
8029 # 1504
8030 # 1504
8030 # 1504
8030 # 1504
8031 # 1504
8031 # 1504
8031 # 1504
8031 + 102 2802403873
8032 # 1504
8032 - 102 1 2802403873
8032 # 1504
8032 # 1504
8033 # 1504
8033 # 1504
8033 # 1504
8034 # 1504
8034 # 1504
8034 # 1504
8035 # 1504
8035 # 1504
8035 # 1504
8036 # 1504
8036 # 1504
8036 # 1504
8036 + 910 407061061
8037 # 1504
8037 - 910 1 407061061
8037 # 1504
8037 # 1504
8038 # 1504
8038 # 1504
8038 # 1504
8038 + 910 407061061
8038 + 911 407061061
8038 + 1132 407061061
8038 + 1132 407061061
8038 + 1132 407061061
8038 + 1089 407061061
8039 # 1504
8039 - 910 1 407061061
8039 # 1504
8039 - 911 1 407061061
8039 - 1132 1 407061061
8039 # 1504
8039 - 1132 1 407061061
8040 # 1504
8040 - 1132 2 407061061
8040 # 1504
8040 - 1089 2 407061061
8040 # 1504
8041 # 1504
8041 # 1504
8041 # 1504
8041 + 1089 407061061
8041 + 1090 407061061
8041 + 902 407061061
8041 + 903 407061061
8041 + 903 407061061
8042 # 1504
8042 - 1089 1 407061061
8042 # 1504
8042 - 1090 1 407061061
8042 # 1504
8042 - 902 1 407061061
8042 - 903 1 407061061
8043 # 1504
8043 - 903 2 407061061
8043 # 1504
8043 # 1504
8043 + 1164 407061061
8043 + 1164 407061061
8043 + 659 407061061
8043 + 660 407061061
8043 + 1240 407061061
8044 # 1504
8044 - 1164 1 407061061
8044 # 1504
8044 - 1164 1 407061061
8044 - 659 1 407061061
8044 # 1504
8044 - 660 1 407061061
8045 # 1504
8045 - 1240 2 407061061
8045 # 1504
8045 # 1504
8045 + 832 407061061
8045 + 832 407061061
8046 # 1504
8046 - 832 1 407061061
8046 # 1504
8046 - 832 1 407061061
8046 # 1504
8046 + 102 2802403873
8047 # 1504
8047 - 102 1 2802403873
8047 # 1504
8047 # 1504
8048 # 1504
8048 # 1504
8048 # 1504
8049 # 1504
8049 # 1504
8049 # 1504
8050 # 1504
8050 # 1504
8050 # 1504
8051 # 1504
8051 # 1504
8051 # 1504
8052 # 1504
8052 # 1504
8052 # 1504
8053 # 1504
8053 # 1504
8053 # 1504
8053 + 968 407062681
8054 # 1504
8054 - 968 1 407062681
8054 # 1504
8054 # 1504
8054 + 968 407062681
8054 + 969 407062681
8054 + 1200 407062681
8055 # 1504
8055 - 968 1 407062681
8055 # 1504
8055 - 969 1 407062681
8055 # 1504
8055 - 1200 1 407062681
8056 # 1504
8056 # 1504
8056 # 1504
8056 + 1200 407062681
8056 + 1201 407062681
8056 + 1031 407062681
8056 + 1031 407062681
8056 + 1031 407062681
8057 # 1504
8057 - 1200 1 407062681
8057 # 1504
8057 - 1201 1 407062681
8057 # 1504
8057 - 1031 1 407062681
8057 - 1031 1 407062681
8058 # 1504
8058 - 1031 2 407062681
8058 # 1504
8058 # 1504
8058 # 1504
8058 # 1504
8058 # 1504
8058 + 102 2802403873
8059 # 1504
8059 - 102 1 2802403873
8059 # 1504
8059 + 931 407062681
8059 + 931 407062681
8059 + 932 407062681
8059 + 1050 407062681
8059 + 1050 407062681
8059 + 983 407062681
8060 # 1504
8060 - 931 1 407062681
8060 # 1504
8060 - 931 1 407062681
8060 - 932 1 407062681
8061 # 1504
8061 - 1050 2 407062681
8061 # 1504
8061 - 1050 2 407062681
8061 - 983 2 407062681
8061 # 1504
8061 + 714 407062681
8061 + 715 407062681
8061 + 855 407062681
8061 + 856 407062681
8062 # 1504
8062 - 714 1 407062681
8062 - 715 1 407062681
8062 # 1504
8062 - 855 1 407062681
8063 # 1504
8063 - 856 2 407062681
8063 # 1504
8064 # 1504
8064 # 1504
8065 # 1504
8065 # 1504
8065 # 1504
8065 + 102 2802403873
8066 # 1504
8066 - 102 1 2802403873
8066 # 1504
8067 # 1504
8067 # 1504
8068 # 1504
8068 # 1504
8069 # 1504
8069 # 1504
8069 # 1504
8070 # 1504
8070 # 1504
8071 # 1504
8071 # 1504
8071 + 853 407064301
8072 # 1504
8072 - 853 1 407064301
8072 # 1504
8072 # 1504
8073 # 1504
8073 # 1504
8074 # 1504
8074 # 1504
8074 + 853 407064301
8074 + 853 407064301
8074 + 1034 407064301
8074 + 1034 407064301
8074 + 1034 407064301
8074 + 102 2802403873
8074 + 899 407064301
8075 # 1504
8075 - 853 1 407064301
8075 # 1504
8075 - 853 1 407064301
8075 - 1034 1 407064301
8076 # 1504
8076 - 1034 2 407064301
8076 # 1504
8076 - 1034 2 407064301
8076 - 102 2 2802403873
8076 - 899 2 407064301
8076 # 1504
8076 + 900 407064301
8076 + 900 407064301
8076 + 1237 407064301
8076 + 1237 407064301
8076 + 916 407064301
8077 # 1504
8077 - 900 1 407064301
8077 # 1504
8077 - 900 1 407064301
8078 # 1504
8078 - 1237 2 407064301
8078 - 1237 2 407064301
8078 # 1504
8078 - 916 2 407064301
8079 # 1504
8079 # 1504
8079 # 1504
8079 + 916 407064301
8079 + 657 407064301
8079 + 658 407064301
8079 + 717 407064301
8079 + 718 407064301
8079 + 991 407064301
8079 + 992 407064301
8080 # 1504
8080 - 916 1 407064301
8080 # 1504
8080 - 657 1 407064301
8080 - 658 1 407064301
8080 - 717 1 407064301
8081 # 1504
8081 - 718 2 407064301
8081 # 1504
8081 - 991 2 407064301
8081 - 992 2 407064301
8081 + 102 2802403873
8082 # 1504
8082 - 102 1 2802403873
8082 # 1504
8083 # 1504
8083 # 1504
8083 # 1504
8084 # 1504
8084 # 1504
8085 # 1504
8085 # 1504
8086 # 1504
8086 # 1504
8086 # 1504
8087 # 1504
8087 # 1504
8088 # 1504
8088 # 1504
8089 # 1504
8089 # 1504
8089 + 936 407065921
8090 # 1504
8090 - 936 1 407065921
8090 # 1504
8090 # 1504
8091 # 1504
8091 # 1504
8091 + 102 2802403873
8091 + 937 407065921
8091 + 937 407065921
8092 # 1504
8092 - 102 1 2802403873
8092 - 937 1 407065921
8092 # 1504
8092 - 937 1 407065921
8092 + 1044 407065921
8092 + 1044 407065921
8092 + 1045 407065921
8093 # 1504
8093 - 1044 1 407065921
8093 # 1504
8093 - 1044 1 407065921
8093 # 1504
8093 - 1045 1 407065921
8094 # 1504
8094 # 1504
8094 + 921 407065921
8094 + 922 407065921
8094 + 922 407065921
8094 + 1237 407065921
8094 + 1238 407065921
8094 + 891 407065921
8095 # 1504
8095 - 921 1 407065921
8095 # 1504
8095 - 922 1 407065921
8095 - 922 1 407065921
8096 # 1504
8096 - 1237 2 407065921
8096 # 1504
8096 - 1238 2 407065921
8096 + 892 407065921
8096 + 993 407065921
8096 + 862 407065921
8096 + 862 407065921
8096 + 919 407065921
8097 # 1504
8097 - 891 3 407065921
8097 - 892 1 407065921
8097 # 1504
8097 - 993 1 407065921
8097 - 862 1 407065921
8097 # 1504
8097 - 862 1 407065921
8097 + 920 407065921
8097 + 102 2802403873
8098 # 1504
8098 - 919 2 407065921
8098 - 920 1 407065921
8098 - 102 1 2802403873
8098 # 1504
8099 # 1504
8099 # 1504
8100 # 1504
8100 # 1504
8101 # 1504
8101 # 1504
8101 # 1504
8102 # 1504
8102 # 1504
8103 # 1504
8103 # 1504
8104 # 1504
8104 # 1504
8104 # 1504
8105 # 1504
8105 # 1504
8106 # 1504
8106 # 1504
8107 # 1504
8107 # 1504
8107 + 985 407067451
8107 + 102 2802403873
8108 # 1504
8108 - 985 1 407067451
8108 - 102 1 2802403873
8108 # 1504
8108 # 1504
8109 # 1504
8109 # 1504
8109 + 985 407067451
8109 + 986 407067451
8109 + 1152 407067451
8109 + 1153 407067451
8110 # 1504
8110 - 985 1 407067451
8110 # 1504
8110 - 986 1 407067451
8111 # 1504
8111 - 1152 2 407067451
8111 - 1153 2 407067451
8111 # 1504
8111 # 1504
8111 + 1153 407067451
8112 # 1504
8112 - 1153 1 407067451
8112 # 1504
8112 + 1047 407067451
8112 + 1047 407067451
8112 + 1048 407067451
8112 + 899 407067451
8113 # 1504
8113 - 1047 1 407067451
8113 # 1504
8113 - 1047 1 407067451
8113 + 900 407067451
8113 + 900 407067451
8113 + 1024 407067451
8113 + 1024 407067451
8113 + 707 407067451
8114 # 1504
8114 - 1048 2 407067451
8114 - 899 2 407067451
8114 # 1504
8114 - 900 1 407067451
8114 - 900 1 407067451
8115 # 1504
8115 - 1024 2 407067451
8115 # 1504
8115 - 1024 2 407067451
8115 - 707 2 407067451
8115 # 1504
8116 # 1504
8116 # 1504
8116 + 707 407067451
8116 + 798 407067451
8116 + 799 407067451
8116 + 942 407067451
8116 + 942 407067451
8117 # 1504
8117 - 707 1 407067451
8117 # 1504
8117 - 798 1 407067451
8117 - 799 1 407067451
8118 # 1504
8118 - 942 2 407067451
8118 - 942 2 407067451
8118 # 1504
8118 # 1504
8119 # 1504
8119 # 1504
8120 # 1504
8120 # 1504
8121 # 1504
8121 # 1504
8122 # 1504
8122 # 1504
8122 # 1504
8123 # 1504
8123 # 1504
8123 + 102 2802403873
8124 # 1504
8124 - 102 1 2802403873
8124 # 1504
8124 + 977 407069071
8125 # 1504
8125 - 977 1 407069071
8125 # 1504
8125 # 1504
8126 # 1504
8126 # 1504
8126 + 977 407069071
8126 + 977 407069071
8126 + 1084 407069071
8126 + 1084 407069071
8127 # 1504
8127 - 977 1 407069071
8127 # 1504
8127 - 977 1 407069071
8128 # 1504
8128 - 1084 2 407069071
8128 - 1084 2 407069071
8128 # 1504
8128 + 1085 407069071
8128 + 1053 407069071
8129 # 1504
8129 - 1085 1 407069071
8129 # 1504
8129 - 1053 1 407069071
8129 # 1504
8129 + 1054 407069071
8129 + 1054 407069071
8129 + 916 407069071
8130 # 1504
8130 - 1054 1 407069071
8130 # 1504
8130 - 1054 1 407069071
8131 # 1504
8131 - 916 2 407069071
8131 # 1504
8131 + 916 407069071
8131 + 916 407069071
8131 + 1058 407069071
8131 + 1058 407069071
8131 + 1093 407069071
8131 + 704 407069071
8132 # 1504
8132 - 916 1 407069071
8132 # 1504
8132 - 916 1 407069071
8132 - 1058 1 407069071
8132 # 1504
8132 - 1058 1 407069071
8133 # 1504
8133 - 1093 2 407069071
8133 - 704 2 407069071
8133 # 1504
8133 + 705 407069071
8133 + 936 407069071
8133 + 936 407069071
8134 # 1504
8134 - 705 1 407069071
8134 # 1504
8134 - 936 1 407069071
8134 - 936 1 407069071
8135 # 1504
8135 # 1504
8136 # 1504
8136 # 1504
8136 # 1504
8137 # 1504
8137 # 1504
8137 + 118 2802403873
8138 # 1504
8138 - 118 1 2802403873
8138 # 1504
8139 # 1504
8139 # 1504
8140 # 1504
8140 # 1504
8140 # 1504
8141 # 1504
8141 # 1504
8142 # 1504
8142 # 1504
8142 + 1058 407070691
8143 # 1504
8143 - 1058 1 407070691
8143 # 1504
8143 # 1504
8144 # 1504
8144 # 1504
8144 + 1058 407070691
8144 + 1058 407070691
8144 + 1100 407070691
8144 + 1100 407070691
8145 # 1504
8145 - 1058 1 407070691
8145 # 1504
8145 - 1058 1 407070691
8146 # 1504
8146 - 1100 2 407070691
8146 - 1100 2 407070691
8146 # 1504
8146 + 1100 407070691
8146 + 850 407070691
8146 + 850 407070691
8146 + 851 407070691
8146 + 1019 407070691
8146 + 1020 407070691
8147 # 1504
8147 - 1100 1 407070691
8147 # 1504
8147 - 850 1 407070691
8147 - 850 1 407070691
8147 # 1504
8147 - 851 1 407070691
8148 # 1504
8148 - 1019 2 407070691
8148 - 1020 2 407070691
8148 # 1504
8149 # 1504
8149 # 1504
8149 + 837 407070691
8149 + 838 407070691
8149 + 996 407070691
8149 + 665 407070691
8149 + 666 407070691
8149 + 1008 407070691
8149 + 1009 407070691
8150 # 1504
8150 - 837 1 407070691
8150 # 1504
8150 - 838 1 407070691
8150 - 996 1 407070691
8150 # 1504
8150 - 665 1 407070691
8150 - 666 1 407070691
8150 + 102 2802403873
8151 # 1504
8151 - 1008 2 407070691
8151 # 1504
8151 - 1009 2 407070691
8151 - 102 1 2802403873
8152 # 1504
8152 # 1504
8153 # 1504
8153 # 1504
8154 # 1504
8154 # 1504
8154 # 1504
8155 # 1504
8155 # 1504
8156 # 1504
8156 # 1504
8157 # 1504
8157 # 1504
8157 # 1504
8158 # 1504
8158 # 1504
8159 # 1504
8159 # 1504
8159 + 102 2802403873
8160 # 1504
8160 - 102 1 2802403873
8160 # 1504
8160 + 1051 407072311
8161 # 1504
8161 - 1051 1 407072311
8161 # 1504
8161 # 1504
8162 # 1504
8162 # 1504
8162 + 1051 407072311
8162 + 1052 407072311
8162 + 1007 407072311
8162 + 1008 407072311
8162 + 1008 407072311
8163 # 1504
8163 - 1051 1 407072311
8163 # 1504
8163 - 1052 1 407072311
8164 # 1504
8164 - 1007 2 407072311
8164 - 1008 2 407072311
8164 # 1504
8164 - 1008 2 407072311
8164 # 1504
8164 + 929 407072311
8164 + 929 407072311
8164 + 930 407072311
8165 # 1504
8165 - 929 1 407072311
8165 # 1504
8165 - 929 1 407072311
8165 - 930 1 407072311
8165 + 1148 407072311
8165 + 1148 407072311
8166 # 1504
8166 - 1148 1 407072311
8166 # 1504
8166 - 1148 1 407072311
8167 # 1504
8167 # 1504
8167 + 865 407072311
8167 + 865 407072311
8167 + 931 407072311
8167 + 1078 407072311
8167 + 949 407072311
8167 + 950 407072311
8168 # 1504
8168 - 865 1 407072311
8168 # 1504
8168 - 865 1 407072311
8168 - 931 1 407072311
8168 # 1504
8168 - 1078 1 407072311
8169 # 1504
8169 - 949 2 407072311
8169 - 950 2 407072311
8169 # 1504
8170 # 1504
8170 # 1504
8171 # 1504
8171 # 1504
8171 # 1504
8172 # 1504
8172 # 1504
8173 # 1504
8173 # 1504
8174 # 1504
8174 # 1504
8174 + 102 2802403873
8175 # 1504
8175 - 102 1 2802403873
8175 # 1504
8175 # 1504
8176 # 1504
8176 # 1504
8177 # 1504
8177 # 1504
8177 + 1218 407073931
8178 # 1504
8178 - 1218 1 407073931
8178 # 1504
8179 # 1504
8179 # 1504
8179 # 1504
8180 # 1504
8180 # 1504
8180 + 1219 407073931
8180 + 1205 407073931
8180 + 1205 407073931
8180 + 1208 407073931
8181 # 1504
8181 - 1219 1 407073931
8181 # 1504
8181 - 1205 1 407073931
8181 + 1209 407073931
8181 + 1034 407073931
8182 # 1504
8182 - 1205 2 407073931
8182 # 1504
8182 - 1208 2 407073931
8182 # 1504
8182 - 1209 1 407073931
8182 - 1034 1 407073931
8183 # 1504
8183 # 1504
8183 + 1034 407073931
8183 + 893 407073931
8183 + 893 407073931
8183 + 897 407073931
8183 + 1131 407073931
8184 # 1504
8184 - 1034 1 407073931
8184 # 1504
8184 - 893 1 407073931
8184 - 893 1 407073931
8184 + 872 407073931
8184 + 872 407073931
8185 # 1504
8185 - 897 2 407073931
8185 # 1504
8185 - 1131 2 407073931
8185 - 872 1 407073931
8186 # 1504
8186 - 872 2 407073931
8186 # 1504
8186 # 1504
8186 + 102 2802403873
8187 # 1504
8187 - 102 1 2802403873
8187 # 1504
8188 # 1504
8188 # 1504
8189 # 1504
8189 # 1504
8189 # 1504
8190 # 1504
8190 # 1504
8191 # 1504
8191 # 1504
8192 # 1504
8192 # 1504
8193 # 1504
8193 # 1504
8193 # 1504
8194 # 1504
8194 # 1504
8195 # 1504
8195 # 1504
8196 # 1504
8196 # 1504
8196 # 1504
8196 + 1064 407075551
8197 # 1504
8197 - 1064 1 407075551
8197 # 1504
8198 # 1504
8198 # 1504
8198 + 1064 407075551
8198 + 1064 407075551
8198 + 1117 407075551
8198 + 1118 407075551
8198 + 1118 407075551
8199 # 1504
8199 - 1064 1 407075551
8199 # 1504
8199 - 1064 1 407075551
8200 # 1504
8200 - 1117 2 407075551
8200 - 1118 2 407075551
8200 # 1504
8200 - 1118 2 407075551
8200 # 1504
8200 + 102 2802403873
8201 # 1504
8201 - 102 1 2802403873
8201 # 1504
8201 + 1234 407075551
8201 + 1235 407075551
8201 + 1235 407075551
8201 + 1040 407075551
8202 # 1504
8202 - 1234 1 407075551
8202 # 1504
8202 - 1235 1 407075551
8203 # 1504
8203 - 1235 2 407075551
8203 # 1504
8203 - 1040 2 407075551
8203 # 1504
8203 + 1040 407075551
8203 + 1040 407075551
8203 + 1161 407075551
8204 # 1504
8204 - 1040 1 407075551
8204 # 1504
8204 - 1040 1 407075551
8204 + 1161 407075551
8204 + 710 407075551
8204 + 711 407075551
8205 # 1504
8205 - 1161 2 407075551
8205 - 1161 1 407075551
8205 # 1504
8205 - 710 1 407075551
8205 - 711 1 407075551
8206 # 1504
8206 # 1504
8206 + 671 407075551
8206 + 672 407075551
8206 + 796 407075551
8206 + 796 407075551
8206 + 102 2802403873
8207 # 1504
8207 - 671 1 407075551
8207 - 672 1 407075551
8207 # 1504
8207 - 796 1 407075551
8207 - 796 1 407075551
8207 # 1504
8207 - 102 1 2802403873
8208 # 1504
8208 # 1504
8209 # 1504
8209 # 1504
8210 # 1504
8210 # 1504
8211 # 1504
8211 # 1504
8211 # 1504
8212 # 1504
8212 # 1504
8213 # 1504
8213 # 1504
8214 # 1504
8214 # 1504
8214 # 1504
8214 + 1092 407077171
8215 # 1504
8215 - 1092 1 407077171
8215 # 1504
8216 # 1504
8216 # 1504
8217 # 1504
8217 # 1504
8217 + 1093 407077171
8217 + 1093 407077171
8217 + 1131 407077171
8217 + 1131 407077171
8217 + 1132 407077171
8218 # 1504
8218 - 1093 1 407077171
8218 # 1504
8218 - 1093 1 407077171
8218 # 1504
8218 - 1131 1 407077171
8218 - 1131 1 407077171
8219 # 1504
8219 - 1132 2 407077171
8219 # 1504
8219 + 960 407077171
8219 + 961 407077171
8219 + 961 407077171
8219 + 1163 407077171
8219 + 1163 407077171
8220 # 1504
8220 - 960 1 407077171
8220 # 1504
8220 - 961 1 407077171
8220 - 961 1 407077171
8220 + 102 2802403873
8221 # 1504
8221 - 1163 2 407077171
8221 # 1504
8221 - 1163 2 407077171
8221 - 102 1 2802403873
8221 # 1504
8221 + 924 407077171
8222 # 1504
8222 - 924 1 407077171
8222 # 1504
8222 + 925 407077171
8222 + 962 407077171
8222 + 1068 407077171
8222 + 750 407077171
8222 + 751 407077171
8223 # 1504
8223 - 925 1 407077171
8223 # 1504
8223 - 962 1 407077171
8223 - 1068 1 407077171
8224 # 1504
8224 - 750 2 407077171
8224 - 751 2 407077171
8224 # 1504
8225 # 1504
8225 # 1504
8225 # 1504
8226 # 1504
8226 # 1504
8227 # 1504
8227 # 1504
8228 # 1504
8228 # 1504
8228 # 1504
8229 # 1504
8229 # 1504
8230 # 1504
8230 # 1504
8231 # 1504
8231 # 1504
8231 + 979 407078701
8232 # 1504
8232 - 979 1 407078701
8232 # 1504
8232 # 1504
8233 # 1504
8233 # 1504
8233 + 980 407078701
8233 + 980 407078701
8233 + 994 407078701
8233 + 995 407078701
8233 + 995 407078701
8234 # 1504
8234 - 980 1 407078701
8234 # 1504
8234 - 980 1 407078701
8234 - 994 1 407078701
8234 + 102 2802403873
8235 # 1504
8235 - 995 2 407078701
8235 # 1504
8235 - 995 2 407078701
8235 - 102 1 2802403873
8235 # 1504
8236 # 1504
8236 # 1504
8236 + 932 407078701
8236 + 932 407078701
8236 + 932 407078701
8236 + 1147 407078701
8236 + 1148 407078701
8237 # 1504
8237 - 932 1 407078701
8237 # 1504
8237 - 932 1 407078701
8237 - 932 1 407078701
8238 # 1504
8238 - 1147 2 407078701
8238 # 1504
8238 - 1148 2 407078701
8238 + 875 407078701
8238 + 875 407078701
8238 + 1115 407078701
8238 + 1074 407078701
8238 + 763 407078701
8238 + 764 407078701
8239 # 1504
8239 - 875 1 407078701
8239 # 1504
8239 - 875 1 407078701
8239 - 1115 1 407078701
8239 # 1504
8239 - 1074 1 407078701
8240 # 1504
8240 - 763 2 407078701
8240 - 764 2 407078701
8240 # 1504
8241 # 1504
8241 # 1504
8242 # 1504
8242 # 1504
8242 # 1504
8243 # 1504
8243 # 1504
8244 # 1504
8244 # 1504
8245 # 1504
8245 # 1504
8246 # 1504
8246 # 1504
8246 # 1504
8246 + 102 2802403873
8247 # 1504
8247 - 102 1 2802403873
8247 # 1504
8248 # 1504
8248 # 1504
8249 # 1504
8249 # 1504
8249 + 991 407080321
8250 # 1504
8250 - 991 1 407080321
8250 # 1504
8250 # 1504
8251 # 1504
8251 # 1504
8251 + 992 407080321
8251 + 992 407080321
8251 + 961 407080321
8251 + 961 407080321
8251 + 962 407080321
8252 # 1504
8252 - 992 1 407080321
8252 # 1504
8252 - 992 1 407080321
8252 - 961 1 407080321
8253 # 1504
8253 - 961 2 407080321
8253 # 1504
8253 - 962 2 407080321
8253 # 1504
8254 # 1504
8254 # 1504
8254 + 962 407080321
8254 + 1050 407080321
8254 + 1051 407080321
8254 + 1051 407080321
8254 + 864 407080321
8255 # 1504
8255 - 962 1 407080321
8255 # 1504
8255 - 1050 1 407080321
8256 # 1504
8256 - 1051 2 407080321
8256 - 1051 2 407080321
8256 # 1504
8256 - 864 2 407080321
8256 + 865 407080321
8256 + 865 407080321
8256 + 1220 407080321
8256 + 1220 407080321
8256 + 726 407080321
8257 # 1504
8257 - 865 1 407080321
8257 # 1504
8257 - 865 1 407080321
8257 - 1220 1 407080321
8257 # 1504
8257 - 1220 1 407080321
8258 # 1504
8258 - 726 2 407080321
8258 # 1504
8258 + 727 407080321
8258 + 819 407080321
8258 + 820 407080321
8258 + 1085 407080321
8258 + 1085 407080321
8258 + 102 2802403873
8259 # 1504
8259 - 727 1 407080321
8259 # 1504
8259 - 819 1 407080321
8259 - 820 1 407080321
8260 # 1504
8260 - 1085 2 407080321
8260 # 1504
8260 - 1085 2 407080321
8260 - 102 2 2802403873
8260 # 1504
8261 # 1504
8261 # 1504
8262 # 1504
8262 # 1504
8262 # 1504
8262 # 1504
8262 # 1504
8263 # 1504
8263 # 1504
8264 # 1504
8264 # 1504
8264 # 1504
8264 + 102 2802403873
8265 # 1504
8265 - 102 1 2802403873
8265 # 1504
8265 # 1504
8266 # 1504
8266 # 1504
8266 # 1504
8267 # 1504
8267 # 1504
8268 # 1504
8268 # 1504
8268 # 1504
8268 + 949 407081941
8269 # 1504
8269 - 949 1 407081941
8269 # 1504
8269 # 1504
8270 # 1504
8270 # 1504
8270 + 950 407081941
8270 + 950 407081941
8270 + 1018 407081941
8270 + 1019 407081941
8270 + 1019 407081941
8271 # 1504
8271 - 950 1 407081941
8271 # 1504
8271 - 950 1 407081941
8271 - 1018 1 407081941
8271 # 1504
8271 - 1019 1 407081941
8272 # 1504
8272 - 1019 2 407081941
8272 # 1504
8272 # 1504
8272 + 102 2802403873
8273 # 1504
8273 - 102 1 2802403873
8273 # 1504
8273 + 1022 407081941
8273 + 1022 407081941
8273 + 1022 407081941
8273 + 1138 407081941
8273 + 1138 407081941
8273 + 1021 407081941
8274 # 1504
8274 - 1022 1 407081941
8274 # 1504
8274 - 1022 1 407081941
8274 # 1504
8274 - 1022 1 407081941
8274 - 1138 1 407081941
8275 # 1504
8275 - 1138 2 407081941
8275 # 1504
8275 - 1021 2 407081941
8275 # 1504
8275 + 1021 407081941
8275 + 1239 407081941
8275 + 732 407081941
8275 + 733 407081941
8275 + 1084 407081941
8276 # 1504
8276 - 1021 1 407081941
8276 # 1504
8276 - 1239 1 407081941
8276 - 732 1 407081941
8277 # 1504
8277 - 733 2 407081941
8277 # 1504
8277 - 1084 2 407081941
8277 # 1504
8277 + 1085 407081941
8278 # 1504
8278 - 1085 1 407081941
8278 # 1504
8278 # 1504
8279 # 1504
8279 # 1504
8280 # 1504
8280 # 1504
8280 # 1504
8281 # 1504
8281 # 1504
8281 # 1504
8282 # 1504
8282 # 1504
8283 # 1504
8283 # 1504
8283 # 1504
8283 + 102 2802403873
8284 # 1504
8284 - 102 1 2802403873
8284 # 1504
8284 # 1504
8285 # 1504
8285 # 1504
8286 # 1504
8286 # 1504
8286 # 1504
8286 + 915 407083561
8287 # 1504
8287 - 915 1 407083561
8287 # 1504
8287 # 1504
8288 # 1504
8288 # 1504
8288 + 915 407083561
8288 + 915 407083561
8288 + 921 407083561
8288 + 921 407083561
8288 + 921 407083561
8289 # 1504
8289 - 915 1 407083561
8289 # 1504
8289 - 915 1 407083561
8289 - 921 1 407083561
8289 # 1504
8289 - 921 1 407083561
8290 # 1504
8290 - 921 2 407083561
8290 # 1504
8290 # 1504
8290 + 905 407083561
8290 + 906 407083561
8290 + 906 407083561
8290 + 1153 407083561
8290 + 1154 407083561
8291 # 1504
8291 - 905 1 407083561
8291 # 1504
8291 - 906 1 407083561
8291 - 906 1 407083561
8292 # 1504
8292 - 1153 2 407083561
8292 # 1504
8292 - 1154 2 407083561
8292 # 1504
8292 + 931 407083561
8293 # 1504
8293 - 931 1 407083561
8293 # 1504
8293 # 1504
8293 + 931 407083561
8293 + 1028 407083561
8293 + 807 407083561
8293 + 807 407083561
8293 + 1212 407083561
8293 + 1213 407083561
8294 # 1504
8294 - 931 1 407083561
8294 # 1504
8294 - 1028 1 407083561
8294 - 807 1 407083561
8295 # 1504
8295 - 807 2 407083561
8295 # 1504
8295 - 1212 2 407083561
8295 - 1213 2 407083561
8295 # 1504
8296 # 1504
8296 # 1504
8296 # 1504
8297 # 1504
8297 # 1504
8298 # 1504
8298 # 1504
8298 # 1504
8298 + 102 2802403873
8299 # 1504
8299 - 102 1 2802403873
8299 # 1504
8299 # 1504
8300 # 1504
8300 # 1504
8301 # 1504
8301 # 1504
8301 # 1504
8302 # 1504
8302 # 1504
8302 # 1504
8303 # 1504
8303 # 1504
8304 # 1504
8304 # 1504
8304 # 1504
8304 + 958 407085181
8305 # 1504
8305 - 958 1 407085181
8305 # 1504
8305 # 1504
8305 + 102 2802403873
8306 # 1504
8306 - 102 1 2802403873
8306 # 1504
8306 + 958 407085181
8306 + 958 407085181
8306 + 959 407085181
8306 + 1235 407085181
8306 + 1236 407085181
8307 # 1504
8307 - 958 1 407085181
8307 # 1504
8307 - 958 1 407085181
8307 - 959 1 407085181
8307 # 1504
8307 - 1235 1 407085181
8308 # 1504
8308 - 1236 2 407085181
8308 # 1504
8308 # 1504
8308 + 1236 407085181
8308 + 959 407085181
8308 + 959 407085181
8308 + 959 407085181
8309 # 1504
8309 - 1236 1 407085181
8309 # 1504
8309 - 959 1 407085181
8309 + 960 407085181
8310 # 1504
8310 - 959 2 407085181
8310 - 959 2 407085181
8310 # 1504
8310 - 960 1 407085181
8310 # 1504
8311 # 1504
8311 # 1504
8311 # 1504
8311 + 1000 407085181
8311 + 1000 407085181
8311 + 1000 407085181
8311 + 1158 407085181
8311 + 1159 407085181
8312 # 1504
8312 - 1000 1 407085181
8312 # 1504
8312 - 1000 1 407085181
8312 - 1000 1 407085181
8313 # 1504
8313 - 1158 2 407085181
8313 # 1504
8313 - 1159 2 407085181
8313 # 1504
8313 + 883 407085181
8313 + 883 407085181
8313 + 989 407085181
8313 + 989 407085181
8313 + 1229 407085181
8314 # 1504
8314 - 883 1 407085181
8314 # 1504
8314 - 883 1 407085181
8314 - 989 1 407085181
8314 # 1504
8314 - 989 1 407085181
8314 + 102 2802403873
8315 # 1504
8315 - 1229 2 407085181
8315 - 102 1 2802403873
8315 # 1504
8315 + 1230 407085181
8316 # 1504
8316 - 1230 1 407085181
8316 # 1504
8316 # 1504
8317 # 1504
8317 # 1504
8317 # 1504
8318 # 1504
8318 # 1504
8319 # 1504
8319 # 1504
8319 # 1504
8320 # 1504
8320 # 1504
8320 # 1504
8321 # 1504
8321 # 1504
8322 # 1504
8322 # 1504
8322 # 1504
8322 + 1008 407086801
8323 # 1504
8323 - 1008 1 407086801
8323 # 1504
8323 # 1504
8323 + 102 2802403873
8323 + 1009 407086801
8323 + 1009 407086801
8323 + 1099 407086801
8324 # 1504
8324 - 102 1 2802403873
8324 - 1009 1 407086801
8324 # 1504
8324 - 1009 1 407086801
8325 # 1504
8325 - 1099 2 407086801
8325 # 1504
8325 # 1504
8325 + 1100 407086801
8325 + 1100 407086801
8325 + 1102 407086801
8325 + 1103 407086801
8326 # 1504
8326 - 1100 1 407086801
8326 # 1504
8326 - 1100 1 407086801
8326 # 1504
8326 - 1102 1 407086801
8326 - 1103 1 407086801
8327 # 1504
8327 # 1504
8328 # 1504
8328 # 1504
8328 # 1504
8328 + 1103 407086801
8328 + 1086 407086801
8328 + 1087 407086801
8328 + 874 407086801
8328 + 875 407086801
8328 + 1156 407086801
8328 + 102 2802403873
8329 # 1504
8329 - 1103 1 407086801
8329 # 1504
8329 - 1086 1 407086801
8329 # 1504
8329 - 1087 1 407086801
8329 - 874 1 407086801
8329 + 988 407086801
8329 + 969 407086801
8329 + 970 407086801
8330 # 1504
8330 - 875 2 407086801
8330 # 1504
8330 - 1156 2 407086801
8330 - 102 2 2802403873
8330 - 988 1 407086801
8330 # 1504
8330 - 969 1 407086801
8331 # 1504
8331 - 970 2 407086801
8331 # 1504
8332 # 1504
8332 # 1504
8332 # 1504
8333 # 1504
8333 # 1504
8333 # 1504
8334 # 1504
8334 # 1504
8335 # 1504
8335 # 1504
8335 # 1504
8336 # 1504
8336 # 1504
8336 # 1504
8337 # 1504
8337 # 1504
8338 # 1504
8338 # 1504
8338 # 1504
8338 + 1029 407088421
8339 # 1504
8339 - 1029 1 407088421
8339 # 1504
8339 # 1504
8339 + 102 2802403873
8340 # 1504
8340 - 102 1 2802403873
8340 # 1504
8340 + 1030 407088421
8341 # 1504
8341 - 1030 1 407088421
8341 # 1504
8341 # 1504
8341 + 1030 407088421
8341 + 971 407088421
8341 + 972 407088421
8341 + 972 407088421
8342 # 1504
8342 - 1030 1 407088421
8342 # 1504
8342 - 971 1 407088421
8342 - 972 1 407088421
8342 # 1504
8342 - 972 1 407088421
8343 # 1504
8343 # 1504
8343 + 1015 407088421
8343 + 1015 407088421
8343 + 1016 407088421
8343 + 991 407088421
8343 + 992 407088421
8344 # 1504
8344 - 1015 1 407088421
8344 # 1504
8344 - 1015 1 407088421
8344 # 1504
8344 - 1016 1 407088421
8344 - 991 1 407088421
8345 # 1504
8345 - 992 2 407088421
8345 # 1504
8345 # 1504
8345 + 992 407088421
8345 + 807 407088421
8345 + 808 407088421
8345 + 1149 407088421
8345 + 655 407088421
8345 + 655 407088421
8346 # 1504
8346 - 992 1 407088421
8346 # 1504
8346 - 807 1 407088421
8346 - 808 1 407088421
8346 + 102 2802403873
8347 # 1504
8347 - 1149 2 407088421
8347 - 655 2 407088421
8347 # 1504
8347 - 655 2 407088421
8347 - 102 1 2802403873
8347 # 1504
8348 # 1504
8348 # 1504
8348 # 1504
8348 + 852 407088421
8348 + 852 407088421
8349 # 1504
8349 - 852 1 407088421
8349 # 1504
8349 - 852 1 407088421
8350 # 1504
8350 # 1504
8350 # 1504
8351 # 1504
8351 # 1504
8351 # 1504
8352 # 1504
8352 # 1504
8353 # 1504
8353 # 1504
8353 # 1504
8354 # 1504
8354 # 1504
8354 # 1504
8355 # 1504
8355 # 1504
8356 # 1504
8356 # 1504
8356 # 1504
8356 + 1063 407089951
8357 # 1504
8357 - 1063 1 407089951
8357 # 1504
8357 # 1504
8358 # 1504
8358 # 1504
8359 # 1504
8359 # 1504
8359 # 1504
8359 + 102 2802403873
8359 + 1064 407089951
8359 + 1064 407089951
8359 + 964 407089951
8359 + 964 407089951
8359 + 965 407089951
8360 # 1504
8360 - 102 1 2802403873
8360 - 1064 1 407089951
8360 # 1504
8360 - 1064 1 407089951
8360 # 1504
8360 - 964 1 407089951
8360 - 964 1 407089951
8361 # 1504
8361 - 965 2 407089951
8361 # 1504
8361 + 1119 407089951
8361 + 1119 407089951
8361 + 1120 407089951
8361 + 1096 407089951
8361 + 1096 407089951
8362 # 1504
8362 - 1119 1 407089951
8362 # 1504
8362 - 1119 1 407089951
8362 # 1504
8362 - 1120 1 407089951
8362 - 1096 1 407089951
8363 # 1504
8363 - 1096 2 407089951
8363 # 1504
8363 # 1504
8363 + 1096 407089951
8364 # 1504
8364 - 1096 1 407089951
8364 # 1504
8364 + 744 407089951
8364 + 744 407089951
8364 + 1032 407089951
8364 + 726 407089951
8364 + 726 407089951
8365 # 1504
8365 - 744 1 407089951
8365 - 744 1 407089951
8365 # 1504
8365 - 1032 1 407089951
8365 # 1504
8365 - 726 1 407089951
8365 - 726 1 407089951
8365 + 943 407089951
8365 + 943 407089951
8365 + 102 2802403873
8366 # 1504
8366 - 943 1 407089951
8366 # 1504
8366 - 943 1 407089951
8366 - 102 1 2802403873
8366 # 1504
8367 # 1504
8367 # 1504
8368 # 1504
8368 # 1504
8368 # 1504
8369 # 1504
8369 # 1504
8369 # 1504
8370 # 1504
8370 # 1504
8371 # 1504
8371 # 1504
8371 # 1504
8372 # 1504
8372 # 1504
8372 # 1504
8373 # 1504
8373 # 1504
8374 # 1504
8374 # 1504
8374 # 1504
8374 + 1021 407091571
8375 # 1504
8375 - 1021 1 407091571
8375 # 1504
8375 # 1504
8375 + 102 2802403873
8376 # 1504
8376 - 102 1 2802403873
8376 # 1504
8376 + 1021 407091571
8376 + 1021 407091571
8376 + 948 407091571
8376 + 948 407091571
8376 + 949 407091571
8377 # 1504
8377 - 1021 1 407091571
8377 # 1504
8377 - 1021 1 407091571
8377 - 948 1 407091571
8377 # 1504
8377 - 948 1 407091571
8378 # 1504
8378 - 949 2 407091571
8378 # 1504
8378 # 1504
8378 + 929 407091571
8378 + 929 407091571
8378 + 929 407091571
8378 + 888 407091571
8379 # 1504
8379 - 929 1 407091571
8379 # 1504
8379 - 929 1 407091571
8379 - 929 1 407091571
8380 # 1504
8380 - 888 2 407091571
8380 # 1504
8380 # 1504
8380 + 888 407091571
8380 + 889 407091571
8380 + 675 407091571
8380 + 676 407091571
8381 # 1504
8381 - 888 1 407091571
8381 # 1504
8381 - 889 1 407091571
8381 - 675 1 407091571
8381 # 1504
8381 - 676 1 407091571
8381 + 973 407091571
8381 + 720 407091571
8381 + 721 407091571
8382 # 1504
8382 - 973 1 407091571
8382 # 1504
8382 - 720 1 407091571
8382 - 721 1 407091571
8383 # 1504
8383 # 1504
8383 # 1504
8383 + 891 407091571
8383 + 891 407091571
8384 # 1504
8384 - 891 1 407091571
8384 # 1504
8384 - 891 1 407091571
8384 # 1504
8384 + 102 2802403873
8385 # 1504
8385 - 102 1 2802403873
8385 # 1504
8386 # 1504
8386 # 1504
8386 # 1504
8387 # 1504
8387 # 1504
8387 # 1504
8388 # 1504
8388 # 1504
8389 # 1504
8389 # 1504
8389 # 1504
8390 # 1504
8390 # 1504
8390 # 1504
8391 # 1504
8391 # 1504
8392 # 1504
8392 # 1504
8392 # 1504
8392 + 1156 407093191
8393 # 1504
8393 - 1156 1 407093191
8393 # 1504
8393 # 1504
8394 # 1504
8394 # 1504
8394 # 1504
8394 + 1157 407093191
8394 + 1157 407093191
8394 + 1175 407093191
8395 # 1504
8395 - 1157 1 407093191
8395 # 1504
8395 - 1157 1 407093191
8396 # 1504
8396 - 1175 2 407093191
8396 # 1504
8396 # 1504
8396 + 1176 407093191
8396 + 1176 407093191
8396 + 1125 407093191
8396 + 1126 407093191
8397 # 1504
8397 - 1176 1 407093191
8397 # 1504
8397 - 1176 1 407093191
8397 # 1504
8397 - 1125 1 407093191
8398 # 1504
8398 - 1126 2 407093191
8398 # 1504
8398 + 1126 407093191
8398 + 907 407093191
8398 + 907 407093191
8398 + 908 407093191
8398 + 977 407093191
8399 # 1504
8399 - 1126 1 407093191
8399 # 1504
8399 - 907 1 407093191
8399 - 907 1 407093191
8399 # 1504
8399 - 908 1 407093191
8399 + 102 2802403873
8400 # 1504
8400 - 977 2 407093191
8400 - 102 1 2802403873
8400 # 1504
8400 # 1504
8400 + 978 407093191
8400 + 694 407093191
8400 + 694 407093191
8400 + 848 407093191
8400 + 848 407093191
8400 + 1000 407093191
8401 # 1504
8401 - 978 1 407093191
8401 # 1504
8401 - 694 1 407093191
8401 - 694 1 407093191
8402 # 1504
8402 - 848 2 407093191
8402 - 848 2 407093191
8402 # 1504
8402 - 1000 2 407093191
8402 # 1504
8402 + 1001 407093191
8403 # 1504
8403 - 1001 1 407093191
8403 # 1504
8403 # 1504
8404 # 1504
8404 # 1504
8405 # 1504
8405 # 1504
8405 # 1504
8406 # 1504
8406 # 1504
8406 # 1504
8407 # 1504
8407 # 1504
8408 # 1504
8408 # 1504
8408 # 1504
8409 # 1504
8409 # 1504
8409 # 1504
8410 # 1504
8410 # 1504
8410 + 102 2802403873
8411 # 1504
8411 - 102 1 2802403873
8411 # 1504
8411 # 1504
8411 + 1031 407094811
8412 # 1504
8412 - 1031 1 407094811
8412 # 1504
8412 # 1504
8412 + 1031 407094811
8412 + 1031 407094811
8412 + 1117 407094811
8413 # 1504
8413 - 1031 1 407094811
8413 # 1504
8413 - 1031 1 407094811
8414 # 1504
8414 - 1117 2 407094811
8414 # 1504
8414 # 1504
8414 + 1118 407094811
8414 + 1118 407094811
8414 + 941 407094811
8414 + 942 407094811
8415 # 1504
8415 - 1118 1 407094811
8415 # 1504
8415 - 1118 1 407094811
8415 # 1504
8415 - 941 1 407094811
8415 - 942 1 407094811
8416 # 1504
8416 # 1504
8416 + 942 407094811
8416 + 1181 407094811
8416 + 1181 407094811
8416 + 757 407094811
8416 + 758 407094811
8417 # 1504
8417 - 942 1 407094811
8417 # 1504
8417 - 1181 1 407094811
8417 # 1504
8417 - 1181 1 407094811
8417 - 757 1 407094811
8418 # 1504
8418 - 758 2 407094811
8418 # 1504
8418 # 1504
8419 # 1504
8419 # 1504
8419 + 1176 407094811
8419 + 1217 407094811
8419 + 963 407094811
8419 + 964 407094811
8420 # 1504
8420 - 1176 1 407094811
8420 # 1504
8420 - 1217 1 407094811
8420 # 1504
8420 - 963 1 407094811
8420 - 964 1 407094811
8420 + 102 2802403873
8421 # 1504
8421 - 102 1 2802403873
8421 # 1504
8421 # 1504
8422 # 1504
8422 # 1504
8423 # 1504
8423 # 1504
8423 # 1504
8424 # 1504
8424 # 1504
8424 # 1504
8425 # 1504
8425 # 1504
8426 # 1504
8426 # 1504
8426 # 1504
8427 # 1504
8427 # 1504
8427 # 1504
8427 + 102 2802403873
8428 # 1504
8428 - 102 1 2802403873
8428 # 1504
8428 + 942 407096431
8429 # 1504
8429 - 942 1 407096431
8429 # 1504
8429 # 1504
8430 # 1504
8430 # 1504
8430 # 1504
8431 # 1504
8431 # 1504
8431 + 943 407096431
8431 + 943 407096431
8431 + 983 407096431
8431 + 983 407096431
8431 + 984 407096431
8431 + 908 407096431
8431 + 909 407096431
8432 # 1504
8432 - 943 1 407096431
8432 # 1504
8432 - 943 1 407096431
8432 - 983 1 407096431
8432 # 1504
8432 - 983 1 407096431
8433 # 1504
8433 - 984 2 407096431
8433 - 908 2 407096431
8433 # 1504
8433 - 909 2 407096431
8433 # 1504
8433 + 909 407096431
8433 + 854 407096431
8433 + 854 407096431
8433 + 855 407096431
8433 + 865 407096431
8434 # 1504
8434 - 909 1 407096431
8434 # 1504
8434 - 854 1 407096431
8434 - 854 1 407096431
8435 # 1504
8435 - 855 2 407096431
8435 - 865 2 407096431
8435 # 1504
8435 # 1504
8436 # 1504
8436 # 1504
8436 # 1504
8436 + 865 407096431
8436 + 681 407096431
8436 + 681 407096431
8436 + 1079 407096431
8436 + 960 407096431
8436 + 961 407096431
8437 # 1504
8437 - 865 1 407096431
8437 # 1504
8437 - 681 1 407096431
8437 - 681 1 407096431
8438 # 1504
8438 - 1079 2 407096431
8438 - 960 2 407096431
8438 # 1504
8438 - 961 2 407096431
8438 # 1504
8439 # 1504
8439 # 1504
8439 # 1504
8439 + 102 2802403873
8440 # 1504
8440 - 102 1 2802403873
8440 # 1504
8441 # 1504
8441 # 1504
8441 # 1504
8442 # 1504
8442 # 1504
8442 # 1504
8443 # 1504
8443 # 1504
8444 # 1504
8444 # 1504
8444 # 1504
8445 # 1504
8445 # 1504
8445 # 1504
8445 + 102 2802403873
8445 + 1071 407098051
8446 # 1504
8446 - 102 1 2802403873
8446 - 1071 1 407098051
8446 # 1504
8447 # 1504
8447 # 1504
8447 # 1504
8448 # 1504
8448 # 1504
8448 # 1504
8448 + 1071 407098051
8448 + 1072 407098051
8448 + 1090 407098051
8448 + 1090 407098051
8449 # 1504
8449 - 1071 1 407098051
8449 # 1504
8449 - 1072 1 407098051
8449 + 1091 407098051
8449 + 1029 407098051
8449 + 1030 407098051
8450 # 1504
8450 - 1090 2 407098051
8450 - 1090 2 407098051
8450 # 1504
8450 - 1091 1 407098051
8450 # 1504
8450 - 1029 1 407098051
8450 - 1030 1 407098051
8451 # 1504
8451 # 1504
8451 # 1504
8451 + 1030 407098051
8451 + 988 407098051
8451 + 988 407098051
8451 + 989 407098051
8451 + 1059 407098051
8452 # 1504
8452 - 1030 1 407098051
8452 # 1504
8452 - 988 1 407098051
8452 - 988 1 407098051
8453 # 1504
8453 - 989 2 407098051
8453 # 1504
8453 - 1059 2 407098051
8453 # 1504
8454 # 1504
8454 # 1504
8454 # 1504
8454 + 1059 407098051
8454 + 777 407098051
8454 + 777 407098051
8454 + 724 407098051
8454 + 725 407098051
8454 + 999 407098051
8454 + 1000 407098051
8455 # 1504
8455 - 1059 1 407098051
8455 # 1504
8455 - 777 1 407098051
8455 - 777 1 407098051
8455 + 102 2802403873
8456 # 1504
8456 - 724 2 407098051
8456 - 725 2 407098051
8456 # 1504
8456 - 999 2 407098051
8456 # 1504
8456 - 1000 2 407098051
8456 - 102 1 2802403873
8457 # 1504
8457 # 1504
8457 # 1504
8458 # 1504
8458 # 1504
8458 # 1504
8459 # 1504
8459 # 1504
8460 # 1504
8460 # 1504
8460 # 1504
8461 # 1504
8461 # 1504
8461 # 1504
8462 # 1504
8462 # 1504
8463 # 1504
8463 # 1504
8463 # 1504
8464 # 1504
8464 # 1504
8464 # 1504
8464 + 896 407099671
8465 # 1504
8465 - 896 1 407099671
8465 # 1504
8466 # 1504
8466 # 1504
8466 # 1504
8467 # 1504
8467 # 1504
8467 # 1504
8467 # 1504
8467 # 1504
8467 + 896 407099671
8467 + 897 407099671
8467 + 949 407099671
8467 + 950 407099671
8467 + 950 407099671
8468 # 1504
8468 - 896 1 407099671
8468 # 1504
8468 - 897 1 407099671
8468 - 949 1 407099671
8468 + 102 2802403873
8469 # 1504
8469 - 950 2 407099671
8469 # 1504
8469 - 950 2 407099671
8469 - 102 1 2802403873
8469 # 1504
8469 + 1112 407099671
8469 + 1113 407099671
8469 + 1113 407099671
8469 + 854 407099671
8469 + 854 407099671
8469 + 855 407099671
8470 # 1504
8470 - 1112 1 407099671
8470 # 1504
8470 - 1113 1 407099671
8470 + 975 407099671
8470 + 976 407099671
8471 # 1504
8471 - 1113 2 407099671
8471 - 854 2 407099671
8471 # 1504
8471 - 854 2 407099671
8471 - 855 2 407099671
8471 # 1504
8471 - 975 1 407099671
8471 + 678 407099671
8471 + 678 407099671
8471 + 732 407099671
8471 + 732 407099671
8472 # 1504
8472 - 976 2 407099671
8472 - 678 1 407099671
8472 # 1504
8472 - 678 1 407099671
8472 - 732 1 407099671
8473 # 1504
8473 - 732 2 407099671
8473 # 1504
8473 + 949 407099671
8473 + 950 407099671
8474 # 1504
8474 - 949 1 407099671
8474 # 1504
8474 - 950 1 407099671
8474 # 1504
8475 # 1504
8475 # 1504
8476 # 1504
8476 # 1504
8477 # 1504
8477 # 1504
8477 # 1504
8478 # 1504
8478 # 1504
8478 + 102 2802403873
8479 # 1504
8479 - 102 1 2802403873
8479 # 1504
8479 # 1504
8480 # 1504
8480 # 1504
8481 # 1504
8481 # 1504
8482 # 1504
8482 # 1504
8482 # 1504
8482 + 873 407101201
8483 # 1504
8483 - 873 1 407101201
8483 # 1504
8484 # 1504
8484 # 1504
8484 # 1504
8484 + 873 407101201
8484 + 874 407101201
8484 + 1203 407101201
8484 + 1203 407101201
8484 + 961 407101201
8485 # 1504
8485 - 873 1 407101201
8485 # 1504
8485 - 874 1 407101201
8485 - 1203 1 407101201
8486 # 1504
8486 - 1203 2 407101201
8486 # 1504
8486 - 961 2 407101201
8486 + 961 407101201
8486 + 961 407101201
8486 + 1127 407101201
8487 # 1504
8487 - 961 1 407101201
8487 # 1504
8487 - 961 1 407101201
8487 # 1504
8487 - 1127 1 407101201
8487 + 1127 407101201
8487 + 697 407101201
8488 # 1504
8488 - 1127 1 407101201
8488 # 1504
8488 - 697 1 407101201
8488 + 697 407101201
8488 + 682 407101201
8488 + 682 407101201
8488 + 834 407101201
8489 # 1504
8489 - 697 1 407101201
8489 - 682 1 407101201
8489 # 1504
8489 - 682 1 407101201
8489 - 834 1 407101201
8489 # 1504
8489 + 834 407101201
8489 + 929 407101201
8489 + 930 407101201
8490 # 1504
8490 - 834 1 407101201
8490 # 1504
8490 - 929 1 407101201
8490 - 930 1 407101201
8490 + 102 2802403873
8490 + 930 407101201
8491 # 1504
8491 - 102 1 2802403873
8491 - 930 1 407101201
8491 # 1504
8492 # 1504
8492 # 1504
8492 # 1504
8493 # 1504
8493 # 1504
8494 # 1504
8494 # 1504
8494 # 1504
8495 # 1504
8495 # 1504
8496 # 1504
8496 # 1504
8497 # 1504
8497 # 1504
8497 # 1504
8498 # 1504
8498 # 1504
8499 # 1504
8499 # 1504
8500 # 1504
8500 # 1504
8500 # 1504
8500 + 1003 407102821
8501 # 1504
8501 - 1003 1 407102821
8501 # 1504
8502 # 1504
8502 # 1504
8502 # 1504
8502 + 1004 407102821
8502 + 1004 407102821
8503 # 1504
8503 - 1004 1 407102821
8503 # 1504
8503 - 1004 1 407102821
8503 + 972 407102821
8503 + 972 407102821
8503 + 972 407102821
8503 + 1228 407102821
8504 # 1504
8504 - 972 1 407102821
8504 # 1504
8504 - 972 1 407102821
8504 - 972 1 407102821
8504 + 1228 407102821
8504 + 1229 407102821
8505 # 1504
8505 - 1228 2 407102821
8505 # 1504
8505 - 1228 1 407102821
8505 # 1504
8505 - 1229 1 407102821
8505 + 102 2802403873
8506 # 1504
8506 - 102 1 2802403873
8506 # 1504
8506 + 1069 407102821
8506 + 1070 407102821
8506 + 1070 407102821
8506 + 1011 407102821
8506 + 1011 407102821
8507 # 1504
8507 - 1069 1 407102821
8507 # 1504
8507 - 1070 1 407102821
8507 # 1504
8507 - 1070 1 407102821
8507 - 1011 1 407102821
8508 # 1504
8508 - 1011 2 407102821
8508 # 1504
8509 # 1504
8509 # 1504
8509 + 790 407102821
8509 + 791 407102821
8509 + 768 407102821
8509 + 769 407102821
8509 + 956 407102821
8509 + 957 407102821
8509 + 957 407102821
8510 # 1504
8510 - 790 1 407102821
8510 # 1504
8510 - 791 1 407102821
8510 - 768 1 407102821
8510 # 1504
8510 - 769 1 407102821
8510 - 956 1 407102821
8511 # 1504
8511 - 957 2 407102821
8511 - 957 2 407102821
8511 # 1504
8512 # 1504
8512 # 1504
8512 # 1504
8513 # 1504
8513 # 1504
8514 # 1504
8514 # 1504
8515 # 1504
8515 # 1504
8515 # 1504
8516 # 1504
8516 # 1504
8516 + 102 2802403873
8517 # 1504
8517 - 102 1 2802403873
8517 # 1504
8517 # 1504
8518 # 1504
8518 # 1504
8518 + 1029 407104441
8519 # 1504
8519 - 1029 1 407104441
8519 # 1504
8519 + 1029 407104441
8519 + 1030 407104441
8519 + 1112 407104441
8520 # 1504
8520 - 1029 1 407104441
8520 # 1504
8520 - 1030 1 407104441
8520 # 1504
8520 - 1112 1 407104441
8521 # 1504
8521 # 1504
8521 + 1113 407104441
8521 + 1113 407104441
8521 + 1069 407104441
8521 + 1069 407104441
8522 # 1504
8522 - 1113 1 407104441
8522 # 1504
8522 - 1113 1 407104441
8523 # 1504
8523 - 1069 2 407104441
8523 - 1069 2 407104441
8523 # 1504
8523 # 1504
8523 + 1070 407104441
8524 # 1504
8524 - 1070 1 407104441
8524 # 1504
8524 + 959 407104441
8524 + 959 407104441
8524 + 960 407104441
8524 + 967 407104441
8525 # 1504
8525 - 959 1 407104441
8525 # 1504
8525 - 959 1 407104441
8525 - 960 1 407104441
8525 # 1504
8525 - 967 1 407104441
8526 # 1504
8526 # 1504
8526 + 968 407104441
8526 + 671 407104441
8526 + 672 407104441
8526 + 716 407104441
8526 + 716 407104441
8526 + 908 407104441
8526 + 908 407104441
8526 + 909 407104441
8527 # 1504
8527 - 968 1 407104441
8527 # 1504
8527 - 671 1 407104441
8527 - 672 1 407104441
8528 # 1504
8528 - 716 2 407104441
8528 - 716 2 407104441
8528 # 1504
8528 - 908 2 407104441
8528 - 908 2 407104441
8528 # 1504
8528 - 909 2 407104441
8529 # 1504
8529 # 1504
8530 # 1504
8530 # 1504
8530 # 1504
8530 + 102 2802403873
8531 # 1504
8531 - 102 1 2802403873
8531 # 1504
8532 # 1504
8532 # 1504
8533 # 1504
8533 # 1504
8533 # 1504
8534 # 1504
8534 # 1504
8535 # 1504
8535 # 1504
8535 # 1504
8535 + 1038 407106061
8536 # 1504
8536 - 1038 1 407106061
8536 # 1504
8537 # 1504
8537 # 1504
8537 + 1038 407106061
8537 + 1039 407106061
8537 + 1053 407106061
8537 + 1053 407106061
8538 # 1504
8538 - 1038 1 407106061
8538 # 1504
8538 - 1039 1 407106061
8538 # 1504
8538 - 1053 1 407106061
8538 - 1053 1 407106061
8539 # 1504
8539 # 1504
8539 + 1053 407106061
8539 + 1067 407106061
8539 + 1068 407106061
8539 + 1068 407106061
8539 + 1205 407106061
8540 # 1504
8540 - 1053 1 407106061
8540 # 1504
8540 - 1067 1 407106061
8540 # 1504
8540 - 1068 1 407106061
8540 - 1068 1 407106061
8541 # 1504
8541 - 1205 2 407106061
8541 # 1504
8541 + 1206 407106061
8541 + 781 407106061
8541 + 782 407106061
8542 # 1504
8542 - 1206 1 407106061
8542 # 1504
8542 - 781 1 407106061
8542 - 782 1 407106061
8542 + 1136 407106061
8542 + 1188 407106061
8543 # 1504
8543 - 1136 1 407106061
8543 # 1504
8543 - 1188 1 407106061
8543 # 1504
8544 # 1504
8544 # 1504
8544 + 878 407106061
8545 # 1504
8545 - 878 1 407106061
8545 # 1504
8545 + 879 407106061
8545 + 879 407106061
8545 + 102 2802403873
8546 # 1504
8546 - 879 1 407106061
8546 # 1504
8546 - 879 1 407106061
8546 - 102 1 2802403873
8546 # 1504
8547 # 1504
8547 # 1504
8548 # 1504
8548 # 1504
8548 # 1504
8549 # 1504
8549 # 1504
8550 # 1504
8550 # 1504
8551 # 1504
8551 # 1504
8551 # 1504
8552 # 1504
8552 # 1504
8553 # 1504
8553 # 1504
8553 # 1504
8553 + 857 407107681
8554 # 1504
8554 - 857 1 407107681
8554 # 1504
8555 # 1504
8555 # 1504
8555 + 858 407107681
8555 + 858 407107681
8555 + 1216 407107681
8555 + 1217 407107681
8556 # 1504
8556 - 858 1 407107681
8556 # 1504
8556 - 858 1 407107681
8556 - 1216 1 407107681
8556 # 1504
8556 - 1217 1 407107681
8557 # 1504
8557 # 1504
8557 + 102 2802403873
8557 + 882 407107681
8557 + 883 407107681
8557 + 883 407107681
8557 + 1089 407107681
8557 + 1090 407107681
8558 # 1504
8558 - 102 1 2802403873
8558 - 882 1 407107681
8558 # 1504
8558 - 883 1 407107681
8558 - 883 1 407107681
8558 # 1504
8558 - 1089 1 407107681
8559 # 1504
8559 - 1090 2 407107681
8559 # 1504
8559 + 700 407107681
8559 + 700 407107681
8559 + 951 407107681
8559 + 1117 407107681
8559 + 945 407107681
8559 + 945 407107681
8560 # 1504
8560 - 700 1 407107681
8560 - 700 1 407107681
8560 # 1504
8560 - 951 1 407107681
8561 # 1504
8561 - 1117 2 407107681
8561 - 945 2 407107681
8561 # 1504
8561 - 945 2 407107681
8561 # 1504
8561 + 945 407107681
8562 # 1504
8562 - 945 1 407107681
8562 # 1504
8563 # 1504
8563 # 1504
8563 # 1504
8564 # 1504
8564 # 1504
8565 # 1504
8565 # 1504
8566 # 1504
8566 # 1504
8566 # 1504
8567 # 1504
8567 # 1504
8568 # 1504
8568 # 1504
8568 + 102 2802403873
8569 # 1504
8569 - 102 1 2802403873
8569 # 1504
8569 # 1504
8570 # 1504
8570 # 1504
8571 # 1504
8571 # 1504
8571 # 1504
8572 # 1504
8572 # 1504
8572 + 1166 407109301
8573 # 1504
8573 - 1166 1 407109301
8573 # 1504
8573 + 1167 407109301
8573 + 1167 407109301
8574 # 1504
8574 - 1167 1 407109301
8574 # 1504
8574 - 1167 1 407109301
8574 # 1504
8575 # 1504
8575 # 1504
8575 + 1104 407109301
8575 + 1104 407109301
8575 + 1105 407109301
8575 + 949 407109301
8576 # 1504
8576 - 1104 1 407109301
8576 # 1504
8576 - 1104 1 407109301
8576 # 1504
8576 - 1105 1 407109301
8576 - 949 1 407109301
8577 # 1504
8577 # 1504
8577 + 950 407109301
8577 + 950 407109301
8577 + 950 407109301
8577 + 997 407109301
8577 + 998 407109301
8578 # 1504
8578 - 950 1 407109301
8578 # 1504
8578 - 950 1 407109301
8578 - 950 1 407109301
8578 + 998 407109301
8579 # 1504
8579 - 997 2 407109301
8579 # 1504
8579 - 998 2 407109301
8579 - 998 1 407109301
8579 # 1504
8580 # 1504
8580 # 1504
8580 + 1099 407109301
8580 + 1099 407109301
8580 + 781 407109301
8580 + 781 407109301
8580 + 710 407109301
8580 + 711 407109301
8580 + 1168 407109301
8581 # 1504
8581 - 1099 1 407109301
8581 # 1504
8581 - 1099 1 407109301
8581 - 781 1 407109301
8581 # 1504
8581 - 781 1 407109301
8581 - 710 1 407109301
8582 # 1504
8582 - 711 2 407109301
8582 # 1504
8582 - 1168 2 407109301
8582 + 1169 407109301
8583 # 1504
8583 - 1169 1 407109301
8583 # 1504
8584 # 1504
8584 # 1504
8584 # 1504
8584 + 102 2802403873
8585 # 1504
8585 - 102 1 2802403873
8585 # 1504
8586 # 1504
8586 # 1504
8586 # 1504
8587 # 1504
8587 # 1504
8588 # 1504
8588 # 1504
8588 + 1082 407110921
8589 # 1504
8589 - 1082 1 407110921
8589 # 1504
8589 # 1504
8590 # 1504
8590 # 1504
8591 # 1504
8591 # 1504
8591 + 1082 407110921
8591 + 1083 407110921
8591 + 985 407110921
8591 + 985 407110921
8591 + 986 407110921
8592 # 1504
8592 - 1082 1 407110921
8592 # 1504
8592 - 1083 1 407110921
8592 # 1504
8592 - 985 1 407110921
8592 - 985 1 407110921
8593 # 1504
8593 - 986 2 407110921
8593 # 1504
8594 # 1504
8594 # 1504
8594 # 1504
8594 + 1070 407110921
8594 + 1070 407110921
8594 + 1070 407110921
8594 + 925 407110921
8594 + 926 407110921
8594 + 926 407110921
8594 + 875 407110921
8594 + 875 407110921
8595 # 1504
8595 - 1070 1 407110921
8595 # 1504
8595 - 1070 1 407110921
8596 # 1504
8596 - 1070 2 407110921
8596 - 925 2 407110921
8596 # 1504
8596 - 926 2 407110921
8596 - 926 2 407110921
8596 + 1090 407110921
8596 + 987 407110921
8596 + 882 407110921
8596 + 883 407110921
8597 # 1504
8597 - 875 3 407110921
8597 # 1504
8597 - 875 3 407110921
8597 - 1090 1 407110921
8597 # 1504
8597 - 987 1 407110921
8598 # 1504
8598 - 882 2 407110921
8598 - 883 2 407110921
8598 # 1504
8598 + 102 2802403873
8599 # 1504
8599 - 102 1 2802403873
8599 # 1504
8599 # 1504
8600 # 1504
8600 # 1504
8601 # 1504
8601 # 1504
8602 # 1504
8602 # 1504
8602 # 1504
8603 # 1504
8603 # 1504
8604 # 1504
8604 # 1504
8604 # 1504
8605 # 1504
8605 # 1504
8606 # 1504
8606 # 1504
8606 + 1071 407112541
8607 # 1504
8607 - 1071 1 407112541
8607 # 1504
8607 # 1504
8608 # 1504
8608 # 1504
8609 # 1504
8609 # 1504
8609 # 1504
8609 + 1071 407112541
8609 + 1071 407112541
8609 + 972 407112541
8609 + 972 407112541
8609 + 102 2802403873
8610 # 1504
8610 - 1071 1 407112541
8610 # 1504
8610 - 1071 1 407112541
8610 + 972 407112541
8611 # 1504
8611 - 972 2 407112541
8611 - 972 2 407112541
8611 - 102 2 2802403873
8611 # 1504
8611 - 972 1 407112541
8611 + 1160 407112541
8611 + 1161 407112541
8611 + 1161 407112541
8612 # 1504
8612 - 1160 1 407112541
8612 # 1504
8612 - 1161 1 407112541
8612 # 1504
8612 - 1161 1 407112541
8613 # 1504
8613 # 1504
8613 + 921 407112541
8613 + 921 407112541
8613 + 922 407112541
8613 + 1113 407112541
8613 + 1114 407112541
8613 + 1199 407112541
8614 # 1504
8614 - 921 1 407112541
8614 # 1504
8614 - 921 1 407112541
8614 - 922 1 407112541
8615 # 1504
8615 - 1113 2 407112541
8615 # 1504
8615 - 1114 2 407112541
8615 # 1504
8615 - 1199 2 407112541
8615 + 711 407112541
8615 + 712 407112541
8615 + 1107 407112541
8615 + 1107 407112541
8616 # 1504
8616 - 711 1 407112541
8616 - 712 1 407112541
8616 # 1504
8616 - 1107 1 407112541
8617 # 1504
8617 - 1107 2 407112541
8617 # 1504
8617 # 1504
8618 # 1504
8618 # 1504
8619 # 1504
8619 # 1504
8620 # 1504
8620 # 1504
8620 # 1504
8621 # 1504
8621 # 1504
8622 # 1504
8622 # 1504
8622 # 1504
8623 # 1504
8623 # 1504
8624 # 1504
8624 # 1504
8624 + 102 2802403873
8624 + 1081 407114071
8625 # 1504
8625 - 102 1 2802403873
8625 - 1081 1 407114071
8625 # 1504
8625 # 1504
8626 # 1504
8626 # 1504
8626 + 1081 407114071
8627 # 1504
8627 - 1081 1 407114071
8627 # 1504
8627 # 1504
8627 + 1082 407114071
8627 + 1042 407114071
8627 + 1043 407114071
8628 # 1504
8628 - 1082 1 407114071
8628 # 1504
8628 - 1042 1 407114071
8629 # 1504
8629 - 1043 2 407114071
8629 # 1504
8629 + 1043 407114071
8629 + 1119 407114071
8629 + 1120 407114071
8629 + 1120 407114071
8629 + 1013 407114071
8630 # 1504
8630 - 1043 1 407114071
8630 # 1504
8630 - 1119 1 407114071
8630 # 1504
8630 - 1120 1 407114071
8630 - 1120 1 407114071
8631 # 1504
8631 - 1013 2 407114071
8631 # 1504
8631 + 1013 407114071
8631 + 1014 407114071
8631 + 1180 407114071
8631 + 1181 407114071
8631 + 1174 407114071
8632 # 1504
8632 - 1013 1 407114071
8632 # 1504
8632 - 1014 1 407114071
8633 # 1504
8633 - 1180 2 407114071
8633 - 1181 2 407114071
8633 # 1504
8633 - 1174 2 407114071
8633 # 1504
8633 + 709 407114071
8633 + 710 407114071
8633 + 1187 407114071
8633 + 1188 407114071
8634 # 1504
8634 - 709 1 407114071
8634 - 710 1 407114071
8634 # 1504
8634 - 1187 1 407114071
8634 + 118 2802403873
8635 # 1504
8635 - 1188 2 407114071
8635 - 118 1 2802403873
8635 # 1504
8635 # 1504
8636 # 1504
8636 # 1504
8637 # 1504
8637 # 1504
8638 # 1504
8638 # 1504
8638 # 1504
8639 # 1504
8639 # 1504
8640 # 1504
8640 # 1504
8640 # 1504
8641 # 1504
8641 # 1504
8642 # 1504
8642 # 1504
8642 + 1088 407115691
8643 # 1504
8643 - 1088 1 407115691
8643 # 1504
8643 # 1504
8644 # 1504
8644 # 1504
8644 + 1089 407115691
8644 + 1089 407115691
8644 + 1071 407115691
8644 + 102 2802403873
8645 # 1504
8645 - 1089 1 407115691
8645 # 1504
8645 - 1089 1 407115691
8645 # 1504
8645 - 1071 1 407115691
8645 - 102 1 2802403873
8646 # 1504
8646 # 1504
8646 + 1071 407115691
8646 + 1071 407115691
8646 + 1164 407115691
8646 + 1164 407115691
8647 # 1504
8647 - 1071 1 407115691
8647 # 1504
8647 - 1071 1 407115691
8647 + 1164 407115691
8648 # 1504
8648 - 1164 2 407115691
8648 - 1164 2 407115691
8648 # 1504
8648 - 1164 1 407115691
8648 # 1504
8649 # 1504
8649 # 1504
8649 + 886 407115691
8649 + 887 407115691
8649 + 887 407115691
8649 + 932 407115691
8649 + 933 407115691
8649 + 933 407115691
8650 # 1504
8650 - 886 1 407115691
8650 # 1504
8650 - 887 1 407115691
8650 - 887 1 407115691
8650 # 1504
8650 - 932 1 407115691
8651 # 1504
8651 - 933 2 407115691
8651 - 933 2 407115691
8651 # 1504
8651 + 730 407115691
8651 + 731 407115691
8651 + 788 407115691
8651 + 789 407115691
8651 + 982 407115691
8651 + 982 407115691
8652 # 1504
8652 - 730 1 407115691
8652 - 731 1 407115691
8652 # 1504
8652 - 788 1 407115691
8653 # 1504
8653 - 789 2 407115691
8653 - 982 2 407115691
8653 # 1504
8653 - 982 2 407115691
8653 # 1504
8653 + 102 2802403873
8653 + 983 407115691
8654 # 1504
8654 - 102 1 2802403873
8654 - 983 1 407115691
8654 # 1504
8655 # 1504
8655 # 1504
8656 # 1504
8656 # 1504
8656 # 1504
8657 # 1504
8657 # 1504
8658 # 1504
8658 # 1504
8658 # 1504
8659 # 1504
8659 # 1504
8660 # 1504
8660 # 1504
8660 + 995 407117311
8661 # 1504
8661 - 995 1 407117311
8661 # 1504
8661 # 1504
8662 # 1504
8662 # 1504
8662 + 995 407117311
8662 + 996 407117311
8662 + 996 407117311
8662 + 1154 407117311
8663 # 1504
8663 - 995 1 407117311
8663 # 1504
8663 - 996 1 407117311
8663 - 996 1 407117311
8663 # 1504
8663 - 1154 1 407117311
8664 # 1504
8664 # 1504
8664 + 1155 407117311
8665 # 1504
8665 - 1155 1 407117311
8665 # 1504
8665 + 1155 407117311
8665 + 1182 407117311
8665 + 1182 407117311
8665 + 1182 407117311
8666 # 1504
8666 - 1155 1 407117311
8666 # 1504
8666 - 1182 1 407117311
8666 # 1504
8666 - 1182 1 407117311
8667 # 1504
8667 - 1182 2 407117311
8667 # 1504
8667 # 1504
8667 # 1504
8667 # 1504
8667 # 1504
8667 + 926 407117311
8667 + 926 407117311
8667 + 927 407117311
8667 + 1075 407117311
8667 + 1076 407117311
8668 # 1504
8668 - 926 1 407117311
8668 # 1504
8668 - 926 1 407117311
8668 - 927 1 407117311
8668 # 1504
8668 - 1075 1 407117311
8669 # 1504
8669 - 1076 2 407117311
8669 # 1504
8669 # 1504
8669 + 723 407117311
8669 + 723 407117311
8669 + 769 407117311
8669 + 770 407117311
8669 + 980 407117311
8669 + 981 407117311
8669 + 102 2802403873
8670 # 1504
8670 - 723 1 407117311
8670 - 723 1 407117311
8670 # 1504
8670 - 769 1 407117311
8670 - 770 1 407117311
8670 # 1504
8670 - 980 1 407117311
8670 # 1504
8670 - 981 1 407117311
8670 - 102 1 2802403873
8671 # 1504
8671 # 1504
8671 # 1504
8671 + 981 407117311
8672 # 1504
8672 - 981 1 407117311
8672 # 1504
8672 # 1504
8672 # 1504
8673 # 1504
8673 # 1504
8673 # 1504
8674 # 1504
8674 # 1504
8674 # 1504
8675 # 1504
8675 # 1504
8675 # 1504
8675 # 1504
8675 + 102 2802403873
8676 # 1504
8676 - 102 1 2802403873
8676 # 1504
8676 # 1504
8677 # 1504
8677 # 1504
8677 # 1504
8678 # 1504
8678 # 1504
8678 # 1504
8678 # 1504
8678 + 1192 407118931
8679 # 1504
8679 - 1192 1 407118931
8679 # 1504
8679 # 1504
8679 + 1192 407118931
8679 + 1193 407118931
8680 # 1504
8680 - 1192 1 407118931
8680 # 1504
8680 - 1193 1 407118931
8680 # 1504
8680 # 1504
8681 # 1504
8681 # 1504
8681 # 1504
8681 + 1052 407118931
8681 + 1052 407118931
8681 + 1052 407118931
8681 + 950 407118931
8682 # 1504
8682 - 1052 1 407118931
8682 # 1504
8682 - 1052 1 407118931
8682 # 1504
8682 - 1052 1 407118931
8682 - 950 1 407118931
8683 # 1504
8683 # 1504
8683 # 1504
8683 # 1504
8683 + 950 407118931
8683 + 950 407118931
8683 + 913 407118931
8683 + 913 407118931
8683 + 914 407118931
8683 + 944 407118931
8684 # 1504
8684 - 950 1 407118931
8684 # 1504
8684 - 950 1 407118931
8684 - 913 1 407118931
8684 # 1504
8684 - 913 1 407118931
8684 + 944 407118931
8685 # 1504
8685 - 914 2 407118931
8685 - 944 2 407118931
8685 # 1504
8685 - 944 1 407118931
8685 # 1504
8685 # 1504
8685 + 944 407118931
8685 + 763 407118931
8685 + 763 407118931
8685 + 752 407118931
8686 # 1504
8686 - 944 1 407118931
8686 # 1504
8686 - 763 1 407118931
8686 - 763 1 407118931
8686 # 1504
8686 - 752 1 407118931
8687 # 1504
8687 # 1504
8687 # 1504
8687 + 752 407118931
8687 + 928 407118931
8687 + 928 407118931
8687 + 928 407118931
8688 # 1504
8688 - 752 1 407118931
8688 # 1504
8688 - 928 1 407118931
8688 - 928 1 407118931
8688 # 1504
8688 - 928 1 407118931
8688 # 1504
8689 # 1504
8689 # 1504
8689 # 1504
8690 # 1504
8690 # 1504
8690 # 1504
8690 # 1504
8690 + 102 2802403873
8691 # 1504
8691 - 102 1 2802403873
8691 # 1504
8691 # 1504
8692 # 1504
8692 # 1504
8692 # 1504
8693 # 1504
8693 # 1504
8693 # 1504
8693 # 1504
8694 # 1504
8694 # 1504
8694 # 1504
8695 # 1504
8695 # 1504
8695 # 1504
8695 # 1504
8696 # 1504
8696 # 1504
8696 # 1504
8696 + 928 407120551
8697 # 1504
8697 - 928 1 407120551
8697 # 1504
8697 # 1504
8697 + 928 407120551
8697 + 928 407120551
8697 + 862 407120551
8698 # 1504
8698 - 928 1 407120551
8698 # 1504
8698 - 928 1 407120551
8698 - 862 1 407120551
8698 # 1504
8698 # 1504
8698 + 862 407120551
8698 + 862 407120551
8698 + 1018 407120551
8699 # 1504
8699 - 862 1 407120551
8699 # 1504
8699 - 862 1 407120551
8699 - 1018 1 407120551
8699 # 1504
8699 + 1019 407120551
8699 + 1019 407120551
8699 + 1028 407120551
8700 # 1504
8700 - 1019 1 407120551
8700 # 1504
8700 - 1019 1 407120551
8700 # 1504
8700 - 1028 1 407120551
8701 # 1504
8701 # 1504
8701 # 1504
8701 # 1504
8702 # 1504
8702 # 1504
8702 # 1504
8702 + 1028 407120551
8702 + 1028 407120551
8702 + 1176 407120551
8702 + 1177 407120551
8703 # 1504
8703 - 1028 1 407120551
8703 # 1504
8703 - 1028 1 407120551
8703 # 1504
8703 - 1176 1 407120551
8703 - 1177 1 407120551
8703 # 1504
8703 + 102 2802403873
8704 # 1504
8704 - 102 1 2802403873
8704 # 1504
8704 # 1504
8704 + 739 407120551
8704 + 739 407120551
8704 + 943 407120551
8704 + 944 407120551
8704 + 985 407120551
8704 + 985 407120551
8705 # 1504
8705 - 739 1 407120551
8705 - 739 1 407120551
8705 # 1504
8705 - 943 1 407120551
8705 # 1504
8705 - 944 1 407120551
8705 - 985 1 407120551
8705 + 985 407120551
8705 + 985 407120551
8706 # 1504
8706 - 985 2 407120551
8706 # 1504
8706 - 985 1 407120551
8706 - 985 1 407120551
8706 # 1504
8706 # 1504
8707 # 1504
8707 # 1504
8707 # 1504
8708 # 1504
8708 # 1504
8708 # 1504
8708 # 1504
8709 # 1504
8709 # 1504
8709 # 1504
8709 + 102 2802403873
8710 # 1504
8710 - 102 1 2802403873
8710 # 1504
8710 # 1504
8711 # 1504
8711 # 1504
8711 # 1504
8711 # 1504
8712 # 1504
8712 # 1504
8712 # 1504
8712 + 132 554869826
8713 # 1504
8713 - 132 1 554869826
8713 # 1504
8713 # 1504
8713 # 1504
8713 + 1223 407122171
8714 # 1504
8714 - 1223 1 407122171
8714 # 1504
8714 # 1504
8715 # 1504
8715 # 1504
8715 # 1504
8716 # 1504
8716 # 1504
8716 # 1504
8716 # 1504
8716 + 1224 407122171
8716 + 1159 407122171
8716 + 1159 407122171
8716 + 935 407122171
8717 # 1504
8717 - 1224 1 407122171
8717 # 1504
8717 - 1159 1 407122171
8717 # 1504
8717 - 1159 1 407122171
8717 - 935 1 407122171
8718 # 1504
8718 # 1504
8718 # 1504
8718 + 935 407122171
8718 + 936 407122171
8718 + 942 407122171
8718 + 942 407122171
8718 + 942 407122171
8718 + 945 407122171
8719 # 1504
8719 - 935 1 407122171
8719 # 1504
8719 - 936 1 407122171
8719 - 942 1 407122171
8719 # 1504
8719 - 942 1 407122171
8719 # 1504
8719 - 942 1 407122171
8719 - 945 1 407122171
8720 # 1504
8720 # 1504
8720 # 1504
8720 + 945 407122171
8721 # 1504
8721 - 945 1 407122171
8721 # 1504
8721 # 1504
8721 # 1504
8721 + 683 407122171
8721 + 683 407122171
8721 + 1010 407122171
8721 + 1011 407122171
8721 + 1152 407122171
8721 + 1153 407122171
8722 # 1504
8722 - 683 1 407122171
8722 - 683 1 407122171
8722 # 1504
8722 - 1010 1 407122171
8722 # 1504
8722 - 1011 1 407122171
8722 + 1153 407122171
8722 + 1153 407122171
8723 # 1504
8723 - 1152 2 407122171
8723 - 1153 2 407122171
8723 # 1504
8723 - 1153 1 407122171
8723 # 1504
8723 - 1153 1 407122171
8724 # 1504
8724 # 1504
8724 # 1504
8724 # 1504
8725 # 1504
8725 # 1504
8725 # 1504
8725 + 102 2802403873
8726 # 1504
8726 - 102 1 2802403873
8726 # 1504
8726 # 1504
8726 # 1504
8727 # 1504
8727 # 1504
8727 # 1504
8728 # 1504
8728 # 1504
8728 # 1504
8729 # 1504
8729 # 1504
8729 # 1504
8729 # 1504
8730 # 1504
8730 # 1504
8730 # 1504
8731 # 1504
8731 # 1504
8731 # 1504
8731 # 1504
8732 # 1504
8732 # 1504
8732 # 1504
8732 + 858 407123701
8733 # 1504
8733 - 858 1 407123701
8733 # 1504
8733 # 1504
8734 # 1504
8734 # 1504
8734 # 1504
8734 # 1504
8734 + 858 407123701
8734 + 858 407123701
8734 + 1028 407123701
8734 + 1028 407123701
8734 + 1028 407123701
8735 # 1504
8735 - 858 1 407123701
8735 # 1504
8735 - 858 1 407123701
8735 - 1028 1 407123701
8735 # 1504
8735 - 1028 1 407123701
8736 # 1504
8736 - 1028 2 407123701
8736 # 1504
8736 # 1504
8736 + 1188 407123701
8736 + 1188 407123701
8736 + 1189 407123701
8736 + 909 407123701
8736 + 909 407123701
8737 # 1504
8737 - 1188 1 407123701
8737 # 1504
8737 - 1188 1 407123701
8737 # 1504
8737 - 1189 1 407123701
8737 - 909 1 407123701
8737 # 1504
8737 - 909 1 407123701
8737 + 102 2802403873
8738 # 1504
8738 - 102 1 2802403873
8738 # 1504
8738 # 1504
8738 + 910 407123701
8738 + 938 407123701
8739 # 1504
8739 - 910 1 407123701
8739 # 1504
8739 - 938 1 407123701
8739 # 1504
8739 # 1504
8739 + 938 407123701
8739 + 806 407123701
8739 + 807 407123701
8739 + 1219 407123701
8740 # 1504
8740 - 938 1 407123701
8740 # 1504
8740 - 806 1 407123701
8740 - 807 1 407123701
8740 # 1504
8740 - 1219 1 407123701
8741 # 1504
8741 # 1504
8741 # 1504
8741 + 1220 407123701
8741 + 1210 407123701
8741 + 1210 407123701
8741 + 1211 407123701
8742 # 1504
8742 - 1220 1 407123701
8742 # 1504
8742 - 1210 1 407123701
8742 # 1504
8742 - 1210 1 407123701
8742 # 1504
8742 - 1211 1 407123701
8743 # 1504
8743 # 1504
8743 # 1504
8743 + 1211 407123701
8744 # 1504
8744 - 1211 1 407123701
8744 # 1504
8744 # 1504
8744 # 1504
8745 # 1504
8745 # 1504
8745 # 1504
8746 # 1504
8746 # 1504
8746 # 1504
8746 + 102 2802403873
8747 # 1504
8747 - 102 1 2802403873
8747 # 1504
8747 # 1504
8747 # 1504
8748 # 1504
8748 # 1504
8748 # 1504
8749 # 1504
8749 # 1504
8749 # 1504
8749 # 1504
8750 # 1504
8750 # 1504
8750 # 1504
8750 + 1176 407125321
8751 # 1504
8751 - 1176 1 407125321
8751 # 1504
8751 # 1504
8752 # 1504
8752 # 1504
8752 # 1504
8752 # 1504
8752 + 1177 407125321
8752 + 1145 407125321
8752 + 1145 407125321
8752 + 878 407125321
8753 # 1504
8753 - 1177 1 407125321
8753 # 1504
8753 - 1145 1 407125321
8753 # 1504
8753 - 1145 1 407125321
8753 - 878 1 407125321
8754 # 1504
8754 # 1504
8754 # 1504
8754 # 1504
8754 + 878 407125321
8754 + 878 407125321
8754 + 1187 407125321
8754 + 1188 407125321
8754 + 1060 407125321
8755 # 1504
8755 - 878 1 407125321
8755 # 1504
8755 - 878 1 407125321
8755 - 1187 1 407125321
8755 # 1504
8755 - 1188 1 407125321
8756 # 1504
8756 - 1060 2 407125321
8756 # 1504
8756 # 1504
8756 + 1061 407125321
8756 + 1086 407125321
8757 # 1504
8757 - 1061 1 407125321
8757 # 1504
8757 - 1086 1 407125321
8757 # 1504
8757 # 1504
8757 + 1086 407125321
8757 + 888 407125321
8757 + 888 407125321
8758 # 1504
8758 - 1086 1 407125321
8758 # 1504
8758 - 888 1 407125321
8758 - 888 1 407125321
8758 # 1504
8759 # 1504
8759 # 1504
8759 # 1504
8759 + 1107 407125321
8759 + 1108 407125321
8759 + 1108 407125321
8759 + 1108 407125321
8760 # 1504
8760 - 1107 1 407125321
8760 # 1504
8760 - 1108 1 407125321
8760 # 1504
8760 - 1108 1 407125321
8760 - 1108 1 407125321
8760 # 1504
8761 # 1504
8761 # 1504
8761 # 1504
8762 # 1504
8762 # 1504
8762 # 1504
8762 # 1504
8762 + 102 2802403873
8763 # 1504
8763 - 102 1 2802403873
8763 # 1504
8763 # 1504
8764 # 1504
8764 # 1504
8764 # 1504
8765 # 1504
8765 # 1504
8765 # 1504
8765 # 1504
8766 # 1504
8766 # 1504
8766 # 1504
8767 # 1504
8767 # 1504
8767 # 1504
8767 # 1504
8768 # 1504
8768 # 1504
8768 # 1504
8768 + 1116 407126941
8769 # 1504
8769 - 1116 1 407126941
8769 # 1504
8769 # 1504
8769 + 102 2802403873
8770 # 1504
8770 - 102 1 2802403873
8770 # 1504
8770 # 1504
8770 # 1504
8770 + 1116 407126941
8770 + 1117 407126941
8770 + 1182 407126941
8770 + 1182 407126941
8771 # 1504
8771 - 1116 1 407126941
8771 # 1504
8771 - 1117 1 407126941
8771 # 1504
8771 - 1182 1 407126941
8772 # 1504
8772 - 1182 2 407126941
8772 # 1504
8772 # 1504
8772 # 1504
8772 + 1182 407126941
8772 + 1117 407126941
8773 # 1504
8773 - 1182 1 407126941
8773 # 1504
8773 - 1117 1 407126941
8773 # 1504
8773 + 1117 407126941
8773 + 1118 407126941
8773 + 982 407126941
8774 # 1504
8774 - 1117 1 407126941
8774 # 1504
8774 - 1118 1 407126941
8774 # 1504
8774 - 982 1 407126941
8774 + 982 407126941
8774 + 982 407126941
8774 + 1127 407126941
8775 # 1504
8775 - 982 1 407126941
8775 # 1504
8775 - 982 1 407126941
8775 # 1504
8775 - 1127 1 407126941
8775 # 1504
8776 # 1504
8776 # 1504
8776 # 1504
8776 + 1128 407126941
8776 + 1128 407126941
8776 + 1056 407126941
8776 + 1056 407126941
8776 + 815 407126941
8777 # 1504
8777 - 1128 1 407126941
8777 # 1504
8777 - 1128 1 407126941
8777 # 1504
8777 - 1056 1 407126941
8777 - 1056 1 407126941
8778 # 1504
8778 - 815 2 407126941
8778 # 1504
8778 # 1504
8778 # 1504
8778 + 815 407126941
8779 # 1504
8779 - 815 1 407126941
8779 # 1504
8779 # 1504
8779 + 1017 407126941
8779 + 1017 407126941
8779 + 1017 407126941
8779 + 1018 407126941
8780 # 1504
8780 - 1017 1 407126941
8780 # 1504
8780 - 1017 1 407126941
8780 # 1504
8780 - 1017 1 407126941
8780 - 1018 1 407126941
8780 # 1504
8781 # 1504
8781 # 1504
8781 # 1504
8782 # 1504
8782 # 1504
8782 # 1504
8782 + 102 2802403873
8783 # 1504
8783 - 102 1 2802403873
8783 # 1504
8783 # 1504
8783 # 1504
8784 # 1504
8784 # 1504
8784 # 1504
8785 # 1504
8785 # 1504
8785 # 1504
8785 # 1504
8785 + 972 407128561
8786 # 1504
8786 - 972 1 407128561
8786 # 1504
8786 # 1504
8787 # 1504
8787 # 1504
8787 # 1504
8787 + 973 407128561
8787 + 973 407128561
8787 + 987 407128561
8787 + 987 407128561
8787 + 987 407128561
8788 # 1504
8788 - 973 1 407128561
8788 # 1504
8788 - 973 1 407128561
8788 - 987 1 407128561
8788 # 1504
8788 - 987 1 407128561
8788 # 1504
8788 - 987 1 407128561
8789 # 1504
8789 # 1504
8789 # 1504
8790 # 1504
8790 # 1504
8790 # 1504
8790 # 1504
8790 + 964 407128561
8790 + 964 407128561
8790 + 965 407128561
8790 + 988 407128561
8790 + 988 407128561
8790 + 988 407128561
8791 # 1504
8791 - 964 1 407128561
8791 # 1504
8791 - 964 1 407128561
8791 - 965 1 407128561
8791 # 1504
8791 - 988 1 407128561
8792 # 1504
8792 - 988 2 407128561
8792 - 988 2 407128561
8792 # 1504
8792 # 1504
8792 + 927 407128561
8792 + 927 407128561
8792 + 927 407128561
8792 + 1028 407128561
8792 + 1028 407128561
8793 # 1504
8793 - 927 1 407128561
8793 # 1504
8793 - 927 1 407128561
8793 - 927 1 407128561
8793 # 1504
8793 - 1028 1 407128561
8793 # 1504
8793 - 1028 1 407128561
8793 + 816 407128561
8793 + 817 407128561
8793 + 1036 407128561
8794 # 1504
8794 - 816 1 407128561
8794 # 1504
8794 - 817 1 407128561
8794 - 1036 1 407128561
8794 # 1504
8794 + 102 2802403873
8794 + 1036 407128561
8794 + 1036 407128561
8794 + 1037 407128561
8795 # 1504
8795 - 102 1 2802403873
8795 - 1036 1 407128561
8795 # 1504
8795 - 1036 1 407128561
8795 # 1504
8795 - 1037 1 407128561
8795 # 1504
8796 # 1504
8796 # 1504
8796 # 1504
8797 # 1504
8797 # 1504
8797 # 1504
8798 # 1504
8798 # 1504
8798 # 1504
8798 # 1504
8799 # 1504
8799 # 1504
8799 # 1504
8800 # 1504
8800 # 1504
8800 # 1504
8801 # 1504
8801 # 1504
8801 # 1504
8801 # 1504
8802 # 1504
8802 # 1504
8802 # 1504
8803 # 1504
8803 # 1504
8803 # 1504
8803 # 1504
8803 + 1193 407130181
8804 # 1504
8804 - 1193 1 407130181
8804 # 1504
8804 # 1504
8805 # 1504
8805 # 1504
8805 # 1504
8805 + 1194 407130181
8805 + 910 407130181
8805 + 910 407130181
8805 + 910 407130181
8805 + 1102 407130181
8805 + 102 2802403873
8806 # 1504
8806 - 1194 1 407130181
8806 # 1504
8806 - 910 1 407130181
8806 # 1504
8806 - 910 1 407130181
8806 - 910 1 407130181
8806 # 1504
8806 - 1102 1 407130181
8806 - 102 1 2802403873
8807 # 1504
8807 # 1504
8807 # 1504
8808 # 1504
8808 # 1504
8808 # 1504
8808 # 1504
8808 + 1102 407130181
8808 + 1103 407130181
8808 + 1004 407130181
8808 + 1004 407130181
8808 + 1004 407130181
8809 # 1504
8809 - 1102 1 407130181
8809 # 1504
8809 - 1103 1 407130181
8809 # 1504
8809 - 1004 1 407130181
8809 - 1004 1 407130181
8809 + 1124 407130181
8809 + 1124 407130181
8809 + 1033 407130181
8810 # 1504
8810 - 1004 2 407130181
8810 # 1504
8810 - 1124 1 407130181
8810 - 1124 1 407130181
8810 # 1504
8810 - 1033 1 407130181
8811 # 1504
8811 # 1504
8811 # 1504
8811 # 1504
8811 + 1034 407130181
8811 + 953 407130181
8811 + 954 407130181
8811 + 1130 407130181
8811 + 1130 407130181
8812 # 1504
8812 - 1034 1 407130181
8812 # 1504
8812 - 953 1 407130181
8812 - 954 1 407130181
8812 # 1504
8812 - 1130 1 407130181
8813 # 1504
8813 - 1130 2 407130181
8813 # 1504
8813 # 1504
8813 # 1504
8813 + 1130 407130181
8814 # 1504
8814 - 1130 1 407130181
8814 # 1504
8814 # 1504
8814 + 1131 407130181
8814 + 102 2802403873
8815 # 1504
8815 - 1131 1 407130181
8815 - 102 1 2802403873
8815 # 1504
8815 # 1504
8816 # 1504
8816 # 1504
8816 # 1504
8816 # 1504
8817 # 1504
8817 # 1504
8817 # 1504
8818 # 1504
8818 # 1504
8818 # 1504
8819 # 1504
8819 # 1504
8819 # 1504
8819 # 1504
8820 # 1504
8820 # 1504
8820 # 1504
8821 # 1504
8821 # 1504
8821 # 1504
8821 # 1504
8821 + 869 407131801
8822 # 1504
8822 - 869 1 407131801
8822 # 1504
8822 # 1504
8823 # 1504
8823 # 1504
8823 # 1504
8824 # 1504
8824 # 1504
8824 # 1504
8824 # 1504
8824 + 869 407131801
8824 + 869 407131801
8824 + 942 407131801
8824 + 942 407131801
8824 + 943 407131801
8824 + 1120 407131801
8825 # 1504
8825 - 869 1 407131801
8825 # 1504
8825 - 869 1 407131801
8825 - 942 1 407131801
8825 # 1504
8825 - 942 1 407131801
8826 # 1504
8826 - 943 2 407131801
8826 - 1120 2 407131801
8826 # 1504
8826 # 1504
8826 # 1504
8826 + 1121 407131801
8826 + 1121 407131801
8826 + 961 407131801
8826 + 961 407131801
8827 # 1504
8827 - 1121 1 407131801
8827 # 1504
8827 - 1121 1 407131801
8827 # 1504
8827 - 961 1 407131801
8827 - 961 1 407131801
8828 # 1504
8828 # 1504
8828 # 1504
8828 + 961 407131801
8828 + 1082 407131801
8828 + 1083 407131801
8828 + 811 407131801
8828 + 812 407131801
8828 + 973 407131801
8829 # 1504
8829 - 961 1 407131801
8829 # 1504
8829 - 1082 1 407131801
8829 # 1504
8829 - 1083 1 407131801
8829 - 811 1 407131801
8829 # 1504
8829 - 812 1 407131801
8829 - 973 1 407131801
8830 # 1504
8830 # 1504
8830 # 1504
8830 + 974 407131801
8830 + 974 407131801
8830 + 1146 407131801
8830 + 102 2802403873
8831 # 1504
8831 - 974 1 407131801
8831 # 1504
8831 - 974 1 407131801
8831 # 1504
8831 - 1146 1 407131801
8831 - 102 1 2802403873
8831 # 1504
8832 # 1504
8832 # 1504
8832 # 1504
8832 + 1146 407131801
8832 + 1146 407131801
8832 + 1146 407131801
8833 # 1504
8833 - 1146 1 407131801
8833 # 1504
8833 - 1146 1 407131801
8833 # 1504
8833 - 1146 1 407131801
8834 # 1504
8834 # 1504
8834 # 1504
8834 # 1504
8835 # 1504
8835 # 1504
8835 # 1504
8836 # 1504
8836 # 1504
8836 # 1504
8837 # 1504
8837 # 1504
8837 # 1504
8837 # 1504
8838 # 1504
8838 # 1504
8838 # 1504
8838 + 102 2802403873
8839 # 1504
8839 - 102 1 2802403873
8839 # 1504
8839 # 1504
8839 # 1504
8839 + 963 407133421
8840 # 1504
8840 - 963 1 407133421
8840 # 1504
8840 # 1504
8841 # 1504
8841 # 1504
8841 # 1504
8842 # 1504
8842 # 1504
8842 # 1504
8842 # 1504
8842 + 964 407133421
8842 + 964 407133421
8842 + 903 407133421
8842 + 903 407133421
8842 + 904 407133421
8843 # 1504
8843 - 964 1 407133421
8843 # 1504
8843 - 964 1 407133421
8843 - 903 1 407133421
8843 # 1504
8843 - 903 1 407133421
8844 # 1504
8844 - 904 2 407133421
8844 # 1504
8844 # 1504
8844 # 1504
8844 + 953 407133421
8844 + 953 407133421
8844 + 953 407133421
8844 + 896 407133421
8844 + 896 407133421
8844 + 897 407133421
8845 # 1504
8845 - 953 1 407133421
8845 # 1504
8845 - 953 1 407133421
8845 - 953 1 407133421
8845 # 1504
8845 - 896 1 407133421
8846 # 1504
8846 - 896 2 407133421
8846 - 897 2 407133421
8846 # 1504
8846 # 1504
8847 # 1504
8847 # 1504
8847 # 1504
8847 # 1504
8847 + 1174 407133421
8847 + 1174 407133421
8847 + 959 407133421
8847 + 960 407133421
8847 + 911 407133421
8847 + 912 407133421
8847 + 912 407133421
8847 + 1219 407133421
8848 # 1504
8848 - 1174 1 407133421
8848 # 1504
8848 - 1174 1 407133421
8848 # 1504
8848 - 959 1 407133421
8848 - 960 1 407133421
8848 + 1220 407133421
8848 + 1220 407133421
8849 # 1504
8849 - 911 2 407133421
8849 # 1504
8849 - 912 2 407133421
8849 - 912 2 407133421
8849 # 1504
8849 - 1219 2 407133421
8849 # 1504
8849 - 1220 1 407133421
8850 # 1504
8850 - 1220 2 407133421
8850 # 1504
8850 # 1504
8850 + 1220 407133421
8851 # 1504
8851 - 1220 1 407133421
8851 # 1504
8851 # 1504
8851 + 102 2802403873
8852 # 1504
8852 - 102 1 2802403873
8852 # 1504
8852 # 1504
8852 # 1504
8853 # 1504
8853 # 1504
8853 # 1504
8854 # 1504
8854 # 1504
8854 # 1504
8854 # 1504
8855 # 1504
8855 # 1504
8855 # 1504
8856 # 1504
8856 # 1504
8856 # 1504
8857 # 1504
8857 # 1504
8857 # 1504
8857 # 1504
8857 + 936 407134951
8858 # 1504
8858 - 936 1 407134951
8858 # 1504
8858 # 1504
8859 # 1504
8859 # 1504
8859 # 1504
8859 + 936 407134951
8859 + 937 407134951
8859 + 932 407134951
8859 + 932 407134951
8859 + 933 407134951
8860 # 1504
8860 - 936 1 407134951
8860 # 1504
8860 - 937 1 407134951
8860 - 932 1 407134951
8860 # 1504
8860 - 932 1 407134951
8860 # 1504
8860 - 933 1 407134951
8861 # 1504
8861 # 1504
8861 # 1504
8861 + 1188 407134951
8862 # 1504
8862 - 1188 1 407134951
8862 # 1504
8862 # 1504
8862 # 1504
8862 + 1189 407134951
8862 + 1051 407134951
8862 + 1051 407134951
8862 + 977 407134951
8863 # 1504
8863 - 1189 1 407134951
8863 # 1504
8863 - 1051 1 407134951
8863 # 1504
8863 - 1051 1 407134951
8863 - 977 1 407134951
8863 + 102 2802403873
8863 + 978 407134951
8863 + 896 407134951
8863 + 897 407134951
8863 + 1158 407134951
8864 # 1504
8864 - 102 1 2802403873
8864 - 978 1 407134951
8864 # 1504
8864 - 896 1 407134951
8864 - 897 1 407134951
8864 # 1504
8864 - 1158 1 407134951
8865 # 1504
8865 # 1504
8865 # 1504
8865 # 1504
8865 + 1159 407134951
8865 + 1028 407134951
8865 + 1028 407134951
8865 + 1028 407134951
8865 + 1028 407134951
8866 # 1504
8866 - 1159 1 407134951
8866 # 1504
8866 - 1028 1 407134951
8866 # 1504
8866 - 1028 1 407134951
8866 - 1028 1 407134951
8867 # 1504
8867 - 1028 2 407134951
8867 # 1504
8867 # 1504
8867 # 1504
8867 + 1028 407134951
8868 # 1504
8868 - 1028 1 407134951
8868 # 1504
8868 # 1504
8869 # 1504
8869 # 1504
8869 # 1504
8870 # 1504
8870 # 1504
8870 # 1504
8870 # 1504
8871 # 1504
8871 # 1504
8871 # 1504
8871 + 102 2802403873
8872 # 1504
8872 - 102 1 2802403873
8872 # 1504
8872 # 1504
8872 # 1504
8872 # 1504
8872 # 1504
8872 # 1504
8873 # 1504
8873 # 1504
8873 # 1504
8874 # 1504
8874 # 1504
8874 # 1504
8875 # 1504
8875 # 1504
8875 # 1504
8875 + 926 407136571
8876 # 1504
8876 - 926 1 407136571
8876 # 1504
8876 # 1504
8877 # 1504
8877 # 1504
8877 # 1504
8877 + 927 407136571
8877 + 927 407136571
8877 + 1040 407136571
8877 + 1040 407136571
8877 + 1040 407136571
8878 # 1504
8878 - 927 1 407136571
8878 # 1504
8878 - 927 1 407136571
8878 - 1040 1 407136571
8878 # 1504
8878 - 1040 1 407136571
8879 # 1504
8879 - 1040 2 407136571
8879 # 1504
8879 # 1504
8879 + 937 407136571
8879 + 937 407136571
8879 + 938 407136571
8879 + 986 407136571
8879 + 987 407136571
8880 # 1504
8880 - 937 1 407136571
8880 # 1504
8880 - 937 1 407136571
8880 - 938 1 407136571
8880 # 1504
8880 - 986 1 407136571
8881 # 1504
8881 - 987 2 407136571
8881 # 1504
8881 # 1504
8881 + 722 407136571
8882 # 1504
8882 - 722 1 407136571
8882 # 1504
8882 # 1504
8882 + 722 407136571
8882 + 725 407136571
8882 + 726 407136571
8882 + 823 407136571
8882 + 824 407136571
8882 + 1078 407136571
8882 + 102 2802403873
8882 + 1078 407136571
8883 # 1504
8883 - 722 1 407136571
8883 - 725 1 407136571
8883 # 1504
8883 - 726 1 407136571
8883 - 823 1 407136571
8883 # 1504
8883 - 824 1 407136571
8883 # 1504
8883 - 1078 1 407136571
8883 - 102 1 2802403873
8884 # 1504
8884 - 1078 2 407136571
8884 # 1504
8884 # 1504
8884 + 1078 407136571
8884 + 1078 407136571
8885 # 1504
8885 - 1078 1 407136571
8885 # 1504
8885 - 1078 1 407136571
8885 # 1504
8886 # 1504
8886 # 1504
8886 # 1504
8887 # 1504
8887 # 1504
8887 # 1504
8888 # 1504
8888 # 1504
8888 # 1504
8889 # 1504
8889 # 1504
8889 # 1504
8890 # 1504
8890 # 1504
8890 # 1504
8891 # 1504
8891 # 1504
8891 # 1504
8892 # 1504
8892 # 1504
8892 # 1504
8892 + 1160 407138191
8893 # 1504
8893 - 1160 1 407138191
8893 # 1504
8893 # 1504
8894 # 1504
8894 # 1504
8894 # 1504
8894 + 102 2802403873
8894 + 1161 407138191
8894 + 910 407138191
8894 + 910 407138191
8894 + 944 407138191
8894 + 944 407138191
8895 # 1504
8895 - 102 1 2802403873
8895 - 1161 1 407138191
8895 # 1504
8895 - 910 1 407138191
8895 # 1504
8895 - 910 1 407138191
8895 - 944 1 407138191
8896 # 1504
8896 - 944 2 407138191
8896 # 1504
8896 # 1504
8896 # 1504
8896 + 1055 407138191
8896 + 1055 407138191
8896 + 852 407138191
8896 + 852 407138191
8896 + 955 407138191
8897 # 1504
8897 - 1055 1 407138191
8897 # 1504
8897 - 1055 1 407138191
8897 - 852 1 407138191
8897 # 1504
8897 - 852 1 407138191
8898 # 1504
8898 - 955 2 407138191
8898 # 1504
8898 # 1504
8898 + 803 407138191
8898 + 804 407138191
8898 + 1024 407138191
8898 + 1024 407138191
8899 # 1504
8899 - 803 1 407138191
8899 # 1504
8899 - 804 1 407138191
8899 - 1024 1 407138191
8899 # 1504
8899 - 1024 1 407138191
8899 + 1024 407138191
8899 + 1024 407138191
8900 # 1504
8900 - 1024 1 407138191
8900 # 1504
8900 - 1024 1 407138191
8900 # 1504
8901 # 1504
8901 # 1504
8901 # 1504
8902 # 1504
8902 # 1504
8902 # 1504
8903 # 1504
8903 # 1504
8903 # 1504
8904 # 1504
8904 # 1504
8904 # 1504
8905 # 1504
8905 # 1504
8905 # 1504
8906 # 1504
8906 # 1504
8906 # 1504
8907 # 1504
8907 # 1504
8907 # 1504
8908 # 1504
8908 # 1504
8908 # 1504
8908 # 1504
8909 # 1504
8909 # 1504
8909 # 1504
8909 + 102 2802403873
8910 # 1504
8910 - 102 1 2802403873
8910 # 1504
8910 # 1504
8910 + 1196 407139811
8911 # 1504
8911 - 1196 1 407139811
8911 # 1504
8911 # 1504
8911 + 1196 407139811
8911 + 1090 407139811
8912 # 1504
8912 - 1196 1 407139811
8912 # 1504
8912 - 1090 1 407139811
8912 # 1504
8913 # 1504
8913 # 1504
8913 # 1504
8913 + 1091 407139811
8913 + 1168 407139811
8913 + 1168 407139811
8913 + 906 407139811
8913 + 906 407139811
8914 # 1504
8914 - 1091 1 407139811
8914 # 1504
8914 - 1168 1 407139811
8914 # 1504
8914 - 1168 1 407139811
8914 - 906 1 407139811
8915 # 1504
8915 - 906 2 407139811
8915 # 1504
8915 # 1504
8915 + 906 407139811
8915 + 906 407139811
8915 + 1079 407139811
8915 + 1066 407139811
8915 + 1066 407139811
8916 # 1504
8916 - 906 1 407139811
8916 # 1504
8916 - 906 1 407139811
8916 - 1079 1 407139811
8916 # 1504
8916 - 1066 1 407139811
8917 # 1504
8917 - 1066 2 407139811
8917 # 1504
8917 # 1504
8917 + 1144 407139811
8918 # 1504
8918 - 1144 1 407139811
8918 # 1504
8918 # 1504
8918 + 1144 407139811
8918 + 1144 407139811
8918 + 1145 407139811
8919 # 1504
8919 - 1144 1 407139811
8919 # 1504
8919 - 1144 1 407139811
8919 # 1504
8919 - 1145 1 407139811
8919 + 96 554869826
8920 # 1504
8920 - 96 1 554869826
8920 # 1504
8920 # 1504
8920 # 1504
8921 # 1504
8921 # 1504
8921 # 1504
8921 + 102 2802403873
8922 # 1504
8922 - 102 1 2802403873
8922 # 1504
8922 # 1504
8923 # 1504
8923 # 1504
8923 # 1504
8924 # 1504
8924 # 1504
8924 # 1504
8925 # 1504
8925 # 1504
8925 # 1504
8926 # 1504
8926 # 1504
8926 # 1504
8927 # 1504
8927 # 1504
8927 # 1504
8927 + 1156 407141431
8928 # 1504
8928 - 1156 1 407141431
8928 # 1504
8928 # 1504
8929 # 1504
8929 # 1504
8929 # 1504
8930 # 1504
8930 # 1504
8930 # 1504
8930 + 1157 407141431
8930 + 1147 407141431
8930 + 1148 407141431
8930 + 803 407141431
8931 # 1504
8931 - 1157 1 407141431
8931 # 1504
8931 - 1147 1 407141431
8931 # 1504
8931 - 1148 1 407141431
8931 - 803 1 407141431
8932 # 1504
8932 # 1504
8932 # 1504
8932 # 1504
8932 + 804 407141431
8932 + 1112 407141431
8932 + 1196 407141431
8932 + 1000 407141431
8932 + 1043 407141431
8932 + 102 2802403873
8933 # 1504
8933 - 804 1 407141431
8933 # 1504
8933 - 1112 1 407141431
8933 # 1504
8933 - 1196 1 407141431
8933 - 1000 1 407141431
8934 # 1504
8934 - 1043 2 407141431
8934 - 102 2 2802403873
8934 # 1504
8934 # 1504
8934 + 1044 407141431
8934 + 1043 407141431
8934 + 1043 407141431
8934 + 1043 407141431
8934 + 1043 407141431
8935 # 1504
8935 - 1044 1 407141431
8935 # 1504
8935 - 1043 1 407141431
8935 # 1504
8935 - 1043 1 407141431
8935 - 1043 1 407141431
8936 # 1504
8936 - 1043 2 407141431
8936 # 1504
8936 # 1504
8937 # 1504
8937 # 1504
8937 # 1504
8938 # 1504
8938 # 1504
8938 # 1504
8939 # 1504
8939 # 1504
8939 # 1504
8940 # 1504
8940 # 1504
8940 # 1504
8941 # 1504
8941 # 1504
8941 # 1504
8941 + 102 2802403873
8942 # 1504
8942 - 102 1 2802403873
8942 # 1504
8942 # 1504
8943 # 1504
8943 # 1504
8943 # 1504
8944 # 1504
8944 # 1504
8944 # 1504
8944 # 1504
8945 # 1504
8945 # 1504
8945 # 1504
8946 # 1504
8946 # 1504
8946 # 1504
8946 + 1058 407143051
8947 # 1504
8947 - 1058 1 407143051
8947 # 1504
8947 # 1504
8948 # 1504
8948 # 1504
8948 # 1504
8948 + 1058 407143051
8948 + 1058 407143051
8948 + 899 407143051
8948 + 899 407143051
8949 # 1504
8949 - 1058 1 407143051
8949 # 1504
8949 - 1058 1 407143051
8949 # 1504
8949 - 899 1 407143051
8949 - 899 1 407143051
8949 + 899 407143051
8950 # 1504
8950 - 899 1 407143051
8950 # 1504
8950 # 1504
8951 # 1504
8951 # 1504
8951 # 1504
8951 + 1038 407143051
8951 + 1038 407143051
8951 + 1035 407143051
8951 + 1035 407143051
8952 # 1504
8952 - 1038 1 407143051
8952 # 1504
8952 - 1038 1 407143051
8952 # 1504
8952 - 1035 1 407143051
8952 - 1035 1 407143051
8953 # 1504
8953 # 1504
8953 # 1504
8953 + 989 407143051
8953 + 989 407143051
8953 + 677 407143051
8953 + 677 407143051
8953 + 1191 407143051
8953 + 1192 407143051
8953 + 102 2802403873
8954 # 1504
8954 - 989 1 407143051
8954 # 1504
8954 - 989 1 407143051
8954 - 677 1 407143051
8954 # 1504
8954 - 677 1 407143051
8954 + 1102 407143051
8954 + 1102 407143051
8955 # 1504
8955 - 1191 2 407143051
8955 - 1192 2 407143051
8955 - 102 2 2802403873
8955 # 1504
8955 - 1102 1 407143051
8955 # 1504
8955 - 1102 1 407143051
8955 + 1102 407143051
8956 # 1504
8956 - 1102 1 407143051
8956 # 1504
8956 # 1504
8956 + 1103 407143051
8957 # 1504
8957 - 1103 1 407143051
8957 # 1504
8957 # 1504
8957 # 1504
8958 # 1504
8958 # 1504
8958 # 1504
8959 # 1504
8959 # 1504
8959 # 1504
8960 # 1504
8960 # 1504
8960 # 1504
8961 # 1504
8961 # 1504
8961 # 1504
8962 # 1504
8962 # 1504
8962 # 1504
8963 # 1504
8963 # 1504
8963 # 1504
8964 # 1504
8964 # 1504
8964 # 1504
8964 + 1106 407144671
8965 # 1504
8965 - 1106 1 407144671
8965 # 1504
8965 # 1504
8966 # 1504
8966 # 1504
8966 # 1504
8966 + 1107 407144671
8966 + 1021 407144671
8966 + 1021 407144671
8966 + 992 407144671
8967 # 1504
8967 - 1107 1 407144671
8967 # 1504
8967 - 1021 1 407144671
8967 # 1504
8967 - 1021 1 407144671
8967 - 992 1 407144671
8968 # 1504
8968 # 1504
8968 # 1504
8968 + 993 407144671
8968 + 1238 407144671
8968 + 1238 407144671
8968 + 860 407144671
8968 + 861 407144671
8969 # 1504
8969 - 993 1 407144671
8969 # 1504
8969 - 1238 1 407144671
8969 # 1504
8969 - 1238 1 407144671
8969 - 860 1 407144671
8969 # 1504
8969 - 861 1 407144671
8969 + 102 2802403873
8970 # 1504
8970 - 102 1 2802403873
8970 # 1504
8970 # 1504
8970 + 1203 407144671
8971 # 1504
8971 - 1203 1 407144671
8971 # 1504
8971 # 1504
8971 + 875 407144671
8971 + 876 407144671
8971 + 1196 407144671
8971 + 1196 407144671
8971 + 1197 407144671
8972 # 1504
8972 - 875 1 407144671
8972 # 1504
8972 - 876 1 407144671
8972 - 1196 1 407144671
8972 # 1504
8972 - 1196 1 407144671
8973 # 1504
8973 - 1197 2 407144671
8973 # 1504
8973 # 1504
8974 # 1504
8974 # 1504
8974 # 1504
8975 # 1504
8975 # 1504
8975 # 1504
8976 # 1504
8976 # 1504
8976 # 1504
8977 # 1504
8977 # 1504
8977 # 1504
8978 # 1504
8978 # 1504
8978 # 1504
8979 # 1504
8979 # 1504
8979 # 1504
8979 + 102 2802403873
8980 # 1504
8980 - 102 1 2802403873
8980 # 1504
8980 # 1504
8981 # 1504
8981 # 1504
8981 # 1504
8981 # 1504
8981 + 1238 407146201
8982 # 1504
8982 - 1238 1 407146201
8982 # 1504
8982 # 1504
8983 # 1504
8983 # 1504
8983 # 1504
8983 + 1239 407146201
8983 + 1135 407146201
8983 + 1136 407146201
8983 + 848 407146201
8984 # 1504
8984 - 1239 1 407146201
8984 # 1504
8984 - 1135 1 407146201
8984 # 1504
8984 - 1136 1 407146201
8984 - 848 1 407146201
8985 # 1504
8985 # 1504
8985 # 1504
8985 + 848 407146201
8985 + 1164 407146201
8985 + 1164 407146201
8985 + 731 407146201
8985 + 731 407146201
8985 + 1203 407146201
8986 # 1504
8986 - 848 1 407146201
8986 # 1504
8986 - 1164 1 407146201
8986 # 1504
8986 - 1164 1 407146201
8986 - 731 1 407146201
8986 + 102 2802403873
8987 # 1504
8987 - 731 2 407146201
8987 - 1203 2 407146201
8987 - 102 1 2802403873
8987 # 1504
8987 # 1504
8988 # 1504
8988 # 1504
8988 # 1504
8988 + 921 407146201
8988 + 921 407146201
8988 + 972 407146201
8988 + 972 407146201
8988 + 973 407146201
8989 # 1504
8989 - 921 1 407146201
8989 # 1504
8989 - 921 1 407146201
8989 - 972 1 407146201
8989 # 1504
8989 - 972 1 407146201
8990 # 1504
8990 - 973 2 407146201
8990 # 1504
8990 # 1504
8991 # 1504
8991 # 1504
8991 # 1504
8992 # 1504
8992 # 1504
8992 # 1504
8993 # 1504
8993 # 1504
8993 # 1504
8993 # 1504
8994 # 1504
8994 # 1504
8994 # 1504
8995 # 1504
8995 # 1504
8995 # 1504
8996 # 1504
8996 # 1504
8996 # 1504
8997 # 1504
8997 # 1504
8997 # 1504
8998 # 1504
8998 # 1504
8998 # 1504
8999 # 1504
8999 # 1504
8999 # 1504
8999 + 1007 407147821
9000 # 1504
9000 - 1007 1 407147821
9000 # 1504
9000 # 1504
9000 + 102 2802403873
9001 # 1504
9001 - 102 1 2802403873
9001 # 1504
9001 # 1504
9001 + 1007 407147821
9001 + 1008 407147821
9001 + 926 407147821
9001 + 926 407147821
9001 + 926 407147821
9002 # 1504
9002 - 1007 1 407147821
9002 # 1504
9002 - 1008 1 407147821
9002 - 926 1 407147821
9002 # 1504
9002 - 926 1 407147821
9003 # 1504
9003 - 926 2 407147821
9003 # 1504
9003 # 1504
9004 # 1504
9004 # 1504
9004 # 1504
9004 + 1059 407147821
9004 + 1059 407147821
9004 + 1008 407147821
9004 + 1009 407147821
9004 + 1179 407147821
9005 # 1504
9005 - 1059 1 407147821
9005 # 1504
9005 - 1059 1 407147821
9005 # 1504
9005 - 1008 1 407147821
9005 - 1009 1 407147821
9006 # 1504
9006 - 1179 2 407147821
9006 # 1504
9006 # 1504
9006 # 1504
9006 + 728 407147821
9006 + 728 407147821
9006 + 1203 407147821
9006 + 1203 407147821
9006 + 1173 407147821
9007 # 1504
9007 - 728 1 407147821
9007 - 728 1 407147821
9007 # 1504
9007 - 1203 1 407147821
9007 # 1504
9007 - 1203 1 407147821
9008 # 1504
9008 - 1173 2 407147821
9008 # 1504
9008 # 1504
9009 # 1504
9009 # 1504
9009 # 1504
9009 + 1173 407147821
9009 + 1174 407147821
9010 # 1504
9010 - 1173 1 407147821
9010 # 1504
9010 - 1174 1 407147821
9010 # 1504
9011 # 1504
9011 # 1504
9011 # 1504
9012 # 1504
9012 # 1504
9012 # 1504
9013 # 1504
9013 # 1504
9013 # 1504
9014 # 1504
9014 # 1504
9014 # 1504
9014 + 102 2802403873
9015 # 1504
9015 - 102 1 2802403873
9015 # 1504
9015 # 1504
9016 # 1504
9016 # 1504
9016 # 1504
9017 # 1504
9017 # 1504
9017 # 1504
9017 + 1001 407149441
9018 # 1504
9018 - 1001 1 407149441
9018 # 1504
9018 # 1504
9018 # 1504
9019 # 1504
9019 # 1504
9019 # 1504
9020 # 1504
9020 # 1504
9020 # 1504
9020 + 1001 407149441
9020 + 1002 407149441
9020 + 1153 407149441
9020 + 1153 407149441
9020 + 964 407149441
9020 + 964 407149441
9021 # 1504
9021 - 1001 1 407149441
9021 # 1504
9021 - 1002 1 407149441
9021 # 1504
9021 - 1153 1 407149441
9021 - 1153 1 407149441
9022 # 1504
9022 - 964 2 407149441
9022 # 1504
9022 - 964 2 407149441
9022 # 1504
9022 + 805 407149441
9022 + 805 407149441
9022 + 1034 407149441
9022 + 1188 407149441
9022 + 945 407149441
9022 + 946 407149441
9022 + 102 2802403873
9023 # 1504
9023 - 805 1 407149441
9023 # 1504
9023 - 805 1 407149441
9023 - 1034 1 407149441
9023 # 1504
9023 - 1188 1 407149441
9024 # 1504
9024 - 945 2 407149441
9024 - 946 2 407149441
9024 - 102 2 2802403873
9024 # 1504
9024 # 1504
9024 + 1067 407149441
9024 + 1068 407149441
9024 + 1068 407149441
9025 # 1504
9025 - 1067 1 407149441
9025 # 1504
9025 - 1068 1 407149441
9025 # 1504
9025 - 1068 1 407149441
9026 # 1504
9026 # 1504
9026 # 1504
9027 # 1504
9027 # 1504
9027 # 1504
9028 # 1504
9028 # 1504
9028 # 1504
9029 # 1504
9029 # 1504
9029 # 1504
9030 # 1504
9030 # 1504
9030 # 1504
9030 # 1504
9031 # 1504
9031 # 1504
9031 # 1504
9032 # 1504
9032 # 1504
9032 # 1504
9033 # 1504
9033 # 1504
9033 # 1504
9034 # 1504
9034 # 1504
9034 # 1504
9035 # 1504
9035 # 1504
9035 # 1504
9035 + 915 407151061
9036 # 1504
9036 - 915 1 407151061
9036 # 1504
9036 # 1504
9037 # 1504
9037 # 1504
9037 # 1504
9037 + 915 407151061
9037 + 915 407151061
9037 + 1075 407151061
9037 + 1075 407151061
9037 + 1018 407151061
9038 # 1504
9038 - 915 1 407151061
9038 # 1504
9038 - 915 1 407151061
9038 - 1075 1 407151061
9038 # 1504
9038 - 1075 1 407151061
9038 + 102 2802403873
9039 # 1504
9039 - 1018 2 407151061
9039 - 102 1 2802403873
9039 # 1504
9039 # 1504
9039 + 1019 407151061
9039 + 762 407151061
9039 + 762 407151061
9039 + 1168 407151061
9039 + 657 407151061
9040 # 1504
9040 - 1019 1 407151061
9040 # 1504
9040 - 762 1 407151061
9040 - 762 1 407151061
9040 # 1504
9040 - 1168 1 407151061
9040 - 657 1 407151061
9041 # 1504
9041 # 1504
9041 # 1504
9041 + 658 407151061
9041 + 764 407151061
9041 + 764 407151061
9041 + 1080 407151061
9041 + 1081 407151061
9041 + 1081 407151061
9042 # 1504
9042 - 658 1 407151061
9042 - 764 1 407151061
9042 # 1504
9042 - 764 1 407151061
9042 # 1504
9042 - 1080 1 407151061
9042 - 1081 1 407151061
9042 # 1504
9042 - 1081 1 407151061
9043 # 1504
9043 # 1504
9043 # 1504
9044 # 1504
9044 # 1504
9044 # 1504
9045 # 1504
9045 # 1504
9045 # 1504
9046 # 1504
9046 # 1504
9046 # 1504
9046 + 102 2802403873
9047 # 1504
9047 - 102 1 2802403873
9047 # 1504
9047 # 1504
9048 # 1504
9048 # 1504
9048 # 1504
9049 # 1504
9049 # 1504
9049 # 1504
9050 # 1504
9050 # 1504
9050 # 1504
9051 # 1504
9051 # 1504
9051 # 1504
9052 # 1504
9052 # 1504
9052 # 1504
9053 # 1504
9053 # 1504
9053 # 1504
9053 + 863 407152681
9054 # 1504
9054 - 863 1 407152681
9054 # 1504
9054 # 1504
9054 # 1504
9055 # 1504
9055 # 1504
9055 # 1504
9055 + 863 407152681
9055 + 864 407152681
9055 + 1111 407152681
9055 + 1112 407152681
9055 + 1148 407152681
9056 # 1504
9056 - 863 1 407152681
9056 # 1504
9056 - 864 1 407152681
9056 - 1111 1 407152681
9056 # 1504
9056 - 1112 1 407152681
9056 + 102 2802403873
9057 # 1504
9057 - 1148 2 407152681
9057 - 102 1 2802403873
9057 # 1504
9057 # 1504
9057 + 1149 407152681
9057 + 935 407152681
9057 + 936 407152681
9057 + 759 407152681
9057 + 760 407152681
9057 + 809 407152681
9058 # 1504
9058 - 1149 1 407152681
9058 # 1504
9058 - 935 1 407152681
9058 # 1504
9058 - 936 1 407152681
9058 - 759 1 407152681
9059 # 1504
9059 - 760 2 407152681
9059 - 809 2 407152681
9059 # 1504
9059 # 1504
9059 + 810 407152681
9060 # 1504
9060 - 810 1 407152681
9060 # 1504
9060 # 1504
9060 + 907 407152681
9060 + 907 407152681
9060 + 1086 407152681
9060 + 1086 407152681
9060 + 1087 407152681
9061 # 1504
9061 - 907 1 407152681
9061 # 1504
9061 - 907 1 407152681
9061 - 1086 1 407152681
9061 # 1504
9061 - 1086 1 407152681
9062 # 1504
9062 - 1087 2 407152681
9062 # 1504
9062 # 1504
9063 # 1504
9063 # 1504
9063 # 1504
9064 # 1504
9064 # 1504
9064 # 1504
9065 # 1504
9065 # 1504
9065 # 1504
9066 # 1504
9066 # 1504
9066 # 1504
9067 # 1504
9067 # 1504
9067 # 1504
9067 # 1504
9068 # 1504
9068 # 1504
9068 # 1504
9069 # 1504
9069 # 1504
9069 # 1504
9070 # 1504
9070 # 1504
9070 # 1504
9070 + 1174 407154301
9071 # 1504
9071 - 1174 1 407154301
9071 # 1504
9071 # 1504
9072 # 1504
9072 # 1504
9072 # 1504
9072 + 102 2802403873
9072 + 1174 407154301
9072 + 961 407154301
9072 + 962 407154301
9073 # 1504
9073 - 102 1 2802403873
9073 - 1174 1 407154301
9073 # 1504
9073 - 961 1 407154301
9073 # 1504
9073 - 962 1 407154301
9073 + 941 407154301
9073 + 941 407154301
9073 + 903 407154301
9074 # 1504
9074 - 941 1 407154301
9074 # 1504
9074 - 941 1 407154301
9074 - 903 1 407154301
9074 # 1504
9074 # 1504
9074 # 1504
9074 # 1504
9074 + 903 407154301
9074 + 668 407154301
9074 + 669 407154301
9075 # 1504
9075 - 903 1 407154301
9075 # 1504
9075 - 668 1 407154301
9075 - 669 1 407154301
9075 # 1504
9075 # 1504
9076 # 1504
9076 # 1504
9076 # 1504
9076 + 867 407154301
9076 + 867 407154301
9076 + 900 407154301
9076 + 900 407154301
9076 + 901 407154301
9077 # 1504
9077 - 867 1 407154301
9077 # 1504
9077 - 867 1 407154301
9077 - 900 1 407154301
9077 # 1504
9077 - 900 1 407154301
9077 - 901 1 407154301
9078 # 1504
9078 # 1504
9078 # 1504
9078 + 1060 407154301
9078 + 1060 407154301
9079 # 1504
9079 - 1060 1 407154301
9079 # 1504
9079 - 1060 1 407154301
9079 # 1504
9079 + 1061 407154301
9080 # 1504
9080 - 1061 1 407154301
9080 # 1504
9080 # 1504
9080 # 1504
9081 # 1504
9081 # 1504
9081 # 1504
9082 # 1504
9082 # 1504
9082 # 1504
9082 + 102 2802403873
9083 # 1504
9083 - 102 1 2802403873
9083 # 1504
9083 # 1504
9084 # 1504
9084 # 1504
9084 # 1504
9084 # 1504
9085 # 1504
9085 # 1504
9085 # 1504
9086 # 1504
9086 # 1504
9086 # 1504
9087 # 1504
9087 # 1504
9087 # 1504
9088 # 1504
9088 # 1504
9088 # 1504
9088 + 1113 407155921
9089 # 1504
9089 - 1113 1 407155921
9089 # 1504
9089 # 1504
9089 # 1504
9090 # 1504
9090 # 1504
9090 # 1504
9091 # 1504
9091 # 1504
9091 # 1504
9091 + 1113 407155921
9091 + 1113 407155921
9091 + 1095 407155921
9091 + 1095 407155921
9091 + 1042 407155921
9092 # 1504
9092 - 1113 1 407155921
9092 # 1504
9092 - 1113 1 407155921
9092 # 1504
9092 - 1095 1 407155921
9092 - 1095 1 407155921
9093 # 1504
9093 - 1042 2 407155921
9093 # 1504
9093 # 1504
9093 # 1504
9093 + 1043 407155921
9093 + 806 407155921
9093 + 807 407155921
9093 + 1131 407155921
9093 + 786 407155921
9093 + 102 2802403873
9094 # 1504
9094 - 1043 1 407155921
9094 # 1504
9094 - 806 1 407155921
9094 - 807 1 407155921
9094 # 1504
9094 - 1131 1 407155921
9095 # 1504
9095 - 786 2 407155921
9095 - 102 2 2802403873
9095 # 1504
9095 # 1504
9095 + 787 407155921
9095 + 1090 407155921
9095 + 1091 407155921
9096 # 1504
9096 - 787 1 407155921
9096 # 1504
9096 - 1090 1 407155921
9096 - 1091 1 407155921
9096 # 1504
9096 + 1091 407155921
9096 + 875 407155921
9096 + 875 407155921
9096 + 875 407155921
9097 # 1504
9097 - 1091 1 407155921
9097 # 1504
9097 - 875 1 407155921
9097 - 875 1 407155921
9097 # 1504
9097 - 875 1 407155921
9098 # 1504
9098 # 1504
9098 # 1504
9098 # 1504
9099 # 1504
9099 # 1504
9099 # 1504
9100 # 1504
9100 # 1504
9100 # 1504
9101 # 1504
9101 # 1504
9101 # 1504
9101 + 102 2802403873
9102 # 1504
9102 - 102 1 2802403873
9102 # 1504
9102 # 1504
9102 # 1504
9103 # 1504
9103 # 1504
9103 # 1504
9104 # 1504
9104 # 1504
9104 # 1504
9105 # 1504
9105 # 1504
9105 # 1504
9106 # 1504
9106 # 1504
9106 # 1504
9106 + 1191 407157541
9107 # 1504
9107 - 1191 1 407157541
9107 # 1504
9107 # 1504
9107 # 1504
9108 # 1504
9108 # 1504
9108 # 1504
9108 + 1191 407157541
9108 + 1191 407157541
9108 + 891 407157541
9109 # 1504
9109 - 1191 1 407157541
9109 # 1504
9109 - 1191 1 407157541
9109 # 1504
9109 - 891 1 407157541
9109 + 891 407157541
9110 # 1504
9110 - 891 1 407157541
9110 # 1504
9110 # 1504
9111 # 1504
9111 # 1504
9111 # 1504
9111 # 1504
9111 + 891 407157541
9111 + 1196 407157541
9111 + 1196 407157541
9111 + 1074 407157541
9111 + 1074 407157541
9111 + 102 2802403873
9112 # 1504
9112 - 891 1 407157541
9112 # 1504
9112 - 1196 1 407157541
9112 # 1504
9112 - 1196 1 407157541
9112 - 1074 1 407157541
9113 # 1504
9113 - 1074 2 407157541
9113 - 102 2 2802403873
9113 # 1504
9113 # 1504
9113 + 788 407157541
9113 + 789 407157541
9113 + 922 407157541
9113 + 922 407157541
9113 + 1136 407157541
9113 + 1136 407157541
9114 # 1504
9114 - 788 1 407157541
9114 # 1504
9114 - 789 1 407157541
9114 - 922 1 407157541
9114 # 1504
9114 - 922 1 407157541
9115 # 1504
9115 - 1136 2 407157541
9115 - 1136 2 407157541
9115 # 1504
9115 # 1504
9115 + 1136 407157541
9115 + 1163 407157541
9115 + 1164 407157541
9116 # 1504
9116 - 1136 1 407157541
9116 # 1504
9116 - 1163 1 407157541
9116 # 1504
9116 - 1164 1 407157541
9116 # 1504
9117 # 1504
9117 # 1504
9117 # 1504
9118 # 1504
9118 # 1504
9118 # 1504
9119 # 1504
9119 # 1504
9119 # 1504
9120 # 1504
9120 # 1504
9120 # 1504
9120 # 1504
9120 + 102 2802403873
9121 # 1504
9121 - 102 1 2802403873
9121 # 1504
9121 # 1504
9122 # 1504
9122 # 1504
9122 # 1504
9123 # 1504
9123 # 1504
9123 # 1504
9124 # 1504
9124 # 1504
9124 # 1504
9124 + 979 407159071
9125 # 1504
9125 - 979 1 407159071
9125 # 1504
9125 # 1504
9125 # 1504
9126 # 1504
9126 # 1504
9126 # 1504
9127 # 1504
9127 # 1504
9127 # 1504
9127 + 118 2802403873
9127 + 979 407159071
9127 + 980 407159071
9127 + 953 407159071
9127 + 954 407159071
9127 + 954 407159071
9128 # 1504
9128 - 118 1 2802403873
9128 - 979 1 407159071
9128 # 1504
9128 - 980 1 407159071
9128 # 1504
9128 - 953 1 407159071
9128 - 954 1 407159071
9129 # 1504
9129 - 954 2 407159071
9129 # 1504
9129 # 1504
9129 + 1005 407159071
9129 + 1006 407159071
9129 + 1006 407159071
9129 + 1210 407159071
9129 + 1210 407159071
9130 # 1504
9130 - 1005 1 407159071
9130 # 1504
9130 - 1006 1 407159071
9130 # 1504
9130 - 1006 1 407159071
9130 - 1210 1 407159071
9130 # 1504
9130 - 1210 1 407159071
9131 # 1504
9131 # 1504
9131 # 1504
9131 + 902 407159071
9131 + 903 407159071
9131 + 695 407159071
9131 + 696 407159071
9131 + 1203 407159071
9132 # 1504
9132 - 902 1 407159071
9132 # 1504
9132 - 903 1 407159071
9132 - 695 1 407159071
9132 # 1504
9132 - 696 1 407159071
9132 - 1203 1 407159071
9133 # 1504
9133 # 1504
9133 # 1504
9133 + 1203 407159071
9134 # 1504
9134 - 1203 1 407159071
9134 # 1504
9134 # 1504
9134 # 1504
9134 + 795 407159071
9134 + 796 407159071
9135 # 1504
9135 - 795 1 407159071
9135 # 1504
9135 - 796 1 407159071
9135 # 1504
9136 # 1504
9136 # 1504
9136 # 1504
9137 # 1504
9137 # 1504
9137 # 1504
9138 # 1504
9138 # 1504
9138 # 1504
9139 # 1504
9139 # 1504
9139 # 1504
9139 # 1504
9139 + 102 2802403873
9140 # 1504
9140 - 102 1 2802403873
9140 # 1504
9140 # 1504
9141 # 1504
9141 # 1504
9141 # 1504
9142 # 1504
9142 # 1504
9142 # 1504
9143 # 1504
9143 # 1504
9143 # 1504
9143 # 1504
9143 + 978 407160691
9144 # 1504
9144 - 978 1 407160691
9144 # 1504
9144 # 1504
9145 # 1504
9145 # 1504
9145 # 1504
9145 + 978 407160691
9145 + 979 407160691
9145 + 1227 407160691
9146 # 1504
9146 - 978 1 407160691
9146 # 1504
9146 - 979 1 407160691
9146 # 1504
9146 - 1227 1 407160691
9147 # 1504
9147 # 1504
9147 # 1504
9147 + 1228 407160691
9147 + 1017 407160691
9147 + 1017 407160691
9147 + 936 407160691
9147 + 936 407160691
9147 + 102 2802403873
9148 # 1504
9148 - 1228 1 407160691
9148 # 1504
9148 - 1017 1 407160691
9148 # 1504
9148 - 1017 1 407160691
9148 - 936 1 407160691
9148 # 1504
9148 - 936 1 407160691
9148 - 102 1 2802403873
9149 # 1504
9149 # 1504
9149 # 1504
9149 + 766 407160691
9149 + 766 407160691
9149 + 1189 407160691
9150 # 1504
9150 - 766 1 407160691
9150 # 1504
9150 - 766 1 407160691
9150 - 1189 1 407160691
9150 # 1504
9150 + 769 407160691
9150 + 770 407160691
9150 + 1197 407160691
9151 # 1504
9151 - 769 1 407160691
9151 # 1504
9151 - 770 1 407160691
9151 - 1197 1 407160691
9151 # 1504
9151 + 1197 407160691
9151 + 1197 407160691
9152 # 1504
9152 - 1197 1 407160691
9152 # 1504
9152 - 1197 1 407160691
9152 # 1504
9152 # 1504
9152 + 1197 407160691
9152 + 1198 407160691
9153 # 1504
9153 - 1197 1 407160691
9153 # 1504
9153 - 1198 1 407160691
9153 # 1504
9154 # 1504
9154 # 1504
9154 # 1504
9155 # 1504
9155 # 1504
9155 # 1504
9155 + 1198 407160691
9155 + 1198 407160691
9155 + 1198 407160691
9156 # 1504
9156 - 1198 1 407160691
9156 # 1504
9156 - 1198 1 407160691
9156 # 1504
9156 - 1198 1 407160691
9157 # 1504
9157 # 1504
9157 # 1504
9157 # 1504
9158 # 1504
9158 # 1504
9158 # 1504
9159 # 1504
9159 # 1504
9159 # 1504
9160 # 1504
9160 # 1504
9160 # 1504
9160 + 1120 407162311
9161 # 1504
9161 - 1120 1 407162311
9161 # 1504
9161 # 1504
9161 # 1504
9162 # 1504
9162 # 1504
9162 # 1504
9162 + 102 2802403873
9163 # 1504
9163 - 102 1 2802403873
9163 # 1504
9163 # 1504
9163 + 1121 407162311
9163 + 988 407162311
9163 + 989 407162311
9163 + 921 407162311
9163 + 921 407162311
9164 # 1504
9164 - 1121 1 407162311
9164 # 1504
9164 - 988 1 407162311
9164 # 1504
9164 - 989 1 407162311
9164 - 921 1 407162311
9164 + 938 407162311
9164 + 938 407162311
9164 + 753 407162311
9165 # 1504
9165 - 921 2 407162311
9165 - 938 1 407162311
9165 # 1504
9165 - 938 1 407162311
9165 # 1504
9165 - 753 1 407162311
9166 # 1504
9166 # 1504
9166 # 1504
9166 # 1504
9166 + 754 407162311
9166 + 814 407162311
9166 + 815 407162311
9166 + 1184 407162311
9166 + 1184 407162311
9166 + 1105 407162311
9167 # 1504
9167 - 754 1 407162311
9167 # 1504
9167 - 814 1 407162311
9167 - 815 1 407162311
9167 # 1504
9167 - 1184 1 407162311
9168 # 1504
9168 - 1184 2 407162311
9168 - 1105 2 407162311
9168 # 1504
9168 # 1504
9169 # 1504
9169 # 1504
9169 # 1504
9169 + 1105 407162311
9169 + 1105 407162311
9169 + 1105 407162311
9169 + 1105 407162311
9169 + 1105 407162311
9170 # 1504
9170 - 1105 1 407162311
9170 # 1504
9170 - 1105 1 407162311
9170 # 1504
9170 - 1105 1 407162311
9170 - 1105 1 407162311
9170 # 1504
9170 - 1105 1 407162311
9170 + 1105 407162311
9170 + 1105 407162311
9171 # 1504
9171 - 1105 1 407162311
9171 # 1504
9171 - 1105 1 407162311
9171 # 1504
9172 # 1504
9172 # 1504
9172 # 1504
9173 # 1504
9173 # 1504
9173 # 1504
9173 + 102 2802403873
9174 # 1504
9174 - 102 1 2802403873
9174 # 1504
9174 # 1504
9175 # 1504
9175 # 1504
9175 # 1504
9175 # 1504
9176 # 1504
9176 # 1504
9176 # 1504
9177 # 1504
9177 # 1504
9177 # 1504
9178 # 1504
9178 # 1504
9178 # 1504
9178 + 851 407163931
9179 # 1504
9179 - 851 1 407163931
9179 # 1504
9179 # 1504
9179 # 1504
9180 # 1504
9180 # 1504
9180 # 1504
9180 + 851 407163931
9180 + 852 407163931
9180 + 1133 407163931
9180 + 1133 407163931
9180 + 924 407163931
9181 # 1504
9181 - 851 1 407163931
9181 # 1504
9181 - 852 1 407163931
9181 - 1133 1 407163931
9181 # 1504
9181 - 1133 1 407163931
9182 # 1504
9182 - 924 2 407163931
9182 # 1504
9182 # 1504
9183 # 1504
9183 # 1504
9183 # 1504
9183 + 925 407163931
9183 + 1042 407163931
9183 + 1043 407163931
9183 + 785 407163931
9183 + 785 407163931
9184 # 1504
9184 - 925 1 407163931
9184 # 1504
9184 - 1042 1 407163931
9184 # 1504
9184 - 1043 1 407163931
9184 - 785 1 407163931
9184 # 1504
9184 - 785 1 407163931
9185 # 1504
9185 # 1504
9185 # 1504
9185 + 1169 407163931
9185 + 1102 407163931
9185 + 1102 407163931
9185 + 1176 407163931
9185 + 1176 407163931
9185 + 102 2802403873
9186 # 1504
9186 - 1169 1 407163931
9186 # 1504
9186 - 1102 1 407163931
9186 # 1504
9186 - 1102 1 407163931
9187 # 1504
9187 - 1176 2 407163931
9187 - 1176 2 407163931
9187 - 102 2 2802403873
9187 # 1504
9187 # 1504
9187 + 1176 407163931
9187 + 1176 407163931
9187 + 1176 407163931
9187 + 1176 407163931
9187 + 1176 407163931
9188 # 1504
9188 - 1176 1 407163931
9188 # 1504
9188 - 1176 1 407163931
9188 # 1504
9188 - 1176 1 407163931
9188 # 1504
9188 - 1176 1 407163931
9188 - 1176 1 407163931
9189 # 1504
9189 # 1504
9189 # 1504
9190 # 1504
9190 # 1504
9190 # 1504
9191 # 1504
9191 # 1504
9191 # 1504
9192 # 1504
9192 # 1504
9192 # 1504
9193 # 1504
9193 # 1504
9193 # 1504
9193 # 1504
9194 # 1504
9194 # 1504
9194 # 1504
9195 # 1504
9195 # 1504
9195 # 1504
9196 # 1504
9196 # 1504
9196 # 1504
9196 + 102 2802403873
9197 # 1504
9197 - 102 1 2802403873
9197 # 1504
9197 # 1504
9197 # 1504
9197 + 855 407165551
9198 # 1504
9198 - 855 1 407165551
9198 # 1504
9198 # 1504
9199 # 1504
9199 # 1504
9199 # 1504
9199 + 856 407165551
9199 + 856 407165551
9199 + 1043 407165551
9199 + 1044 407165551
9199 + 988 407165551
9200 # 1504
9200 - 856 1 407165551
9200 # 1504
9200 - 856 1 407165551
9200 - 1043 1 407165551
9200 # 1504
9200 - 1044 1 407165551
9201 # 1504
9201 - 988 2 407165551
9201 # 1504
9201 # 1504
9201 + 989 407165551
9201 + 919 407165551
9201 + 920 407165551
9201 + 832 407165551
9201 + 832 407165551
9201 + 1132 407165551
9202 # 1504
9202 - 989 1 407165551
9202 # 1504
9202 - 919 1 407165551
9202 - 920 1 407165551
9202 # 1504
9202 - 832 1 407165551
9202 - 832 1 407165551
9202 # 1504
9202 - 1132 1 407165551
9203 # 1504
9203 # 1504
9203 # 1504
9203 + 1184 407165551
9203 + 1184 407165551
9203 + 1102 407165551
9203 + 1102 407165551
9204 # 1504
9204 - 1184 1 407165551
9204 # 1504
9204 - 1184 1 407165551
9204 # 1504
9204 - 1102 1 407165551
9204 + 1102 407165551
9205 # 1504
9205 - 1102 2 407165551
9205 - 1102 1 407165551
9205 # 1504
9205 # 1504
9205 + 1102 407165551
9206 # 1504
9206 - 1102 1 407165551
9206 # 1504
9206 # 1504
9206 + 1102 407165551
9206 + 1102 407165551
9207 # 1504
9207 - 1102 1 407165551
9207 # 1504
9207 - 1102 1 407165551
9207 # 1504
9207 # 1504
9208 # 1504
9208 # 1504
9208 # 1504
9209 # 1504
9209 # 1504
9209 # 1504
9209 + 102 2802403873
9210 # 1504
9210 - 102 1 2802403873
9210 # 1504
9210 # 1504
9211 # 1504
9211 # 1504
9211 # 1504
9211 # 1504
9212 # 1504
9212 # 1504
9212 # 1504
9213 # 1504
9213 # 1504
9213 # 1504
9214 # 1504
9214 # 1504
9214 # 1504
9214 + 936 407167171
9215 # 1504
9215 - 936 1 407167171
9215 # 1504
9215 # 1504
9216 # 1504
9216 # 1504
9216 # 1504
9216 # 1504
9216 + 937 407167171
9217 # 1504
9217 - 937 1 407167171
9217 # 1504
9217 # 1504
9217 + 937 407167171
9217 + 884 407167171
9217 + 885 407167171
9217 + 885 407167171
9217 + 926 407167171
9218 # 1504
9218 - 937 1 407167171
9218 # 1504
9218 - 884 1 407167171
9218 - 885 1 407167171
9218 # 1504
9218 - 885 1 407167171
9219 # 1504
9219 - 926 2 407167171
9219 # 1504
9219 # 1504
9219 + 927 407167171
9219 + 844 407167171
9219 + 845 407167171
9219 + 724 407167171
9219 + 725 407167171
9219 + 683 407167171
9219 + 683 407167171
9220 # 1504
9220 - 927 1 407167171
9220 # 1504
9220 - 844 1 407167171
9220 - 845 1 407167171
9220 # 1504
9220 - 724 1 407167171
9220 - 725 1 407167171
9220 # 1504
9220 - 683 1 407167171
9220 - 683 1 407167171
9221 # 1504
9221 # 1504
9221 # 1504
9221 + 950 407167171
9221 + 951 407167171
9221 + 951 407167171
9221 + 1193 407167171
9221 + 1193 407167171
9221 + 1193 407167171
9222 # 1504
9222 - 950 1 407167171
9222 # 1504
9222 - 951 1 407167171
9222 - 951 1 407167171
9222 # 1504
9222 - 1193 1 407167171
9223 # 1504
9223 - 1193 2 407167171
9223 # 1504
9223 - 1193 2 407167171
9223 # 1504
9223 + 1194 407167171
9223 + 1194 407167171
9223 + 102 2802403873
9224 # 1504
9224 - 1194 1 407167171
9224 # 1504
9224 - 1194 1 407167171
9224 - 102 1 2802403873
9224 # 1504
9224 + 1194 407167171
9224 + 1194 407167171
9225 # 1504
9225 - 1194 1 407167171
9225 # 1504
9225 - 1194 1 407167171
9225 # 1504
9225 # 1504
9226 # 1504
9226 # 1504
9226 # 1504
9227 # 1504
9227 # 1504
9227 # 1504
9228 # 1504
9228 # 1504
9228 # 1504
9229 # 1504
9229 # 1504
9229 # 1504
9229 # 1504
9230 # 1504
9230 # 1504
9230 # 1504
9231 # 1504
9231 # 1504
9231 # 1504
9231 + 102 2802403873
9232 # 1504
9232 - 102 1 2802403873
9232 # 1504
9232 # 1504
9232 + 1222 407168791
9233 # 1504
9233 - 1222 1 407168791
9233 # 1504
9233 # 1504
9234 # 1504
9234 # 1504
9234 # 1504
9234 # 1504
9235 # 1504
9235 # 1504
9235 # 1504
9235 + 1222 407168791
9235 + 1096 407168791
9235 + 1097 407168791
9235 + 911 407168791
9235 + 912 407168791
9235 + 1071 407168791
9236 # 1504
9236 - 1222 1 407168791
9236 # 1504
9236 - 1096 1 407168791
9236 # 1504
9236 - 1097 1 407168791
9236 - 911 1 407168791
9237 # 1504
9237 - 912 2 407168791
9237 # 1504
9237 - 1071 2 407168791
9237 # 1504
9237 + 1071 407168791
9237 + 729 407168791
9237 + 730 407168791
9237 + 664 407168791
9237 + 664 407168791
9237 + 949 407168791
9237 + 949 407168791
9238 # 1504
9238 - 1071 1 407168791
9238 # 1504
9238 - 729 1 407168791
9238 - 730 1 407168791
9238 # 1504
9238 - 664 1 407168791
9238 - 664 1 407168791
9238 # 1504
9238 - 949 1 407168791
9238 - 949 1 407168791
9239 # 1504
9239 # 1504
9239 # 1504
9240 # 1504
9240 # 1504
9240 # 1504
9240 + 950 407168791
9240 + 1131 407168791
9240 + 1131 407168791
9240 + 1131 407168791
9240 + 1131 407168791
9241 # 1504
9241 - 950 1 407168791
9241 # 1504
9241 - 1131 1 407168791
9241 # 1504
9241 - 1131 1 407168791
9241 - 1131 1 407168791
9241 + 1132 407168791
9241 + 1132 407168791
9242 # 1504
9242 - 1131 2 407168791
9242 # 1504
9242 - 1132 1 407168791
9242 # 1504
9242 - 1132 1 407168791
9242 + 1132 407168791
9243 # 1504
9243 - 1132 1 407168791
9243 # 1504
9243 # 1504
9243 # 1504
9244 # 1504
9244 # 1504
9244 # 1504
9244 + 102 2802403873
9245 # 1504
9245 - 102 1 2802403873
9245 # 1504
9245 # 1504
9246 # 1504
9246 # 1504
9246 # 1504
9247 # 1504
9247 # 1504
9247 # 1504
9247 # 1504
9248 # 1504
9248 # 1504
9248 # 1504
9249 # 1504
9249 # 1504
9249 # 1504
9250 # 1504
9250 # 1504
9250 # 1504
9250 + 1120 407170411
9251 # 1504
9251 - 1120 1 407170411
9251 # 1504
9251 # 1504
9252 # 1504
9252 # 1504
9252 # 1504
9252 # 1504
9252 + 1121 407170411
9252 + 965 407170411
9252 + 966 407170411
9252 + 959 407170411
9252 + 959 407170411
9252 + 871 407170411
9253 # 1504
9253 - 1121 1 407170411
9253 # 1504
9253 - 965 1 407170411
9253 # 1504
9253 - 966 1 407170411
9253 - 959 1 407170411
9254 # 1504
9254 - 959 2 407170411
9254 - 871 2 407170411
9254 # 1504
9254 # 1504
9255 # 1504
9255 # 1504
9255 # 1504
9255 + 871 407170411
9255 + 872 407170411
9255 + 703 407170411
9255 + 704 407170411
9255 + 700 407170411
9255 + 700 407170411
9256 # 1504
9256 - 871 1 407170411
9256 # 1504
9256 - 872 1 407170411
9256 - 703 1 407170411
9256 # 1504
9256 - 704 1 407170411
9256 - 700 1 407170411
9256 # 1504
9256 - 700 1 407170411
9257 # 1504
9257 # 1504
9257 # 1504
9257 + 907 407170411
9257 + 908 407170411
9257 + 908 407170411
9257 + 1194 407170411
9257 + 1194 407170411
9257 + 1194 407170411
9258 # 1504
9258 - 907 1 407170411
9258 # 1504
9258 - 908 1 407170411
9258 - 908 1 407170411
9258 # 1504
9258 - 1194 1 407170411
9259 # 1504
9259 - 1194 2 407170411
9259 # 1504
9259 - 1194 2 407170411
9259 # 1504
9259 + 1194 407170411
9259 + 1195 407170411
9259 + 1195 407170411
9259 + 1195 407170411
9259 + 102 2802403873
9260 # 1504
9260 - 1194 1 407170411
9260 # 1504
9260 - 1195 1 407170411
9260 # 1504
9260 - 1195 1 407170411
9261 # 1504
9261 - 1195 2 407170411
9261 - 102 2 2802403873
9261 # 1504
9261 # 1504
9261 # 1504
9262 # 1504
9262 # 1504
9262 # 1504
9263 # 1504
9263 # 1504
9263 # 1504
9264 # 1504
9264 # 1504
9264 # 1504
9265 # 1504
9265 # 1504
9265 # 1504
9265 # 1504
9266 # 1504
9266 # 1504
9266 # 1504
9266 + 102 2802403873
9267 # 1504
9267 - 102 1 2802403873
9267 # 1504
9267 # 1504
9268 # 1504
9268 # 1504
9268 # 1504
9268 + 1197 407171941
9269 # 1504
9269 - 1197 1 407171941
9269 # 1504
9269 # 1504
9269 + 1197 407171941
9269 + 1122 407171941
9270 # 1504
9270 - 1197 1 407171941
9270 # 1504
9270 - 1122 1 407171941
9270 # 1504
9270 # 1504
9271 # 1504
9271 # 1504
9271 # 1504
9271 + 1123 407171941
9271 + 945 407171941
9271 + 945 407171941
9271 + 1057 407171941
9271 + 1058 407171941
9272 # 1504
9272 - 1123 1 407171941
9272 # 1504
9272 - 945 1 407171941
9272 # 1504
9272 - 945 1 407171941
9272 - 1057 1 407171941
9273 # 1504
9273 - 1058 2 407171941
9273 # 1504
9273 # 1504
9273 + 703 407171941
9273 + 704 407171941
9274 # 1504
9274 - 703 1 407171941
9274 - 704 1 407171941
9274 # 1504
9274 # 1504
9274 # 1504
9274 # 1504
9274 # 1504
9274 + 662 407171941
9274 + 663 407171941
9274 + 1233 407171941
9274 + 1234 407171941
9274 + 1181 407171941
9275 # 1504
9275 - 662 1 407171941
9275 - 663 1 407171941
9275 # 1504
9275 - 1233 1 407171941
9275 # 1504
9275 - 1234 1 407171941
9275 + 1181 407171941
9275 + 1182 407171941
9276 # 1504
9276 - 1181 2 407171941
9276 # 1504
9276 - 1181 1 407171941
9276 - 1182 1 407171941
9276 # 1504
9277 # 1504
9277 # 1504
9277 # 1504
9277 + 1182 407171941
9277 + 1182 407171941
9277 + 1182 407171941
9277 + 1182 407171941
9278 # 1504
9278 - 1182 1 407171941
9278 # 1504
9278 - 1182 1 407171941
9278 # 1504
9278 - 1182 1 407171941
9279 # 1504
9279 - 1182 2 407171941
9279 # 1504
9279 # 1504
9279 + 102 2802403873
9280 # 1504
9280 - 102 1 2802403873
9280 # 1504
9280 # 1504
9281 # 1504
9281 # 1504
9281 # 1504
9282 # 1504
9282 # 1504
9282 # 1504
9283 # 1504
9283 # 1504
9283 # 1504
9284 # 1504
9284 # 1504
9284 # 1504
9285 # 1504
9285 # 1504
9285 # 1504
9285 + 1013 407173561
9286 # 1504
9286 - 1013 1 407173561
9286 # 1504
9286 # 1504
9287 # 1504
9287 # 1504
9287 # 1504
9287 + 1014 407173561
9287 + 1029 407173561
9287 + 1030 407173561
9287 + 841 407173561
9288 # 1504
9288 - 1014 1 407173561
9288 # 1504
9288 - 1029 1 407173561
9288 # 1504
9288 - 1030 1 407173561
9288 - 841 1 407173561
9288 + 841 407173561
9289 # 1504
9289 - 841 1 407173561
9289 # 1504
9289 # 1504
9290 # 1504
9290 # 1504
9290 # 1504
9290 + 787 407173561
9290 + 788 407173561
9290 + 1084 407173561
9290 + 1231 407173561
9290 + 1135 407173561
9291 # 1504
9291 - 787 1 407173561
9291 # 1504
9291 - 788 1 407173561
9291 - 1084 1 407173561
9291 # 1504
9291 - 1231 1 407173561
9292 # 1504
9292 - 1135 2 407173561
9292 # 1504
9292 # 1504
9292 + 1136 407173561
9292 + 765 407173561
9292 + 766 407173561
9293 # 1504
9293 - 1136 1 407173561
9293 # 1504
9293 - 765 1 407173561
9293 - 766 1 407173561
9293 # 1504
9293 + 102 2802403873
9294 # 1504
9294 - 102 1 2802403873
9294 # 1504
9294 # 1504
9295 # 1504
9295 # 1504
9295 # 1504
9296 # 1504
9296 # 1504
9296 # 1504
9297 # 1504
9297 # 1504
9297 # 1504
9298 # 1504
9298 # 1504
9298 # 1504
9299 # 1504
9299 # 1504
9299 # 1504
9300 # 1504
9300 # 1504
9300 # 1504
9301 # 1504
9301 # 1504
9301 # 1504
9302 # 1504
9302 # 1504
9302 # 1504
9303 # 1504
9303 # 1504
9303 # 1504
9303 + 1047 407175181
9304 # 1504
9304 - 1047 1 407175181
9304 # 1504
9304 # 1504
9305 # 1504
9305 # 1504
9305 # 1504
9305 + 1047 407175181
9305 + 1062 407175181
9305 + 1063 407175181
9305 + 1057 407175181
9306 # 1504
9306 - 1047 1 407175181
9306 # 1504
9306 - 1062 1 407175181
9306 # 1504
9306 - 1063 1 407175181
9306 - 1057 1 407175181
9306 + 102 2802403873
9307 # 1504
9307 - 102 1 2802403873
9307 # 1504
9307 # 1504
9307 + 1057 407175181
9307 + 751 407175181
9307 + 752 407175181
9307 + 668 407175181
9307 + 669 407175181
9307 + 683 407175181
9308 # 1504
9308 - 1057 1 407175181
9308 # 1504
9308 - 751 1 407175181
9308 - 752 1 407175181
9308 # 1504
9308 - 668 1 407175181
9308 - 669 1 407175181
9309 # 1504
9309 - 683 2 407175181
9309 # 1504
9309 # 1504
9309 + 684 407175181
9309 + 1103 407175181
9309 + 1104 407175181
9309 + 935 407175181
9309 + 936 407175181
9310 # 1504
9310 - 684 1 407175181
9310 # 1504
9310 - 1103 1 407175181
9310 - 1104 1 407175181
9310 # 1504
9310 - 935 1 407175181
9311 # 1504
9311 - 936 2 407175181
9311 # 1504
9311 # 1504
9312 # 1504
9312 # 1504
9312 # 1504
9313 # 1504
9313 # 1504
9313 # 1504
9314 # 1504
9314 # 1504
9314 # 1504
9314 + 102 2802403873
9315 # 1504
9315 - 102 1 2802403873
9315 # 1504
9315 # 1504
9316 # 1504
9316 # 1504
9316 # 1504
9317 # 1504
9317 # 1504
9317 # 1504
9318 # 1504
9318 # 1504
9318 # 1504
9319 # 1504
9319 # 1504
9319 # 1504
9320 # 1504
9320 # 1504
9320 # 1504
9321 # 1504
9321 # 1504
9321 # 1504
9321 + 1040 407176801
9322 # 1504
9322 - 1040 1 407176801
9322 # 1504
9322 # 1504
9323 # 1504
9323 # 1504
9323 # 1504
9323 + 1041 407176801
9323 + 965 407176801
9323 + 965 407176801
9323 + 767 407176801
9323 + 768 407176801
9323 + 1059 407176801
9324 # 1504
9324 - 1041 1 407176801
9324 # 1504
9324 - 965 1 407176801
9324 - 965 1 407176801
9324 # 1504
9324 - 767 1 407176801
9324 - 768 1 407176801
9325 # 1504
9325 - 1059 2 407176801
9325 # 1504
9325 # 1504
9325 + 1002 407176801
9325 + 959 407176801
9325 + 1151 407176801
9325 + 1042 407176801
9326 # 1504
9326 - 1002 1 407176801
9326 # 1504
9326 - 959 1 407176801
9326 # 1504
9326 - 1151 1 407176801
9326 - 1042 1 407176801
9326 + 102 2802403873
9327 # 1504
9327 - 102 1 2802403873
9327 # 1504
9328 # 1504
9328 # 1504
9328 # 1504
9329 # 1504
9329 # 1504
9329 # 1504
9330 # 1504
9330 # 1504
9330 # 1504
9331 # 1504
9331 # 1504
9331 # 1504
9332 # 1504
9332 # 1504
9332 # 1504
9333 # 1504
9333 # 1504
9333 # 1504
9334 # 1504
9334 # 1504
9334 # 1504
9335 # 1504
9335 # 1504
9335 # 1504
9336 # 1504
9336 # 1504
9336 # 1504
9337 # 1504
9337 # 1504
9337 # 1504
9338 # 1504
9338 # 1504
9338 # 1504
9338 + 102 2802403873
9339 # 1504
9339 - 102 1 2802403873
9339 # 1504
9339 # 1504
9340 # 1504
9340 # 1504
9340 # 1504
9341 # 1504
9341 # 1504
9341 # 1504
9342 # 1504
9342 # 1504
9342 # 1504
9342 + 1098 407178421
9343 # 1504
9343 - 1098 1 407178421
9343 # 1504
9343 # 1504
9344 # 1504
9344 # 1504
9344 # 1504
9344 + 1099 407178421
9344 + 1099 407178421
9344 + 1099 407178421
9344 + 1099 407178421
9345 # 1504
9345 - 1099 1 407178421
9345 # 1504
9345 - 1099 1 407178421
9345 # 1504
9345 - 1099 1 407178421
9345 - 1099 1 407178421
9345 + 102 2802403873
9346 # 1504
9346 - 102 1 2802403873
9346 # 1504
9346 # 1504
9346 + 1132 407178421
9346 + 1132 407178421
9346 + 1132 407178421
9346 + 1132 407178421
9346 + 1109 407178421
9347 # 1504
9347 - 1132 1 407178421
9347 # 1504
9347 - 1132 1 407178421
9347 # 1504
9347 - 1132 1 407178421
9348 # 1504
9348 - 1132 2 407178421
9348 - 1109 2 407178421
9348 # 1504
9348 # 1504
9349 # 1504
9349 # 1504
9349 # 1504
9349 + 1109 407178421
9349 + 1110 407178421
9349 + 1110 407178421
9349 + 1156 407178421
9349 + 1157 407178421
9350 # 1504
9350 - 1109 1 407178421
9350 # 1504
9350 - 1110 1 407178421
9350 # 1504
9350 - 1110 1 407178421
9350 - 1156 1 407178421
9350 + 1157 407178421
9350 + 1157 407178421
9350 + 1111 407178421
9351 # 1504
9351 - 1157 2 407178421
9351 # 1504
9351 - 1157 1 407178421
9351 # 1504
9351 - 1157 1 407178421
9352 # 1504
9352 - 1111 2 407178421
9352 # 1504
9352 # 1504
9352 + 1111 407178421
9353 # 1504
9353 - 1111 1 407178421
9353 # 1504
9353 # 1504
9353 + 1112 407178421
9353 + 1112 407178421
9353 + 1112 407178421
9353 + 1172 407178421
9354 # 1504
9354 - 1112 1 407178421
9354 # 1504
9354 - 1112 1 407178421
9354 # 1504
9354 - 1112 1 407178421
9354 - 1172 1 407178421
9354 + 1172 407178421
9354 + 1173 407178421
9354 + 1173 407178421
9354 + 1169 407178421
9355 # 1504
9355 - 1172 1 407178421
9355 # 1504
9355 - 1173 1 407178421
9355 # 1504
9355 - 1173 1 407178421
9356 # 1504
9356 - 1169 2 407178421
9356 # 1504
9356 # 1504
9356 + 102 2802403873
9357 # 1504
9357 - 102 1 2802403873
9357 # 1504
9357 # 1504
9357 + 1169 407178421
9357 + 1170 407178421
9357 + 1170 407178421
9357 + 1228 407178421
9357 + 1228 407178421
9358 # 1504
9358 - 1169 1 407178421
9358 # 1504
9358 - 1170 1 407178421
9358 # 1504
9358 - 1170 1 407178421
9358 + 1228 407178421
9359 # 1504
9359 - 1228 2 407178421
9359 - 1228 2 407178421
9359 # 1504
9359 - 1228 1 407178421
9359 # 1504
9360 # 1504
9360 # 1504
9360 # 1504
9360 + 1229 407178421
9360 + 1229 407178421
9360 + 1229 407178421
9360 + 1229 407178421
9361 # 1504
9361 - 1229 1 407178421
9361 # 1504
9361 - 1229 1 407178421
9361 # 1504
9361 - 1229 1 407178421
9362 # 1504
9362 - 1229 2 407178421
9362 # 1504
9362 # 1504
9362 + 1229 407178421
9362 + 1229 407178421
9362 + 689 407180041
9362 + 690 407180041
9362 + 698 407180041
9363 # 1504
9363 - 1229 1 407178421
9363 # 1504
9363 - 1229 1 407178421
9363 # 1504
9363 - 689 1 407180041
9363 - 690 1 407180041
9364 # 1504
9364 - 698 2 407180041
9364 # 1504
9364 # 1504
9364 + 698 407180041
9364 + 766 407180041
9364 + 767 407180041
9364 + 1050 407180041
9364 + 1050 407180041
9364 + 1008 407180041
9365 # 1504
9365 - 698 1 407180041
9365 - 766 1 407180041
9365 # 1504
9365 - 767 1 407180041
9365 # 1504
9365 - 1050 1 407180041
9365 - 1050 1 407180041
9366 # 1504
9366 - 1008 2 407180041
9366 # 1504
9366 # 1504
9366 + 1008 407180041
9366 + 1008 407180041
9366 + 857 407180041
9367 # 1504
9367 - 1008 1 407180041
9367 # 1504
9367 - 1008 1 407180041
9367 - 857 1 407180041
9367 # 1504
9367 + 857 407180041
9367 + 858 407180041
9367 + 787 407180041
9368 # 1504
9368 - 857 1 407180041
9368 # 1504
9368 - 858 1 407180041
9368 - 787 1 407180041
9368 # 1504
9369 # 1504
9369 # 1504
9369 # 1504
9369 + 788 407180041
9369 + 948 407180041
9369 + 948 407180041
9369 + 948 407180041
9369 + 948 407180041
9370 # 1504
9370 - 788 1 407180041
9370 # 1504
9370 - 948 1 407180041
9370 - 948 1 407180041
9370 # 1504
9370 - 948 1 407180041
9371 # 1504
9371 - 948 2 407180041
9371 # 1504
9371 # 1504
9371 + 102 2802403873
9372 # 1504
9372 - 102 1 2802403873
9372 # 1504
9372 # 1504
9373 # 1504
9373 # 1504
9373 # 1504
9374 # 1504
9374 # 1504
9374 # 1504
9375 # 1504
9375 # 1504
9375 # 1504
9375 + 1115 407181661
9376 # 1504
9376 - 1115 1 407181661
9376 # 1504
9376 # 1504
9377 # 1504
9377 # 1504
9377 # 1504
9377 + 1116 407181661
9377 + 941 407181661
9377 + 942 407181661
9377 + 847 407181661
9377 + 848 407181661
9378 # 1504
9378 - 1116 1 407181661
9378 # 1504
9378 - 941 1 407181661
9378 - 942 1 407181661
9378 # 1504
9378 - 847 1 407181661
9379 # 1504
9379 - 848 2 407181661
9379 # 1504
9379 # 1504
9379 + 1053 407181661
9379 + 1054 407181661
9379 + 965 407181661
9379 + 965 407181661
9379 + 966 407181661
9380 # 1504
9380 - 1053 1 407181661
9380 # 1504
9380 - 1054 1 407181661
9381 # 1504
9381 - 965 2 407181661
9381 - 965 2 407181661
9381 # 1504
9381 - 966 2 407181661
9381 # 1504
9381 + 1039 407181661
9381 + 1039 407181661
9381 + 917 407181661
9381 + 917 407181661
9381 + 889 407181661
9382 # 1504
9382 - 1039 1 407181661
9382 # 1504
9382 - 1039 1 407181661
9382 - 917 1 407181661
9382 # 1504
9382 - 917 1 407181661
9383 # 1504
9383 - 889 2 407181661
9383 # 1504
9383 # 1504
9384 # 1504
9384 # 1504
9384 # 1504
9384 + 890 407181661
9385 # 1504
9385 - 890 1 407181661
9385 # 1504
9385 # 1504
9386 # 1504
9386 # 1504
9386 # 1504
9387 # 1504
9387 # 1504
9387 # 1504
9387 + 102 2802403873
9388 # 1504
9388 - 102 1 2802403873
9388 # 1504
9388 # 1504
9389 # 1504
9389 # 1504
9389 # 1504
9390 # 1504
9390 # 1504
9390 # 1504
9391 # 1504
9391 # 1504
9391 # 1504
9392 # 1504
9392 # 1504
9392 # 1504
9393 # 1504
9393 # 1504
9393 # 1504
9393 + 1166 407183281
9394 # 1504
9394 - 1166 1 407183281
9394 # 1504
9394 # 1504
9394 + 1167 407183281
9394 + 973 407183281
9395 # 1504
9395 - 1167 1 407183281
9395 # 1504
9395 - 973 1 407183281
9395 # 1504
9396 # 1504
9396 # 1504
9396 # 1504
9396 + 973 407183281
9396 + 964 407183281
9396 + 965 407183281
9396 + 1235 407183281
9396 + 1235 407183281
9397 # 1504
9397 - 973 1 407183281
9397 # 1504
9397 - 964 1 407183281
9397 - 965 1 407183281
9397 # 1504
9397 - 1235 1 407183281
9398 # 1504
9398 - 1235 2 407183281
9398 # 1504
9398 # 1504
9398 + 888 407183281
9398 + 888 407183281
9399 # 1504
9399 - 888 1 407183281
9399 # 1504
9399 - 888 1 407183281
9399 # 1504
9399 + 888 407183281
9399 + 897 407183281
9399 + 897 407183281
9399 + 804 407183281
9399 + 805 407183281
9400 # 1504
9400 - 888 1 407183281
9400 # 1504
9400 - 897 1 407183281
9400 - 897 1 407183281
9400 # 1504
9400 - 804 1 407183281
9400 - 805 1 407183281
9400 + 102 2802403873
9401 # 1504
9401 - 102 1 2802403873
9401 # 1504
9401 # 1504
9401 + 860 407183281
9401 + 861 407183281
9402 # 1504
9402 - 860 1 407183281
9402 # 1504
9402 - 861 1 407183281
9402 # 1504
9403 # 1504
9403 # 1504
9403 # 1504
9404 # 1504
9404 # 1504
9404 # 1504
9405 # 1504
9405 # 1504
9405 # 1504
9406 # 1504
9406 # 1504
9406 # 1504
9407 # 1504
9407 # 1504
9407 # 1504
9407 + 102 2802403873
9408 # 1504
9408 - 102 1 2802403873
9408 # 1504
9408 # 1504
9409 # 1504
9409 # 1504
9409 # 1504
9410 # 1504
9410 # 1504
9410 # 1504
9411 # 1504
9411 # 1504
9411 # 1504
9411 + 1047 407184901
9412 # 1504
9412 - 1047 1 407184901
9412 # 1504
9412 # 1504
9413 # 1504
9413 # 1504
9413 # 1504
9413 + 1047 407184901
9413 + 861 407184901
9413 + 861 407184901
9413 + 1217 407184901
9414 # 1504
9414 - 1047 1 407184901
9414 # 1504
9414 - 861 1 407184901
9414 - 861 1 407184901
9414 # 1504
9414 - 1217 1 407184901
9415 # 1504
9415 # 1504
9415 # 1504
9415 + 1218 407184901
9415 + 885 407184901
9415 + 886 407184901
9415 + 886 407184901
9415 + 1194 407184901
9415 + 1195 407184901
9416 # 1504
9416 - 1218 1 407184901
9416 # 1504
9416 - 885 1 407184901
9416 - 886 1 407184901
9416 # 1504
9416 - 886 1 407184901
9417 # 1504
9417 - 1194 2 407184901
9417 # 1504
9417 - 1195 2 407184901
9417 # 1504
9417 + 749 407184901
9417 + 750 407184901
9417 + 837 407184901
9417 + 838 407184901
9418 # 1504
9418 - 749 1 407184901
9418 - 750 1 407184901
9418 # 1504
9418 - 837 1 407184901
9418 # 1504
9418 - 838 1 407184901
9418 + 1223 407184901
9418 + 1224 407184901
9419 # 1504
9419 - 1223 1 407184901
9419 # 1504
9419 - 1224 1 407184901
9419 # 1504
9420 # 1504
9420 # 1504
9420 # 1504
9420 + 102 2802403873
9421 # 1504
9421 - 102 1 2802403873
9421 # 1504
9421 # 1504
9422 # 1504
9422 # 1504
9422 # 1504
9423 # 1504
9423 # 1504
9423 # 1504
9424 # 1504
9424 # 1504
9424 # 1504
9425 # 1504
9425 # 1504
9425 # 1504
9426 # 1504
9426 # 1504
9426 # 1504
9427 # 1504
9427 # 1504
9427 # 1504
9428 # 1504
9428 # 1504
9428 # 1504
9429 # 1504
9429 # 1504
9429 # 1504
9429 + 1190 407186521
9430 # 1504
9430 - 1190 1 407186521
9430 # 1504
9430 # 1504
9431 # 1504
9431 # 1504
9431 # 1504
9432 # 1504
9432 # 1504
9432 # 1504
9432 + 1191 407186521
9432 + 1219 407186521
9432 + 1220 407186521
9432 + 1032 407186521
9433 # 1504
9433 - 1191 1 407186521
9433 # 1504
9433 - 1219 1 407186521
9434 # 1504
9434 - 1220 2 407186521
9434 # 1504
9434 - 1032 2 407186521
9434 # 1504
9434 + 102 2802403873
9434 + 1033 407186521
9434 + 1033 407186521
9434 + 889 407186521
9434 + 889 407186521
9434 + 890 407186521
9434 + 869 407186521
9435 # 1504
9435 - 102 1 2802403873
9435 - 1033 1 407186521
9435 # 1504
9435 - 1033 1 407186521
9435 # 1504
9435 - 889 1 407186521
9435 - 889 1 407186521
9436 # 1504
9436 - 890 2 407186521
9436 - 869 2 407186521
9436 # 1504
9436 # 1504
9437 # 1504
9437 # 1504
9437 # 1504
9437 + 869 407186521
9437 + 870 407186521
9437 + 731 407186521
9437 + 731 407186521
9437 + 724 407186521
9437 + 724 407186521
9437 + 1129 407186521
9437 + 1130 407186521
9438 # 1504
9438 - 869 1 407186521
9438 # 1504
9438 - 870 1 407186521
9438 - 731 1 407186521
9438 # 1504
9438 - 731 1 407186521
9438 - 724 1 407186521
9439 # 1504
9439 - 724 2 407186521
9439 - 1129 2 407186521
9439 # 1504
9439 - 1130 2 407186521
9439 # 1504
9440 # 1504
9440 # 1504
9440 # 1504
9441 # 1504
9441 # 1504
9441 # 1504
9442 # 1504
9442 # 1504
9442 # 1504
9443 # 1504
9443 # 1504
9443 # 1504
9444 # 1504
9444 # 1504
9444 # 1504
9444 + 102 2802403873
9445 # 1504
9445 - 102 1 2802403873
9445 # 1504
9445 # 1504
9446 # 1504
9446 # 1504
9446 # 1504
9447 # 1504
9447 # 1504
9447 # 1504
9447 + 963 407188141
9448 # 1504
9448 - 963 1 407188141
9448 # 1504
9448 # 1504
9448 + 963 407188141
9448 + 963 407188141
9449 # 1504
9449 - 963 1 407188141
9449 # 1504
9449 - 963 1 407188141
9449 # 1504
9449 + 986 407188141
9449 + 986 407188141
9449 + 986 407188141
9450 # 1504
9450 - 986 1 407188141
9450 # 1504
9450 - 986 1 407188141
9450 - 986 1 407188141
9450 # 1504
9451 # 1504
9451 # 1504
9451 # 1504
9452 # 1504
9452 # 1504
9452 # 1504
9452 + 965 407188141
9452 + 965 407188141
9452 + 966 407188141
9452 + 966 407188141
9452 + 994 407188141
9453 # 1504
9453 - 965 1 407188141
9453 # 1504
9453 - 965 1 407188141
9453 - 966 1 407188141
9453 # 1504
9453 - 966 1 407188141
9454 # 1504
9454 - 994 2 407188141
9454 # 1504
9454 # 1504
9454 + 995 407188141
9454 + 995 407188141
9454 + 948 407188141
9454 + 948 407188141
9454 + 949 407188141
9454 + 1206 407188141
9455 # 1504
9455 - 995 1 407188141
9455 # 1504
9455 - 995 1 407188141
9455 - 948 1 407188141
9455 # 1504
9455 - 948 1 407188141
9455 + 846 407188141
9455 + 846 407188141
9455 + 1124 407188141
9456 # 1504
9456 - 949 2 407188141
9456 # 1504
9456 - 1206 2 407188141
9456 - 846 1 407188141
9456 # 1504
9456 - 846 1 407188141
9456 - 1124 1 407188141
9457 # 1504
9457 # 1504
9457 # 1504
9457 + 1124 407188141
9458 # 1504
9458 - 1124 1 407188141
9458 # 1504
9458 # 1504
9458 + 102 2802403873
9459 # 1504
9459 - 102 1 2802403873
9459 # 1504
9459 # 1504
9460 # 1504
9460 # 1504
9460 # 1504
9461 # 1504
9461 # 1504
9461 # 1504
9462 # 1504
9462 # 1504
9462 # 1504
9463 # 1504
9463 # 1504
9463 # 1504
9464 # 1504
9464 # 1504
9464 # 1504
9464 + 915 407189761
9465 # 1504
9465 - 915 1 407189761
9465 # 1504
9465 # 1504
9465 + 102 2802403873
9466 # 1504
9466 - 102 1 2802403873
9466 # 1504
9466 # 1504
9467 # 1504
9467 # 1504
9467 # 1504
9467 + 916 407189761
9467 + 916 407189761
9467 + 1232 407189761
9467 + 1232 407189761
9467 + 1107 407189761
9468 # 1504
9468 - 916 1 407189761
9468 # 1504
9468 - 916 1 407189761
9468 # 1504
9468 - 1232 1 407189761
9468 - 1232 1 407189761
9469 # 1504
9469 - 1107 2 407189761
9469 # 1504
9469 # 1504
9469 + 1107 407189761
9469 + 1107 407189761
9469 + 1147 407189761
9469 + 1148 407189761
9470 # 1504
9470 - 1107 1 407189761
9470 # 1504
9470 - 1107 1 407189761
9470 # 1504
9470 - 1147 1 407189761
9470 - 1148 1 407189761
9471 # 1504
9471 # 1504
9471 # 1504
9471 + 1240 407189761
9471 + 1240 407189761
9471 + 1088 407189761
9471 + 1216 407189761
9471 + 1124 407189761
9472 # 1504
9472 - 1240 1 407189761
9472 # 1504
9472 - 1240 1 407189761
9472 # 1504
9472 - 1088 1 407189761
9473 # 1504
9473 - 1216 2 407189761
9473 - 1124 2 407189761
9473 # 1504
9473 # 1504
9473 + 1124 407189761
9474 # 1504
9474 - 1124 1 407189761
9474 # 1504
9474 # 1504
9474 # 1504
9475 # 1504
9476 # 1504
9476 # 1504
9477 # 1504
9478 # 1504
9478 # 1504
9479 # 1504
9480 # 1504
9480 + 102 2802403873
9481 # 1504
9481 - 102 1 2802403873
9481 # 1504
9482 # 1504
9482 + 996 407191291
9483 # 1504
9483 - 996 1 407191291
9483 # 1504
9484 # 1504
9484 + 996 407191291
9484 + 997 407191291
9485 # 1504
9485 - 996 1 407191291
9485 + 895 407191291
9485 + 895 407191291
9485 + 895 407191291
9485 + 853 407191291
9486 # 1504
9486 - 997 2 407191291
9486 - 895 1 407191291
9486 # 1504
9486 - 895 1 407191291
9486 + 853 407191291
9486 + 853 407191291
9486 + 896 407191291
9486 + 897 407191291
9487 # 1504
9487 - 895 2 407191291
9487 - 853 2 407191291
9488 # 1504
9488 - 853 2 407191291
9488 - 853 2 407191291
9488 # 1504
9488 - 896 2 407191291
9488 + 897 407191291
9488 + 970 407191291
9488 + 970 407191291
9488 + 970 407191291
9488 + 810 407191291
9488 + 102 2802403873
9488 + 811 407191291
9489 # 1504
9489 - 897 3 407191291
9489 - 897 1 407191291
9490 # 1504
9490 - 970 2 407191291
9490 - 970 2 407191291
9491 # 1504
9491 - 970 3 407191291
9491 # 1504
9491 - 810 3 407191291
9491 - 102 3 2802403873
9491 - 811 3 407191291
9491 + 694 407191291
9491 + 695 407191291
9491 + 1155 407191291
9491 + 1156 407191291
9492 # 1504
9492 - 694 1 407191291
9492 - 695 1 407191291
9493 # 1504
9493 - 1155 2 407191291
9493 # 1504
9493 - 1156 2 407191291
9494 # 1504
9495 # 1504
9496 # 1504
9496 # 1504
9497 # 1504
9498 # 1504
9499 # 1504
9499 # 1504
9500 # 1504
9500 + 102 2802403873
9500 + 956 407192911
9501 # 1504
9501 - 102 1 2802403873
9501 - 956 1 407192911
9501 # 1504
9502 # 1504
9502 + 957 407192911
9502 + 957 407192911
9502 + 1070 407192911
9502 + 1071 407192911
9502 + 1109 407192911
9503 # 1504
9503 - 957 1 407192911
9504 # 1504
9504 - 957 2 407192911
9504 - 1070 2 407192911
9504 # 1504
9504 - 1071 2 407192911
9504 + 1110 407192911
9504 + 856 407192911
9504 + 856 407192911
9504 + 856 407192911
9504 + 858 407192911
9505 # 1504
9505 - 1109 3 407192911
9506 # 1504
9506 - 1110 2 407192911
9506 - 856 2 407192911
9506 # 1504
9506 - 856 2 407192911
9506 - 856 2 407192911
9506 + 859 407192911
9506 + 859 407192911
9506 + 1023 407192911
9506 + 1024 407192911
9506 + 737 407192911
9507 # 1504
9507 - 858 3 407192911
9507 + 737 407192911
9507 + 956 407192911
9508 # 1504
9508 - 859 2 407192911
9508 - 859 2 407192911
9508 + 957 407192911
9509 # 1504
9509 - 1023 3 407192911
9509 - 1024 3 407192911
9509 # 1504
9509 - 737 3 407192911
9509 - 737 2 407192911
9510 # 1504
9510 - 956 3 407192911
9511 # 1504
9511 - 957 3 407192911
9511 # 1504
9512 # 1504
9513 # 1504
9514 # 1504
9514 # 1504
9515 # 1504
9515 + 102 2802403873
9516 # 1504
9516 - 102 1 2802403873
9517 # 1504
9517 # 1504
9518 # 1504
9518 + 849 407194531
9519 # 1504
9519 - 849 1 407194531
9519 # 1504
9520 # 1504
9520 + 850 407194531
9520 + 850 407194531
9520 + 1064 407194531
9520 + 1064 407194531
9520 + 1138 407194531
9521 # 1504
9521 - 850 1 407194531
9522 # 1504
9522 - 850 2 407194531
9522 - 1064 2 407194531
9522 # 1504
9522 - 1064 2 407194531
9523 # 1504
9523 - 1138 3 407194531
9523 + 1139 407194531
9523 + 1200 407194531
9523 + 1200 407194531
9523 + 981 407194531
9523 + 981 407194531
9523 + 982 407194531
9523 + 102 2802403873
9524 # 1504
9524 - 1139 1 407194531
9524 # 1504
9524 - 1200 1 407194531
9524 + 1121 407194531
9524 + 1122 407194531
9525 # 1504
9525 - 1200 2 407194531
9526 # 1504
9526 - 981 3 407194531
9526 - 981 3 407194531
9526 + 836 407194531
9526 + 837 407194531
9526 + 1148 407194531
9526 + 1149 407194531
9527 # 1504
9527 - 982 4 407194531
9527 - 102 4 2802403873
9527 # 1504
9527 - 1121 3 407194531
9527 - 1122 3 407194531
9528 # 1504
9528 - 836 2 407194531
9528 - 837 2 407194531
9529 # 1504
9529 - 1148 3 407194531
9529 # 1504
9529 - 1149 3 407194531
9530 # 1504
9531 # 1504
9532 # 1504
9532 # 1504
9533 # 1504
9534 # 1504
9535 # 1504
9535 # 1504
9535 + 102 2802403873
9536 # 1504
9536 - 102 1 2802403873
9536 + 1045 407196151
9537 # 1504
9537 - 1045 1 407196151
9537 # 1504
9538 # 1504
9538 + 1045 407196151
9538 + 1124 407196151
9538 + 1125 407196151
9538 + 1041 407196151
9538 + 1041 407196151
9539 # 1504
9539 - 1045 1 407196151
9540 # 1504
9540 - 1124 2 407196151
9540 # 1504
9540 - 1125 2 407196151
9540 - 1041 2 407196151
9541 # 1504
9541 - 1041 3 407196151
9541 + 1203 407196151
9541 + 1203 407196151
9541 + 1058 407196151
9541 + 1058 407196151
9542 # 1504
9542 - 1203 1 407196151
9542 # 1504
9542 - 1203 1 407196151
9542 + 1059 407196151
9542 + 944 407196151
9542 + 944 407196151
9542 + 102 2802403873
9542 + 945 407196151
9543 # 1504
9543 - 1058 2 407196151
9544 # 1504
9544 - 1058 3 407196151
9544 - 1059 2 407196151
9544 + 976 407196151
9544 + 976 407196151
9544 + 1085 407196151
9544 + 1085 407196151
9545 # 1504
9545 - 944 3 407196151
9545 - 944 3 407196151
9545 # 1504
9545 - 102 3 2802403873
9545 - 945 3 407196151
9546 # 1504
9546 - 976 2 407196151
9546 - 976 2 407196151
9547 # 1504
9547 - 1085 3 407196151
9547 # 1504
9547 - 1085 3 407196151
9548 # 1504
9549 # 1504
9550 # 1504
9550 # 1504
9551 # 1504
9551 + 102 2802403873
9552 # 1504
9552 - 102 1 2802403873
9552 # 1504
9553 # 1504
9554 # 1504
9554 + 786 407197771
9555 # 1504
9555 - 786 1 407197771
9555 # 1504
9556 # 1504
9556 + 786 407197771
9556 + 944 407197771
9556 + 944 407197771
9556 + 983 407197771
9556 + 983 407197771
9557 # 1504
9557 - 786 1 407197771
9558 # 1504
9558 - 944 2 407197771
9558 - 944 2 407197771
9558 # 1504
9558 - 983 2 407197771
9558 + 999 407197771
9558 + 999 407197771
9558 + 1149 407197771
9558 + 1150 407197771
9558 + 1150 407197771
9559 # 1504
9559 - 983 3 407197771
9559 - 999 1 407197771
9559 + 959 407197771
9559 + 959 407197771
9559 + 959 407197771
9560 # 1504
9560 - 999 2 407197771
9560 # 1504
9560 - 1149 2 407197771
9560 - 1150 2 407197771
9560 + 1039 407197771
9560 + 1040 407197771
9561 # 1504
9561 - 1150 3 407197771
9562 # 1504
9562 - 959 3 407197771
9562 - 959 3 407197771
9562 + 807 407197771
9562 + 808 407197771
9563 # 1504
9563 - 959 4 407197771
9563 # 1504
9563 - 1039 3 407197771
9563 + 102 2802403873
9564 # 1504
9564 - 1040 4 407197771
9564 - 807 2 407197771
9565 # 1504
9565 - 808 3 407197771
9565 - 102 2 2802403873
9565 # 1504
9566 # 1504
9567 # 1504
9568 # 1504
9568 # 1504
9569 # 1504
9570 # 1504
9570 # 1504
9571 # 1504
9572 # 1504
9573 # 1504
9573 # 1504
9573 + 943 407199391
9574 # 1504
9574 - 943 1 407199391
9574 + 944 407199391
9574 + 1047 407199391
9574 + 1048 407199391
9575 # 1504
9575 - 944 1 407199391
9576 # 1504
9576 - 1047 2 407199391
9576 # 1504
9576 - 1048 2 407199391
9576 + 1041 407199391
9576 + 1042 407199391
9577 # 1504
9577 - 1041 1 407199391
9577 + 943 407199391
9577 + 943 407199391
9577 + 944 407199391
9577 + 1190 407199391
9578 # 1504
9578 - 1042 2 407199391
9578 # 1504
9578 - 943 1 407199391
9578 - 943 1 407199391
9578 + 1190 407199391
9578 + 1190 407199391
9578 + 897 407199391
9578 + 102 2802403873
9579 # 1504
9579 - 944 2 407199391
9580 # 1504
9580 - 1190 3 407199391
9580 - 1190 2 407199391
9580 + 898 407199391
9580 + 898 407199391
9580 + 1074 407199391
9580 + 1074 407199391
9580 + 872 407199391
9581 # 1504
9581 - 1190 3 407199391
9581 # 1504
9581 - 897 3 407199391
9581 - 102 3 2802403873
9581 - 898 1 407199391
9582 # 1504
9582 - 898 2 407199391
9583 # 1504
9583 - 1074 3 407199391
9583 - 1074 3 407199391
9583 # 1504
9583 - 872 3 407199391
9583 + 872 407199391
9584 # 1504
9584 - 872 1 407199391
9585 # 1504
9586 # 1504
9586 # 1504
9587 # 1504
9588 # 1504
9588 # 1504
9588 + 102 2802403873
9589 # 1504
9589 - 102 1 2802403873
9589 + 985 407201011
9590 # 1504
9590 - 985 1 407201011
9591 # 1504
9591 # 1504
9592 # 1504
9592 + 986 407201011
9592 + 832 407201011
9592 + 833 407201011
9592 + 1084 407201011
9592 + 1084 407201011
9593 # 1504
9593 - 986 1 407201011
9594 # 1504
9594 - 832 2 407201011
9594 - 833 2 407201011
9594 # 1504
9594 - 1084 2 407201011
9595 # 1504
9595 - 1084 3 407201011
9595 + 923 407201011
9595 + 923 407201011
9595 + 923 407201011
9595 + 1071 407201011
9595 + 1072 407201011
9595 + 1072 407201011
9595 + 1220 407201011
9595 + 1220 407201011
9596 # 1504
9596 - 923 1 407201011
9596 # 1504
9596 - 923 1 407201011
9596 - 923 1 407201011
9596 + 974 407201011
9597 # 1504
9597 - 1071 2 407201011
9597 + 975 407201011
9597 + 896 407201011
9598 # 1504
9598 - 1072 3 407201011
9598 - 1072 3 407201011
9598 + 897 407201011
9599 # 1504
9599 - 1220 4 407201011
9599 # 1504
9599 - 1220 4 407201011
9599 + 102 2802403873
9600 # 1504
9600 - 974 4 407201011
9600 - 975 3 407201011
9601 # 1504
9601 - 896 4 407201011
9601 # 1504
9601 - 897 3 407201011
9601 - 102 2 2802403873
9602 # 1504
9603 # 1504
9604 # 1504
9604 # 1504
9605 # 1504
9606 # 1504
9606 # 1504
9607 # 1504
9608 # 1504
9608 + 884 407202631
9609 # 1504
9609 - 884 1 407202631
9609 # 1504
9609 + 884 407202631
9609 + 885 407202631
9609 + 1084 407202631
9609 + 102 2802403873
9610 # 1504
9610 - 884 1 407202631
9611 # 1504
9611 - 885 2 407202631
9611 - 1084 2 407202631
9611 - 102 2 2802403873
9611 # 1504
9611 + 1084 407202631
9611 + 1179 407202631
9611 + 1179 407202631
9611 + 998 407202631
9611 + 998 407202631
9612 # 1504
9612 - 1084 1 407202631
9613 # 1504
9613 - 1179 2 407202631
9614 # 1504
9614 - 1179 3 407202631
9614 - 998 3 407202631
9614 # 1504
9614 - 998 3 407202631
9614 + 999 407202631
9614 + 935 407202631
9614 + 935 407202631
9614 + 935 407202631
9614 + 977 407202631
9615 # 1504
9615 - 999 1 407202631
9615 + 977 407202631
9615 + 860 407202631
9615 + 861 407202631
9615 + 1182 407202631
9616 # 1504
9616 - 935 2 407202631
9616 - 935 2 407202631
9617 # 1504
9617 - 935 3 407202631
9617 # 1504
9617 - 977 3 407202631
9617 - 977 2 407202631
9617 + 1182 407202631
9618 # 1504
9618 - 860 3 407202631
9618 - 861 3 407202631
9618 + 102 2802403873
9619 # 1504
9619 - 1182 4 407202631
9619 # 1504
9619 - 1182 2 407202631
9619 - 102 1 2802403873
9620 # 1504
9621 # 1504
9622 # 1504
9622 # 1504
9623 # 1504
9624 # 1504
9624 # 1504
9625 # 1504
9625 + 909 407204161
9626 # 1504
9626 - 909 1 407204161
9627 # 1504
9627 # 1504
9627 + 909 407204161
9627 + 910 407204161
9627 + 1101 407204161
9627 + 1102 407204161
9628 # 1504
9628 - 909 1 407204161
9628 + 118 2802403873
9629 # 1504
9629 - 910 2 407204161
9629 - 1101 2 407204161
9629 # 1504
9629 - 1102 2 407204161
9629 - 118 1 2802403873
9630 # 1504
9630 + 891 407204161
9630 + 891 407204161
9630 + 891 407204161
9630 + 924 407204161
9630 + 924 407204161
9630 + 925 407204161
9631 # 1504
9631 - 891 1 407204161
9632 # 1504
9632 - 891 2 407204161
9632 - 891 2 407204161
9632 # 1504
9632 - 924 2 407204161
9632 + 855 407204161
9632 + 855 407204161
9632 + 856 407204161
9632 + 902 407204161
9632 + 903 407204161
9632 + 843 407204161
9633 # 1504
9633 - 924 3 407204161
9633 - 925 3 407204161
9634 # 1504
9634 - 855 2 407204161
9634 - 855 2 407204161
9634 + 843 407204161
9634 + 893 407204161
9634 + 894 407204161
9634 + 894 407204161
9635 # 1504
9635 - 856 3 407204161
9635 - 902 3 407204161
9635 # 1504
9635 - 903 3 407204161
9636 # 1504
9636 - 843 4 407204161
9636 - 843 2 407204161
9637 # 1504
9637 - 893 3 407204161
9637 - 894 3 407204161
9637 # 1504
9637 - 894 3 407204161
9638 # 1504
9639 # 1504
9640 # 1504
9640 # 1504
9641 # 1504
9642 # 1504
9642 # 1504
9642 + 102 2802403873
9643 # 1504
9643 - 102 1 2802403873
9644 # 1504
9644 + 1080 407205781
9645 # 1504
9645 - 1080 1 407205781
9645 # 1504
9646 # 1504
9646 + 1080 407205781
9646 + 1037 407205781
9646 + 1037 407205781
9646 + 992 407205781
9647 # 1504
9647 - 1080 1 407205781
9647 # 1504
9647 - 1037 1 407205781
9648 # 1504
9648 - 1037 2 407205781
9648 - 992 2 407205781
9648 + 992 407205781
9649 # 1504
9649 - 992 1 407205781
9649 + 993 407205781
9649 + 1006 407205781
9649 + 1006 407205781
9649 + 1007 407205781
9649 + 884 407205781
9650 # 1504
9650 - 993 1 407205781
9650 # 1504
9650 - 1006 1 407205781
9650 - 1006 1 407205781
9650 + 884 407205781
9650 + 885 407205781
9650 + 866 407205781
9651 # 1504
9651 - 1007 2 407205781
9651 + 102 2802403873
9652 # 1504
9652 - 884 3 407205781
9652 - 884 2 407205781
9652 + 866 407205781
9652 + 801 407205781
9652 + 801 407205781
9652 + 1012 407205781
9652 + 1013 407205781
9652 + 1013 407205781
9653 # 1504
9653 - 885 3 407205781
9653 # 1504
9653 - 866 3 407205781
9653 - 102 2 2802403873
9653 - 866 1 407205781
9654 # 1504
9654 - 801 2 407205781
9654 - 801 2 407205781
9655 # 1504
9655 - 1012 3 407205781
9655 # 1504
9655 - 1013 3 407205781
9655 - 1013 3 407205781
9656 # 1504
9656 + 102 2802403873
9657 # 1504
9657 - 102 1 2802403873
9658 # 1504
9658 # 1504
9659 # 1504
9660 # 1504
9660 # 1504
9661 # 1504
9662 # 1504
9662 + 897 407207401
9663 # 1504
9663 - 897 1 407207401
9663 # 1504
9664 # 1504
9664 + 898 407207401
9664 + 898 407207401
9664 + 891 407207401
9664 + 892 407207401
9665 # 1504
9665 - 898 1 407207401
9665 # 1504
9665 - 898 1 407207401
9665 - 891 1 407207401
9665 + 892 407207401
9665 + 1238 407207401
9666 # 1504
9666 - 892 2 407207401
9666 - 892 1 407207401
9666 + 102 2802403873
9666 + 1238 407207401
9666 + 1239 407207401
9667 # 1504
9667 - 1238 2 407207401
9667 - 102 1 2802403873
9668 # 1504
9668 - 1238 2 407207401
9668 # 1504
9668 - 1239 2 407207401
9668 + 1141 407207401
9668 + 1141 407207401
9668 + 1142 407207401
9668 + 971 407207401
9668 + 972 407207401
9669 # 1504
9669 - 1141 1 407207401
9670 # 1504
9670 - 1141 2 407207401
9670 # 1504
9670 - 1142 2 407207401
9670 - 971 2 407207401
9670 + 972 407207401
9670 + 777 407207401
9670 + 778 407207401
9670 + 936 407207401
9670 + 937 407207401
9670 + 1034 407207401
9671 # 1504
9671 - 972 3 407207401
9672 # 1504
9672 - 972 2 407207401
9672 - 777 2 407207401
9673 # 1504
9673 - 778 3 407207401
9673 - 936 3 407207401
9673 # 1504
9673 - 937 3 407207401
9673 + 1035 407207401
9673 + 1035 407207401
9674 # 1504
9674 - 1034 4 407207401
9674 - 1035 1 407207401
9675 # 1504
9675 - 1035 2 407207401
9676 # 1504
9676 # 1504
9676 # 1504
9676 # 1504
9676 # 1504
9677 # 1504
9677 # 1504
9678 # 1504
9678 # 1504
9678 # 1504
9679 # 1504
9679 # 1504
9679 # 1504
9679 + 1182 407209021
9680 # 1504
9680 - 1182 1 407209021
9680 # 1504
9680 # 1504
9680 + 102 2802403873
9681 # 1504
9681 - 102 1 2802403873
9681 # 1504
9681 # 1504
9681 + 1182 407209021
9681 + 1141 407209021
9681 + 1141 407209021
9681 + 981 407209021
9681 + 981 407209021
9682 # 1504
9682 - 1182 1 407209021
9682 # 1504
9682 - 1141 1 407209021
9683 # 1504
9683 - 1141 2 407209021
9683 - 981 2 407209021
9683 # 1504
9683 - 981 2 407209021
9683 # 1504
9684 # 1504
9684 # 1504
9684 # 1504
9684 + 981 407209021
9684 + 976 407209021
9684 + 977 407209021
9684 + 977 407209021
9684 + 952 407209021
9684 + 952 407209021
9685 # 1504
9685 - 981 1 407209021
9685 # 1504
9685 - 976 1 407209021
9685 - 977 1 407209021
9685 # 1504
9685 - 977 1 407209021
9686 # 1504
9686 - 952 2 407209021
9686 - 952 2 407209021
9686 # 1504
9686 + 952 407209021
9686 + 668 407209021
9686 + 668 407209021
9686 + 680 407209021
9686 + 680 407209021
9686 + 972 407209021
9687 # 1504
9687 - 952 1 407209021
9687 # 1504
9687 - 668 1 407209021
9687 - 668 1 407209021
9687 - 680 1 407209021
9687 # 1504
9687 - 680 1 407209021
9687 + 972 407209021
9687 + 972 407209021
9688 # 1504
9688 - 972 2 407209021
9688 - 972 1 407209021
9688 # 1504
9688 - 972 1 407209021
9688 # 1504
9689 # 1504
9689 # 1504
9689 # 1504
9690 # 1504
9690 # 1504
9690 # 1504
9691 # 1504
9691 # 1504
9692 # 1504
9692 # 1504
9692 # 1504
9692 + 102 2802403873
9693 # 1504
9693 - 102 1 2802403873
9693 # 1504
9693 # 1504
9694 # 1504
9694 # 1504
9694 # 1504
9695 # 1504
9695 # 1504
9695 # 1504
9696 # 1504
9696 # 1504
9697 # 1504
9697 # 1504
9697 # 1504
9698 # 1504
9698 # 1504
9698 # 1504
9698 + 1158 407210641
9699 # 1504
9699 - 1158 1 407210641
9699 # 1504
9699 # 1504
9700 # 1504
9700 # 1504
9701 # 1504
9701 # 1504
9701 # 1504
9701 + 1158 407210641
9701 + 1148 407210641
9701 + 1149 407210641
9701 + 891 407210641
9701 + 891 407210641
9701 + 892 407210641
9702 # 1504
9702 - 1158 1 407210641
9702 # 1504
9702 - 1148 1 407210641
9702 # 1504
9702 - 1149 1 407210641
9702 - 891 1 407210641
9703 # 1504
9703 - 891 2 407210641
9703 # 1504
9703 - 892 2 407210641
9703 # 1504
9703 + 948 407210641
9703 + 948 407210641
9703 + 948 407210641
9703 + 1037 407210641
9703 + 1037 407210641
9704 # 1504
9704 - 948 1 407210641
9704 # 1504
9704 - 948 1 407210641
9704 - 948 1 407210641
9704 # 1504
9704 - 1037 1 407210641
9705 # 1504
9705 - 1037 2 407210641
9705 # 1504
9705 + 1038 407210641
9705 + 918 407210641
9705 + 918 407210641
9705 + 742 407210641
9705 + 742 407210641
9705 + 912 407210641
9706 # 1504
9706 - 1038 1 407210641
9706 # 1504
9706 - 918 1 407210641
9706 - 918 1 407210641
9706 # 1504
9706 - 742 1 407210641
9706 - 742 1 407210641
9706 + 913 407210641
9707 # 1504
9707 - 912 2 407210641
9707 # 1504
9707 - 913 1 407210641
9707 # 1504
9708 # 1504
9708 # 1504
9708 # 1504
9708 + 913 407210641
9708 + 102 2802403873
9709 # 1504
9709 - 913 1 407210641
9709 - 102 1 2802403873
9709 # 1504
9710 # 1504
9710 # 1504
9710 # 1504
9711 # 1504
9711 # 1504
9711 # 1504
9712 # 1504
9712 # 1504
9712 # 1504
9713 # 1504
9713 # 1504
9713 # 1504
9714 # 1504
9714 # 1504
9715 # 1504
9715 # 1504
9715 # 1504
9715 + 1085 407212261
9716 # 1504
9716 - 1085 1 407212261
9716 # 1504
9716 # 1504
9717 # 1504
9717 # 1504
9717 # 1504
9717 + 1086 407212261
9717 + 977 407212261
9717 + 978 407212261
9717 + 988 407212261
9718 # 1504
9718 - 1086 1 407212261
9718 # 1504
9718 - 977 1 407212261
9718 # 1504
9718 - 978 1 407212261
9718 - 988 1 407212261
9719 # 1504
9719 # 1504
9719 + 989 407212261
9719 + 1166 407212261
9719 + 1166 407212261
9719 + 972 407212261
9719 + 972 407212261
9720 # 1504
9720 - 989 1 407212261
9720 # 1504
9720 - 1166 1 407212261
9720 # 1504
9720 - 1166 1 407212261
9720 - 972 1 407212261
9720 + 102 2802403873
9721 # 1504
9721 - 972 2 407212261
9721 - 102 1 2802403873
9721 # 1504
9721 # 1504
9721 + 973 407212261
9721 + 1117 407212261
9721 + 1118 407212261
9721 + 828 407212261
9722 # 1504
9722 - 973 1 407212261
9722 # 1504
9722 - 1117 1 407212261
9722 # 1504
9722 - 1118 1 407212261
9722 - 828 1 407212261
9722 + 828 407212261
9722 + 961 407212261
9722 + 962 407212261
9723 # 1504
9723 - 828 1 407212261
9723 # 1504
9723 - 961 1 407212261
9723 - 962 1 407212261
9723 + 962 407212261
9724 # 1504
9724 - 962 1 407212261
9724 # 1504
9724 # 1504
9725 # 1504
9725 # 1504
9725 # 1504
9726 # 1504
9726 # 1504
9726 # 1504
9727 # 1504
9727 # 1504
9727 # 1504
9728 # 1504
9728 # 1504
9729 # 1504
9729 # 1504
9729 # 1504
9730 # 1504
9730 # 1504
9730 # 1504
9731 # 1504
9731 # 1504
9731 # 1504
9732 # 1504
9732 # 1504
9732 # 1504
9733 # 1504
9733 # 1504
9733 + 865 407213881
9734 # 1504
9734 - 865 1 407213881
9734 # 1504
9734 # 1504
9734 + 866 407213881
9734 + 943 407213881
9734 + 943 407213881
9735 # 1504
9735 - 866 1 407213881
9735 # 1504
9735 - 943 1 407213881
9735 - 943 1 407213881
9735 # 1504
9735 + 102 2802403873
9736 # 1504
9736 - 102 1 2802403873
9736 # 1504
9736 # 1504
9736 + 971 407213881
9736 + 971 407213881
9737 # 1504
9737 - 971 1 407213881
9737 # 1504
9737 - 971 1 407213881
9737 + 1006 407213881
9737 + 1007 407213881
9737 + 954 407213881
9737 + 954 407213881
9738 # 1504
9738 - 1006 1 407213881
9738 # 1504
9738 - 1007 1 407213881
9738 - 954 1 407213881
9738 # 1504
9738 - 954 1 407213881
9739 # 1504
9739 # 1504
9739 # 1504
9739 + 955 407213881
9739 + 1188 407213881
9739 + 1188 407213881
9739 + 961 407213881
9739 + 961 407213881
9740 # 1504
9740 - 955 1 407213881
9740 # 1504
9740 - 1188 1 407213881
9740 # 1504
9740 - 1188 1 407213881
9740 - 961 1 407213881
9741 # 1504
9741 - 961 2 407213881
9741 # 1504
9741 # 1504
9741 + 908 407213881
9741 + 909 407213881
9741 + 909 407213881
9742 # 1504
9742 - 908 1 407213881
9742 # 1504
9742 - 909 1 407213881
9742 - 909 1 407213881
9743 # 1504
9743 # 1504
9743 # 1504
9744 # 1504
9744 # 1504
9744 # 1504
9744 + 102 2802403873
9745 # 1504
9745 - 102 1 2802403873
9745 # 1504
9745 # 1504
9746 # 1504
9746 # 1504
9747 # 1504
9747 # 1504
9747 # 1504
9748 # 1504
9748 # 1504
9748 # 1504
9749 # 1504
9749 # 1504
9749 # 1504
9750 # 1504
9750 # 1504
9750 # 1504
9751 # 1504
9751 # 1504
9751 + 949 407215501
9752 # 1504
9752 - 949 1 407215501
9752 # 1504
9752 # 1504
9752 + 102 2802403873
9752 + 950 407215501
9752 + 871 407215501
9752 + 871 407215501
9753 # 1504
9753 - 102 1 2802403873
9753 - 950 1 407215501
9753 # 1504
9753 - 871 1 407215501
9753 - 871 1 407215501
9753 # 1504
9754 # 1504
9754 # 1504
9754 # 1504
9754 + 871 407215501
9754 + 990 407215501
9754 + 990 407215501
9754 + 1134 407215501
9754 + 1135 407215501
9755 # 1504
9755 - 871 1 407215501
9755 # 1504
9755 - 990 1 407215501
9755 - 990 1 407215501
9755 # 1504
9755 - 1134 1 407215501
9756 # 1504
9756 - 1135 2 407215501
9756 # 1504
9756 + 1101 407215501
9756 + 1101 407215501
9756 + 1101 407215501
9756 + 962 407215501
9756 + 962 407215501
9757 # 1504
9757 - 1101 1 407215501
9757 # 1504
9757 - 1101 1 407215501
9757 # 1504
9757 - 1101 1 407215501
9757 - 962 1 407215501
9758 # 1504
9758 - 962 2 407215501
9758 # 1504
9758 # 1504
9759 # 1504
9759 # 1504
9759 # 1504
9759 + 963 407215501
9759 + 1185 407215501
9759 + 1185 407215501
9759 + 1129 407215501
9759 + 1130 407215501
9760 # 1504
9760 - 963 1 407215501
9760 # 1504
9760 - 1185 1 407215501
9761 # 1504
9761 - 1185 2 407215501
9761 - 1129 2 407215501
9761 # 1504
9761 - 1130 2 407215501
9761 # 1504
9761 + 102 2802403873
9762 # 1504
9762 - 102 1 2802403873
9762 # 1504
9762 # 1504
9763 # 1504
9763 # 1504
9763 # 1504
9764 # 1504
9764 # 1504
9764 # 1504
9765 # 1504
9765 # 1504
9766 # 1504
9766 # 1504
9766 # 1504
9767 # 1504
9767 # 1504
9767 # 1504
9768 # 1504
9768 # 1504
9768 # 1504
9769 # 1504
9769 # 1504
9769 # 1504
9769 + 802 407217121
9770 # 1504
9770 - 802 1 407217121
9770 # 1504
9771 # 1504
9771 # 1504
9771 # 1504
9771 + 802 407217121
9771 + 1240 407217121
9771 + 1240 407217121
9772 # 1504
9772 - 802 1 407217121
9772 # 1504
9772 - 1240 1 407217121
9772 # 1504
9772 - 1240 1 407217121
9772 + 957 407217121
9772 + 957 407217121
9773 # 1504
9773 - 957 1 407217121
9773 # 1504
9773 - 957 1 407217121
9773 # 1504
9773 + 1179 407217121
9773 + 1179 407217121
9773 + 1081 407217121
9774 # 1504
9774 - 1179 1 407217121
9774 # 1504
9774 - 1179 1 407217121
9775 # 1504
9775 - 1081 2 407217121
9775 # 1504
9775 # 1504
9775 + 1081 407217121
9775 + 1082 407217121
9775 + 1049 407217121
9775 + 1049 407217121
9775 + 1049 407217121
9776 # 1504
9776 - 1081 1 407217121
9776 # 1504
9776 - 1082 1 407217121
9776 # 1504
9776 - 1049 1 407217121
9776 - 1049 1 407217121
9777 # 1504
9777 - 1049 2 407217121
9777 # 1504
9777 # 1504
9777 + 102 2802403873
9778 # 1504
9778 - 102 1 2802403873
9778 # 1504
9778 # 1504
9778 + 1101 407217121
9778 + 1102 407217121
9778 + 1060 407217121
9778 + 1061 407217121
9779 # 1504
9779 - 1101 1 407217121
9779 # 1504
9779 - 1102 1 407217121
9780 # 1504
9780 - 1060 2 407217121
9780 - 1061 2 407217121
9780 # 1504
9780 # 1504
9781 # 1504
9781 # 1504
9781 # 1504
9782 # 1504
9782 # 1504
9782 # 1504
9783 # 1504
9783 # 1504
9784 # 1504
9784 # 1504
9784 # 1504
9785 # 1504
9785 # 1504
9785 # 1504
9786 # 1504
9786 # 1504
9786 # 1504
9786 + 972 407218651
9787 # 1504
9787 - 972 1 407218651
9787 # 1504
9787 # 1504
9788 # 1504
9788 # 1504
9789 # 1504
9789 # 1504
9789 # 1504
9789 + 102 2802403873
9789 + 973 407218651
9789 + 872 407218651
9789 + 872 407218651
9789 + 872 407218651
9789 + 1112 407218651
9789 + 1113 407218651
9789 + 867 407218651
9790 # 1504
9790 - 102 1 2802403873
9790 - 973 1 407218651
9790 # 1504
9790 - 872 1 407218651
9790 - 872 1 407218651
9790 # 1504
9790 - 872 1 407218651
9791 # 1504
9791 - 1112 2 407218651
9791 - 1113 2 407218651
9791 # 1504
9791 - 867 2 407218651
9791 # 1504
9791 + 868 407218651
9791 + 868 407218651
9791 + 1154 407218651
9792 # 1504
9792 - 868 1 407218651
9792 # 1504
9792 - 868 1 407218651
9792 - 1154 1 407218651
9792 # 1504
9792 + 1154 407218651
9792 + 1155 407218651
9793 # 1504
9793 - 1154 1 407218651
9793 # 1504
9793 - 1155 1 407218651
9794 # 1504
9794 # 1504
9794 # 1504
9794 + 984 407218651
9794 + 984 407218651
9794 + 984 407218651
9794 + 1237 407218651
9794 + 1238 407218651
9795 # 1504
9795 - 984 1 407218651
9795 # 1504
9795 - 984 1 407218651
9795 - 984 1 407218651
9795 # 1504
9795 - 1237 1 407218651
9796 # 1504
9796 - 1238 2 407218651
9796 # 1504
9796 # 1504
9796 + 1182 407218651
9796 + 1183 407218651
9797 # 1504
9797 - 1182 1 407218651
9797 # 1504
9797 - 1183 1 407218651
9798 # 1504
9798 # 1504
9798 # 1504
9799 # 1504
9799 # 1504
9799 # 1504
9800 # 1504
9800 # 1504
9800 # 1504
9801 # 1504
9801 # 1504
9801 # 1504
9802 # 1504
9802 # 1504
9803 # 1504
9803 # 1504
9803 # 1504
9803 + 102 2802403873
9804 # 1504
9804 - 102 1 2802403873
9804 # 1504
9804 # 1504
9804 + 1009 407220271
9805 # 1504
9805 - 1009 1 407220271
9805 # 1504
9805 # 1504
9806 # 1504
9806 # 1504
9806 + 1009 407220271
9806 + 1077 407220271
9806 + 1078 407220271
9807 # 1504
9807 - 1009 1 407220271
9807 # 1504
9807 - 1077 1 407220271
9807 # 1504
9807 - 1078 1 407220271
9807 + 884 407220271
9807 + 884 407220271
9808 # 1504
9808 - 884 1 407220271
9808 # 1504
9808 - 884 1 407220271
9808 # 1504
9809 # 1504
9809 # 1504
9809 # 1504
9810 # 1504
9810 # 1504
9810 # 1504
9810 + 1234 407220271
9810 + 1234 407220271
9810 + 1110 407220271
9810 + 1110 407220271
9810 + 1111 407220271
9810 + 882 407220271
9810 + 883 407220271
9810 + 883 407220271
9811 # 1504
9811 - 1234 1 407220271
9811 # 1504
9811 - 1234 1 407220271
9811 + 102 2802403873
9812 # 1504
9812 - 1110 2 407220271
9812 # 1504
9812 - 1110 2 407220271
9812 - 1111 2 407220271
9812 # 1504
9812 - 882 2 407220271
9812 + 1118 407220271
9812 + 1118 407220271
9812 + 1157 407220271
9812 + 1158 407220271
9813 # 1504
9813 - 883 3 407220271
9813 - 883 3 407220271
9813 - 102 2 2802403873
9813 # 1504
9813 - 1118 1 407220271
9813 # 1504
9813 - 1118 1 407220271
9813 - 1157 1 407220271
9814 # 1504
9814 - 1158 2 407220271
9814 # 1504
9814 # 1504
9815 # 1504
9815 # 1504
9815 # 1504
9816 # 1504
9816 # 1504
9817 # 1504
9817 # 1504
9817 # 1504
9818 # 1504
9818 # 1504
9818 # 1504
9818 + 102 2802403873
9819 # 1504
9819 - 102 1 2802403873
9819 # 1504
9819 # 1504
9820 # 1504
9820 # 1504
9821 # 1504
9821 # 1504
9821 # 1504
9822 # 1504
9822 # 1504
9822 # 1504
9822 + 1079 407221891
9823 # 1504
9823 - 1079 1 407221891
9823 # 1504
9823 # 1504
9823 + 1080 407221891
9823 + 1057 407221891
9823 + 1057 407221891
9824 # 1504
9824 - 1080 1 407221891
9824 # 1504
9824 - 1057 1 407221891
9824 # 1504
9824 - 1057 1 407221891
9825 # 1504
9825 # 1504
9825 + 1021 407221891
9825 + 1021 407221891
9826 # 1504
9826 - 1021 1 407221891
9826 # 1504
9826 - 1021 1 407221891
9826 # 1504
9826 + 869 407221891
9826 + 869 407221891
9826 + 870 407221891
9826 + 1045 407221891
9827 # 1504
9827 - 869 1 407221891
9827 # 1504
9827 - 869 1 407221891
9827 - 870 1 407221891
9827 # 1504
9827 - 1045 1 407221891
9828 # 1504
9828 # 1504
9828 # 1504
9828 + 1045 407221891
9828 + 1046 407221891
9828 + 1056 407221891
9828 + 1056 407221891
9829 # 1504
9829 - 1045 1 407221891
9829 # 1504
9829 - 1046 1 407221891
9829 # 1504
9829 - 1056 1 407221891
9829 - 1056 1 407221891
9830 # 1504
9830 # 1504
9830 + 1004 407221891
9830 + 1005 407221891
9830 + 851 407221891
9830 + 851 407221891
9830 + 851 407221891
9831 # 1504
9831 - 1004 1 407221891
9831 # 1504
9831 - 1005 1 407221891
9831 - 851 1 407221891
9831 # 1504
9831 - 851 1 407221891
9832 # 1504
9832 - 851 2 407221891
9832 # 1504
9832 # 1504
9833 # 1504
9833 # 1504
9833 # 1504
9833 + 102 2802403873
9834 # 1504
9834 - 102 1 2802403873
9834 # 1504
9835 # 1504
9835 # 1504
9835 # 1504
9836 # 1504
9836 # 1504
9836 # 1504
9837 # 1504
9837 # 1504
9837 # 1504
9838 # 1504
9838 # 1504
9838 # 1504
9838 + 102 2802403873
9839 # 1504
9839 - 102 1 2802403873
9839 # 1504
9840 # 1504
9840 # 1504
9840 # 1504
9840 + 1042 407223511
9841 # 1504
9841 - 1042 1 407223511
9841 # 1504
9841 # 1504
9842 # 1504
9842 # 1504
9842 # 1504
9842 + 1042 407223511
9842 + 900 407223511
9842 + 901 407223511
9842 + 1090 407223511
9842 + 1091 407223511
9843 # 1504
9843 - 1042 1 407223511
9843 # 1504
9843 - 900 1 407223511
9843 - 901 1 407223511
9843 + 102 2802403873
9844 # 1504
9844 - 1090 2 407223511
9844 # 1504
9844 - 1091 2 407223511
9844 - 102 1 2802403873
9844 # 1504
9845 # 1504
9845 # 1504
9845 # 1504
9845 + 895 407223511
9845 + 896 407223511
9845 + 896 407223511
9845 + 920 407223511
9845 + 921 407223511
9846 # 1504
9846 - 895 1 407223511
9846 # 1504
9846 - 896 1 407223511
9846 - 896 1 407223511
9846 # 1504
9846 - 920 1 407223511
9847 # 1504
9847 - 921 2 407223511
9847 # 1504
9847 # 1504
9847 + 921 407223511
9847 + 1006 407223511
9847 + 1007 407223511
9847 + 911 407223511
9847 + 912 407223511
9847 + 952 407223511
9848 # 1504
9848 - 921 1 407223511
9848 # 1504
9848 - 1006 1 407223511
9848 - 1007 1 407223511
9848 + 952 407223511
9848 + 953 407223511
9849 # 1504
9849 - 911 2 407223511
9849 # 1504
9849 - 912 2 407223511
9849 - 952 2 407223511
9849 # 1504
9849 - 952 1 407223511
9850 # 1504
9850 - 953 2 407223511
9850 # 1504
9850 # 1504
9851 # 1504
9851 # 1504
9851 # 1504
9852 # 1504
9852 # 1504
9852 # 1504
9853 # 1504
9853 # 1504
9854 # 1504
9854 # 1504
9854 # 1504
9855 # 1504
9855 # 1504
9855 # 1504
9856 # 1504
9856 # 1504
9856 # 1504
9857 # 1504
9857 # 1504
9858 # 1504
9858 # 1504
9858 # 1504
9858 + 949 407225131
9859 # 1504
9859 - 949 1 407225131
9859 # 1504
9859 # 1504
9859 + 102 2802403873
9860 # 1504
9860 - 102 1 2802403873
9860 # 1504
9860 # 1504
9860 + 949 407225131
9860 + 950 407225131
9860 + 1149 407225131
9860 + 1149 407225131
9861 # 1504
9861 - 949 1 407225131
9861 # 1504
9861 - 950 1 407225131
9861 # 1504
9861 - 1149 1 407225131
9861 - 1149 1 407225131
9862 # 1504
9862 # 1504
9863 # 1504
9863 # 1504
9863 # 1504
9863 + 864 407225131
9863 + 864 407225131
9863 + 865 407225131
9863 + 1051 407225131
9863 + 1051 407225131
9863 + 1052 407225131
9864 # 1504
9864 - 864 1 407225131
9864 # 1504
9864 - 864 1 407225131
9864 - 865 1 407225131
9864 # 1504
9864 - 1051 1 407225131
9865 # 1504
9865 - 1051 2 407225131
9865 - 1052 2 407225131
9865 # 1504
9865 # 1504
9865 + 955 407225131
9865 + 956 407225131
9865 + 956 407225131
9865 + 949 407225131
9865 + 950 407225131
9866 # 1504
9866 - 955 1 407225131
9866 # 1504
9866 - 956 1 407225131
9866 - 956 1 407225131
9866 # 1504
9866 - 949 1 407225131
9867 # 1504
9867 - 950 2 407225131
9867 # 1504
9867 + 816 407225131
9867 + 816 407225131
9867 + 993 407225131
9867 + 993 407225131
9867 + 994 407225131
9868 # 1504
9868 - 816 1 407225131
9868 # 1504
9868 - 816 1 407225131
9868 - 993 1 407225131
9868 # 1504
9868 - 993 1 407225131
9869 # 1504
9869 - 994 2 407225131
9869 # 1504
9869 # 1504
9870 # 1504
9870 # 1504
9870 # 1504
9871 # 1504
9871 # 1504
9871 + 102 2802403873
9872 # 1504
9872 - 102 1 2802403873
9872 # 1504
9872 # 1504
9873 # 1504
9873 # 1504
9873 # 1504
9874 # 1504
9874 # 1504
9874 # 1504
9875 # 1504
9875 # 1504
9875 # 1504
9875 + 1150 407226751
9876 # 1504
9876 - 1150 1 407226751
9876 # 1504
9877 # 1504
9877 # 1504
9877 # 1504
9877 + 1151 407226751
9877 + 1120 407226751
9877 + 1121 407226751
9878 # 1504
9878 - 1151 1 407226751
9878 # 1504
9878 - 1120 1 407226751
9878 # 1504
9878 - 1121 1 407226751
9878 + 1066 407226751
9879 # 1504
9879 - 1066 1 407226751
9879 # 1504
9879 # 1504
9880 # 1504
9880 # 1504
9880 + 1066 407226751
9880 + 1066 407226751
9880 + 1082 407226751
9880 + 1083 407226751
9881 # 1504
9881 - 1066 1 407226751
9881 # 1504
9881 - 1066 1 407226751
9881 # 1504
9881 - 1082 1 407226751
9881 - 1083 1 407226751
9881 + 1083 407226751
9881 + 1025 407226751
9881 + 1026 407226751
9882 # 1504
9882 - 1083 1 407226751
9882 # 1504
9882 - 1025 1 407226751
9882 # 1504
9882 - 1026 1 407226751
9882 + 1026 407226751
9882 + 776 407226751
9882 + 776 407226751
9883 # 1504
9883 - 1026 1 407226751
9883 # 1504
9883 - 776 1 407226751
9883 - 776 1 407226751
9883 # 1504
9884 # 1504
9884 # 1504
9884 # 1504
9884 + 693 407226751
9884 + 693 407226751
9884 + 983 407226751
9884 + 983 407226751
9885 # 1504
9885 - 693 1 407226751
9885 - 693 1 407226751
9885 # 1504
9885 - 983 1 407226751
9885 + 983 407226751
9886 # 1504
9886 - 983 2 407226751
9886 - 983 1 407226751
9886 # 1504
9886 # 1504
9886 + 102 2802403873
9887 # 1504
9887 - 102 1 2802403873
9887 # 1504
9887 # 1504
9888 # 1504
9888 # 1504
9888 # 1504
9889 # 1504
9889 # 1504
9889 # 1504
9890 # 1504
9890 # 1504
9891 # 1504
9891 # 1504
9891 # 1504
9892 # 1504
9892 # 1504
9892 # 1504
9893 # 1504
9893 # 1504
9893 # 1504
9894 # 1504
9894 # 1504
9894 + 870 407228281
9895 # 1504
9895 - 870 1 407228281
9895 # 1504
9895 # 1504
9896 # 1504
9896 # 1504
9896 # 1504
9897 # 1504
9897 # 1504
9897 # 1504
9897 + 870 407228281
9897 + 870 407228281
9897 + 1151 407228281
9897 + 1152 407228281
9897 + 1099 407228281
9897 + 1099 407228281
9898 # 1504
9898 - 870 1 407228281
9898 # 1504
9898 - 870 1 407228281
9898 - 1151 1 407228281
9898 # 1504
9898 - 1152 1 407228281
9899 # 1504
9899 - 1099 2 407228281
9899 # 1504
9899 - 1099 2 407228281
9899 + 1100 407228281
9899 + 1126 407228281
9899 + 1126 407228281
9899 + 1126 407228281
9900 # 1504
9900 - 1100 1 407228281
9900 # 1504
9900 - 1126 1 407228281
9900 # 1504
9900 - 1126 1 407228281
9900 - 1126 1 407228281
9900 + 1098 407228281
9900 + 1099 407228281
9900 + 1099 407228281
9901 # 1504
9901 - 1098 1 407228281
9901 # 1504
9901 - 1099 1 407228281
9901 # 1504
9901 - 1099 1 407228281
9901 + 951 407228281
9902 # 1504
9902 - 951 1 407228281
9902 # 1504
9902 # 1504
9902 + 951 407228281
9902 + 102 2802403873
9903 # 1504
9903 - 951 1 407228281
9903 - 102 1 2802403873
9903 # 1504
9903 # 1504
9904 # 1504
9904 # 1504
9904 + 837 407228281
9904 + 837 407228281
9904 + 1010 407228281
9904 + 1011 407228281
9904 + 1011 407228281
9905 # 1504
9905 - 837 1 407228281
9905 # 1504
9905 - 837 1 407228281
9905 - 1010 1 407228281
9905 # 1504
9905 - 1011 1 407228281
9906 # 1504
9906 - 1011 2 407228281
9906 # 1504
9906 # 1504
9907 # 1504
9907 # 1504
9907 # 1504
9908 # 1504
9908 # 1504
9909 # 1504
9909 # 1504
9909 # 1504
9910 # 1504
9910 # 1504
9910 # 1504
9910 + 102 2802403873
9911 # 1504
9911 - 102 1 2802403873
9911 # 1504
9911 # 1504
9912 # 1504
9912 # 1504
9912 # 1504
9912 + 1020 407229901
9913 # 1504
9913 - 1020 1 407229901
9913 # 1504
9914 # 1504
9914 # 1504
9914 # 1504
9914 + 1021 407229901
9914 + 1139 407229901
9914 + 1139 407229901
9914 + 875 407229901
9915 # 1504
9915 - 1021 1 407229901
9915 # 1504
9915 - 1139 1 407229901
9915 # 1504
9915 - 1139 1 407229901
9915 - 875 1 407229901
9916 # 1504
9916 # 1504
9916 # 1504
9916 + 875 407229901
9916 + 876 407229901
9916 + 1011 407229901
9916 + 1011 407229901
9916 + 1011 407229901
9916 + 1003 407229901
9917 # 1504
9917 - 875 1 407229901
9917 # 1504
9917 - 876 1 407229901
9917 - 1011 1 407229901
9918 # 1504
9918 - 1011 2 407229901
9918 # 1504
9918 - 1011 2 407229901
9918 - 1003 2 407229901
9918 # 1504
9918 + 1003 407229901
9918 + 1004 407229901
9918 + 1021 407229901
9918 + 102 2802403873
9919 # 1504
9919 - 1003 1 407229901
9919 # 1504
9919 - 1004 1 407229901
9919 # 1504
9919 - 1021 1 407229901
9919 - 102 1 2802403873
9920 # 1504
9920 # 1504
9920 # 1504
9920 + 1021 407229901
9920 + 824 407229901
9920 + 825 407229901
9920 + 924 407229901
9920 + 925 407229901
9920 + 925 407229901
9921 # 1504
9921 - 1021 1 407229901
9921 # 1504
9921 - 824 1 407229901
9921 - 825 1 407229901
9921 # 1504
9921 - 924 1 407229901
9922 # 1504
9922 - 925 2 407229901
9922 - 925 2 407229901
9922 # 1504
9923 # 1504
9923 # 1504
9923 # 1504
9924 # 1504
9924 # 1504
9924 # 1504
9925 # 1504
9925 # 1504
9925 # 1504
9926 # 1504
9926 # 1504
9926 # 1504
9927 # 1504
9927 # 1504
9927 + 102 2802403873
9928 # 1504
9928 - 102 1 2802403873
9928 # 1504
9928 # 1504
9929 # 1504
9929 # 1504
9929 # 1504
9930 # 1504
9930 # 1504
9930 # 1504
9930 + 885 407231521
9931 # 1504
9931 - 885 1 407231521
9931 # 1504
9931 + 886 407231521
9931 + 915 407231521
9931 + 916 407231521
9932 # 1504
9932 - 886 1 407231521
9932 # 1504
9932 - 915 1 407231521
9932 - 916 1 407231521
9932 # 1504
9933 # 1504
9933 # 1504
9933 # 1504
9933 + 1061 407231521
9933 + 1061 407231521
9933 + 1029 407231521
9933 + 1029 407231521
9933 + 911 407231521
9933 + 102 2802403873
9934 # 1504
9934 - 1061 1 407231521
9934 # 1504
9934 - 1061 1 407231521
9934 # 1504
9934 - 1029 1 407231521
9934 - 1029 1 407231521
9935 # 1504
9935 - 911 2 407231521
9935 - 102 2 2802403873
9935 # 1504
9935 # 1504
9935 + 911 407231521
9935 + 912 407231521
9935 + 1190 407231521
9936 # 1504
9936 - 911 1 407231521
9936 # 1504
9936 - 912 1 407231521
9936 + 1190 407231521
9936 + 923 407231521
9937 # 1504
9937 - 1190 2 407231521
9937 - 1190 1 407231521
9937 # 1504
9937 - 923 1 407231521
9937 # 1504
9938 # 1504
9938 # 1504
9938 # 1504
9938 + 923 407231521
9938 + 935 407231521
9938 + 935 407231521
9938 + 935 407231521
9939 # 1504
9939 - 923 1 407231521
9939 # 1504
9939 - 935 1 407231521
9939 - 935 1 407231521
9939 # 1504
9939 - 935 1 407231521
9940 # 1504
9940 # 1504
9940 # 1504
9941 # 1504
9941 # 1504
9942 # 1504
9942 # 1504
9942 # 1504
9943 # 1504
9943 # 1504
9943 # 1504
9944 # 1504
9944 # 1504
9944 # 1504
9944 + 102 2802403873
9945 # 1504
9945 - 102 1 2802403873
9945 # 1504
9946 # 1504
9946 # 1504
9946 # 1504
9947 # 1504
9947 # 1504
9947 # 1504
9947 + 725 407233141
9948 # 1504
9948 - 725 1 407233141
9948 # 1504
9948 # 1504
9948 + 725 407233141
9948 + 991 407233141
9948 + 992 407233141
9949 # 1504
9949 - 725 1 407233141
9949 # 1504
9949 - 991 1 407233141
9949 - 992 1 407233141
9949 # 1504
9949 + 1124 407233141
9949 + 1125 407233141
9950 # 1504
9950 - 1124 1 407233141
9950 # 1504
9950 - 1125 1 407233141
9951 # 1504
9951 # 1504
9951 # 1504
9951 + 1169 407233141
9951 + 1170 407233141
9951 + 1093 407233141
9951 + 1093 407233141
9952 # 1504
9952 - 1169 1 407233141
9952 # 1504
9952 - 1170 1 407233141
9952 # 1504
9952 - 1093 1 407233141
9953 # 1504
9953 - 1093 2 407233141
9953 # 1504
9953 # 1504
9953 + 1093 407233141
9953 + 1001 407233141
9953 + 1002 407233141
9953 + 1002 407233141
9953 + 923 407233141
9954 # 1504
9954 - 1093 1 407233141
9954 # 1504
9954 - 1001 1 407233141
9955 # 1504
9955 - 1002 2 407233141
9955 - 1002 2 407233141
9955 # 1504
9955 - 923 2 407233141
9955 # 1504
9956 # 1504
9956 # 1504
9956 # 1504
9956 + 923 407233141
9956 + 923 407233141
9956 + 1089 407233141
9956 + 1090 407233141
9956 + 1090 407233141
9956 + 102 2802403873
9957 # 1504
9957 - 923 1 407233141
9957 # 1504
9957 - 923 1 407233141
9957 - 1089 1 407233141
9957 # 1504
9957 - 1090 1 407233141
9958 # 1504
9958 - 1090 2 407233141
9958 - 102 2 2802403873
9958 # 1504
9958 # 1504
9959 # 1504
9959 # 1504
9960 # 1504
9960 # 1504
9960 # 1504
9961 # 1504
9961 # 1504
9961 # 1504
9962 # 1504
9962 # 1504
9962 # 1504
9962 + 102 2802403873
9963 # 1504
9963 - 102 1 2802403873
9963 # 1504
9963 # 1504
9964 # 1504
9964 # 1504
9965 # 1504
9965 # 1504
9965 # 1504
9966 # 1504
9966 # 1504
9966 # 1504
9966 + 1042 407234761
9967 # 1504
9967 - 1042 1 407234761
9967 # 1504
9967 # 1504
9968 # 1504
9968 # 1504
9968 + 952 407234761
9968 + 953 407234761
9968 + 1123 407234761
9968 + 1124 407234761
9968 + 857 407234761
9969 # 1504
9969 - 952 1 407234761
9969 # 1504
9969 - 953 1 407234761
9969 # 1504
9969 - 1123 1 407234761
9969 - 1124 1 407234761
9970 # 1504
9970 - 857 2 407234761
9970 # 1504
9970 # 1504
9971 # 1504
9971 # 1504
9971 # 1504
9971 + 102 2802403873
9971 + 858 407234761
9971 + 858 407234761
9971 + 1224 407234761
9971 + 1224 407234761
9971 + 1224 407234761
9972 # 1504
9972 - 102 1 2802403873
9972 - 858 1 407234761
9972 # 1504
9972 - 858 1 407234761
9972 # 1504
9972 - 1224 1 407234761
9972 - 1224 1 407234761
9972 + 998 407234761
9972 + 998 407234761
9972 + 998 407234761
9973 # 1504
9973 - 1224 2 407234761
9973 # 1504
9973 - 998 1 407234761
9973 - 998 1 407234761
9973 + 998 407234761
9973 + 1158 407234761
9973 + 1159 407234761
9974 # 1504
9974 - 998 2 407234761
9974 # 1504
9974 - 998 1 407234761
9974 # 1504
9974 - 1158 1 407234761
9974 - 1159 1 407234761
9975 # 1504
9975 # 1504
9975 # 1504
9975 + 1159 407234761
9975 + 1007 407234761
9975 + 1007 407234761
9975 + 1008 407234761
9976 # 1504
9976 - 1159 1 407234761
9976 # 1504
9976 - 1007 1 407234761
9976 # 1504
9976 - 1007 1 407234761
9976 - 1008 1 407234761
9977 # 1504
9977 # 1504
9977 # 1504
9977 # 1504
9977 # 1504
9978 # 1504
9978 # 1504
9978 + 1008 407234761
9979 # 1504
9979 - 1008 1 407234761
9979 # 1504
9979 + 102 2802403873
9980 # 1504
9980 - 102 1 2802403873
9980 # 1504
9981 # 1504
9981 # 1504
9982 # 1504
9982 # 1504
9983 # 1504
9983 # 1504
9984 # 1504
9984 # 1504
9984 # 1504
9984 + 686 407236381
9985 # 1504
9985 - 686 1 407236381
9985 # 1504
9986 # 1504
9986 # 1504
9986 + 687 407236381
9986 + 975 407236381
9986 + 975 407236381
9986 + 884 407236381
9986 + 884 407236381
9986 + 884 407236381
9986 + 102 2802403873
9987 # 1504
9987 - 687 1 407236381
9987 # 1504
9987 - 975 1 407236381
9987 - 975 1 407236381
9988 # 1504
9988 - 884 2 407236381
9988 - 884 2 407236381
9988 # 1504
9988 - 884 2 407236381
9988 - 102 2 2802403873
9989 # 1504
9989 # 1504
9989 + 1227 407236381
9989 + 1227 407236381
9989 + 1093 407236381
9989 + 1094 407236381
9989 + 1094 407236381
9990 # 1504
9990 - 1227 1 407236381
9990 # 1504
9990 - 1227 1 407236381
9991 # 1504
9991 - 1093 2 407236381
9991 # 1504
9991 - 1094 2 407236381
9991 - 1094 2 407236381
9991 # 1504
9991 + 1094 407236381
9991 + 1059 407236381
9991 + 1059 407236381
9991 + 1060 407236381
9991 + 1060 407236381
9992 # 1504
9992 - 1094 1 407236381
9992 # 1504
9992 - 1059 1 407236381
9993 # 1504
9993 - 1059 2 407236381
9993 - 1060 2 407236381
9993 # 1504
9993 - 1060 2 407236381
9993 + 1084 407236381
9993 + 1085 407236381
9993 + 1085 407236381
9993 + 1085 407236381
9993 + 1113 407236381
9994 # 1504
9994 - 1084 1 407236381
9994 # 1504
9994 - 1085 1 407236381
9995 # 1504
9995 - 1085 2 407236381
9995 - 1085 2 407236381
9995 # 1504
9995 - 1113 2 407236381
9996 # 1504
9996 # 1504
9996 + 1113 407236381
9996 + 1113 407236381
9996 + 1114 407236381
9996 + 1114 407236381
9997 # 1504
9997 - 1113 1 407236381
9997 # 1504
9997 - 1113 1 407236381
9998 # 1504
9998 - 1114 2 407236381
9998 - 1114 2 407236381
9998 # 1504
9999 # 1504
9999 # 1504
9999 # 1504
10000 # 1504
10000 # 1504
10001 # 1504
10001 # 1504
10002 # 1504
10002 # 1504
10002 + 1125 407238001
10003 # 1504
10003 - 1125 1 407238001
10003 # 1504
10003 + 102 2802403873
10003 + 1125 407238001
10003 + 859 407238001
10004 # 1504
10004 - 102 1 2802403873
10004 - 1125 1 407238001
10004 # 1504
10004 - 859 1 407238001
10005 # 1504
10005 # 1504
10005 + 859 407238001
10005 + 859 407238001
10005 + 896 407238001
10005 + 897 407238001
10005 + 897 407238001
10005 + 1211 407238001
10006 # 1504
10006 - 859 1 407238001
10006 # 1504
10006 - 859 1 407238001
10006 - 896 1 407238001
10006 # 1504
10006 - 897 1 407238001
10006 - 897 1 407238001
10007 # 1504
10007 - 1211 2 407238001
10007 # 1504
10007 + 1212 407238001
10007 + 1196 407238001
10007 + 1197 407238001
10008 # 1504
10008 - 1212 1 407238001
10008 # 1504
10008 - 1196 1 407238001
10008 + 1197 407238001
10008 + 980 407238001
10009 # 1504
10009 - 1197 2 407238001
10009 # 1504
10009 - 1197 1 407238001
10009 - 980 1 407238001
10009 + 981 407238001
10009 + 981 407238001
10009 + 981 407238001
10010 # 1504
10010 - 981 1 407238001
10010 # 1504
10010 - 981 1 407238001
10010 - 981 1 407238001
10011 # 1504
10011 # 1504
10011 + 1078 407238001
10011 + 1079 407238001
10011 + 1079 407238001
10011 + 1079 407238001
10011 + 1183 407238001
10012 # 1504
10012 - 1078 1 407238001
10012 # 1504
10012 - 1079 1 407238001
10013 # 1504
10013 - 1079 2 407238001
10013 - 1079 2 407238001
10013 # 1504
10013 - 1183 2 407238001
10013 # 1504
10013 + 1183 407238001
10013 + 1183 407238001
10013 + 1184 407238001
10014 # 1504
10014 - 1183 1 407238001
10014 # 1504
10014 - 1183 1 407238001
10015 # 1504
10015 - 1184 2 407238001
10015 # 1504
10015 + 1184 407238001
10016 # 1504
10016 - 1184 1 407238001
10016 # 1504
10017 # 1504
10017 # 1504
10017 + 102 2802403873
10018 # 1504
10018 - 102 1 2802403873
10018 # 1504
10019 # 1504
10019 # 1504
10020 # 1504
10020 # 1504
10020 + 851 407239531
10021 # 1504
10021 - 851 1 407239531
10021 # 1504
10021 # 1504
10021 + 851 407239531
10021 + 851 407239531
10021 + 939 407239531
10022 # 1504
10022 - 851 1 407239531
10022 # 1504
10022 - 851 1 407239531
10022 - 939 1 407239531
10023 # 1504
10023 # 1504
10023 + 940 407239531
10023 + 940 407239531
10023 + 931 407239531
10023 + 931 407239531
10023 + 931 407239531
10023 + 911 407239531
10024 # 1504
10024 - 940 1 407239531
10024 # 1504
10024 - 940 1 407239531
10024 - 931 1 407239531
10025 # 1504
10025 - 931 2 407239531
10025 # 1504
10025 - 931 2 407239531
10025 - 911 2 407239531
10025 + 911 407239531
10026 # 1504
10026 - 911 1 407239531
10026 # 1504
10026 + 912 407239531
10026 + 1026 407239531
10026 + 1027 407239531
10026 + 1027 407239531
10027 # 1504
10027 - 912 1 407239531
10027 # 1504
10027 - 1026 1 407239531
10027 - 1027 1 407239531
10027 + 1027 407239531
10027 + 1105 407239531
10027 + 1105 407239531
10028 # 1504
10028 - 1027 2 407239531
10028 # 1504
10028 - 1027 1 407239531
10028 # 1504
10028 - 1105 1 407239531
10028 - 1105 1 407239531
10029 # 1504
10029 # 1504
10029 + 1106 407239531
10029 + 1042 407239531
10029 + 1042 407239531
10029 + 1043 407239531
10029 + 1043 407239531
10029 + 102 2802403873
10030 # 1504
10030 - 1106 1 407239531
10030 # 1504
10030 - 1042 1 407239531
10031 # 1504
10031 - 1042 2 407239531
10031 - 1043 2 407239531
10031 # 1504
10031 - 1043 2 407239531
10031 - 102 2 2802403873
10032 # 1504
10032 # 1504
10032 + 1068 407239531
10032 + 1068 407239531
10032 + 1068 407239531
10032 + 1068 407239531
10032 + 1069 407239531
10032 + 1069 407239531
10033 # 1504
10033 - 1068 1 407239531
10033 # 1504
10033 - 1068 1 407239531
10034 # 1504
10034 - 1068 2 407239531
10034 - 1068 2 407239531
10034 # 1504
10034 - 1069 2 407239531
10035 # 1504
10035 - 1069 3 407239531
10035 # 1504
10036 # 1504
10036 # 1504
10036 # 1504
10037 # 1504
10037 # 1504
10037 + 102 2802403873
10037 + 942 407241151
10038 # 1504
10038 - 102 1 2802403873
10038 - 942 1 407241151
10038 # 1504
10039 # 1504
10039 # 1504
10039 + 942 407241151
10039 + 942 407241151
10039 + 999 407241151
10040 # 1504
10040 - 942 1 407241151
10040 # 1504
10040 - 942 1 407241151
10040 - 999 1 407241151
10040 + 1000 407241151
10040 + 1000 407241151
10041 # 1504
10041 - 1000 1 407241151
10041 # 1504
10041 - 1000 1 407241151
10041 + 852 407241151
10041 + 852 407241151
10041 + 852 407241151
10042 # 1504
10042 - 852 1 407241151
10042 # 1504
10042 - 852 1 407241151
10042 - 852 1 407241151
10043 # 1504
10043 # 1504
10043 # 1504
10043 + 102 2802403873
10043 + 891 407241151
10043 + 891 407241151
10043 + 891 407241151
10043 + 1088 407241151
10043 + 1089 407241151
10043 + 1089 407241151
10044 # 1504
10044 - 102 1 2802403873
10044 - 891 1 407241151
10044 # 1504
10044 - 891 1 407241151
10044 - 891 1 407241151
10044 + 1099 407241151
10044 + 1100 407241151
10045 # 1504
10045 - 1088 2 407241151
10045 # 1504
10045 - 1089 2 407241151
10045 + 1100 407241151
10046 # 1504
10046 - 1089 3 407241151
10046 - 1099 2 407241151
10046 # 1504
10046 - 1100 2 407241151
10046 + 1208 407241151
10046 + 1209 407241151
10047 # 1504
10047 - 1100 2 407241151
10047 # 1504
10047 - 1208 1 407241151
10047 - 1209 1 407241151
10048 # 1504
10048 # 1504
10048 + 1209 407241151
10048 + 1145 407241151
10048 + 1145 407241151
10048 + 1145 407241151
10048 + 1146 407241151
10049 # 1504
10049 - 1209 1 407241151
10049 # 1504
10049 - 1145 1 407241151
10050 # 1504
10050 - 1145 2 407241151
10050 # 1504
10050 - 1145 2 407241151
10050 - 1146 2 407241151
10050 # 1504
10051 # 1504
10051 # 1504
10051 + 1146 407241151
10052 # 1504
10052 - 1146 1 407241151
10052 # 1504
10053 # 1504
10053 # 1504
10054 # 1504
10054 # 1504
10055 # 1504
10055 # 1504
10055 + 102 2802403873
10056 # 1504
10056 - 102 1 2802403873
10056 # 1504
10056 + 1197 407242771
10057 # 1504
10057 - 1197 1 407242771
10057 # 1504
10058 # 1504
10058 # 1504
10058 # 1504
10058 + 1198 407242771
10058 + 1198 407242771
10058 + 982 407242771
10058 + 982 407242771
10059 # 1504
10059 - 1198 1 407242771
10059 # 1504
10059 - 1198 1 407242771
10060 # 1504
10060 - 982 2 407242771
10060 - 982 2 407242771
10060 # 1504
10060 + 982 407242771
10060 + 983 407242771
10060 + 1166 407242771
10060 + 1167 407242771
10060 + 1167 407242771
10061 # 1504
10061 - 982 1 407242771
10061 # 1504
10061 - 983 1 407242771
10062 # 1504
10062 - 1166 2 407242771
10062 - 1167 2 407242771
10062 # 1504
10062 - 1167 2 407242771
10062 + 1006 407242771
10062 + 1006 407242771
10062 + 1006 407242771
10062 + 1007 407242771
10063 # 1504
10063 - 1006 1 407242771
10063 # 1504
10063 - 1006 1 407242771
10064 # 1504
10064 - 1006 2 407242771
10064 - 1007 2 407242771
10064 # 1504
10064 + 959 407242771
10064 + 959 407242771
10064 + 960 407242771
10064 + 960 407242771
10064 + 1234 407242771
10065 # 1504
10065 - 959 1 407242771
10065 # 1504
10065 - 959 1 407242771
10065 - 960 1 407242771
10065 # 1504
10065 - 960 1 407242771
10066 # 1504
10066 - 1234 2 407242771
10066 # 1504
10067 # 1504
10067 # 1504
10067 + 1234 407242771
10067 + 1234 407242771
10067 + 1005 407242771
10067 + 1005 407242771
10068 # 1504
10068 - 1234 1 407242771
10068 # 1504
10068 - 1234 1 407242771
10068 + 102 2802403873
10068 + 1005 407242771
10068 + 1005 407242771
10068 + 1238 407242771
10068 + 1238 407242771
10069 # 1504
10069 - 1005 2 407242771
10069 - 1005 2 407242771
10069 # 1504
10069 - 102 1 2802403873
10069 - 1005 1 407242771
10070 # 1504
10070 - 1005 2 407242771
10070 # 1504
10070 - 1238 2 407242771
10071 # 1504
10071 - 1238 3 407242771
10071 # 1504
10071 + 1238 407242771
10071 + 1238 407242771
10071 + 1238 407242771
10071 + 1239 407242771
10072 # 1504
10072 - 1238 1 407242771
10072 # 1504
10072 - 1238 1 407242771
10072 + 1239 407242771
10073 # 1504
10073 - 1238 2 407242771
10073 # 1504
10073 - 1239 2 407242771
10073 # 1504
10073 - 1239 1 407242771
10073 + 1096 407244391
10074 # 1504
10074 - 1096 1 407244391
10074 # 1504
10075 # 1504
10075 # 1504
10075 + 1096 407244391
10075 + 1096 407244391
10075 + 1060 407244391
10076 # 1504
10076 - 1096 1 407244391
10076 # 1504
10076 - 1096 1 407244391
10076 + 1060 407244391
10077 # 1504
10077 - 1060 2 407244391
10077 - 1060 1 407244391
10077 # 1504
10078 # 1504
10078 # 1504
10078 + 1061 407244391
10078 + 1174 407244391
10078 + 1175 407244391
10078 + 1175 407244391
10078 + 986 407244391
10079 # 1504
10079 - 1061 1 407244391
10079 # 1504
10079 - 1174 1 407244391
10080 # 1504
10080 - 1175 2 407244391
10080 # 1504
10080 - 1175 2 407244391
10080 - 986 2 407244391
10080 # 1504
10081 # 1504
10081 # 1504
10081 + 986 407244391
10081 + 986 407244391
10081 + 987 407244391
10081 + 1014 407244391
10081 + 1014 407244391
10081 + 1015 407244391
10081 + 1015 407244391
10081 + 102 2802403873
10081 + 989 407244391
10082 # 1504
10082 - 986 1 407244391
10082 # 1504
10082 - 986 1 407244391
10082 - 987 1 407244391
10083 # 1504
10083 - 1014 2 407244391
10083 # 1504
10083 - 1014 2 407244391
10083 - 1015 2 407244391
10083 + 989 407244391
10084 # 1504
10084 - 1015 3 407244391
10084 - 102 3 2802403873
10084 # 1504
10084 - 989 3 407244391
10084 + 989 407244391
10084 + 990 407244391
10084 + 1072 407244391
10084 + 1072 407244391
10085 # 1504
10085 - 989 2 407244391
10085 - 989 1 407244391
10085 # 1504
10085 - 990 1 407244391
10086 # 1504
10086 - 1072 2 407244391
10086 - 1072 2 407244391
10086 # 1504
10086 + 1073 407244391
10086 + 1211 407244391
10086 + 1211 407244391
10086 + 1211 407244391
10086 + 102 2802403873
10087 # 1504
10087 - 1073 1 407244391
10087 # 1504
10087 - 1211 1 407244391
10087 # 1504
10087 - 1211 1 407244391
10088 # 1504
10088 - 1211 2 407244391
10088 - 102 2 2802403873
10088 # 1504
10089 # 1504
10089 # 1504
10089 + 1211 407244391
10089 + 1211 407244391
10090 # 1504
10090 - 1211 1 407244391
10090 # 1504
10090 - 1211 1 407244391
10091 # 1504
10091 # 1504
10091 + 915 407246011
10092 # 1504
10092 - 915 1 407246011
10092 # 1504
10092 + 102 2802403873
10093 # 1504
10093 - 102 1 2802403873
10093 # 1504
10093 + 915 407246011
10093 + 915 407246011
10093 + 1036 407246011
10093 + 1036 407246011
10094 # 1504
10094 - 915 1 407246011
10094 # 1504
10094 - 915 1 407246011
10094 - 1036 1 407246011
10094 + 1037 407246011
10095 # 1504
10095 - 1036 2 407246011
10095 # 1504
10095 - 1037 1 407246011
10095 # 1504
10096 # 1504
10096 # 1504
10096 + 1038 407246011
10096 + 1038 407246011
10096 + 1038 407246011
10096 + 1031 407246011
10096 + 1031 407246011
10097 # 1504
10097 - 1038 1 407246011
10097 # 1504
10097 - 1038 1 407246011
10097 + 1031 407246011
10097 + 955 407246011
10097 + 955 407246011
10098 # 1504
10098 - 1038 2 407246011
10098 - 1031 2 407246011
10098 # 1504
10098 - 1031 2 407246011
10098 + 955 407246011
10098 + 955 407246011
10098 + 980 407246011
10099 # 1504
10099 - 1031 2 407246011
10099 - 955 2 407246011
10099 # 1504
10099 - 955 2 407246011
10100 # 1504
10100 - 955 2 407246011
10100 - 955 2 407246011
10100 # 1504
10100 - 980 2 407246011
10100 + 981 407246011
10100 + 981 407246011
10100 + 981 407246011
10100 + 1032 407246011
10100 + 1032 407246011
10101 # 1504
10101 - 981 1 407246011
10101 # 1504
10101 - 981 1 407246011
10101 - 981 1 407246011
10102 # 1504
10102 - 1032 2 407246011
10102 # 1504
10102 - 1032 2 407246011
10102 # 1504
10102 + 102 2802403873
10102 + 1032 407246011
10102 + 1033 407246011
10102 + 1138 407246011
10102 + 1138 407246011
10103 # 1504
10103 - 102 1 2802403873
10103 - 1032 1 407246011
10103 # 1504
10103 - 1033 1 407246011
10104 # 1504
10104 - 1138 2 407246011
10104 - 1138 2 407246011
10104 # 1504
10105 # 1504
10105 # 1504
10105 + 1138 407246011
10105 + 1139 407246011
10105 + 1139 407246011
10106 # 1504
10106 - 1138 1 407246011
10106 # 1504
10106 - 1139 1 407246011
10107 # 1504
10107 - 1139 2 407246011
10107 # 1504
10108 # 1504
10108 # 1504
10109 # 1504
10109 # 1504
10109 + 102 2802403873
10109 + 1007 407247631
10110 # 1504
10110 - 102 1 2802403873
10110 - 1007 1 407247631
10110 # 1504
10110 # 1504
10111 # 1504
10111 # 1504
10111 + 1007 407247631
10112 # 1504
10112 - 1007 1 407247631
10112 # 1504
10112 + 1007 407247631
10112 + 1237 407247631
10112 + 1237 407247631
10112 + 866 407247631
10113 # 1504
10113 - 1007 1 407247631
10113 # 1504
10113 - 1237 1 407247631
10114 # 1504
10114 - 1237 2 407247631
10114 - 866 2 407247631
10114 # 1504
10114 + 867 407247631
10114 + 867 407247631
10114 + 949 407247631
10114 + 949 407247631
10114 + 949 407247631
10115 # 1504
10115 - 867 1 407247631
10115 # 1504
10115 - 867 1 407247631
10115 - 949 1 407247631
10116 # 1504
10116 - 949 2 407247631
10116 # 1504
10116 - 949 2 407247631
10117 # 1504
10117 # 1504
10117 # 1504
10117 + 1083 407247631
10117 + 1083 407247631
10117 + 1084 407247631
10117 + 1227 407247631
10117 + 1228 407247631
10117 + 1228 407247631
10117 + 1083 407247631
10118 # 1504
10118 - 1083 1 407247631
10118 # 1504
10118 - 1083 1 407247631
10119 # 1504
10119 - 1084 2 407247631
10119 - 1227 2 407247631
10119 # 1504
10119 - 1228 2 407247631
10119 + 1083 407247631
10119 + 1084 407247631
10119 + 1084 407247631
10119 + 1221 407247631
10120 # 1504
10120 - 1228 3 407247631
10120 # 1504
10120 - 1083 3 407247631
10121 # 1504
10121 - 1083 2 407247631
10121 - 1084 2 407247631
10121 # 1504
10121 - 1084 2 407247631
10121 + 1221 407247631
10121 + 1221 407247631
10121 + 1221 407247631
10121 + 1222 407247631
10122 # 1504
10122 - 1221 3 407247631
10122 # 1504
10122 - 1221 1 407247631
10122 - 1221 1 407247631
10123 # 1504
10123 - 1221 2 407247631
10123 # 1504
10123 - 1222 2 407247631
10124 # 1504
10124 # 1504
10124 # 1504
10124 + 102 2802403873
10125 # 1504
10125 - 102 1 2802403873
10125 # 1504
10126 # 1504
10126 # 1504
10127 # 1504
10127 # 1504
10127 + 1020 407249251
10128 # 1504
10128 - 1020 1 407249251
10128 # 1504
10129 # 1504
10129 # 1504
10130 # 1504
10130 # 1504
10130 + 1020 407249251
10130 + 1020 407249251
10130 + 901 407249251
10130 + 901 407249251
10130 + 901 407249251
10131 # 1504
10131 - 1020 1 407249251
10131 # 1504
10131 - 1020 1 407249251
10131 - 901 1 407249251
10131 + 1052 407249251
10131 + 1052 407249251
10131 + 1053 407249251
10132 # 1504
10132 - 901 2 407249251
10132 # 1504
10132 - 901 2 407249251
10132 - 1052 1 407249251
10132 # 1504
10132 - 1052 1 407249251
10133 # 1504
10133 - 1053 2 407249251
10133 # 1504
10133 + 1201 407249251
10133 + 1202 407249251
10133 + 948 407249251
10133 + 948 407249251
10133 + 948 407249251
10134 # 1504
10134 - 1201 1 407249251
10134 # 1504
10134 - 1202 1 407249251
10134 + 1187 407249251
10134 + 1188 407249251
10134 + 1188 407249251
10135 # 1504
10135 - 948 2 407249251
10135 - 948 2 407249251
10135 # 1504
10135 - 948 2 407249251
10136 # 1504
10136 - 1187 2 407249251
10136 # 1504
10136 - 1188 2 407249251
10136 - 1188 2 407249251
10136 + 1184 407249251
10136 + 1184 407249251
10137 # 1504
10137 - 1184 1 407249251
10137 # 1504
10137 - 1184 1 407249251
10138 # 1504
10138 # 1504
10138 + 1184 407249251
10138 + 1184 407249251
10138 + 1149 407249251
10138 + 1149 407249251
10138 + 1150 407249251
10139 # 1504
10139 - 1184 1 407249251
10139 # 1504
10139 - 1184 1 407249251
10139 # 1504
10139 - 1149 1 407249251
10139 + 118 2802403873
10140 # 1504
10140 - 1149 2 407249251
10140 - 1150 2 407249251
10140 - 118 1 2802403873
10140 # 1504
10140 + 1150 407249251
10140 + 1150 407249251
10141 # 1504
10141 - 1150 1 407249251
10141 # 1504
10141 - 1150 1 407249251
10142 # 1504
10142 # 1504
10143 # 1504
10143 # 1504
10144 # 1504
10144 # 1504
10144 + 102 2802403873
10145 # 1504
10145 - 102 1 2802403873
10145 # 1504
10145 + 1128 407250871
10146 # 1504
10146 - 1128 1 407250871
10146 # 1504
10147 # 1504
10147 # 1504
10147 # 1504
10147 + 1129 407250871
10147 + 1129 407250871
10147 + 1058 407250871
10147 + 1058 407250871
10148 # 1504
10148 - 1129 1 407250871
10148 # 1504
10148 - 1129 1 407250871
10148 + 1058 407250871
10148 + 1013 407250871
10148 + 1014 407250871
10149 # 1504
10149 - 1058 2 407250871
10149 - 1058 2 407250871
10149 # 1504
10149 - 1058 1 407250871
10149 + 1014 407250871
10149 + 1030 407250871
10149 + 1031 407250871
10150 # 1504
10150 - 1013 2 407250871
10150 - 1014 2 407250871
10150 # 1504
10150 - 1014 1 407250871
10151 # 1504
10151 - 1030 2 407250871
10151 # 1504
10151 - 1031 2 407250871
10151 + 886 407250871
10151 + 887 407250871
10151 + 887 407250871
10152 # 1504
10152 - 886 1 407250871
10152 # 1504
10152 - 887 1 407250871
10152 - 887 1 407250871
10152 + 1227 407250871
10152 + 1227 407250871
10153 # 1504
10153 - 1227 1 407250871
10153 # 1504
10153 - 1227 1 407250871
10153 + 1228 407250871
10153 + 1065 407250871
10153 + 1065 407250871
10154 # 1504
10154 - 1228 1 407250871
10154 # 1504
10154 - 1065 1 407250871
10154 # 1504
10154 - 1065 1 407250871
10155 # 1504
10155 # 1504
10155 + 1066 407250871
10155 + 1066 407250871
10155 + 1086 407250871
10155 + 1086 407250871
10156 # 1504
10156 - 1066 1 407250871
10156 # 1504
10156 - 1066 1 407250871
10157 # 1504
10157 - 1086 2 407250871
10157 - 1086 2 407250871
10157 # 1504
10157 + 1087 407250871
10157 + 1087 407250871
10157 + 1087 407250871
10158 # 1504
10158 - 1087 1 407250871
10158 # 1504
10158 - 1087 1 407250871
10158 + 102 2802403873
10159 # 1504
10159 - 1087 2 407250871
10159 - 102 1 2802403873
10159 # 1504
10160 # 1504
10160 # 1504
10161 # 1504
10161 # 1504
10161 # 1504
10162 # 1504
10162 # 1504
10163 # 1504
10163 # 1504
10164 # 1504
10164 # 1504
10164 + 1217 407252491
10165 # 1504
10165 - 1217 1 407252491
10165 # 1504
10166 # 1504
10166 # 1504
10166 + 1217 407252491
10166 + 1218 407252491
10166 + 1173 407252491
10166 + 1173 407252491
10167 # 1504
10167 - 1217 1 407252491
10167 # 1504
10167 - 1218 1 407252491
10168 # 1504
10168 - 1173 2 407252491
10168 # 1504
10168 - 1173 2 407252491
10168 + 1173 407252491
10168 + 1114 407252491
10168 + 1115 407252491
10168 + 1115 407252491
10169 # 1504
10169 - 1173 1 407252491
10169 # 1504
10169 - 1114 1 407252491
10169 # 1504
10169 - 1115 1 407252491
10169 + 102 2802403873
10170 # 1504
10170 - 1115 2 407252491
10170 - 102 1 2802403873
10170 # 1504
10171 # 1504
10171 # 1504
10171 + 1067 407252491
10171 + 1067 407252491
10171 + 997 407252491
10171 + 997 407252491
10171 + 998 407252491
10171 + 1113 407252491
10171 + 1114 407252491
10172 # 1504
10172 - 1067 1 407252491
10172 # 1504
10172 - 1067 1 407252491
10173 # 1504
10173 - 997 2 407252491
10173 - 997 2 407252491
10173 # 1504
10173 - 998 2 407252491
10173 + 1114 407252491
10173 + 1018 407252491
10173 + 1018 407252491
10173 + 1018 407252491
10173 + 1018 407252491
10174 # 1504
10174 - 1113 3 407252491
10174 - 1114 3 407252491
10174 # 1504
10174 - 1114 1 407252491
10175 # 1504
10175 - 1018 2 407252491
10175 - 1018 2 407252491
10175 # 1504
10175 - 1018 2 407252491
10175 + 1018 407252491
10175 + 1012 407252491
10176 # 1504
10176 - 1018 3 407252491
10176 # 1504
10176 - 1018 1 407252491
10176 - 1012 1 407252491
10176 # 1504
10176 + 1012 407252491
10176 + 1013 407252491
10176 + 1013 407252491
10177 # 1504
10177 - 1012 1 407252491
10177 # 1504
10177 - 1013 1 407252491
10177 # 1504
10177 - 1013 1 407252491
10178 # 1504
10178 # 1504
10179 # 1504
10179 # 1504
10180 # 1504
10180 # 1504
10181 # 1504
10182 # 1504
10182 # 1504
10182 + 991 407254111
10183 # 1504
10183 - 991 1 407254111
10183 # 1504
10183 + 992 407254111
10183 + 899 407254111
10183 + 900 407254111
10183 + 927 407254111
10184 # 1504
10184 - 992 1 407254111
10184 # 1504
10184 - 899 1 407254111
10184 - 900 1 407254111
10184 + 102 2802403873
10185 # 1504
10185 - 927 2 407254111
10185 - 102 1 2802403873
10186 # 1504
10186 # 1504
10186 + 928 407254111
10186 + 928 407254111
10186 + 998 407254111
10186 + 999 407254111
10186 + 954 407254111
10187 # 1504
10187 - 928 1 407254111
10187 # 1504
10187 - 928 1 407254111
10187 - 998 1 407254111
10187 + 954 407254111
10187 + 954 407254111
10187 + 983 407254111
10188 # 1504
10188 - 999 2 407254111
10188 # 1504
10188 - 954 2 407254111
10188 - 954 1 407254111
10188 + 983 407254111
10188 + 983 407254111
10188 + 1126 407254111
10189 # 1504
10189 - 954 2 407254111
10190 # 1504
10190 - 983 3 407254111
10190 - 983 2 407254111
10190 # 1504
10190 - 983 2 407254111
10190 + 1127 407254111
10190 + 1127 407254111
10190 + 1144 407254111
10190 + 1144 407254111
10190 + 1144 407254111
10191 # 1504
10191 - 1126 3 407254111
10191 - 1127 1 407254111
10191 # 1504
10191 - 1127 1 407254111
10192 # 1504
10192 - 1144 2 407254111
10192 + 102 2802403873
10193 # 1504
10193 - 1144 3 407254111
10193 - 1144 3 407254111
10193 # 1504
10193 - 102 1 2802403873
10194 # 1504
10194 # 1504
10195 # 1504
10195 # 1504
10196 # 1504
10197 # 1504
10197 # 1504
10198 # 1504
10198 # 1504
10199 # 1504
10199 # 1504
10200 # 1504
10201 # 1504
10201 # 1504
10201 + 763 407255911
10202 # 1504
10202 - 763 1 407255911
10202 # 1504
10203 # 1504
10203 # 1504
10203 + 763 407255911
10203 + 906 407255911
10203 + 907 407255911
10203 + 971 407255911
10203 + 972 407255911
10203 + 972 407255911
10204 # 1504
10204 - 763 1 407255911
10205 # 1504
10205 - 906 2 407255911
10205 - 907 2 407255911
10205 # 1504
10205 - 971 2 407255911
10205 + 1106 407255911
10205 + 1106 407255911
10206 # 1504
10206 - 972 3 407255911
10206 - 972 3 407255911
10206 # 1504
10206 - 1106 1 407255911
10206 + 867 407255911
10206 + 867 407255911
10206 + 868 407255911
10207 # 1504
10207 - 1106 2 407255911
10207 - 867 1 407255911
10207 # 1504
10207 - 867 1 407255911
10207 - 868 1 407255911
10208 # 1504
10208 + 1190 407255911
10208 + 1191 407255911
10208 + 1124 407255911
10208 + 1125 407255911
10208 + 1125 407255911
10208 + 102 2802403873
10208 + 1083 407255911
10209 # 1504
10209 - 1190 1 407255911
10209 # 1504
10209 - 1191 1 407255911
10210 # 1504
10210 - 1124 2 407255911
10210 # 1504
10210 - 1125 2 407255911
10210 - 1125 2 407255911
10210 - 102 2 2802403873
10210 + 1083 407255911
10210 + 1083 407255911
10210 + 1083 407255911
10211 # 1504
10211 - 1083 3 407255911
10211 # 1504
10211 - 1083 1 407255911
10212 # 1504
10212 - 1083 2 407255911
10212 - 1083 2 407255911
10213 # 1504
10213 # 1504
10214 # 1504
10214 # 1504
10215 # 1504
10216 # 1504
10216 # 1504
10217 # 1504
10217 # 1504
10218 # 1504
10218 # 1504
10218 + 1081 407257531
10219 # 1504
10219 - 1081 1 407257531
10220 # 1504
10220 # 1504
10220 + 1082 407257531
10220 + 1094 407257531
10220 + 1094 407257531
10220 + 1084 407257531
10221 # 1504
10221 - 1082 1 407257531
10221 # 1504
10221 - 1094 1 407257531
10222 # 1504
10222 - 1094 2 407257531
10222 - 1084 2 407257531
10222 # 1504
10223 # 1504
10223 + 1084 407257531
10223 + 1085 407257531
10223 + 1209 407257531
10223 + 1210 407257531
10223 + 852 407257531
10223 + 852 407257531
10223 + 102 2802403873
10224 # 1504
10224 - 1084 1 407257531
10224 # 1504
10224 - 1085 1 407257531
10225 # 1504
10225 - 1209 2 407257531
10225 # 1504
10225 - 1210 2 407257531
10225 - 852 2 407257531
10225 + 852 407257531
10225 + 882 407257531
10225 + 882 407257531
10225 + 882 407257531
10225 + 1080 407257531
10226 # 1504
10226 - 852 3 407257531
10226 - 102 3 2802403873
10226 - 852 1 407257531
10226 # 1504
10226 - 882 1 407257531
10226 - 882 1 407257531
10227 # 1504
10227 - 882 2 407257531
10228 # 1504
10228 - 1080 3 407257531
10228 # 1504
10228 + 1080 407257531
10228 + 1080 407257531
10228 + 1009 407257531
10228 + 1009 407257531
10228 + 1009 407257531
10228 + 1010 407257531
10229 # 1504
10229 - 1080 1 407257531
10229 # 1504
10229 - 1080 1 407257531
10230 # 1504
10230 - 1009 2 407257531
10230 - 1009 2 407257531
10230 # 1504
10230 - 1009 2 407257531
10231 # 1504
10231 - 1010 3 407257531
10232 # 1504
10232 # 1504
10233 # 1504
10233 # 1504
10234 # 1504
10235 # 1504
10235 # 1504
10235 + 102 2802403873
10236 # 1504
10236 - 102 1 2802403873
10236 # 1504
10236 + 893 407259151
10237 # 1504
10237 - 893 1 407259151
10237 # 1504
10238 # 1504
10238 + 894 407259151
10238 + 894 407259151
10238 + 1019 407259151
10238 + 1019 407259151
10239 # 1504
10239 - 894 1 407259151
10239 # 1504
10239 - 894 1 407259151
10239 - 1019 1 407259151
10239 + 1019 407259151
10240 # 1504
10240 - 1019 2 407259151
10240 # 1504
10240 - 1019 1 407259151
10240 + 923 407259151
10240 + 923 407259151
10240 + 923 407259151
10240 + 874 407259151
10240 + 875 407259151
10241 # 1504
10241 - 923 1 407259151
10241 # 1504
10241 - 923 1 407259151
10241 - 923 1 407259151
10242 # 1504
10242 - 874 2 407259151
10242 + 875 407259151
10242 + 1150 407259151
10242 + 1151 407259151
10243 # 1504
10243 - 875 3 407259151
10243 - 875 1 407259151
10243 # 1504
10243 - 1150 1 407259151
10243 + 904 407259151
10243 + 905 407259151
10244 # 1504
10244 - 1151 2 407259151
10244 - 904 1 407259151
10244 # 1504
10244 - 905 1 407259151
10245 # 1504
10245 # 1504
10245 + 905 407259151
10245 + 987 407259151
10245 + 987 407259151
10245 + 988 407259151
10245 + 990 407259151
10246 # 1504
10246 - 905 1 407259151
10247 # 1504
10247 - 987 2 407259151
10247 - 987 2 407259151
10247 # 1504
10247 - 988 2 407259151
10247 + 990 407259151
10247 + 991 407259151
10247 + 991 407259151
10248 # 1504
10248 - 990 3 407259151
10248 - 990 1 407259151
10248 # 1504
10248 - 991 1 407259151
10249 # 1504
10249 - 991 2 407259151
10249 # 1504
10250 # 1504
10251 # 1504
10251 # 1504
10251 + 102 2802403873
10252 # 1504
10252 - 102 1 2802403873
10252 # 1504
10253 # 1504
10253 # 1504
10254 # 1504
10254 + 1029 407260681
10255 # 1504
10255 - 1029 1 407260681
10255 # 1504
10256 # 1504
10256 # 1504
10256 + 1030 407260681
10257 # 1504
10257 - 1030 1 407260681
10257 + 1030 407260681
10257 + 990 407260681
10257 + 991 407260681
10257 + 991 407260681
10258 # 1504
10258 - 1030 1 407260681
10258 # 1504
10258 - 990 1 407260681
10259 # 1504
10259 - 991 2 407260681
10259 - 991 2 407260681
10259 # 1504
10259 + 914 407260681
10259 + 915 407260681
10259 + 915 407260681
10259 + 1084 407260681
10259 + 1085 407260681
10259 + 1185 407260681
10260 # 1504
10260 - 914 1 407260681
10260 # 1504
10260 - 915 1 407260681
10260 - 915 1 407260681
10260 + 102 2802403873
10261 # 1504
10261 - 1084 2 407260681
10261 + 1185 407260681
10261 + 927 407260681
10262 # 1504
10262 - 1085 3 407260681
10262 # 1504
10262 - 1185 3 407260681
10262 - 102 2 2802403873
10262 - 1185 1 407260681
10262 + 928 407260681
10262 + 928 407260681
10262 + 1075 407260681
10263 # 1504
10263 - 927 2 407260681
10263 # 1504
10263 - 928 1 407260681
10263 - 928 1 407260681
10264 # 1504
10264 - 1075 2 407260681
10264 # 1504
10264 + 1075 407260681
10264 + 1075 407260681
10264 + 1076 407260681
10264 + 1076 407260681
10264 + 1076 407260681
10265 # 1504
10265 - 1075 1 407260681
10265 + 1076 407260681
10266 # 1504
10266 - 1075 2 407260681
10266 # 1504
10266 - 1076 2 407260681
10266 - 1076 2 407260681
10267 # 1504
10267 - 1076 3 407260681
10267 # 1504
10267 - 1076 2 407260681
10268 # 1504
10268 # 1504
10269 # 1504
10269 + 102 2802403873
10270 # 1504
10270 - 102 1 2802403873
10270 # 1504
10271 # 1504
10271 # 1504
10272 # 1504
10272 # 1504
10272 + 903 407262301
10273 # 1504
10273 - 903 1 407262301
10273 + 904 407262301
10273 + 904 407262301
10273 + 894 407262301
10274 # 1504
10274 - 904 1 407262301
10274 # 1504
10274 - 904 1 407262301
10274 - 894 1 407262301
10275 # 1504
10275 # 1504
10275 + 894 407262301
10275 + 894 407262301
10275 + 904 407262301
10275 + 904 407262301
10276 # 1504
10276 - 894 1 407262301
10276 + 102 2802403873
10277 # 1504
10277 - 894 2 407262301
10277 - 904 2 407262301
10277 # 1504
10277 - 904 2 407262301
10277 - 102 1 2802403873
10277 + 905 407262301
10277 + 883 407262301
10277 + 884 407262301
10277 + 1188 407262301
10277 + 1188 407262301
10278 # 1504
10278 - 905 1 407262301
10278 # 1504
10278 - 883 1 407262301
10278 - 884 1 407262301
10278 + 930 407262301
10278 + 930 407262301
10279 # 1504
10279 - 1188 2 407262301
10279 # 1504
10279 - 1188 2 407262301
10279 - 930 1 407262301
10279 + 930 407262301
10279 + 1062 407262301
10280 # 1504
10280 - 930 2 407262301
10280 + 1063 407262301
10280 + 1063 407262301
10281 # 1504
10281 - 930 2 407262301
10281 - 1062 2 407262301
10281 # 1504
10281 - 1063 1 407262301
10282 # 1504
10282 - 1063 2 407262301
10282 # 1504
10282 + 1030 407262301
10282 + 1030 407262301
10282 + 1031 407262301
10282 + 1031 407262301
10282 + 1031 407262301
10283 # 1504
10283 - 1030 1 407262301
10283 # 1504
10283 - 1030 1 407262301
10284 # 1504
10284 - 1031 2 407262301
10284 - 1031 2 407262301
10284 + 102 2802403873
10285 # 1504
10285 - 1031 3 407262301
10285 - 102 1 2802403873
10285 # 1504
10286 # 1504
10286 # 1504
10287 # 1504
10287 # 1504
10288 # 1504
10289 # 1504
10289 # 1504
10290 # 1504
10290 # 1504
10290 + 1069 407263921
10291 # 1504
10291 - 1069 1 407263921
10291 # 1504
10291 + 102 2802403873
10292 # 1504
10292 - 102 1 2802403873
10292 + 1070 407263921
10293 # 1504
10293 - 1070 1 407263921
10293 # 1504
10293 + 1070 407263921
10293 + 1176 407263921
10293 + 1176 407263921
10293 + 1176 407263921
10294 # 1504
10294 - 1070 1 407263921
10294 # 1504
10294 - 1176 1 407263921
10294 + 928 407263921
10294 + 928 407263921
10294 + 929 407263921
10295 # 1504
10295 - 1176 2 407263921
10295 + 988 407263921
10295 + 989 407263921
10295 + 903 407263921
10296 # 1504
10296 - 1176 3 407263921
10296 - 928 2 407263921
10296 # 1504
10296 - 928 2 407263921
10296 - 929 2 407263921
10296 + 903 407263921
10296 + 903 407263921
10296 + 1164 407263921
10297 # 1504
10297 - 988 2 407263921
10297 # 1504
10297 - 989 2 407263921
10297 - 903 2 407263921
10297 + 1164 407263921
10298 # 1504
10298 - 903 2 407263921
10298 # 1504
10298 - 903 2 407263921
10298 - 1164 2 407263921
10299 # 1504
10299 - 1164 2 407263921
10299 + 1005 407263921
10299 + 1005 407263921
10299 + 1005 407263921
10299 + 1005 407263921
10299 + 1189 407263921
10300 # 1504
10300 - 1005 1 407263921
10300 # 1504
10300 - 1005 1 407263921
10301 # 1504
10301 - 1005 2 407263921
10301 - 1005 2 407263921
10301 # 1504
10301 - 1189 2 407263921
10301 + 1189 407263921
10301 + 1190 407263921
10301 + 1190 407263921
10302 # 1504
10302 - 1189 1 407263921
10302 # 1504
10302 - 1190 1 407263921
10302 + 102 2802403873
10303 # 1504
10303 - 1190 2 407263921
10303 - 102 1 2802403873
10304 # 1504
10304 # 1504
10305 # 1504
10305 # 1504
10306 # 1504
10306 # 1504
10307 # 1504
10308 # 1504
10308 # 1504
10308 + 1064 407265541
10309 # 1504
10309 - 1064 1 407265541
10309 # 1504
10310 # 1504
10310 # 1504
10310 + 1064 407265541
10310 + 1065 407265541
10310 + 885 407265541
10310 + 886 407265541
10310 + 886 407265541
10311 # 1504
10311 - 1064 1 407265541
10312 # 1504
10312 - 1065 2 407265541
10312 # 1504
10312 - 885 2 407265541
10312 - 886 2 407265541
10312 + 102 2802403873
10313 # 1504
10313 - 886 3 407265541
10313 - 102 1 2802403873
10313 # 1504
10313 + 967 407265541
10313 + 967 407265541
10313 + 967 407265541
10313 + 1026 407265541
10313 + 1027 407265541
10313 + 873 407265541
10313 + 873 407265541
10314 # 1504
10314 - 967 1 407265541
10314 # 1504
10314 - 967 1 407265541
10314 - 967 1 407265541
10315 # 1504
10315 - 1026 2 407265541
10315 + 873 407265541
10315 + 857 407265541
10315 + 858 407265541
10315 + 858 407265541
10315 + 1068 407265541
10315 + 1069 407265541
10316 # 1504
10316 - 1027 3 407265541
10316 - 873 3 407265541
10316 # 1504
10316 - 873 3 407265541
10317 # 1504
10317 - 873 2 407265541
10317 - 857 2 407265541
10317 # 1504
10317 - 858 2 407265541
10317 - 858 2 407265541
10317 + 1069 407265541
10317 + 1070 407265541
10317 + 1071 407265541
10318 # 1504
10318 - 1068 3 407265541
10318 + 1071 407265541
10319 # 1504
10319 - 1069 4 407265541
10319 - 1069 2 407265541
10319 # 1504
10319 - 1070 2 407265541
10319 + 1071 407265541
10319 + 1071 407265541
10320 # 1504
10320 - 1071 3 407265541
10320 # 1504
10320 - 1071 2 407265541
10320 - 1071 1 407265541
10321 # 1504
10321 - 1071 2 407265541
10321 # 1504
10322 # 1504
10323 # 1504
10323 # 1504
10323 + 102 2802403873
10324 # 1504
10324 - 102 1 2802403873
10324 # 1504
10325 # 1504
10325 # 1504
10326 # 1504
10326 + 1220 407267161
10327 # 1504
10327 - 1220 1 407267161
10327 # 1504
10328 # 1504
10328 # 1504
10328 + 1221 407267161
10328 + 1221 407267161
10328 + 929 407267161
10328 + 929 407267161
10328 + 929 407267161
10329 # 1504
10329 - 1221 1 407267161
10329 # 1504
10329 - 1221 1 407267161
10330 # 1504
10330 - 929 2 407267161
10330 - 929 2 407267161
10331 # 1504
10331 - 929 3 407267161
10331 # 1504
10331 + 979 407267161
10331 + 979 407267161
10331 + 980 407267161
10331 + 1017 407267161
10331 + 1018 407267161
10331 + 1218 407267161
10332 # 1504
10332 - 979 1 407267161
10332 # 1504
10332 - 979 1 407267161
10332 - 980 1 407267161
10333 # 1504
10333 - 1017 2 407267161
10333 # 1504
10333 - 1018 2 407267161
10333 + 1218 407267161
10333 + 917 407267161
10333 + 917 407267161
10333 + 918 407267161
10333 + 1046 407267161
10334 # 1504
10334 - 1218 3 407267161
10334 - 1218 1 407267161
10335 # 1504
10335 - 917 2 407267161
10335 # 1504
10335 - 917 2 407267161
10335 - 918 2 407267161
10336 # 1504
10336 - 1046 3 407267161
10336 # 1504
10336 + 1046 407267161
10336 + 1046 407267161
10336 + 1046 407267161
10336 + 1159 407267161
10336 + 1159 407267161
10336 + 1160 407267161
10337 # 1504
10337 - 1046 1 407267161
10338 # 1504
10338 - 1046 2 407267161
10338 # 1504
10338 - 1046 2 407267161
10338 - 1159 2 407267161
10338 + 1160 407267161
10338 + 1160 407267161
10338 + 102 2802403873
10339 # 1504
10339 - 1159 3 407267161
10339 # 1504
10339 - 1160 3 407267161
10340 # 1504
10340 - 1160 2 407267161
10340 - 1160 2 407267161
10340 # 1504
10340 - 102 2 2802403873
10341 # 1504
10342 # 1504
10342 # 1504
10343 # 1504
10343 # 1504
10344 # 1504
10344 # 1504
10344 + 956 407268781
10345 # 1504
10345 - 956 1 407268781
10346 # 1504
10346 # 1504
10346 + 956 407268781
10346 + 957 407268781
10346 + 1024 407268781
10346 + 1024 407268781
10346 + 1024 407268781
10346 + 968 407268781
10347 # 1504
10347 - 956 1 407268781
10347 # 1504
10347 - 957 1 407268781
10347 - 1024 1 407268781
10347 + 102 2802403873
10348 # 1504
10348 - 1024 2 407268781
10348 # 1504
10348 - 1024 2 407268781
10348 - 968 2 407268781
10349 # 1504
10349 - 102 2 2802403873
10349 + 968 407268781
10349 + 968 407268781
10349 + 1041 407268781
10349 + 1041 407268781
10349 + 872 407268781
10349 + 872 407268781
10350 # 1504
10350 - 968 1 407268781
10350 # 1504
10350 - 968 1 407268781
10350 - 1041 1 407268781
10351 # 1504
10351 - 1041 2 407268781
10351 # 1504
10351 - 872 2 407268781
10351 - 872 2 407268781
10351 + 873 407268781
10351 + 1122 407268781
10351 + 1122 407268781
10351 + 1200 407268781
10351 + 1201 407268781
10352 # 1504
10352 - 873 1 407268781
10352 # 1504
10352 - 1122 1 407268781
10353 # 1504
10353 - 1122 2 407268781
10353 - 1200 2 407268781
10354 # 1504
10354 - 1201 3 407268781
10354 # 1504
10354 + 1201 407268781
10354 + 1129 407268781
10354 + 1129 407268781
10354 + 1129 407268781
10354 + 1129 407268781
10354 + 102 2802403873
10355 # 1504
10355 - 1201 1 407268781
10355 # 1504
10355 - 1129 1 407268781
10355 + 1129 407268781
10356 # 1504
10356 - 1129 2 407268781
10357 # 1504
10357 - 1129 3 407268781
10357 - 1129 3 407268781
10357 - 102 3 2802403873
10357 # 1504
10357 - 1129 2 407268781
10358 # 1504
10358 # 1504
10359 # 1504
10359 # 1504
10360 # 1504
10361 # 1504
10361 # 1504
10361 + 102 2802403873
10361 + 1010 407270401
10362 # 1504
10362 - 102 1 2802403873
10362 - 1010 1 407270401
10362 # 1504
10363 # 1504
10363 # 1504
10364 # 1504
10365 # 1504
10365 # 1504
10365 + 1010 407270401
10365 + 1010 407270401
10365 + 1121 407270401
10365 + 1122 407270401
10365 + 1122 407270401
10365 + 900 407270401
10365 + 901 407270401
10365 + 901 407270401
10365 + 1023 407270401
10366 # 1504
10366 - 1010 1 407270401
10366 # 1504
10366 - 1010 1 407270401
10367 # 1504
10367 - 1121 2 407270401
10367 - 1122 2 407270401
10367 # 1504
10367 - 1122 2 407270401
10367 + 1023 407270401
10367 + 922 407270401
10367 + 923 407270401
10367 + 923 407270401
10368 # 1504
10368 - 900 3 407270401
10368 - 901 3 407270401
10369 # 1504
10369 - 901 4 407270401
10369 # 1504
10369 - 1023 4 407270401
10369 - 1023 2 407270401
10369 + 938 407270401
10369 + 939 407270401
10369 + 1116 407270401
10370 # 1504
10370 - 922 3 407270401
10370 - 923 3 407270401
10370 # 1504
10370 - 923 3 407270401
10370 + 1116 407270401
10370 + 1116 407270401
10371 # 1504
10371 - 938 2 407270401
10371 - 939 2 407270401
10371 # 1504
10371 - 1116 2 407270401
10372 # 1504
10372 - 1116 2 407270401
10372 + 1064 407270401
10372 + 1064 407270401
10372 + 1065 407270401
10372 + 1065 407270401
10372 + 1065 407270401
10373 # 1504
10373 - 1116 3 407270401
10373 - 1064 1 407270401
10373 # 1504
10373 - 1064 1 407270401
10373 + 102 2802403873
10374 # 1504
10374 - 1065 2 407270401
10374 - 1065 2 407270401
10374 # 1504
10374 - 1065 2 407270401
10374 - 102 1 2802403873
10375 # 1504
10375 # 1504
10376 # 1504
10377 # 1504
10377 # 1504
10378 # 1504
10378 # 1504
10378 # 1504
10378 # 1504
10378 # 1504
10379 # 1504
10379 # 1504
10379 # 1504
10379 + 971 407272021
10380 # 1504
10380 - 971 1 407272021
10380 # 1504
10380 # 1504
10381 # 1504
10381 # 1504
10381 # 1504
10382 # 1504
10382 # 1504
10382 # 1504
10382 + 971 407272021
10382 + 972 407272021
10382 + 1036 407272021
10382 + 1037 407272021
10382 + 1037 407272021
10383 # 1504
10383 - 971 1 407272021
10383 # 1504
10383 - 972 1 407272021
10383 - 1036 1 407272021
10383 # 1504
10383 - 1037 1 407272021
10384 # 1504
10384 - 1037 2 407272021
10384 # 1504
10384 + 1168 407272021
10384 + 1168 407272021
10384 + 1013 407272021
10384 + 1013 407272021
10384 + 1216 407272021
10384 + 1217 407272021
10385 # 1504
10385 - 1168 1 407272021
10385 # 1504
10385 - 1168 1 407272021
10385 # 1504
10385 - 1013 1 407272021
10385 - 1013 1 407272021
10386 # 1504
10386 - 1216 2 407272021
10386 # 1504
10386 - 1217 2 407272021
10386 # 1504
10387 # 1504
10387 # 1504
10387 # 1504
10387 + 1089 407272021
10387 + 1089 407272021
10387 + 966 407272021
10387 + 966 407272021
10388 # 1504
10388 - 1089 1 407272021
10388 # 1504
10388 - 1089 1 407272021
10388 # 1504
10388 - 966 1 407272021
10388 - 966 1 407272021
10388 + 967 407272021
10388 + 1163 407272021
10388 + 1163 407272021
10389 # 1504
10389 - 967 1 407272021
10389 # 1504
10389 - 1163 1 407272021
10389 # 1504
10389 - 1163 1 407272021
10389 + 102 2802403873
10390 # 1504
10390 - 102 1 2802403873
10390 # 1504
10390 # 1504
10390 + 1163 407272021
10390 + 1163 407272021
10390 + 1163 407272021
10391 # 1504
10391 - 1163 1 407272021
10391 # 1504
10391 - 1163 1 407272021
10391 # 1504
10391 - 1163 1 407272021
10392 # 1504
10392 # 1504
10392 # 1504
10393 # 1504
10393 # 1504
10393 # 1504
10394 # 1504
10394 # 1504
10394 # 1504
10395 # 1504
10395 # 1504
10395 # 1504
10396 # 1504
10396 # 1504
10396 # 1504
10397 # 1504
10397 # 1504
10397 # 1504
10397 + 990 407273551
10398 # 1504
10398 - 990 1 407273551
10398 # 1504
10398 # 1504
10398 + 990 407273551
10398 + 990 407273551
10399 # 1504
10399 - 990 1 407273551
10399 # 1504
10399 - 990 1 407273551
10399 # 1504
10399 + 965 407273551
10399 + 966 407273551
10400 # 1504
10400 - 965 1 407273551
10400 # 1504
10400 - 966 1 407273551
10400 # 1504
10401 # 1504
10401 # 1504
10401 # 1504
10402 # 1504
10402 # 1504
10402 # 1504
10402 + 966 407273551
10402 + 1073 407273551
10402 + 1073 407273551
10402 + 1182 407273551
10402 + 1183 407273551
10403 # 1504
10403 - 966 1 407273551
10403 # 1504
10403 - 1073 1 407273551
10403 # 1504
10403 - 1073 1 407273551
10403 - 1182 1 407273551
10404 # 1504
10404 - 1183 2 407273551
10404 # 1504
10404 # 1504
10404 + 970 407273551
10404 + 970 407273551
10404 + 1016 407273551
10404 + 1017 407273551
10404 + 1048 407273551
10404 + 1048 407273551
10404 + 102 2802403873
10404 + 1164 407273551
10405 # 1504
10405 - 970 1 407273551
10405 # 1504
10405 - 970 1 407273551
10405 - 1016 1 407273551
10405 # 1504
10405 - 1017 1 407273551
10406 # 1504
10406 - 1048 2 407273551
10406 # 1504
10406 - 1048 2 407273551
10406 - 102 2 2802403873
10406 - 1164 2 407273551
10406 # 1504
10406 + 1164 407273551
10406 + 1165 407273551
10406 + 1165 407273551
10406 + 1165 407273551
10407 # 1504
10407 - 1164 1 407273551
10407 # 1504
10407 - 1165 1 407273551
10407 # 1504
10407 - 1165 1 407273551
10408 # 1504
10408 - 1165 2 407273551
10408 # 1504
10408 # 1504
10409 # 1504
10409 # 1504
10409 # 1504
10410 # 1504
10410 # 1504
10410 # 1504
10411 # 1504
10411 # 1504
10411 # 1504
10411 + 102 2802403873
10412 # 1504
10412 - 102 1 2802403873
10412 # 1504
10413 # 1504
10413 # 1504
10413 # 1504
10414 # 1504
10414 # 1504
10414 # 1504
10415 # 1504
10415 # 1504
10415 # 1504
10415 + 942 407275171
10416 # 1504
10416 - 942 1 407275171
10416 # 1504
10416 # 1504
10416 + 943 407275171
10416 + 943 407275171
10416 + 890 407275171
10417 # 1504
10417 - 943 1 407275171
10417 # 1504
10417 - 943 1 407275171
10417 - 890 1 407275171
10417 # 1504
10418 # 1504
10418 # 1504
10418 # 1504
10418 + 890 407275171
10418 + 890 407275171
10418 + 1044 407275171
10419 # 1504
10419 - 890 1 407275171
10419 # 1504
10419 - 890 1 407275171
10419 - 1044 1 407275171
10419 # 1504
10420 # 1504
10420 # 1504
10420 # 1504
10420 + 102 2802403873
10420 + 1045 407275171
10420 + 869 407275171
10420 + 869 407275171
10420 + 869 407275171
10420 + 1176 407275171
10420 + 1177 407275171
10421 # 1504
10421 - 102 1 2802403873
10421 - 1045 1 407275171
10421 # 1504
10421 - 869 1 407275171
10421 - 869 1 407275171
10421 # 1504
10421 - 869 1 407275171
10422 # 1504
10422 - 1176 2 407275171
10422 # 1504
10422 - 1177 2 407275171
10422 # 1504
10422 + 1071 407275171
10422 + 1071 407275171
10422 + 970 407275171
10422 + 970 407275171
10423 # 1504
10423 - 1071 1 407275171
10423 # 1504
10423 - 1071 1 407275171
10423 # 1504
10423 - 970 1 407275171
10423 - 970 1 407275171
10423 + 1071 407275171
10424 # 1504
10424 - 1071 1 407275171
10424 # 1504
10424 # 1504
10424 + 1071 407275171
10424 + 1071 407275171
10424 + 1071 407275171
10424 + 1071 407275171
10425 # 1504
10425 - 1071 1 407275171
10425 # 1504
10425 - 1071 1 407275171
10425 # 1504
10425 - 1071 1 407275171
10425 - 1071 1 407275171
10426 # 1504
10426 # 1504
10426 # 1504
10427 # 1504
10427 # 1504
10427 # 1504
10428 # 1504
10428 # 1504
10428 # 1504
10429 # 1504
10429 # 1504
10429 # 1504
10430 # 1504
10430 # 1504
10430 # 1504
10431 # 1504
10431 # 1504
10431 # 1504
10431 + 102 2802403873
10432 # 1504
10432 - 102 1 2802403873
10432 # 1504
10432 # 1504
10433 # 1504
10433 # 1504
10433 # 1504
10433 + 982 407276791
10434 # 1504
10434 - 982 1 407276791
10434 # 1504
10434 # 1504
10435 # 1504
10435 # 1504
10435 # 1504
10435 + 983 407276791
10435 + 983 407276791
10435 + 914 407276791
10435 + 914 407276791
10435 + 914 407276791
10436 # 1504
10436 - 983 1 407276791
10436 # 1504
10436 - 983 1 407276791
10436 - 914 1 407276791
10436 # 1504
10436 - 914 1 407276791
10437 # 1504
10437 - 914 2 407276791
10437 # 1504
10437 # 1504
10437 + 1117 407276791
10437 + 1117 407276791
10437 + 957 407276791
10437 + 957 407276791
10437 + 957 407276791
10437 + 1168 407276791
10438 # 1504
10438 - 1117 1 407276791
10438 # 1504
10438 - 1117 1 407276791
10438 # 1504
10438 - 957 1 407276791
10438 - 957 1 407276791
10439 # 1504
10439 - 957 2 407276791
10439 # 1504
10439 - 1168 2 407276791
10440 # 1504
10440 # 1504
10440 # 1504
10440 + 1168 407276791
10440 + 1202 407276791
10440 + 1202 407276791
10440 + 992 407276791
10440 + 993 407276791
10441 # 1504
10441 - 1168 1 407276791
10441 # 1504
10441 - 1202 1 407276791
10441 # 1504
10441 - 1202 1 407276791
10442 # 1504
10442 - 992 2 407276791
10442 - 993 2 407276791
10442 # 1504
10442 # 1504
10442 + 1186 407276791
10442 + 1186 407276791
10442 + 1187 407276791
10442 + 1187 407276791
10443 # 1504
10443 - 1186 1 407276791
10443 # 1504
10443 - 1186 1 407276791
10443 # 1504
10443 - 1187 1 407276791
10444 # 1504
10444 - 1187 2 407276791
10444 # 1504
10444 # 1504
10445 # 1504
10445 # 1504
10445 # 1504
10445 + 102 2802403873
10446 # 1504
10446 - 102 1 2802403873
10446 # 1504
10446 # 1504
10447 # 1504
10447 # 1504
10447 # 1504
10448 # 1504
10448 # 1504
10448 # 1504
10449 # 1504
10449 # 1504
10449 # 1504
10450 # 1504
10450 # 1504
10450 # 1504
10450 + 1139 407278411
10451 # 1504
10451 - 1139 1 407278411
10451 # 1504
10451 # 1504
10452 # 1504
10452 # 1504
10452 # 1504
10452 + 102 2802403873
10452 + 1140 407278411
10452 + 1085 407278411
10452 + 1086 407278411
10452 + 1117 407278411
10453 # 1504
10453 - 102 1 2802403873
10453 - 1140 1 407278411
10453 # 1504
10453 - 1085 1 407278411
10453 # 1504
10453 - 1086 1 407278411
10454 # 1504
10454 - 1117 2 407278411
10454 # 1504
10454 # 1504
10454 + 1117 407278411
10454 + 1025 407278411
10454 + 1026 407278411
10454 + 1157 407278411
10454 + 1157 407278411
10455 # 1504
10455 - 1117 1 407278411
10455 # 1504
10455 - 1025 1 407278411
10455 # 1504
10455 - 1026 1 407278411
10455 - 1157 1 407278411
10456 # 1504
10456 - 1157 2 407278411
10456 # 1504
10456 # 1504
10456 + 935 407278411
10457 # 1504
10457 - 935 1 407278411
10457 # 1504
10457 # 1504
10457 + 935 407278411
10457 + 977 407278411
10457 + 978 407278411
10457 + 1204 407278411
10457 + 1205 407278411
10458 # 1504
10458 - 935 1 407278411
10458 # 1504
10458 - 977 1 407278411
10458 - 978 1 407278411
10458 # 1504
10458 - 1204 1 407278411
10459 # 1504
10459 - 1205 2 407278411
10459 # 1504
10459 # 1504
10459 + 1205 407278411
10460 # 1504
10460 - 1205 1 407278411
10460 # 1504
10460 # 1504
10461 # 1504
10461 # 1504
10461 # 1504
10462 # 1504
10462 # 1504
10462 # 1504
10463 # 1504
10463 # 1504
10463 # 1504
10464 # 1504
10464 # 1504
10464 # 1504
10464 + 102 2802403873
10465 # 1504
10465 - 102 1 2802403873
10465 # 1504
10465 # 1504
10466 # 1504
10466 # 1504
10466 # 1504
10467 # 1504
10467 # 1504
10467 + 1102 407280031
10468 # 1504
10468 - 1102 1 407280031
10468 # 1504
10468 # 1504
10469 # 1504
10469 # 1504
10469 # 1504
10470 # 1504
10470 # 1504
10470 # 1504
10470 + 1102 407280031
10470 + 939 407280031
10470 + 939 407280031
10470 + 1036 407280031
10470 + 1036 407280031
10471 # 1504
10471 - 1102 1 407280031
10471 # 1504
10471 - 939 1 407280031
10471 - 939 1 407280031
10471 # 1504
10471 - 1036 1 407280031
10472 # 1504
10472 - 1036 2 407280031
10472 # 1504
10472 # 1504
10472 + 946 407280031
10472 + 946 407280031
10472 + 1004 407280031
10473 # 1504
10473 - 946 1 407280031
10473 # 1504
10473 - 946 1 407280031
10473 - 1004 1 407280031
10473 # 1504
10473 + 1005 407280031
10473 + 902 407280031
10473 + 902 407280031
10473 + 767 407280031
10473 + 767 407280031
10474 # 1504
10474 - 1005 1 407280031
10474 # 1504
10474 - 902 1 407280031
10474 - 902 1 407280031
10474 # 1504
10474 - 767 1 407280031
10474 - 767 1 407280031
10474 + 1154 407280031
10474 + 1155 407280031
10474 + 1155 407280031
10475 # 1504
10475 - 1154 1 407280031
10475 # 1504
10475 - 1155 1 407280031
10475 # 1504
10475 - 1155 1 407280031
10476 # 1504
10476 # 1504
10476 # 1504
10477 # 1504
10477 # 1504
10477 # 1504
10478 # 1504
10478 # 1504
10478 # 1504
10479 # 1504
10479 # 1504
10479 # 1504
10479 + 102 2802403873
10480 # 1504
10480 - 102 1 2802403873
10480 # 1504
10480 # 1504
10481 # 1504
10481 # 1504
10481 # 1504
10482 # 1504
10482 # 1504
10482 # 1504
10483 # 1504
10483 # 1504
10483 # 1504
10484 # 1504
10484 # 1504
10484 # 1504
10485 # 1504
10485 # 1504
10485 # 1504
10485 + 1171 407281651
10486 # 1504
10486 - 1171 1 407281651
10486 # 1504
10486 # 1504
10487 # 1504
10487 # 1504
10487 # 1504
10488 # 1504
10488 # 1504
10488 # 1504
10488 + 1172 407281651
10488 + 1021 407281651
10488 + 1021 407281651
10488 + 945 407281651
10488 + 946 407281651
10489 # 1504
10489 - 1172 1 407281651
10489 # 1504
10489 - 1021 1 407281651
10489 # 1504
10489 - 1021 1 407281651
10489 - 945 1 407281651
10490 # 1504
10490 - 946 2 407281651
10490 # 1504
10490 # 1504
10490 + 944 407281651
10490 + 944 407281651
10491 # 1504
10491 - 944 1 407281651
10491 # 1504
10491 - 944 1 407281651
10491 # 1504
10491 + 1172 407281651
10491 + 1173 407281651
10491 + 873 407281651
10491 + 873 407281651
10491 + 755 407281651
10492 # 1504
10492 - 1172 1 407281651
10492 # 1504
10492 - 1173 1 407281651
10492 # 1504
10492 - 873 1 407281651
10492 - 873 1 407281651
10492 + 755 407281651
10492 + 1100 407281651
10492 + 1101 407281651
10493 # 1504
10493 - 755 2 407281651
10493 - 755 1 407281651
10493 # 1504
10493 - 1100 1 407281651
10493 # 1504
10493 - 1101 1 407281651
10494 # 1504
10494 # 1504
10494 # 1504
10494 + 1101 407281651
10494 + 102 2802403873
10495 # 1504
10495 - 1101 1 407281651
10495 - 102 1 2802403873
10495 # 1504
10496 # 1504
10496 # 1504
10496 # 1504
10497 # 1504
10497 # 1504
10497 # 1504
10498 # 1504
10498 # 1504
10498 # 1504
10499 # 1504
10499 # 1504
10499 # 1504
10500 # 1504
10500 # 1504
10500 # 1504
10501 # 1504
10501 # 1504
10501 # 1504
10502 # 1504
10502 # 1504
10502 # 1504
10503 # 1504
10503 # 1504
10503 # 1504
10503 + 928 407283271
10504 # 1504
10504 - 928 1 407283271
10504 # 1504
10504 # 1504
10505 # 1504
10505 # 1504
10505 # 1504
10505 + 928 407283271
10505 + 929 407283271
10506 # 1504
10506 - 928 1 407283271
10506 # 1504
10506 - 929 1 407283271
10506 # 1504
10506 + 1025 407283271
10506 + 1026 407283271
10506 + 1224 407283271
10507 # 1504
10507 - 1025 1 407283271
10507 # 1504
10507 - 1026 1 407283271
10507 # 1504
10507 - 1224 1 407283271
10507 + 1225 407283271
10507 + 1133 407283271
10508 # 1504
10508 - 1225 1 407283271
10508 # 1504
10508 - 1133 1 407283271
10508 # 1504
10508 + 1133 407283271
10508 + 1221 407283271
10509 # 1504
10509 - 1133 1 407283271
10509 # 1504
10509 - 1221 1 407283271
10509 # 1504
10509 + 102 2802403873
10509 + 1221 407283271
10509 + 976 407283271
10509 + 976 407283271
10510 # 1504
10510 - 102 1 2802403873
10510 - 1221 1 407283271
10510 # 1504
10510 - 976 1 407283271
10510 # 1504
10510 - 976 1 407283271
10511 # 1504
10511 # 1504
10511 # 1504
10511 + 870 407283271
10511 + 870 407283271
10511 + 1235 407283271
10511 + 1235 407283271
10511 + 1235 407283271
10512 # 1504
10512 - 870 1 407283271
10512 # 1504
10512 - 870 1 407283271
10512 - 1235 1 407283271
10512 # 1504
10512 - 1235 1 407283271
10513 # 1504
10513 - 1235 2 407283271
10513 # 1504
10513 # 1504
10514 # 1504
10514 # 1504
10514 # 1504
10515 # 1504
10515 # 1504
10515 # 1504
10516 # 1504
10516 # 1504
10516 # 1504
10516 + 102 2802403873
10517 # 1504
10517 - 102 1 2802403873
10517 # 1504
10517 # 1504
10518 # 1504
10518 # 1504
10518 # 1504
10519 # 1504
10519 # 1504
10519 # 1504
10520 # 1504
10520 # 1504
10520 # 1504
10521 # 1504
10521 # 1504
10521 # 1504
10522 # 1504
10522 # 1504
10522 # 1504
10522 + 1107 407284801
10523 # 1504
10523 - 1107 1 407284801
10523 # 1504
10523 + 1107 407284801
10524 # 1504
10524 - 1107 1 407284801
10524 # 1504
10524 # 1504
10524 + 1107 407284801
10524 + 861 407284801
10525 # 1504
10525 - 1107 1 407284801
10525 # 1504
10525 - 861 1 407284801
10525 # 1504
10525 + 862 407284801
10525 + 862 407284801
10525 + 1075 407284801
10526 # 1504
10526 - 862 1 407284801
10526 # 1504
10526 - 862 1 407284801
10526 - 1075 1 407284801
10526 # 1504
10527 # 1504
10527 # 1504
10527 # 1504
10527 + 1075 407284801
10527 + 914 407284801
10527 + 915 407284801
10527 + 1050 407284801
10527 + 1050 407284801
10528 # 1504
10528 - 1075 1 407284801
10528 # 1504
10528 - 914 1 407284801
10528 - 915 1 407284801
10528 # 1504
10528 - 1050 1 407284801
10529 # 1504
10529 - 1050 2 407284801
10529 # 1504
10529 # 1504
10529 + 884 407284801
10529 + 885 407284801
10529 + 838 407284801
10529 + 839 407284801
10530 # 1504
10530 - 884 1 407284801
10530 # 1504
10530 - 885 1 407284801
10530 - 838 1 407284801
10530 # 1504
10530 - 839 1 407284801
10530 + 1194 407284801
10530 + 1194 407284801
10531 # 1504
10531 - 1194 1 407284801
10531 # 1504
10531 - 1194 1 407284801
10531 # 1504
10531 + 102 2802403873
10531 + 1194 407284801
10532 # 1504
10532 - 102 1 2802403873
10532 - 1194 1 407284801
10532 # 1504
10532 # 1504
10533 # 1504
10533 # 1504
10533 # 1504
10534 # 1504
10534 # 1504
10534 # 1504
10535 # 1504
10535 # 1504
10535 # 1504
10536 # 1504
10536 # 1504
10536 # 1504
10537 # 1504
10537 # 1504
10537 # 1504
10538 # 1504
10538 # 1504
10538 # 1504
10539 # 1504
10539 # 1504
10539 # 1504
10539 + 102 2802403873
10540 # 1504
10540 - 102 1 2802403873
10540 # 1504
10540 # 1504
10540 + 1066 407286421
10541 # 1504
10541 - 1066 1 407286421
10541 # 1504
10541 # 1504
10542 # 1504
10542 # 1504
10542 # 1504
10542 + 1066 407286421
10542 + 1067 407286421
10542 + 883 407286421
10542 + 883 407286421
10542 + 883 407286421
10543 # 1504
10543 - 1066 1 407286421
10543 # 1504
10543 - 1067 1 407286421
10543 # 1504
10543 - 883 1 407286421
10543 - 883 1 407286421
10544 # 1504
10544 - 883 2 407286421
10544 # 1504
10544 # 1504
10545 # 1504
10545 # 1504
10545 # 1504
10545 + 1192 407286421
10545 + 1192 407286421
10545 + 930 407286421
10545 + 931 407286421
10545 + 1093 407286421
10545 + 1093 407286421
10546 # 1504
10546 - 1192 1 407286421
10546 # 1504
10546 - 1192 1 407286421
10546 # 1504
10546 - 930 1 407286421
10546 - 931 1 407286421
10547 # 1504
10547 - 1093 2 407286421
10547 # 1504
10547 - 1093 2 407286421
10547 # 1504
10547 + 1026 407286421
10547 + 1026 407286421
10547 + 765 407286421
10547 + 766 407286421
10547 + 1123 407286421
10547 + 1124 407286421
10548 # 1504
10548 - 1026 1 407286421
10548 # 1504
10548 - 1026 1 407286421
10548 - 765 1 407286421
10548 # 1504
10548 - 766 1 407286421
10549 # 1504
10549 - 1123 2 407286421
10549 - 1124 2 407286421
10549 # 1504
10549 # 1504
10549 + 1124 407286421
10550 # 1504
10550 - 1124 1 407286421
10550 # 1504
10551 # 1504
10551 # 1504
10551 # 1504
10552 # 1504
10552 # 1504
10552 # 1504
10552 + 102 2802403873
10553 # 1504
10553 - 102 1 2802403873
10553 # 1504
10553 # 1504
10554 # 1504
10554 # 1504
10554 # 1504
10555 # 1504
10555 # 1504
10555 # 1504
10556 # 1504
10556 # 1504
10556 # 1504
10557 # 1504
10557 # 1504
10557 # 1504
10558 # 1504
10558 # 1504
10558 # 1504
10558 + 1230 407288041
10559 # 1504
10559 - 1230 1 407288041
10559 # 1504
10559 # 1504
10560 # 1504
10560 # 1504
10560 # 1504
10560 + 1231 407288041
10561 # 1504
10561 - 1231 1 407288041
10561 # 1504
10561 # 1504
10561 + 937 407288041
10561 + 938 407288041
10561 + 938 407288041
10561 + 919 407288041
10561 + 919 407288041
10562 # 1504
10562 - 937 1 407288041
10562 # 1504
10562 - 938 1 407288041
10562 - 938 1 407288041
10562 # 1504
10562 - 919 1 407288041
10563 # 1504
10563 - 919 2 407288041
10563 # 1504
10563 # 1504
10563 + 919 407288041
10563 + 953 407288041
10563 + 954 407288041
10563 + 1069 407288041
10563 + 1069 407288041
10563 + 1032 407288041
10564 # 1504
10564 - 919 1 407288041
10564 # 1504
10564 - 953 1 407288041
10564 - 954 1 407288041
10564 # 1504
10564 - 1069 1 407288041
10565 # 1504
10565 - 1069 2 407288041
10565 - 1032 2 407288041
10565 # 1504
10565 # 1504
10565 + 1033 407288041
10565 + 997 407288041
10565 + 998 407288041
10566 # 1504
10566 - 1033 1 407288041
10566 # 1504
10566 - 997 1 407288041
10566 # 1504
10566 - 998 1 407288041
10566 + 1189 407288041
10566 + 1189 407288041
10567 # 1504
10567 - 1189 1 407288041
10567 # 1504
10567 - 1189 1 407288041
10567 # 1504
10567 + 102 2802403873
10567 + 1189 407288041
10568 # 1504
10568 - 102 1 2802403873
10568 - 1189 1 407288041
10568 # 1504
10568 # 1504
10569 # 1504
10569 # 1504
10569 # 1504
10570 # 1504
10570 # 1504
10570 # 1504
10571 # 1504
10571 # 1504
10571 # 1504
10572 # 1504
10572 # 1504
10572 # 1504
10573 # 1504
10573 # 1504
10573 # 1504
10574 # 1504
10574 # 1504
10574 # 1504
10575 # 1504
10575 # 1504
10575 # 1504
10575 + 102 2802403873
10576 # 1504
10576 - 102 1 2802403873
10576 # 1504
10576 # 1504
10576 + 885 407289661
10577 # 1504
10577 - 885 1 407289661
10577 # 1504
10577 # 1504
10578 # 1504
10578 # 1504
10578 + 885 407289661
10578 + 886 407289661
10578 + 906 407289661
10578 + 907 407289661
10578 + 907 407289661
10579 # 1504
10579 - 885 1 407289661
10579 # 1504
10579 - 886 1 407289661
10579 - 906 1 407289661
10579 # 1504
10579 - 907 1 407289661
10579 - 907 1 407289661
10579 # 1504
10579 # 1504
10579 # 1504
10580 # 1504
10580 # 1504
10580 # 1504
10580 + 983 407289661
10580 + 984 407289661
10580 + 984 407289661
10580 + 1087 407289661
10580 + 1087 407289661
10580 + 1087 407289661
10581 # 1504
10581 - 983 1 407289661
10581 # 1504
10581 - 984 1 407289661
10581 - 984 1 407289661
10581 # 1504
10581 - 1087 1 407289661
10582 # 1504
10582 - 1087 2 407289661
10582 # 1504
10582 - 1087 2 407289661
10582 # 1504
10583 # 1504
10583 # 1504
10583 # 1504
10583 + 102 2802403873
10583 + 1087 407289661
10583 + 911 407289661
10583 + 911 407289661
10583 + 1036 407289661
10583 + 1036 407289661
10583 + 1084 407289661
10584 # 1504
10584 - 102 1 2802403873
10584 - 1087 1 407289661
10584 # 1504
10584 - 911 1 407289661
10584 # 1504
10584 - 911 1 407289661
10584 - 1036 1 407289661
10585 # 1504
10585 - 1036 2 407289661
10585 # 1504
10585 - 1084 2 407289661
10585 + 1084 407289661
10585 + 1085 407289661
10586 # 1504
10586 - 1084 1 407289661
10586 # 1504
10586 - 1085 1 407289661
10586 # 1504
10587 # 1504
10587 # 1504
10587 # 1504
10588 # 1504
10588 # 1504
10588 # 1504
10589 # 1504
10589 # 1504
10589 # 1504
10590 # 1504
10590 # 1504
10590 # 1504
10591 # 1504
10591 # 1504
10591 # 1504
10592 # 1504
10592 # 1504
10593 # 1504
10593 # 1504
10593 # 1504
10594 # 1504
10594 # 1504
10594 # 1504
10594 + 854 407291281
10595 # 1504
10595 - 854 1 407291281
10595 # 1504
10595 # 1504
10595 + 102 2802403873
10595 + 854 407291281
10595 + 855 407291281
10595 + 1141 407291281
10596 # 1504
10596 - 102 1 2802403873
10596 - 854 1 407291281
10596 # 1504
10596 - 855 1 407291281
10596 - 1141 1 407291281
10596 # 1504
10597 # 1504
10597 # 1504
10597 # 1504
10597 + 1142 407291281
10597 + 1125 407291281
10597 + 1125 407291281
10597 + 1126 407291281
10597 + 876 407291281
10598 # 1504
10598 - 1142 1 407291281
10598 # 1504
10598 - 1125 1 407291281
10598 # 1504
10598 - 1125 1 407291281
10598 + 877 407291281
10598 + 877 407291281
10599 # 1504
10599 - 1126 2 407291281
10599 - 876 2 407291281
10599 # 1504
10599 - 877 1 407291281
10599 - 877 1 407291281
10599 # 1504
10599 + 1186 407291281
10599 + 1186 407291281
10600 # 1504
10600 - 1186 1 407291281
10600 # 1504
10600 - 1186 1 407291281
10601 # 1504
10601 # 1504
10601 # 1504
10601 + 1036 407291281
10601 + 1036 407291281
10601 + 1109 407291281
10601 + 1110 407291281
10601 + 1037 407291281
10602 # 1504
10602 - 1036 1 407291281
10602 # 1504
10602 - 1036 1 407291281
10602 # 1504
10602 - 1109 1 407291281
10602 - 1110 1 407291281
10603 # 1504
10603 - 1037 2 407291281
10603 # 1504
10603 # 1504
10604 # 1504
10604 # 1504
10604 # 1504
10604 + 1038 407291281
10604 + 1038 407291281
10605 # 1504
10605 - 1038 1 407291281
10605 # 1504
10605 - 1038 1 407291281
10605 # 1504
10606 # 1504
10606 # 1504
10606 # 1504
10607 # 1504
10607 # 1504
10608 # 1504
10608 # 1504
10608 # 1504
10609 # 1504
10609 # 1504
10609 # 1504
10609 + 102 2802403873
10610 # 1504
10610 - 102 1 2802403873
10610 # 1504
10610 # 1504
10611 # 1504
10611 # 1504
10611 # 1504
10611 + 909 407292901
10612 # 1504
10612 - 909 1 407292901
10612 # 1504
10612 # 1504
10613 # 1504
10613 # 1504
10613 # 1504
10614 # 1504
10614 # 1504
10614 + 909 407292901
10614 + 909 407292901
10614 + 909 407292901
10614 + 910 407292901
10614 + 1026 407292901
10614 + 1026 407292901
10615 # 1504
10615 - 909 1 407292901
10615 # 1504
10615 - 909 1 407292901
10615 - 909 1 407292901
10615 # 1504
10615 - 910 1 407292901
10616 # 1504
10616 - 1026 2 407292901
10616 - 1026 2 407292901
10616 # 1504
10616 # 1504
10616 + 1027 407292901
10616 + 1235 407292901
10616 + 1235 407292901
10616 + 931 407292901
10616 + 932 407292901
10617 # 1504
10617 - 1027 1 407292901
10617 # 1504
10617 - 1235 1 407292901
10617 # 1504
10617 - 1235 1 407292901
10617 - 931 1 407292901
10618 # 1504
10618 - 932 2 407292901
10618 # 1504
10618 # 1504
10619 # 1504
10619 # 1504
10619 # 1504
10619 + 822 407292901
10619 + 823 407292901
10619 + 940 407292901
10619 + 940 407292901
10619 + 1031 407292901
10619 + 1031 407292901
10620 # 1504
10620 - 822 1 407292901
10620 # 1504
10620 - 823 1 407292901
10620 - 940 1 407292901
10620 # 1504
10620 - 940 1 407292901
10620 + 1032 407292901
10621 # 1504
10621 - 1031 2 407292901
10621 - 1031 2 407292901
10621 # 1504
10621 - 1032 1 407292901
10622 # 1504
10622 # 1504
10622 # 1504
10623 # 1504
10623 # 1504
10623 # 1504
10624 # 1504
10624 # 1504
10624 # 1504
10624 + 102 2802403873
10625 # 1504
10625 - 102 1 2802403873
10625 # 1504
10625 # 1504
10626 # 1504
10626 # 1504
10626 # 1504
10627 # 1504
10627 # 1504
10627 # 1504
10628 # 1504
10628 # 1504
10629 # 1504
10629 # 1504
10629 # 1504
10629 + 1175 407294521
10630 # 1504
10630 - 1175 1 407294521
10630 # 1504
10630 # 1504
10631 # 1504
10631 # 1504
10631 # 1504
10632 # 1504
10632 # 1504
10632 # 1504
10632 + 1175 407294521
10632 + 1176 407294521
10632 + 899 407294521
10632 + 899 407294521
10633 # 1504
10633 - 1175 1 407294521
10633 # 1504
10633 - 1176 1 407294521
10633 # 1504
10633 - 899 1 407294521
10633 - 899 1 407294521
10634 # 1504
10634 # 1504
10634 # 1504
10635 # 1504
10635 # 1504
10635 # 1504
10635 + 900 407294521
10635 + 1093 407294521
10635 + 1093 407294521
10635 + 1093 407294521
10635 + 958 407294521
10635 + 959 407294521
10635 + 959 407294521
10635 + 1096 407294521
10636 # 1504
10636 - 900 1 407294521
10636 # 1504
10636 - 1093 1 407294521
10636 + 118 2802403873
10637 # 1504
10637 - 1093 2 407294521
10637 - 1093 2 407294521
10637 # 1504
10637 - 958 2 407294521
10637 # 1504
10637 - 959 2 407294521
10637 - 959 2 407294521
10637 + 1096 407294521
10637 + 1007 407294521
10637 + 1007 407294521
10637 + 1172 407294521
10637 + 1172 407294521
10638 # 1504
10638 - 1096 3 407294521
10638 - 118 2 2802403873
10638 # 1504
10638 - 1096 1 407294521
10638 - 1007 1 407294521
10638 # 1504
10638 - 1007 1 407294521
10639 # 1504
10639 - 1172 2 407294521
10639 # 1504
10639 - 1172 2 407294521
10639 # 1504
10640 # 1504
10640 # 1504
10640 # 1504
10640 + 991 407294521
10640 + 991 407294521
10640 + 991 407294521
10640 + 991 407294521
10641 # 1504
10641 - 991 1 407294521
10641 # 1504
10641 - 991 1 407294521
10641 - 991 1 407294521
10641 # 1504
10641 - 991 1 407294521
10642 # 1504
10642 # 1504
10642 # 1504
10643 # 1504
10643 # 1504
10644 # 1504
10644 # 1504
10644 # 1504
10645 # 1504
10645 # 1504
10645 # 1504
10646 # 1504
10646 # 1504
10646 # 1504
10647 # 1504
10647 # 1504
10647 # 1504
10647 + 102 2802403873
10647 + 924 407296051
10648 # 1504
10648 - 102 1 2802403873
10648 - 924 1 407296051
10648 # 1504
10648 # 1504
10649 # 1504
10649 # 1504
10649 # 1504
10649 + 925 407296051
10649 + 925 407296051
10649 + 1033 407296051
10649 + 1034 407296051
10649 + 897 407296051
10650 # 1504
10650 - 925 1 407296051
10650 # 1504
10650 - 925 1 407296051
10650 - 1033 1 407296051
10651 # 1504
10651 - 1034 2 407296051
10651 # 1504
10651 - 897 2 407296051
10651 # 1504
10651 + 898 407296051
10652 # 1504
10652 - 898 1 407296051
10652 # 1504
10652 # 1504
10652 + 898 407296051
10652 + 1236 407296051
10652 + 1236 407296051
10652 + 1041 407296051
10653 # 1504
10653 - 898 1 407296051
10653 # 1504
10653 - 1236 1 407296051
10653 # 1504
10653 - 1236 1 407296051
10653 - 1041 1 407296051
10654 # 1504
10654 # 1504
10654 # 1504
10654 + 1042 407296051
10654 + 861 407296051
10654 + 862 407296051
10654 + 987 407296051
10654 + 988 407296051
10654 + 1018 407296051
10655 # 1504
10655 - 1042 1 407296051
10655 # 1504
10655 - 861 1 407296051
10655 - 862 1 407296051
10655 # 1504
10655 - 987 1 407296051
10655 + 102 2802403873
10656 # 1504
10656 - 988 2 407296051
10656 - 1018 2 407296051
10656 - 102 1 2802403873
10656 # 1504
10656 # 1504
10657 # 1504
10657 # 1504
10657 + 1018 407296051
10657 + 1018 407296051
10657 + 1019 407296051
10658 # 1504
10658 - 1018 1 407296051
10658 # 1504
10658 - 1018 1 407296051
10658 # 1504
10658 - 1019 1 407296051
10659 # 1504
10659 # 1504
10659 # 1504
10660 # 1504
10660 # 1504
10660 # 1504
10661 # 1504
10661 # 1504
10661 # 1504
10662 # 1504
10662 # 1504
10662 # 1504
10663 # 1504
10663 # 1504
10663 # 1504
10664 # 1504
10664 # 1504
10665 # 1504
10665 # 1504
10665 # 1504
10665 + 102 2802403873
10665 + 1031 407297671
10666 # 1504
10666 - 102 1 2802403873
10666 - 1031 1 407297671
10666 # 1504
10666 # 1504
10667 # 1504
10667 # 1504
10667 # 1504
10667 + 1031 407297671
10667 + 1032 407297671
10667 + 983 407297671
10667 + 983 407297671
10667 + 984 407297671
10668 # 1504
10668 - 1031 1 407297671
10668 # 1504
10668 - 1032 1 407297671
10668 # 1504
10668 - 983 1 407297671
10668 - 983 1 407297671
10669 # 1504
10669 - 984 2 407297671
10669 # 1504
10669 # 1504
10669 + 920 407297671
10669 + 920 407297671
10669 + 921 407297671
10670 # 1504
10670 - 920 1 407297671
10670 # 1504
10670 - 920 1 407297671
10670 - 921 1 407297671
10670 # 1504
10670 + 1160 407297671
10670 + 1160 407297671
10671 # 1504
10671 - 1160 1 407297671
10671 # 1504
10671 - 1160 1 407297671
10671 + 858 407297671
10671 + 858 407297671
10671 + 858 407297671
10671 + 794 407297671
10671 + 795 407297671
10672 # 1504
10672 - 858 1 407297671
10672 # 1504
10672 - 858 1 407297671
10672 - 858 1 407297671
10672 # 1504
10672 - 794 1 407297671
10672 - 795 1 407297671
10673 # 1504
10673 # 1504
10673 # 1504
10674 # 1504
10674 # 1504
10674 # 1504
10674 + 1045 407297671
10674 + 1046 407297671
10674 + 1047 407297671
10674 + 1047 407297671
10674 + 1048 407297671
10674 + 1048 407297671
10675 # 1504
10675 - 1045 1 407297671
10675 # 1504
10675 - 1046 1 407297671
10675 # 1504
10675 - 1047 1 407297671
10675 - 1047 1 407297671
10676 # 1504
10676 - 1048 2 407297671
10676 # 1504
10676 - 1048 2 407297671
10676 # 1504
10677 # 1504
10677 # 1504
10677 # 1504
10677 + 102 2802403873
10678 # 1504
10678 - 102 1 2802403873
10678 # 1504
10678 # 1504
10679 # 1504
10679 # 1504
10680 # 1504
10680 # 1504
10680 # 1504
10681 # 1504
10681 # 1504
10681 # 1504
10682 # 1504
10682 # 1504
10682 # 1504
10683 # 1504
10683 # 1504
10683 # 1504
10683 + 936 407299291
10684 # 1504
10684 - 936 1 407299291
10684 # 1504
10684 # 1504
10685 # 1504
10685 # 1504
10685 # 1504
10685 + 936 407299291
10685 + 936 407299291
10685 + 1019 407299291
10685 + 1020 407299291
10685 + 1020 407299291
10685 + 938 407299291
10686 # 1504
10686 - 936 1 407299291
10686 # 1504
10686 - 936 1 407299291
10686 - 1019 1 407299291
10687 # 1504
10687 - 1020 2 407299291
10687 # 1504
10687 - 1020 2 407299291
10687 - 938 2 407299291
10687 # 1504
10688 # 1504
10688 # 1504
10688 # 1504
10688 + 938 407299291
10688 + 939 407299291
10688 + 877 407299291
10688 + 877 407299291
10688 + 878 407299291
10688 + 1190 407299291
10689 # 1504
10689 - 938 1 407299291
10689 # 1504
10689 - 939 1 407299291
10689 - 877 1 407299291
10689 # 1504
10689 - 877 1 407299291
10689 - 878 1 407299291
10690 # 1504
10690 - 1190 2 407299291
10690 # 1504
10690 # 1504
10690 + 1191 407299291
10690 + 757 407299291
10690 + 758 407299291
10690 + 1026 407299291
10690 + 1026 407299291
10690 + 1006 407299291
10690 + 1006 407299291
10691 # 1504
10691 - 1191 1 407299291
10691 # 1504
10691 - 757 1 407299291
10691 - 758 1 407299291
10691 # 1504
10691 - 1026 1 407299291
10691 + 102 2802403873
10692 # 1504
10692 - 1026 2 407299291
10692 - 1006 2 407299291
10692 # 1504
10692 - 1006 2 407299291
10692 - 102 1 2802403873
10692 # 1504
10693 # 1504
10693 # 1504
10693 + 1006 407299291
10693 + 1007 407299291
10694 # 1504
10694 - 1006 1 407299291
10694 # 1504
10694 - 1007 1 407299291
10694 # 1504
10695 # 1504
10695 # 1504
10695 # 1504
10696 # 1504
10696 # 1504
10696 # 1504
10697 # 1504
10697 # 1504
10697 # 1504
10698 # 1504
10698 # 1504
10698 # 1504
10699 # 1504
10699 # 1504
10699 # 1504
10700 # 1504
10700 # 1504
10700 + 1203 407300911
10701 # 1504
10701 - 1203 1 407300911
10701 # 1504
10701 # 1504
10702 # 1504
10702 # 1504
10702 # 1504
10702 + 1203 407300911
10702 + 887 407300911
10702 + 887 407300911
10702 + 888 407300911
10702 + 958 407300911
10703 # 1504
10703 - 1203 1 407300911
10703 # 1504
10703 - 887 1 407300911
10703 - 887 1 407300911
10703 # 1504
10703 - 888 1 407300911
10704 # 1504
10704 - 958 2 407300911
10704 # 1504
10704 # 1504
10704 + 958 407300911
10704 + 959 407300911
10704 + 1028 407300911
10704 + 1028 407300911
10704 + 1196 407300911
10705 # 1504
10705 - 958 1 407300911
10705 # 1504
10705 - 959 1 407300911
10705 - 1028 1 407300911
10705 # 1504
10705 - 1028 1 407300911
10706 # 1504
10706 - 1196 2 407300911
10706 # 1504
10706 # 1504
10707 # 1504
10707 # 1504
10707 + 102 2802403873
10707 + 1197 407300911
10707 + 721 407300911
10707 + 721 407300911
10707 + 1042 407300911
10707 + 1043 407300911
10707 + 1030 407300911
10707 + 1030 407300911
10708 # 1504
10708 - 102 1 2802403873
10708 - 1197 1 407300911
10708 # 1504
10708 - 721 1 407300911
10708 - 721 1 407300911
10708 # 1504
10708 - 1042 1 407300911
10709 # 1504
10709 - 1043 2 407300911
10709 - 1030 2 407300911
10709 # 1504
10709 - 1030 2 407300911
10709 # 1504
10709 + 1031 407300911
10709 + 1031 407300911
10710 # 1504
10710 - 1031 1 407300911
10710 # 1504
10710 - 1031 1 407300911
10710 # 1504
10711 # 1504
10711 # 1504
10711 # 1504
10712 # 1504
10712 # 1504
10712 # 1504
10713 # 1504
10713 # 1504
10713 # 1504
10714 # 1504
10714 # 1504
10715 # 1504
10715 # 1504
10715 # 1504
10716 # 1504
10716 # 1504
10716 # 1504
10717 # 1504
10717 # 1504
10717 # 1504
10718 # 1504
10718 # 1504
10718 # 1504
10718 + 907 407302531
10719 # 1504
10719 - 907 1 407302531
10719 # 1504
10719 # 1504
10720 # 1504
10720 # 1504
10720 # 1504
10720 + 907 407302531
10720 + 908 407302531
10720 + 914 407302531
10720 + 914 407302531
10720 + 915 407302531
10721 # 1504
10721 - 907 1 407302531
10721 # 1504
10721 - 908 1 407302531
10721 - 914 1 407302531
10721 # 1504
10721 - 914 1 407302531
10721 + 1064 407302531
10721 + 1064 407302531
10721 + 1064 407302531
10722 # 1504
10722 - 915 2 407302531
10722 - 1064 1 407302531
10722 # 1504
10722 - 1064 1 407302531
10723 # 1504
10723 - 1064 2 407302531
10723 # 1504
10723 # 1504
10723 + 102 2802403873
10723 + 1208 407302531
10723 + 1208 407302531
10723 + 869 407302531
10723 + 870 407302531
10724 # 1504
10724 - 102 1 2802403873
10724 - 1208 1 407302531
10724 # 1504
10724 - 1208 1 407302531
10724 # 1504
10724 - 869 1 407302531
10724 - 870 1 407302531
10725 # 1504
10725 # 1504
10725 # 1504
10725 + 870 407302531
10725 + 848 407302531
10725 + 849 407302531
10725 + 1156 407302531
10725 + 1157 407302531
10726 # 1504
10726 - 870 1 407302531
10726 # 1504
10726 - 848 1 407302531
10726 - 849 1 407302531
10726 # 1504
10726 - 1156 1 407302531
10727 # 1504
10727 - 1157 2 407302531
10727 # 1504
10727 # 1504
10728 # 1504
10728 # 1504
10728 # 1504
10728 + 1059 407302531
10728 + 1059 407302531
10728 + 1059 407302531
10728 + 1060 407302531
10729 # 1504
10729 - 1059 1 407302531
10729 # 1504
10729 - 1059 1 407302531
10730 # 1504
10730 - 1059 2 407302531
10730 - 1060 2 407302531
10730 # 1504
10730 # 1504
10731 # 1504
10731 # 1504
10731 # 1504
10732 # 1504
10732 # 1504
10732 # 1504
10732 + 102 2802403873
10733 # 1504
10733 - 102 1 2802403873
10733 # 1504
10733 # 1504
10734 # 1504
10734 # 1504
10734 # 1504
10735 # 1504
10735 # 1504
10735 # 1504
10735 + 1125 407304151
10736 # 1504
10736 - 1125 1 407304151
10736 # 1504
10737 # 1504
10737 # 1504
10737 # 1504
10738 # 1504
10738 # 1504
10738 # 1504
10738 + 1125 407304151
10738 + 855 407304151
10738 + 855 407304151
10738 + 855 407304151
10738 + 871 407304151
10738 + 871 407304151
10739 # 1504
10739 - 1125 1 407304151
10739 # 1504
10739 - 855 1 407304151
10739 - 855 1 407304151
10739 # 1504
10739 - 855 1 407304151
10740 # 1504
10740 - 871 2 407304151
10740 - 871 2 407304151
10740 # 1504
10740 # 1504
10740 + 871 407304151
10740 + 889 407304151
10740 + 889 407304151
10740 + 965 407304151
10741 # 1504
10741 - 871 1 407304151
10741 # 1504
10741 - 889 1 407304151
10741 - 889 1 407304151
10741 # 1504
10741 - 965 1 407304151
10741 + 965 407304151
10741 + 781 407304151
10742 # 1504
10742 - 965 1 407304151
10742 # 1504
10742 - 781 1 407304151
10742 # 1504
10743 # 1504
10743 # 1504
10743 + 102 2802403873
10743 + 782 407304151
10743 + 839 407304151
10743 + 840 407304151
10743 + 1003 407304151
10743 + 1004 407304151
10743 + 1004 407304151
10744 # 1504
10744 - 102 1 2802403873
10744 - 782 1 407304151
10744 # 1504
10744 - 839 1 407304151
10744 - 840 1 407304151
10744 # 1504
10744 - 1003 1 407304151
10745 # 1504
10745 - 1004 2 407304151
10745 - 1004 2 407304151
10745 # 1504
10745 # 1504
10746 # 1504
10746 # 1504
10746 # 1504
10747 # 1504
10747 # 1504
10747 # 1504
10748 # 1504
10748 # 1504
10748 # 1504
10749 # 1504
10749 # 1504
10749 # 1504
10750 # 1504
10750 # 1504
10751 # 1504
10751 # 1504
10751 # 1504
10751 + 102 2802403873
10752 # 1504
10752 - 102 1 2802403873
10752 # 1504
10752 # 1504
10753 # 1504
10753 # 1504
10753 # 1504
10753 + 880 407305771
10754 # 1504
10754 - 880 1 407305771
10754 # 1504
10754 # 1504
10755 # 1504
10755 # 1504
10755 # 1504
10755 + 880 407305771
10755 + 1145 407305771
10755 + 1145 407305771
10755 + 1113 407305771
10755 + 1113 407305771
10756 # 1504
10756 - 880 1 407305771
10756 # 1504
10756 - 1145 1 407305771
10756 # 1504
10756 - 1145 1 407305771
10756 - 1113 1 407305771
10757 # 1504
10757 - 1113 2 407305771
10757 # 1504
10757 # 1504
10758 # 1504
10758 # 1504
10758 + 810 407305771
10758 + 811 407305771
10758 + 1067 407305771
10758 + 1068 407305771
10758 + 1128 407305771
10759 # 1504
10759 - 810 1 407305771
10759 # 1504
10759 - 811 1 407305771
10759 - 1067 1 407305771
10759 # 1504
10759 - 1068 1 407305771
10760 # 1504
10760 - 1128 2 407305771
10760 # 1504
10760 # 1504
10760 + 1128 407305771
10760 + 1153 407305771
10760 + 1153 407305771
10760 + 1124 407305771
10760 + 1124 407305771
10761 # 1504
10761 - 1128 1 407305771
10761 # 1504
10761 - 1153 1 407305771
10761 # 1504
10761 - 1153 1 407305771
10762 # 1504
10762 - 1124 2 407305771
10762 - 1124 2 407305771
10762 # 1504
10762 # 1504
10762 + 1124 407305771
10763 # 1504
10763 - 1124 1 407305771
10763 # 1504
10763 # 1504
10764 # 1504
10764 # 1504
10764 # 1504
10764 + 102 2802403873
10765 # 1504
10765 - 102 1 2802403873
10765 # 1504
10766 # 1504
10766 # 1504
10766 # 1504
10767 # 1504
10767 # 1504
10767 # 1504
10768 # 1504
10768 # 1504
10768 # 1504
10769 # 1504
10769 # 1504
10769 # 1504
10770 # 1504
10770 # 1504
10770 # 1504
10771 # 1504
10771 # 1504
10771 # 1504
10772 # 1504
10772 # 1504
10772 + 838 407307391
10773 # 1504
10773 - 838 1 407307391
10773 # 1504
10773 # 1504
10773 + 839 407307391
10774 # 1504
10774 - 839 1 407307391
10774 # 1504
10774 # 1504
10774 + 1011 407307391
10774 + 1011 407307391
10774 + 102 2802403873
10775 # 1504
10775 - 1011 1 407307391
10775 # 1504
10775 - 1011 1 407307391
10775 - 102 1 2802403873
10775 # 1504
10775 + 1082 407307391
10775 + 1083 407307391
10775 + 887 407307391
10776 # 1504
10776 - 1082 1 407307391
10776 # 1504
10776 - 1083 1 407307391
10776 # 1504
10776 - 887 1 407307391
10777 # 1504
10777 # 1504
10777 # 1504
10778 # 1504
10778 # 1504
10778 # 1504
10778 + 887 407307391
10778 + 1041 407307391
10778 + 1042 407307391
10778 + 852 407307391
10778 + 853 407307391
10778 + 853 407307391
10778 + 1180 407307391
10778 + 1181 407307391
10779 # 1504
10779 - 887 1 407307391
10779 # 1504
10779 - 1041 1 407307391
10779 - 1042 1 407307391
10780 # 1504
10780 - 852 2 407307391
10780 # 1504
10780 - 853 2 407307391
10780 - 853 2 407307391
10780 # 1504
10780 - 1180 2 407307391
10780 + 1213 407307391
10780 + 1214 407307391
10780 + 1214 407307391
10781 # 1504
10781 - 1181 3 407307391
10781 # 1504
10781 - 1213 1 407307391
10781 - 1214 1 407307391
10781 # 1504
10781 - 1214 1 407307391
10781 # 1504
10781 # 1504
10781 # 1504
10782 # 1504
10782 # 1504
10782 # 1504
10782 # 1504
10783 # 1504
10783 # 1504
10783 # 1504
10784 # 1504
10784 # 1504
10784 # 1504
10785 # 1504
10785 # 1504
10785 # 1504
10786 # 1504
10786 # 1504
10786 # 1504
10787 # 1504
10787 # 1504
10787 # 1504
10787 # 1504
10788 # 1504
10788 # 1504
10788 # 1504
10789 # 1504
10789 # 1504
10789 # 1504
10789 + 102 2802403873
10790 # 1504
10790 - 102 1 2802403873
10790 # 1504
10790 # 1504
10790 + 1180 407308921
10791 # 1504
10791 - 1180 1 407308921
10791 # 1504
10791 # 1504
10792 # 1504
10792 # 1504
10792 # 1504
10792 # 1504
10792 + 1180 407308921
10792 + 1231 407308921
10792 + 1232 407308921
10792 + 919 407308921
10793 # 1504
10793 - 1180 1 407308921
10793 # 1504
10793 - 1231 1 407308921
10793 # 1504
10793 - 1232 1 407308921
10793 + 919 407308921
10794 # 1504
10794 - 919 2 407308921
10794 - 919 1 407308921
10794 # 1504
10794 # 1504
10795 # 1504
10795 # 1504
10795 # 1504
10795 + 919 407308921
10795 + 1182 407308921
10795 + 1182 407308921
10795 + 852 407308921
10795 + 852 407308921
10796 # 1504
10796 - 919 1 407308921
10796 # 1504
10796 - 1182 1 407308921
10796 # 1504
10796 - 1182 1 407308921
10796 - 852 1 407308921
10797 # 1504
10797 - 852 2 407308921
10797 # 1504
10797 # 1504
10797 # 1504
10797 + 853 407308921
10797 + 888 407308921
10797 + 889 407308921
10797 + 889 407308921
10797 + 942 407308921
10797 + 943 407308921
10797 + 943 407308921
10798 # 1504
10798 - 853 1 407308921
10798 # 1504
10798 - 888 1 407308921
10798 - 889 1 407308921
10798 # 1504
10798 - 889 1 407308921
10798 - 942 1 407308921
10798 + 1051 407308921
10798 + 1051 407308921
10798 + 102 2802403873
10799 # 1504
10799 - 943 2 407308921
10799 # 1504
10799 - 943 2 407308921
10799 - 1051 1 407308921
10799 # 1504
10799 - 1051 1 407308921
10799 - 102 1 2802403873
10799 + 1052 407308921
10799 + 1052 407308921
10800 # 1504
10800 - 1052 1 407308921
10800 # 1504
10800 - 1052 1 407308921
10800 # 1504
10801 # 1504
10801 # 1504
10801 # 1504
10802 # 1504
10802 # 1504
10802 # 1504
10802 # 1504
10803 # 1504
10803 # 1504
10803 # 1504
10804 # 1504
10804 # 1504
10804 # 1504
10805 # 1504
10805 # 1504
10805 # 1504
10806 # 1504
10806 # 1504
10806 # 1504
10807 # 1504
10807 # 1504
10807 # 1504
10807 # 1504
10808 # 1504
10808 # 1504
10808 # 1504
10808 + 973 407310541
10809 # 1504
10809 - 973 1 407310541
10809 # 1504
10809 # 1504
10809 + 973 407310541
10809 + 974 407310541
10809 + 863 407310541
10809 + 864 407310541
10810 # 1504
10810 - 973 1 407310541
10810 # 1504
10810 - 974 1 407310541
10810 - 863 1 407310541
10810 # 1504
10810 - 864 1 407310541
10810 + 102 2802403873
10811 # 1504
10811 - 102 1 2802403873
10811 # 1504
10811 # 1504
10812 # 1504
10812 # 1504
10812 # 1504
10812 # 1504
10812 + 864 407310541
10812 + 1091 407310541
10812 + 1092 407310541
10812 + 1095 407310541
10812 + 1095 407310541
10813 # 1504
10813 - 864 1 407310541
10813 # 1504
10813 - 1091 1 407310541
10813 # 1504
10813 - 1092 1 407310541
10813 - 1095 1 407310541
10814 # 1504
10814 - 1095 2 407310541
10814 # 1504
10814 # 1504
10814 + 1035 407310541
10814 + 1035 407310541
10814 + 1160 407310541
10814 + 1160 407310541
10814 + 939 407310541
10815 # 1504
10815 - 1035 1 407310541
10815 # 1504
10815 - 1035 1 407310541
10815 # 1504
10815 - 1160 1 407310541
10815 - 1160 1 407310541
10816 # 1504
10816 - 939 2 407310541
10816 # 1504
10816 # 1504
10816 + 939 407310541
10816 + 939 407310541
10816 + 957 407310541
10816 + 957 407310541
10817 # 1504
10817 - 939 1 407310541
10817 # 1504
10817 - 939 1 407310541
10817 - 957 1 407310541
10817 # 1504
10817 - 957 1 407310541
10817 + 957 407310541
10817 + 957 407310541
10818 # 1504
10818 - 957 1 407310541
10818 # 1504
10818 - 957 1 407310541
10818 # 1504
10818 # 1504
10819 # 1504
10819 # 1504
10819 # 1504
10820 # 1504
10820 # 1504
10820 # 1504
10821 # 1504
10821 # 1504
10821 # 1504
10822 # 1504
10822 # 1504
10822 # 1504
10823 # 1504
10823 # 1504
10823 # 1504
10823 # 1504
10823 + 102 2802403873
10824 # 1504
10824 - 102 1 2802403873
10824 # 1504
10824 # 1504
10825 # 1504
10825 # 1504
10825 # 1504
10826 # 1504
10826 # 1504
10826 # 1504
10826 + 954 407312161
10827 # 1504
10827 - 954 1 407312161
10827 # 1504
10827 # 1504
10828 # 1504
10828 # 1504
10828 # 1504
10828 # 1504
10828 + 954 407312161
10828 + 1116 407312161
10828 + 1117 407312161
10828 + 927 407312161
10828 + 928 407312161
10829 # 1504
10829 - 954 1 407312161
10829 # 1504
10829 - 1116 1 407312161
10829 # 1504
10829 - 1117 1 407312161
10829 - 927 1 407312161
10830 # 1504
10830 - 928 2 407312161
10830 # 1504
10830 # 1504
10830 + 928 407312161
10830 + 1176 407312161
10830 + 1177 407312161
10830 + 1065 407312161
10830 + 1065 407312161
10831 # 1504
10831 - 928 1 407312161
10831 # 1504
10831 - 1176 1 407312161
10831 # 1504
10831 - 1177 1 407312161
10831 - 1065 1 407312161
10832 # 1504
10832 - 1065 2 407312161
10832 # 1504
10832 # 1504
10832 + 1079 407312161
10833 # 1504
10833 - 1079 1 407312161
10833 # 1504
10833 # 1504
10833 # 1504
10833 + 1080 407312161
10833 + 987 407312161
10833 + 987 407312161
10833 + 988 407312161
10833 + 1134 407312161
10834 # 1504
10834 - 1080 1 407312161
10834 # 1504
10834 - 987 1 407312161
10834 # 1504
10834 - 987 1 407312161
10834 - 988 1 407312161
10835 # 1504
10835 - 1134 2 407312161
10835 # 1504
10835 # 1504
10835 + 1134 407312161
10835 + 1135 407312161
10836 # 1504
10836 - 1134 1 407312161
10836 # 1504
10836 - 1135 1 407312161
10836 # 1504
10837 # 1504
10837 # 1504
10837 # 1504
10837 + 102 2802403873
10838 # 1504
10838 - 102 1 2802403873
10838 # 1504
10838 # 1504
10838 # 1504
10839 # 1504
10839 # 1504
10839 # 1504
10840 # 1504
10840 # 1504
10840 # 1504
10841 # 1504
10841 # 1504
10841 # 1504
10842 # 1504
10842 # 1504
10842 # 1504
10843 # 1504
10843 # 1504
10843 # 1504
10843 # 1504
10844 # 1504
10844 # 1504
10844 # 1504
10844 + 1124 407313781
10845 # 1504
10845 - 1124 1 407313781
10845 # 1504
10845 # 1504
10845 + 1125 407313781
10845 + 910 407313781
10846 # 1504
10846 - 1125 1 407313781
10846 # 1504
10846 - 910 1 407313781
10846 # 1504
10846 + 910 407313781
10846 + 911 407313781
10846 + 1058 407313781
10846 + 102 2802403873
10847 # 1504
10847 - 910 1 407313781
10847 # 1504
10847 - 911 1 407313781
10847 - 1058 1 407313781
10847 - 102 1 2802403873
10847 # 1504
10847 + 1059 407313781
10847 + 1059 407313781
10847 + 902 407313781
10848 # 1504
10848 - 1059 1 407313781
10848 # 1504
10848 - 1059 1 407313781
10848 # 1504
10848 - 902 1 407313781
10848 # 1504
10848 + 902 407313781
10848 + 903 407313781
10848 + 1113 407313781
10849 # 1504
10849 - 902 1 407313781
10849 # 1504
10849 - 903 1 407313781
10849 - 1113 1 407313781
10849 # 1504
10849 + 1113 407313781
10850 # 1504
10850 - 1113 1 407313781
10850 # 1504
10850 # 1504
10850 + 934 407313781
10850 + 935 407313781
10851 # 1504
10851 - 934 1 407313781
10851 # 1504
10851 - 935 1 407313781
10851 # 1504
10852 # 1504
10852 # 1504
10852 # 1504
10852 + 965 407313781
10852 + 966 407313781
10852 + 966 407313781
10852 + 1073 407313781
10852 + 1074 407313781
10853 # 1504
10853 - 965 1 407313781
10853 # 1504
10853 - 966 1 407313781
10853 - 966 1 407313781
10853 # 1504
10853 - 1073 1 407313781
10853 # 1504
10853 - 1074 1 407313781
10854 # 1504
10854 # 1504
10854 # 1504
10854 + 1074 407313781
10854 + 1074 407313781
10855 # 1504
10855 - 1074 1 407313781
10855 # 1504
10855 - 1074 1 407313781
10855 # 1504
10856 # 1504
10856 # 1504
10856 # 1504
10857 # 1504
10857 # 1504
10857 # 1504
10858 # 1504
10858 # 1504
10858 # 1504
10858 # 1504
10859 # 1504
10859 # 1504
10859 # 1504
10860 # 1504
10860 # 1504
10860 # 1504
10861 # 1504
10861 # 1504
10861 # 1504
10861 + 102 2802403873
10862 # 1504
10862 - 102 1 2802403873
10862 # 1504
10862 # 1504
10862 + 917 407315401
10863 # 1504
10863 - 917 1 407315401
10863 # 1504
10863 # 1504
10863 # 1504
10864 # 1504
10864 # 1504
10864 # 1504
10864 + 918 407315401
10864 + 918 407315401
10864 + 980 407315401
10864 + 980 407315401
10864 + 981 407315401
10865 # 1504
10865 - 918 1 407315401
10865 # 1504
10865 - 918 1 407315401
10865 - 980 1 407315401
10865 # 1504
10865 - 980 1 407315401
10866 # 1504
10866 - 981 2 407315401
10866 # 1504
10866 # 1504
10867 # 1504
10867 # 1504
10867 # 1504
10867 + 1128 407315401
10867 + 1129 407315401
10867 + 1129 407315401
10867 + 944 407315401
10867 + 944 407315401
10867 + 945 407315401
10867 + 1121 407315401
10867 + 1121 407315401
10868 # 1504
10868 - 1128 1 407315401
10868 # 1504
10868 - 1129 1 407315401
10868 # 1504
10868 - 1129 1 407315401
10868 - 944 1 407315401
10868 # 1504
10868 - 944 1 407315401
10869 # 1504
10869 - 945 2 407315401
10869 - 1121 2 407315401
10869 # 1504
10869 - 1121 2 407315401
10869 # 1504
10869 + 909 407315401
10869 + 909 407315401
10869 + 984 407315401
10869 + 984 407315401
10869 + 985 407315401
10870 # 1504
10870 - 909 1 407315401
10870 # 1504
10870 - 909 1 407315401
10870 - 984 1 407315401
10870 # 1504
10870 - 984 1 407315401
10871 # 1504
10871 - 985 2 407315401
10871 # 1504
10871 # 1504
10871 + 1041 407315401
10872 # 1504
10872 - 1041 1 407315401
10872 # 1504
10872 # 1504
10872 + 1041 407315401
10872 + 1041 407315401
10872 + 1042 407315401
10872 + 1042 407315401
10873 # 1504
10873 - 1041 1 407315401
10873 # 1504
10873 - 1041 1 407315401
10873 # 1504
10873 - 1042 1 407315401
10873 - 1042 1 407315401
10873 # 1504
10874 # 1504
10874 # 1504
10874 # 1504
10875 # 1504
10875 # 1504
10875 # 1504
10876 # 1504
10876 # 1504
10876 # 1504
10877 # 1504
10877 # 1504
10877 # 1504
10877 + 102 2802403873
10878 # 1504
10878 - 102 1 2802403873
10878 # 1504
10878 # 1504
10878 # 1504
10879 # 1504
10879 # 1504
10879 # 1504
10880 # 1504
10880 # 1504
10880 # 1504
10880 + 935 407317021
10881 # 1504
10881 - 935 1 407317021
10881 # 1504
10881 # 1504
10882 # 1504
10882 # 1504
10882 # 1504
10882 + 935 407317021
10882 + 936 407317021
10882 + 917 407317021
10882 + 917 407317021
10882 + 918 407317021
10882 + 1138 407317021
10883 # 1504
10883 - 935 1 407317021
10883 # 1504
10883 - 936 1 407317021
10883 - 917 1 407317021
10883 # 1504
10883 - 917 1 407317021
10883 # 1504
10883 - 918 1 407317021
10883 - 1138 1 407317021
10884 # 1504
10884 # 1504
10884 # 1504
10884 + 1139 407317021
10884 + 1139 407317021
10884 + 1009 407317021
10884 + 1009 407317021
10884 + 1009 407317021
10885 # 1504
10885 - 1139 1 407317021
10885 # 1504
10885 - 1139 1 407317021
10885 # 1504
10885 - 1009 1 407317021
10885 - 1009 1 407317021
10885 + 102 2802403873
10886 # 1504
10886 - 1009 2 407317021
10886 - 102 1 2802403873
10886 # 1504
10886 # 1504
10887 # 1504
10887 # 1504
10887 # 1504
10887 + 1117 407317021
10887 + 1117 407317021
10887 + 801 407317021
10887 + 802 407317021
10887 + 1209 407317021
10887 + 1209 407317021
10888 # 1504
10888 - 1117 1 407317021
10888 # 1504
10888 - 1117 1 407317021
10888 # 1504
10888 - 801 1 407317021
10888 - 802 1 407317021
10888 # 1504
10888 - 1209 1 407317021
10889 # 1504
10889 - 1209 2 407317021
10889 # 1504
10889 # 1504
10889 + 1226 407317021
10889 + 1226 407317021
10889 + 1226 407317021
10889 + 1227 407317021
10890 # 1504
10890 - 1226 1 407317021
10890 # 1504
10890 - 1226 1 407317021
10890 # 1504
10890 - 1226 1 407317021
10891 # 1504
10891 - 1227 2 407317021
10891 # 1504
10891 # 1504
10892 # 1504
10892 # 1504
10892 # 1504
10893 # 1504
10893 # 1504
10893 # 1504
10893 # 1504
10894 # 1504
10894 # 1504
10894 # 1504
10895 # 1504
10895 # 1504
10895 # 1504
10896 # 1504
10896 # 1504
10896 # 1504
10897 # 1504
10897 # 1504
10897 # 1504
10897 + 906 407318641
10898 # 1504
10898 - 906 1 407318641
10898 # 1504
10898 # 1504
10898 # 1504
10899 # 1504
10899 # 1504
10899 # 1504
10899 + 906 407318641
10899 + 907 407318641
10899 + 910 407318641
10899 + 102 2802403873
10899 + 910 407318641
10900 # 1504
10900 - 906 1 407318641
10900 # 1504
10900 - 907 1 407318641
10900 - 910 1 407318641
10900 - 102 1 2802403873
10900 # 1504
10900 - 910 1 407318641
10901 # 1504
10901 # 1504
10901 # 1504
10901 + 910 407318641
10901 + 1155 407318641
10901 + 1156 407318641
10901 + 1156 407318641
10901 + 954 407318641
10902 # 1504
10902 - 910 1 407318641
10902 # 1504
10902 - 1155 1 407318641
10902 # 1504
10902 - 1156 1 407318641
10902 - 1156 1 407318641
10903 # 1504
10903 - 954 2 407318641
10903 # 1504
10903 # 1504
10903 # 1504
10904 # 1504
10904 # 1504
10904 # 1504
10904 + 954 407318641
10904 + 955 407318641
10904 + 1155 407318641
10904 + 1156 407318641
10904 + 812 407318641
10904 + 813 407318641
10904 + 1212 407318641
10905 # 1504
10905 - 954 1 407318641
10905 # 1504
10905 - 955 1 407318641
10905 # 1504
10905 - 1155 1 407318641
10905 - 1156 1 407318641
10906 # 1504
10906 - 812 2 407318641
10906 - 813 2 407318641
10906 # 1504
10906 - 1212 2 407318641
10906 # 1504
10906 + 1213 407318641
10906 + 1081 407318641
10906 + 1081 407318641
10906 + 1082 407318641
10906 + 1082 407318641
10907 # 1504
10907 - 1213 1 407318641
10907 # 1504
10907 - 1081 1 407318641
10907 # 1504
10907 - 1081 1 407318641
10907 - 1082 1 407318641
10908 # 1504
10908 - 1082 2 407318641
10908 # 1504
10908 # 1504
10908 # 1504
10909 # 1504
10909 # 1504
10909 # 1504
10910 # 1504
10910 # 1504
10910 # 1504
10911 # 1504
10911 # 1504
10911 # 1504
10912 # 1504
10912 # 1504
10912 # 1504
10912 + 102 2802403873
10913 # 1504
10913 - 102 1 2802403873
10913 # 1504
10913 # 1504
10913 # 1504
10914 # 1504
10914 # 1504
10914 # 1504
10915 # 1504
10915 # 1504
10915 # 1504
10915 + 1000 407320171
10916 # 1504
10916 - 1000 1 407320171
10916 # 1504
10916 # 1504
10917 # 1504
10917 # 1504
10917 # 1504
10917 + 1000 407320171
10917 + 1001 407320171
10917 + 1065 407320171
10917 + 1066 407320171
10918 # 1504
10918 - 1000 1 407320171
10918 # 1504
10918 - 1001 1 407320171
10918 # 1504
10918 - 1065 1 407320171
10918 - 1066 1 407320171
10919 # 1504
10919 # 1504
10919 # 1504
10919 # 1504
10919 + 1066 407320171
10919 + 963 407320171
10920 # 1504
10920 - 1066 1 407320171
10920 # 1504
10920 - 963 1 407320171
10920 # 1504
10920 + 963 407320171
10920 + 963 407320171
10920 + 964 407320171
10920 + 957 407320171
10920 + 102 2802403873
10921 # 1504
10921 - 963 1 407320171
10921 # 1504
10921 - 963 1 407320171
10921 - 964 1 407320171
10921 # 1504
10921 - 957 1 407320171
10921 - 102 1 2802403873
10922 # 1504
10922 # 1504
10922 # 1504
10922 + 957 407320171
10922 + 957 407320171
10922 + 1154 407320171
10922 + 1155 407320171
10922 + 845 407320171
10922 + 845 407320171
10923 # 1504
10923 - 957 1 407320171
10923 # 1504
10923 - 957 1 407320171
10923 # 1504
10923 - 1154 1 407320171
10923 - 1155 1 407320171
10923 + 904 407320171
10923 + 904 407320171
10923 + 904 407320171
10924 # 1504
10924 - 845 2 407320171
10924 - 845 2 407320171
10924 # 1504
10924 - 904 1 407320171
10924 # 1504
10924 - 904 1 407320171
10924 - 904 1 407320171
10924 # 1504
10924 + 1106 407320171
10925 # 1504
10925 - 1106 1 407320171
10925 # 1504
10925 # 1504
10925 + 1106 407320171
10925 + 1107 407320171
10925 + 1107 407320171
10926 # 1504
10926 - 1106 1 407320171
10926 # 1504
10926 - 1107 1 407320171
10926 # 1504
10926 - 1107 1 407320171
10927 # 1504
10927 # 1504
10927 # 1504
10928 # 1504
10928 # 1504
10928 # 1504
10928 + 102 2802403873
10929 # 1504
10929 - 102 1 2802403873
10929 # 1504
10929 # 1504
10929 # 1504
10930 # 1504
10930 # 1504
10930 # 1504
10931 # 1504
10931 # 1504
10931 # 1504
10932 # 1504
10932 # 1504
10932 # 1504
10933 # 1504
10933 # 1504
10933 # 1504
10933 + 1050 407321791
10934 # 1504
10934 - 1050 1 407321791
10934 # 1504
10934 # 1504
10934 # 1504
10934 + 102 2802403873
10935 # 1504
10935 - 102 1 2802403873
10935 # 1504
10935 # 1504
10935 + 1051 407321791
10935 + 1051 407321791
10935 + 1040 407321791
10936 # 1504
10936 - 1051 1 407321791
10936 # 1504
10936 - 1051 1 407321791
10936 # 1504
10936 - 1040 1 407321791
10936 + 1040 407321791
10936 + 1040 407321791
10937 # 1504
10937 - 1040 1 407321791
10937 # 1504
10937 - 1040 1 407321791
10937 # 1504
10938 # 1504
10938 # 1504
10938 # 1504
10938 + 1179 407321791
10938 + 1179 407321791
10938 + 1180 407321791
10938 + 882 407321791
10938 + 882 407321791
10939 # 1504
10939 - 1179 1 407321791
10939 # 1504
10939 - 1179 1 407321791
10939 # 1504
10939 - 1180 1 407321791
10939 - 882 1 407321791
10939 # 1504
10939 - 882 1 407321791
10940 # 1504
10940 # 1504
10940 # 1504
10940 + 882 407321791
10940 + 1071 407321791
10940 + 1071 407321791
10940 + 904 407321791
10940 + 905 407321791
10940 + 895 407321791
10941 # 1504
10941 - 882 1 407321791
10941 # 1504
10941 - 1071 1 407321791
10941 # 1504
10941 - 1071 1 407321791
10941 - 904 1 407321791
10941 + 102 2802403873
10942 # 1504
10942 - 905 2 407321791
10942 - 895 2 407321791
10942 - 102 1 2802403873
10942 # 1504
10942 # 1504
10943 # 1504
10943 # 1504
10943 # 1504
10943 + 895 407321791
10943 + 896 407321791
10943 + 1057 407321791
10943 + 1057 407321791
10943 + 1058 407321791
10943 + 1058 407321791
10944 # 1504
10944 - 895 1 407321791
10944 # 1504
10944 - 896 1 407321791
10944 - 1057 1 407321791
10944 # 1504
10944 - 1057 1 407321791
10944 # 1504
10944 - 1058 1 407321791
10945 # 1504
10945 - 1058 2 407321791
10945 # 1504
10945 # 1504
10946 # 1504
10946 # 1504
10946 # 1504
10947 # 1504
10947 # 1504
10947 # 1504
10948 # 1504
10948 # 1504
10948 # 1504
10948 + 102 2802403873
10949 # 1504
10949 - 102 1 2802403873
10949 # 1504
10949 # 1504
10949 # 1504
10950 # 1504
10950 # 1504
10950 # 1504
10951 # 1504
10951 # 1504
10951 # 1504
10951 + 1041 407323411
10952 # 1504
10952 - 1041 1 407323411
10952 # 1504
10952 # 1504
10953 # 1504
10953 # 1504
10953 # 1504
10953 + 1041 407323411
10953 + 1041 407323411
10953 + 1147 407323411
10953 + 1147 407323411
10954 # 1504
10954 - 1041 1 407323411
10954 # 1504
10954 - 1041 1 407323411
10954 # 1504
10954 - 1147 1 407323411
10954 - 1147 1 407323411
10954 # 1504
10955 # 1504
10955 # 1504
10955 # 1504
10955 + 102 2802403873
10955 + 1148 407323411
10955 + 1156 407323411
10956 # 1504
10956 - 102 1 2802403873
10956 - 1148 1 407323411
10956 # 1504
10956 - 1156 1 407323411
10956 # 1504
10956 + 1156 407323411
10956 + 1156 407323411
10956 + 889 407323411
10956 + 890 407323411
10957 # 1504
10957 - 1156 1 407323411
10957 # 1504
10957 - 1156 1 407323411
10957 # 1504
10957 - 889 1 407323411
10957 - 890 1 407323411
10957 + 890 407323411
10957 + 1079 407323411
10957 + 1079 407323411
10958 # 1504
10958 - 890 1 407323411
10958 # 1504
10958 - 1079 1 407323411
10958 # 1504
10958 - 1079 1 407323411
10958 + 926 407323411
10958 + 927 407323411
10958 + 949 407323411
10959 # 1504
10959 - 926 1 407323411
10959 # 1504
10959 - 927 1 407323411
10959 - 949 1 407323411
10959 # 1504
10959 # 1504
10959 + 950 407323411
10959 + 950 407323411
10959 + 1164 407323411
10960 # 1504
10960 - 950 1 407323411
10960 # 1504
10960 - 950 1 407323411
10960 # 1504
10960 - 1164 1 407323411
10961 # 1504
10961 # 1504
10961 # 1504
10962 # 1504
10962 # 1504
10962 # 1504
10962 + 1164 407323411
10962 + 1164 407323411
10962 + 1165 407323411
10963 # 1504
10963 - 1164 1 407323411
10963 # 1504
10963 - 1164 1 407323411
10963 # 1504
10963 - 1165 1 407323411
10963 + 102 2802403873
10964 # 1504
10964 - 102 1 2802403873
10964 # 1504
10964 # 1504
10964 # 1504
10965 # 1504
10965 # 1504
10965 # 1504
10966 # 1504
10966 # 1504
10966 # 1504
10967 # 1504
10967 # 1504
10967 # 1504
10968 # 1504
10968 # 1504
10968 # 1504
10969 # 1504
10969 # 1504
10969 # 1504
10969 # 1504
10969 + 1114 407325031
10970 # 1504
10970 - 1114 1 407325031
10970 # 1504
10970 # 1504
10970 + 102 2802403873
10970 + 1114 407325031
10970 + 1114 407325031
10970 + 1097 407325031
10971 # 1504
10971 - 102 1 2802403873
10971 - 1114 1 407325031
10971 # 1504
10971 - 1114 1 407325031
10971 # 1504
10971 - 1097 1 407325031
10972 # 1504
10972 # 1504
10972 # 1504
10972 + 1097 407325031
10972 + 1098 407325031
10972 + 925 407325031
10972 + 926 407325031
10973 # 1504
10973 - 1097 1 407325031
10973 # 1504
10973 - 1098 1 407325031
10973 # 1504
10973 - 925 1 407325031
10973 - 926 1 407325031
10973 + 926 407325031
10974 # 1504
10974 - 926 1 407325031
10974 # 1504
10974 # 1504
10974 # 1504
10975 # 1504
10975 # 1504
10975 # 1504
10975 + 1173 407325031
10975 + 1173 407325031
10975 + 1143 407325031
10975 + 1144 407325031
10975 + 1057 407325031
10975 + 1058 407325031
10976 # 1504
10976 - 1173 1 407325031
10976 # 1504
10976 - 1173 1 407325031
10976 # 1504
10976 - 1143 1 407325031
10977 # 1504
10977 - 1144 2 407325031
10977 - 1057 2 407325031
10977 # 1504
10977 - 1058 2 407325031
10977 # 1504
10977 + 900 407325031
10977 + 901 407325031
10977 + 901 407325031
10977 + 1055 407325031
10977 + 1055 407325031
10978 # 1504
10978 - 900 1 407325031
10978 # 1504
10978 - 901 1 407325031
10978 - 901 1 407325031
10978 # 1504
10978 - 1055 1 407325031
10979 # 1504
10979 - 1055 2 407325031
10979 # 1504
10979 # 1504
10979 # 1504
10980 # 1504
10980 # 1504
10980 # 1504
10980 + 1055 407325031
10980 + 1055 407325031
10981 # 1504
10981 - 1055 1 407325031
10981 # 1504
10981 - 1055 1 407325031
10981 # 1504
10981 + 102 2802403873
10982 # 1504
10982 - 102 1 2802403873
10982 # 1504
10982 # 1504
10983 # 1504
10983 # 1504
10983 # 1504
10984 # 1504
10984 # 1504
10984 # 1504
10984 # 1504
10984 # 1504
10984 # 1504
10984 # 1504
10985 # 1504
10985 # 1504
10985 # 1504
10986 # 1504
10986 # 1504
10986 # 1504
10987 # 1504
10987 # 1504
10987 # 1504
10987 + 1102 407326651
10988 # 1504
10988 - 1102 1 407326651
10988 # 1504
10988 # 1504
10988 + 1103 407326651
10988 + 1103 407326651
10988 + 1019 407326651
10989 # 1504
10989 - 1103 1 407326651
10989 # 1504
10989 - 1103 1 407326651
10989 # 1504
10989 - 1019 1 407326651
10989 # 1504
10990 # 1504
10990 # 1504
10990 # 1504
10990 + 1020 407326651
10990 + 1020 407326651
10990 + 1053 407326651
10990 + 1053 407326651
10990 + 1054 407326651
10991 # 1504
10991 - 1020 1 407326651
10991 # 1504
10991 - 1020 1 407326651
10991 # 1504
10991 - 1053 1 407326651
10991 - 1053 1 407326651
10992 # 1504
10992 - 1054 2 407326651
10992 # 1504
10992 # 1504
10992 + 1145 407326651
10993 # 1504
10993 - 1145 1 407326651
10993 # 1504
10993 # 1504
10993 + 1146 407326651
10993 + 969 407326651
10993 + 969 407326651
10993 + 902 407326651
10993 + 903 407326651
10994 # 1504
10994 - 1146 1 407326651
10994 # 1504
10994 - 969 1 407326651
10994 # 1504
10994 - 969 1 407326651
10994 - 902 1 407326651
10995 # 1504
10995 - 903 2 407326651
10995 # 1504
10995 # 1504
10995 # 1504
10995 + 102 2802403873
10995 + 924 407326651
10995 + 925 407326651
10995 + 925 407326651
10995 + 996 407326651
10995 + 996 407326651
10995 + 997 407326651
10996 # 1504
10996 - 102 1 2802403873
10996 - 924 1 407326651
10996 # 1504
10996 - 925 1 407326651
10996 - 925 1 407326651
10996 # 1504
10996 - 996 1 407326651
10997 # 1504
10997 - 996 2 407326651
10997 - 997 2 407326651
10997 # 1504
10997 # 1504
10997 + 997 407326651
10998 # 1504
10998 - 997 1 407326651
10998 # 1504
10998 # 1504
10999 # 1504
10999 # 1504
10999 # 1504
11000 # 1504
11000 # 1504
11000 # 1504
11000 + 56 2148598269
