Time sync: 962 ms
--------------------------------------------------
RTP TS: 406500091, Frame Size: 7552, Encode 5, Net 24, Wait -4, Decode 7 E2E 32 
P: seq 20746, size 764, send_delta 0, trans_delta 1, recv_delta 1
P: seq 20747, size 1072, send_delta 3, trans_delta 1, recv_delta 4
P: seq 20748, size 888, send_delta 6, trans_delta 2, recv_delta 8
P: seq 20749, size 874, send_delta 9, trans_delta 2, recv_delta 11
P: seq 20750, size 792, send_delta 12, trans_delta 1, recv_delta 13
P: seq 20751, size 709, send_delta 14, trans_delta 1, recv_delta 15
P: seq 20752, size 860, send_delta 14, trans_delta 1, recv_delta 15
P: seq 20753, size 865, send_delta 17, trans_delta 1, recv_delta 18
P: seq 20754, size 952, send_delta 18, trans_delta 1, recv_delta 19
P: seq 31105, size 950, send_delta 22, trans_delta 2, recv_delta 24
P: seq 31106, size 863, send_delta 24, trans_delta 2, recv_delta 26
P: seq 31107, size 858, send_delta 25, trans_delta 1, recv_delta 26
RTP TS: 406501621, Frame Size: 1072, Encode 4, Net 11, Wait 9, Decode 3 E2E 27 
P: seq 20755, size 1092, send_delta 7, trans_delta 1, recv_delta 8
P: seq 31104, size 1090, send_delta 9, trans_delta 2, recv_delta 11
RTP TS: 406503241, Frame Size: 983, Encode 2, Net 40, Wait -1, Decode 1 E2E 42 
P: seq 20756, size 999, send_delta 27, trans_delta 1, recv_delta 28
P: seq 31112, size 1001, send_delta 39, trans_delta 1, recv_delta 40
P: seq 31116, size 1001, send_delta 39, trans_delta 2, recv_delta 41
P: seq 31120, size 1001, send_delta 40, trans_delta 2, recv_delta 42
P: seq 31124, size 1001, send_delta 43, trans_delta 1, recv_delta 44
P: seq 31128, size 1001, send_delta 45, trans_delta 1, recv_delta 46
P: seq 31132, size 1001, send_delta 45, trans_delta 1, recv_delta 46
RTP TS: 406504861, Frame Size: 568, Encode 2, Net 26, Wait 0, Decode 1 E2E 29 
P: seq 20757, size 584, send_delta 9, trans_delta 1, recv_delta 10
P: seq 31111, size 586, send_delta 18, trans_delta 1, recv_delta 19
P: seq 31115, size 586, send_delta 21, trans_delta 2, recv_delta 23
P: seq 31119, size 586, send_delta 22, trans_delta 1, recv_delta 23
P: seq 31123, size 586, send_delta 25, trans_delta 1, recv_delta 26
P: seq 31127, size 586, send_delta 25, trans_delta 1, recv_delta 26
P: seq 31131, size 586, send_delta 27, trans_delta 1, recv_delta 28
RTP TS: 406506481, Frame Size: 1449, Encode 2, Net 10, Wait 15, Decode 1 E2E 28 
P: seq 20758, size 1054, send_delta 0, trans_delta 0, recv_delta 0
P: seq 20759, size 436, send_delta 0, trans_delta 1, recv_delta 1
P: seq 31109, size 438, send_delta 0, trans_delta 1, recv_delta 1
P: seq 31110, size 1056, send_delta 0, trans_delta 1, recv_delta 1
P: seq 31113, size 438, send_delta 3, trans_delta 1, recv_delta 4
P: seq 31114, size 1056, send_delta 3, trans_delta 1, recv_delta 4
P: seq 31117, size 438, send_delta 4, trans_delta 1, recv_delta 5
P: seq 31118, size 1056, send_delta 4, trans_delta 1, recv_delta 5
P: seq 31121, size 438, send_delta 4, trans_delta 2, recv_delta 6
P: seq 31122, size 1056, send_delta 4, trans_delta 2, recv_delta 6
P: seq 31125, size 438, send_delta 7, trans_delta 1, recv_delta 8
P: seq 31126, size 1056, send_delta 7, trans_delta 1, recv_delta 8
P: seq 31129, size 438, send_delta 9, trans_delta 1, recv_delta 10
P: seq 31130, size 1056, send_delta 9, trans_delta 1, recv_delta 10
RTP TS: 406508101, Frame Size: 3532, Encode 3, Net 5, Wait 16, Decode 2 E2E 26 
P: seq 20760, size 823, send_delta 0, trans_delta 2, recv_delta 2
P: seq 20761, size 957, send_delta 4, trans_delta 1, recv_delta 5
P: seq 20762, size 1168, send_delta 4, trans_delta 1, recv_delta 5
P: seq 20763, size 675, send_delta 4, trans_delta 1, recv_delta 5
RTP TS: 406509631, Frame Size: 8884, Encode 3, Net 7, Wait 10, Decode 4 E2E 24 
P: seq 20764, size 1160, send_delta 0, trans_delta 1, recv_delta 1
P: seq 20765, size 1162, send_delta 2, trans_delta 1, recv_delta 3
P: seq 20766, size 1109, send_delta 2, trans_delta 1, recv_delta 3
P: seq 20767, size 627, send_delta 2, trans_delta 2, recv_delta 4
P: seq 20768, size 627, send_delta 4, trans_delta 2, recv_delta 6
P: seq 20769, size 665, send_delta 4, trans_delta 2, recv_delta 6
P: seq 20770, size 666, send_delta 5, trans_delta 2, recv_delta 7
P: seq 20771, size 693, send_delta 5, trans_delta 2, recv_delta 7
P: seq 20772, size 693, send_delta 5, trans_delta 2, recv_delta 7
P: seq 20773, size 925, send_delta 6, trans_delta 1, recv_delta 7
P: seq 20774, size 805, send_delta 6, trans_delta 1, recv_delta 7
RTP TS: 406511251, Frame Size: 10627, Encode 4, Net 5, Wait 12, Decode 3 E2E 24 
P: seq 20775, size 863, send_delta 0, trans_delta 1, recv_delta 1
P: seq 20776, size 1112, send_delta 1, trans_delta 1, recv_delta 2
P: seq 20777, size 687, send_delta 1, trans_delta 1, recv_delta 2
P: seq 20778, size 688, send_delta 1, trans_delta 1, recv_delta 2
P: seq 20779, size 619, send_delta 1, trans_delta 2, recv_delta 3
P: seq 20780, size 620, send_delta 1, trans_delta 2, recv_delta 3
P: seq 20781, size 1102, send_delta 1, trans_delta 2, recv_delta 3
P: seq 20782, size 908, send_delta 3, trans_delta 1, recv_delta 4
P: seq 20783, size 909, send_delta 3, trans_delta 1, recv_delta 4
P: seq 20784, size 880, send_delta 3, trans_delta 1, recv_delta 4
P: seq 20785, size 880, send_delta 3, trans_delta 2, recv_delta 5
P: seq 20786, size 830, send_delta 3, trans_delta 2, recv_delta 5
P: seq 20787, size 831, send_delta 3, trans_delta 2, recv_delta 5
RTP TS: 406512871, Frame Size: 14425, Encode 4, Net 7, Wait 8, Decode 4 E2E 23 
P: seq 20788, size 1012, send_delta 0, trans_delta 1, recv_delta 1
P: seq 20789, size 1146, send_delta 1, trans_delta 1, recv_delta 2
P: seq 20790, size 962, send_delta 1, trans_delta 2, recv_delta 3
P: seq 20791, size 962, send_delta 2, trans_delta 1, recv_delta 3
P: seq 20792, size 966, send_delta 2, trans_delta 2, recv_delta 4
P: seq 20793, size 966, send_delta 2, trans_delta 2, recv_delta 4
P: seq 20794, size 968, send_delta 3, trans_delta 2, recv_delta 5
P: seq 20795, size 968, send_delta 3, trans_delta 2, recv_delta 5
P: seq 20796, size 817, send_delta 3, trans_delta 2, recv_delta 5
P: seq 20797, size 818, send_delta 3, trans_delta 2, recv_delta 5
P: seq 20798, size 818, send_delta 3, trans_delta 3, recv_delta 6
P: seq 20799, size 1070, send_delta 3, trans_delta 3, recv_delta 6
P: seq 20800, size 1071, send_delta 3, trans_delta 4, recv_delta 7
P: seq 20801, size 1118, send_delta 4, trans_delta 3, recv_delta 7
P: seq 20802, size 1118, send_delta 4, trans_delta 3, recv_delta 7
RTP TS: 406514491, Frame Size: 15603, Encode 4, Net 8, Wait 9, Decode 4 E2E 25 
P: seq 20803, size 938, send_delta 0, trans_delta 1, recv_delta 1
P: seq 20804, size 994, send_delta 2, trans_delta 1, recv_delta 3
P: seq 20805, size 1008, send_delta 2, trans_delta 1, recv_delta 3
P: seq 20806, size 1009, send_delta 2, trans_delta 2, recv_delta 4
P: seq 20807, size 896, send_delta 2, trans_delta 2, recv_delta 4
P: seq 20808, size 897, send_delta 2, trans_delta 2, recv_delta 4
P: seq 20809, size 897, send_delta 2, trans_delta 2, recv_delta 4
P: seq 20810, size 1014, send_delta 2, trans_delta 3, recv_delta 5
P: seq 20811, size 1014, send_delta 2, trans_delta 3, recv_delta 5
P: seq 20812, size 944, send_delta 3, trans_delta 3, recv_delta 6
P: seq 20813, size 945, send_delta 3, trans_delta 3, recv_delta 6
P: seq 20814, size 945, send_delta 3, trans_delta 3, recv_delta 6
P: seq 20815, size 842, send_delta 3, trans_delta 3, recv_delta 6
P: seq 20816, size 842, send_delta 3, trans_delta 4, recv_delta 7
P: seq 20817, size 842, send_delta 4, trans_delta 3, recv_delta 7
P: seq 20818, size 991, send_delta 4, trans_delta 3, recv_delta 7
P: seq 20819, size 992, send_delta 4, trans_delta 4, recv_delta 8
RTP TS: 406516111, Frame Size: 17118, Encode 4, Net 7, Wait 11, Decode 4 E2E 26 
P: seq 20820, size 750, send_delta 0, trans_delta 1, recv_delta 1
P: seq 20821, size 751, send_delta 1, trans_delta 0, recv_delta 1
P: seq 20822, size 751, send_delta 1, trans_delta 1, recv_delta 2
P: seq 20823, size 751, send_delta 1, trans_delta 1, recv_delta 2
P: seq 20824, size 1100, send_delta 1, trans_delta 1, recv_delta 2
P: seq 20825, size 1101, send_delta 1, trans_delta 2, recv_delta 3
P: seq 20826, size 1115, send_delta 2, trans_delta 2, recv_delta 4
P: seq 20827, size 1115, send_delta 3, trans_delta 1, recv_delta 4
P: seq 20828, size 1016, send_delta 3, trans_delta 2, recv_delta 5
P: seq 20829, size 1016, send_delta 3, trans_delta 2, recv_delta 5
P: seq 20830, size 858, send_delta 3, trans_delta 2, recv_delta 5
P: seq 20831, size 858, send_delta 3, trans_delta 3, recv_delta 6
P: seq 20832, size 858, send_delta 4, trans_delta 2, recv_delta 6
P: seq 20833, size 1047, send_delta 4, trans_delta 2, recv_delta 6
P: seq 20834, size 1048, send_delta 4, trans_delta 3, recv_delta 7
P: seq 20835, size 1048, send_delta 4, trans_delta 3, recv_delta 7
P: seq 20836, size 1185, send_delta 4, trans_delta 3, recv_delta 7
P: seq 20837, size 1185, send_delta 4, trans_delta 3, recv_delta 7
RTP TS: 406517731, Frame Size: 18886, Encode 4, Net 9, Wait 10, Decode 4 E2E 27 
P: seq 20838, size 788, send_delta 0, trans_delta 0, recv_delta 0
P: seq 20839, size 789, send_delta 1, trans_delta 0, recv_delta 1
P: seq 20840, size 786, send_delta 1, trans_delta 2, recv_delta 3
P: seq 20841, size 786, send_delta 1, trans_delta 2, recv_delta 3
P: seq 20842, size 818, send_delta 1, trans_delta 2, recv_delta 3
P: seq 20843, size 819, send_delta 1, trans_delta 3, recv_delta 4
P: seq 20844, size 985, send_delta 1, trans_delta 3, recv_delta 4
P: seq 20845, size 986, send_delta 2, trans_delta 2, recv_delta 4
P: seq 20846, size 986, send_delta 3, trans_delta 2, recv_delta 5
P: seq 20847, size 887, send_delta 3, trans_delta 2, recv_delta 5
P: seq 20848, size 888, send_delta 3, trans_delta 2, recv_delta 5
P: seq 20849, size 888, send_delta 3, trans_delta 3, recv_delta 6
P: seq 20850, size 1010, send_delta 3, trans_delta 3, recv_delta 6
P: seq 20851, size 1010, send_delta 4, trans_delta 2, recv_delta 6
P: seq 20852, size 1010, send_delta 4, trans_delta 3, recv_delta 7
P: seq 20853, size 1003, send_delta 4, trans_delta 3, recv_delta 7
P: seq 20854, size 1003, send_delta 4, trans_delta 3, recv_delta 7
P: seq 20855, size 1003, send_delta 4, trans_delta 4, recv_delta 8
P: seq 20856, size 984, send_delta 4, trans_delta 4, recv_delta 8
P: seq 20857, size 985, send_delta 5, trans_delta 3, recv_delta 8
P: seq 20858, size 985, send_delta 5, trans_delta 4, recv_delta 9
RTP TS: 406519351, Frame Size: 19557, Encode 4, Net 9, Wait 11, Decode 4 E2E 28 
P: seq 20859, size 881, send_delta 0, trans_delta 1, recv_delta 1
P: seq 20860, size 881, send_delta 2, trans_delta 1, recv_delta 3
P: seq 20861, size 801, send_delta 2, trans_delta 1, recv_delta 3
P: seq 20862, size 801, send_delta 2, trans_delta 2, recv_delta 4
P: seq 20863, size 827, send_delta 2, trans_delta 2, recv_delta 4
P: seq 20864, size 828, send_delta 2, trans_delta 2, recv_delta 4
P: seq 20865, size 997, send_delta 2, trans_delta 3, recv_delta 5
P: seq 20866, size 997, send_delta 2, trans_delta 3, recv_delta 5
P: seq 20867, size 1047, send_delta 2, trans_delta 3, recv_delta 5
P: seq 20868, size 1048, send_delta 3, trans_delta 3, recv_delta 6
P: seq 20869, size 1048, send_delta 3, trans_delta 3, recv_delta 6
P: seq 20870, size 1048, send_delta 3, trans_delta 3, recv_delta 6
P: seq 20871, size 849, send_delta 3, trans_delta 4, recv_delta 7
P: seq 20872, size 849, send_delta 3, trans_delta 4, recv_delta 7
P: seq 20873, size 849, send_delta 4, trans_delta 3, recv_delta 7
P: seq 20874, size 1088, send_delta 4, trans_delta 4, recv_delta 8
P: seq 20875, size 1088, send_delta 4, trans_delta 4, recv_delta 8
P: seq 20876, size 1088, send_delta 4, trans_delta 4, recv_delta 8
P: seq 20877, size 1018, send_delta 4, trans_delta 4, recv_delta 8
P: seq 20878, size 1018, send_delta 5, trans_delta 3, recv_delta 8
P: seq 20879, size 1019, send_delta 6, trans_delta 2, recv_delta 8
RTP TS: 406520881, Frame Size: 23083, Encode 4, Net 10, Wait 10, Decode 5 E2E 29 
P: seq 20880, size 877, send_delta 0, trans_delta 1, recv_delta 1
P: seq 20881, size 877, send_delta 1, trans_delta 1, recv_delta 2
P: seq 20882, size 877, send_delta 1, trans_delta 1, recv_delta 2
P: seq 20883, size 1181, send_delta 1, trans_delta 1, recv_delta 2
P: seq 20884, size 1182, send_delta 1, trans_delta 2, recv_delta 3
P: seq 20885, size 1054, send_delta 1, trans_delta 2, recv_delta 3
P: seq 20886, size 1054, send_delta 2, trans_delta 2, recv_delta 4
P: seq 20887, size 1008, send_delta 2, trans_delta 2, recv_delta 4
P: seq 20888, size 1008, send_delta 3, trans_delta 2, recv_delta 5
P: seq 20889, size 1078, send_delta 3, trans_delta 2, recv_delta 5
P: seq 20890, size 1078, send_delta 3, trans_delta 2, recv_delta 5
P: seq 20891, size 1078, send_delta 4, trans_delta 2, recv_delta 6
P: seq 20892, size 1079, send_delta 4, trans_delta 2, recv_delta 6
P: seq 20893, size 941, send_delta 4, trans_delta 2, recv_delta 6
P: seq 20894, size 942, send_delta 4, trans_delta 3, recv_delta 7
P: seq 20895, size 942, send_delta 4, trans_delta 3, recv_delta 7
P: seq 20896, size 929, send_delta 4, trans_delta 3, recv_delta 7
P: seq 20897, size 929, send_delta 5, trans_delta 3, recv_delta 8
P: seq 20898, size 929, send_delta 5, trans_delta 3, recv_delta 8
P: seq 20899, size 930, send_delta 5, trans_delta 3, recv_delta 8
P: seq 20900, size 925, send_delta 5, trans_delta 4, recv_delta 9
P: seq 20901, size 925, send_delta 5, trans_delta 4, recv_delta 9
P: seq 20902, size 925, send_delta 5, trans_delta 4, recv_delta 9
P: seq 20903, size 926, send_delta 6, trans_delta 4, recv_delta 10
RTP TS: 406522501, Frame Size: 20713, Encode 4, Net 8, Wait 13, Decode 4 E2E 29 
P: seq 20904, size 757, send_delta 0, trans_delta 1, recv_delta 1
P: seq 20905, size 758, send_delta 1, trans_delta 1, recv_delta 2
P: seq 20906, size 752, send_delta 1, trans_delta 1, recv_delta 2
P: seq 20907, size 753, send_delta 1, trans_delta 1, recv_delta 2
P: seq 20908, size 1043, send_delta 1, trans_delta 2, recv_delta 3
P: seq 20909, size 1043, send_delta 1, trans_delta 2, recv_delta 3
P: seq 20910, size 1100, send_delta 1, trans_delta 2, recv_delta 3
P: seq 20911, size 1100, send_delta 2, trans_delta 2, recv_delta 4
P: seq 20912, size 1080, send_delta 2, trans_delta 2, recv_delta 4
P: seq 20913, size 1080, send_delta 2, trans_delta 2, recv_delta 4
P: seq 20914, size 1081, send_delta 2, trans_delta 2, recv_delta 4
P: seq 20915, size 1081, send_delta 2, trans_delta 3, recv_delta 5
P: seq 20916, size 990, send_delta 3, trans_delta 3, recv_delta 6
P: seq 20917, size 991, send_delta 4, trans_delta 2, recv_delta 6
P: seq 20918, size 991, send_delta 4, trans_delta 2, recv_delta 6
P: seq 20919, size 1178, send_delta 4, trans_delta 3, recv_delta 7
P: seq 20920, size 1179, send_delta 4, trans_delta 3, recv_delta 7
P: seq 20921, size 1179, send_delta 5, trans_delta 3, recv_delta 8
P: seq 20922, size 1030, send_delta 5, trans_delta 3, recv_delta 8
P: seq 20923, size 1030, send_delta 5, trans_delta 3, recv_delta 8
P: seq 20924, size 1030, send_delta 5, trans_delta 3, recv_delta 8
RTP TS: 406524121, Frame Size: 23666, Encode 4, Net 9, Wait 13, Decode 5 E2E 31 
P: seq 20925, size 811, send_delta 0, trans_delta 1, recv_delta 1
P: seq 20926, size 811, send_delta 1, trans_delta 1, recv_delta 2
P: seq 20927, size 795, send_delta 1, trans_delta 1, recv_delta 2
P: seq 20928, size 795, send_delta 1, trans_delta 1, recv_delta 2
P: seq 20929, size 1156, send_delta 1, trans_delta 1, recv_delta 2
P: seq 20930, size 1157, send_delta 1, trans_delta 2, recv_delta 3
P: seq 20931, size 1085, send_delta 2, trans_delta 1, recv_delta 3
P: seq 20932, size 1086, send_delta 2, trans_delta 1, recv_delta 3
P: seq 20933, size 1086, send_delta 2, trans_delta 2, recv_delta 4
P: seq 20934, size 1086, send_delta 2, trans_delta 2, recv_delta 4
P: seq 20935, size 1025, send_delta 2, trans_delta 2, recv_delta 4
P: seq 20936, size 1025, send_delta 3, trans_delta 2, recv_delta 5
P: seq 20937, size 1026, send_delta 4, trans_delta 1, recv_delta 5
P: seq 20938, size 1026, send_delta 4, trans_delta 1, recv_delta 5
P: seq 20939, size 1023, send_delta 4, trans_delta 2, recv_delta 6
P: seq 20940, size 1023, send_delta 4, trans_delta 2, recv_delta 6
P: seq 20941, size 1023, send_delta 4, trans_delta 2, recv_delta 6
P: seq 20942, size 1024, send_delta 4, trans_delta 3, recv_delta 7
P: seq 20943, size 946, send_delta 5, trans_delta 2, recv_delta 7
P: seq 20944, size 946, send_delta 5, trans_delta 3, recv_delta 8
P: seq 20945, size 946, send_delta 5, trans_delta 3, recv_delta 8
P: seq 20946, size 947, send_delta 5, trans_delta 3, recv_delta 8
P: seq 20947, size 811, send_delta 5, trans_delta 4, recv_delta 9
P: seq 20948, size 812, send_delta 6, trans_delta 3, recv_delta 9
P: seq 20949, size 812, send_delta 6, trans_delta 3, recv_delta 9
RTP TS: 406525741, Frame Size: 25668, Encode 4, Net 11, Wait 12, Decode 5 E2E 32 
P: seq 20950, size 937, send_delta 1, trans_delta 0, recv_delta 1
P: seq 20951, size 937, send_delta 2, trans_delta 1, recv_delta 3
P: seq 20952, size 994, send_delta 2, trans_delta 1, recv_delta 3
P: seq 20953, size 995, send_delta 2, trans_delta 2, recv_delta 4
P: seq 20954, size 906, send_delta 2, trans_delta 2, recv_delta 4
P: seq 20955, size 907, send_delta 2, trans_delta 2, recv_delta 4
P: seq 20956, size 907, send_delta 4, trans_delta 1, recv_delta 5
P: seq 20957, size 907, send_delta 4, trans_delta 1, recv_delta 5
P: seq 20958, size 1007, send_delta 4, trans_delta 1, recv_delta 5
P: seq 20959, size 1008, send_delta 4, trans_delta 2, recv_delta 6
P: seq 20960, size 1008, send_delta 4, trans_delta 2, recv_delta 6
P: seq 20961, size 1008, send_delta 4, trans_delta 3, recv_delta 7
P: seq 20962, size 1122, send_delta 4, trans_delta 3, recv_delta 7
P: seq 20963, size 1123, send_delta 4, trans_delta 3, recv_delta 7
P: seq 20964, size 1123, send_delta 5, trans_delta 3, recv_delta 8
P: seq 20965, size 1084, send_delta 5, trans_delta 3, recv_delta 8
P: seq 20966, size 1084, send_delta 5, trans_delta 3, recv_delta 8
P: seq 20967, size 1084, send_delta 5, trans_delta 4, recv_delta 9
P: seq 20968, size 1085, send_delta 5, trans_delta 4, recv_delta 9
P: seq 20969, size 963, send_delta 6, trans_delta 3, recv_delta 9
P: seq 20970, size 963, send_delta 6, trans_delta 3, recv_delta 9
P: seq 20971, size 963, send_delta 6, trans_delta 4, recv_delta 10
P: seq 20972, size 963, send_delta 6, trans_delta 4, recv_delta 10
P: seq 20973, size 1077, send_delta 6, trans_delta 4, recv_delta 10
P: seq 20974, size 1078, send_delta 6, trans_delta 5, recv_delta 11
P: seq 20975, size 1078, send_delta 8, trans_delta 3, recv_delta 11
RTP TS: 406527361, Frame Size: 25139, Encode 4, Net 10, Wait 15, Decode 5 E2E 34 
P: seq 20976, size 898, send_delta 0, trans_delta 2, recv_delta 2
P: seq 20977, size 899, send_delta 1, trans_delta 1, recv_delta 2
P: seq 20978, size 930, send_delta 1, trans_delta 1, recv_delta 2
P: seq 20979, size 931, send_delta 2, trans_delta 1, recv_delta 3
P: seq 20980, size 952, send_delta 2, trans_delta 1, recv_delta 3
P: seq 20981, size 952, send_delta 2, trans_delta 1, recv_delta 3
P: seq 20982, size 952, send_delta 2, trans_delta 2, recv_delta 4
P: seq 20983, size 953, send_delta 2, trans_delta 2, recv_delta 4
P: seq 20984, size 956, send_delta 3, trans_delta 1, recv_delta 4
P: seq 20985, size 956, send_delta 3, trans_delta 1, recv_delta 4
P: seq 20986, size 957, send_delta 3, trans_delta 1, recv_delta 4
P: seq 20987, size 957, send_delta 3, trans_delta 1, recv_delta 4
P: seq 20988, size 916, send_delta 3, trans_delta 2, recv_delta 5
P: seq 20989, size 916, send_delta 3, trans_delta 3, recv_delta 6
P: seq 20990, size 917, send_delta 4, trans_delta 2, recv_delta 6
P: seq 20991, size 917, send_delta 5, trans_delta 1, recv_delta 6
P: seq 20992, size 1051, send_delta 5, trans_delta 2, recv_delta 7
P: seq 20993, size 1051, send_delta 5, trans_delta 2, recv_delta 7
P: seq 20994, size 1051, send_delta 5, trans_delta 2, recv_delta 7
P: seq 20995, size 1051, send_delta 5, trans_delta 3, recv_delta 8
P: seq 20996, size 1007, send_delta 6, trans_delta 2, recv_delta 8
P: seq 20997, size 1007, send_delta 6, trans_delta 2, recv_delta 8
P: seq 20998, size 1008, send_delta 6, trans_delta 3, recv_delta 9
P: seq 20999, size 1008, send_delta 6, trans_delta 3, recv_delta 9
P: seq 21000, size 871, send_delta 6, trans_delta 3, recv_delta 9
P: seq 21001, size 872, send_delta 6, trans_delta 4, recv_delta 10
P: seq 21002, size 872, send_delta 7, trans_delta 3, recv_delta 10
RTP TS: 406528981, Frame Size: 26375, Encode 4, Net 13, Wait 12, Decode 5 E2E 34 
P: seq 21003, size 1012, send_delta 0, trans_delta 0, recv_delta 0
P: seq 21004, size 1012, send_delta 1, trans_delta 2, recv_delta 3
P: seq 21005, size 1013, send_delta 1, trans_delta 3, recv_delta 4
P: seq 21006, size 1114, send_delta 1, trans_delta 3, recv_delta 4
P: seq 21007, size 1115, send_delta 1, trans_delta 3, recv_delta 4
P: seq 21008, size 987, send_delta 3, trans_delta 2, recv_delta 5
P: seq 21009, size 987, send_delta 3, trans_delta 2, recv_delta 5
P: seq 21010, size 988, send_delta 3, trans_delta 2, recv_delta 5
P: seq 21011, size 1124, send_delta 3, trans_delta 3, recv_delta 6
P: seq 21012, size 1125, send_delta 3, trans_delta 3, recv_delta 6
P: seq 21013, size 1125, send_delta 3, trans_delta 4, recv_delta 7
P: seq 21014, size 1190, send_delta 4, trans_delta 4, recv_delta 8
P: seq 21015, size 1191, send_delta 4, trans_delta 4, recv_delta 8
P: seq 21016, size 1191, send_delta 4, trans_delta 4, recv_delta 8
P: seq 21017, size 1032, send_delta 4, trans_delta 5, recv_delta 9
P: seq 21018, size 1033, send_delta 4, trans_delta 5, recv_delta 9
P: seq 21019, size 1033, send_delta 5, trans_delta 4, recv_delta 9
P: seq 21020, size 1033, send_delta 5, trans_delta 5, recv_delta 10
P: seq 21021, size 1053, send_delta 5, trans_delta 6, recv_delta 11
P: seq 21022, size 1053, send_delta 5, trans_delta 6, recv_delta 11
P: seq 21023, size 1054, send_delta 5, trans_delta 7, recv_delta 12
P: seq 21024, size 1054, send_delta 7, trans_delta 5, recv_delta 12
P: seq 21025, size 1157, send_delta 7, trans_delta 5, recv_delta 12
P: seq 21026, size 1158, send_delta 7, trans_delta 6, recv_delta 13
P: seq 21027, size 1158, send_delta 7, trans_delta 6, recv_delta 13
RTP TS: 406530601, Frame Size: 28807, Encode 4, Net 14, Wait 11, Decode 5 E2E 34 
P: seq 21028, size 963, send_delta 0, trans_delta 1, recv_delta 1
P: seq 21029, size 963, send_delta 1, trans_delta 1, recv_delta 2
P: seq 21030, size 963, send_delta 1, trans_delta 1, recv_delta 2
P: seq 21031, size 963, send_delta 2, trans_delta 1, recv_delta 3
P: seq 21032, size 856, send_delta 2, trans_delta 1, recv_delta 3
P: seq 21033, size 856, send_delta 2, trans_delta 1, recv_delta 3
P: seq 21034, size 857, send_delta 2, trans_delta 1, recv_delta 3
P: seq 21035, size 1017, send_delta 2, trans_delta 2, recv_delta 4
P: seq 21036, size 1017, send_delta 2, trans_delta 3, recv_delta 5
P: seq 21037, size 1018, send_delta 3, trans_delta 2, recv_delta 5
P: seq 21038, size 1197, send_delta 3, trans_delta 3, recv_delta 6
P: seq 21039, size 1197, send_delta 3, trans_delta 4, recv_delta 7
P: seq 21040, size 1197, send_delta 3, trans_delta 4, recv_delta 7
P: seq 21041, size 1015, send_delta 3, trans_delta 4, recv_delta 7
P: seq 21042, size 1015, send_delta 4, trans_delta 4, recv_delta 8
P: seq 21043, size 1016, send_delta 4, trans_delta 4, recv_delta 8
P: seq 21044, size 1016, send_delta 5, trans_delta 3, recv_delta 8
P: seq 21045, size 935, send_delta 5, trans_delta 3, recv_delta 8
P: seq 21046, size 936, send_delta 5, trans_delta 3, recv_delta 8
P: seq 21047, size 936, send_delta 6, trans_delta 3, recv_delta 9
P: seq 21048, size 936, send_delta 6, trans_delta 3, recv_delta 9
P: seq 21049, size 1166, send_delta 6, trans_delta 5, recv_delta 11
P: seq 21050, size 1166, send_delta 6, trans_delta 5, recv_delta 11
P: seq 21051, size 1166, send_delta 6, trans_delta 5, recv_delta 11
P: seq 21052, size 1167, send_delta 7, trans_delta 5, recv_delta 12
P: seq 21053, size 998, send_delta 7, trans_delta 5, recv_delta 12
P: seq 21054, size 998, send_delta 7, trans_delta 6, recv_delta 13
P: seq 21055, size 999, send_delta 7, trans_delta 6, recv_delta 13
P: seq 21056, size 999, send_delta 7, trans_delta 6, recv_delta 13
RTP TS: 406532221, Frame Size: 36516, Encode 5, Net 17, Wait 11, Decode 6 E2E 39 
P: seq 21057, size 1049, send_delta 0, trans_delta 2, recv_delta 2
P: seq 21058, size 1049, send_delta 1, trans_delta 1, recv_delta 2
P: seq 21059, size 1049, send_delta 2, trans_delta 0, recv_delta 2
P: seq 21060, size 1050, send_delta 2, trans_delta 0, recv_delta 2
P: seq 21061, size 1050, send_delta 2, trans_delta 2, recv_delta 4
P: seq 21062, size 1013, send_delta 2, trans_delta 2, recv_delta 4
P: seq 21063, size 1014, send_delta 2, trans_delta 3, recv_delta 5
P: seq 21064, size 1014, send_delta 3, trans_delta 2, recv_delta 5
P: seq 21065, size 963, send_delta 3, trans_delta 2, recv_delta 5
P: seq 21066, size 963, send_delta 3, trans_delta 2, recv_delta 5
P: seq 21067, size 963, send_delta 3, trans_delta 2, recv_delta 5
P: seq 21068, size 963, send_delta 3, trans_delta 4, recv_delta 7
P: seq 21069, size 1166, send_delta 4, trans_delta 3, recv_delta 7
P: seq 21070, size 1166, send_delta 4, trans_delta 4, recv_delta 8
P: seq 21071, size 1167, send_delta 4, trans_delta 4, recv_delta 8
P: seq 21072, size 1167, send_delta 4, trans_delta 4, recv_delta 8
P: seq 21073, size 1030, send_delta 4, trans_delta 5, recv_delta 9
P: seq 21074, size 1031, send_delta 5, trans_delta 5, recv_delta 10
P: seq 21075, size 1031, send_delta 6, trans_delta 4, recv_delta 10
P: seq 21076, size 1031, send_delta 6, trans_delta 4, recv_delta 10
P: seq 21077, size 1031, send_delta 6, trans_delta 5, recv_delta 11
P: seq 21078, size 966, send_delta 6, trans_delta 5, recv_delta 11
P: seq 21079, size 966, send_delta 6, trans_delta 5, recv_delta 11
P: seq 21080, size 966, send_delta 7, trans_delta 5, recv_delta 12
P: seq 21081, size 967, send_delta 7, trans_delta 5, recv_delta 12
P: seq 21082, size 967, send_delta 7, trans_delta 5, recv_delta 12
P: seq 21083, size 1174, send_delta 7, trans_delta 6, recv_delta 13
P: seq 21084, size 1174, send_delta 7, trans_delta 7, recv_delta 14
P: seq 21085, size 1174, send_delta 7, trans_delta 7, recv_delta 14
P: seq 21086, size 1174, send_delta 7, trans_delta 7, recv_delta 14
P: seq 21087, size 1174, send_delta 8, trans_delta 7, recv_delta 15
P: seq 21088, size 1182, send_delta 9, trans_delta 6, recv_delta 15
P: seq 21089, size 1183, send_delta 9, trans_delta 7, recv_delta 16
P: seq 21090, size 1183, send_delta 9, trans_delta 8, recv_delta 17
P: seq 21091, size 1183, send_delta 9, trans_delta 8, recv_delta 17
RTP TS: 406533751, Frame Size: 38874, Encode 5, Net 18, Wait 10, Decode 7 E2E 40 
P: seq 21092, size 1013, send_delta 0, trans_delta 2, recv_delta 2
P: seq 21093, size 1013, send_delta 2, trans_delta 1, recv_delta 3
P: seq 21094, size 1013, send_delta 2, trans_delta 1, recv_delta 3
P: seq 21095, size 1013, send_delta 2, trans_delta 1, recv_delta 3
P: seq 21096, size 1013, send_delta 2, trans_delta 1, recv_delta 3
P: seq 21097, size 1014, send_delta 2, trans_delta 2, recv_delta 4
P: seq 21098, size 819, send_delta 3, trans_delta 2, recv_delta 5
P: seq 21099, size 820, send_delta 3, trans_delta 2, recv_delta 5
P: seq 21100, size 820, send_delta 3, trans_delta 3, recv_delta 6
P: seq 21101, size 1168, send_delta 3, trans_delta 3, recv_delta 6
P: seq 21102, size 1168, send_delta 3, trans_delta 3, recv_delta 6
P: seq 21103, size 1169, send_delta 4, trans_delta 3, recv_delta 7
P: seq 21104, size 1081, send_delta 4, trans_delta 3, recv_delta 7
P: seq 21105, size 1081, send_delta 4, trans_delta 4, recv_delta 8
P: seq 21106, size 1082, send_delta 4, trans_delta 4, recv_delta 8
P: seq 21107, size 1082, send_delta 4, trans_delta 4, recv_delta 8
P: seq 21108, size 1082, send_delta 4, trans_delta 5, recv_delta 9
P: seq 21109, size 1051, send_delta 4, trans_delta 6, recv_delta 10
P: seq 21110, size 1052, send_delta 6, trans_delta 4, recv_delta 10
P: seq 21111, size 1052, send_delta 6, trans_delta 4, recv_delta 10
P: seq 21112, size 1052, send_delta 6, trans_delta 5, recv_delta 11
P: seq 21113, size 1052, send_delta 6, trans_delta 5, recv_delta 11
P: seq 21114, size 1195, send_delta 6, trans_delta 5, recv_delta 11
P: seq 21115, size 1195, send_delta 7, trans_delta 5, recv_delta 12
P: seq 21116, size 1196, send_delta 7, trans_delta 5, recv_delta 12
P: seq 21117, size 1196, send_delta 7, trans_delta 5, recv_delta 12
P: seq 21118, size 1196, send_delta 7, trans_delta 6, recv_delta 13
P: seq 21119, size 1078, send_delta 7, trans_delta 6, recv_delta 13
P: seq 21120, size 1078, send_delta 8, trans_delta 6, recv_delta 14
P: seq 21121, size 1078, send_delta 8, trans_delta 7, recv_delta 15
P: seq 21122, size 1078, send_delta 8, trans_delta 7, recv_delta 15
P: seq 21123, size 1079, send_delta 8, trans_delta 7, recv_delta 15
P: seq 21124, size 1079, send_delta 8, trans_delta 8, recv_delta 16
P: seq 21125, size 1161, send_delta 10, trans_delta 6, recv_delta 16
P: seq 21126, size 1161, send_delta 10, trans_delta 6, recv_delta 16
P: seq 21127, size 1161, send_delta 10, trans_delta 7, recv_delta 17
P: seq 21128, size 1162, send_delta 10, trans_delta 8, recv_delta 18
RTP TS: 406535371, Frame Size: 42094, Encode 5, Net 19, Wait 12, Decode 7 E2E 43 
P: seq 21129, size 1153, send_delta 1, trans_delta 1, recv_delta 2
P: seq 21130, size 1153, send_delta 2, trans_delta 0, recv_delta 2
P: seq 21131, size 1153, send_delta 2, trans_delta 0, recv_delta 2
P: seq 21132, size 1153, send_delta 2, trans_delta 2, recv_delta 4
P: seq 21133, size 1153, send_delta 2, trans_delta 2, recv_delta 4
P: seq 21134, size 1153, send_delta 2, trans_delta 2, recv_delta 4
P: seq 21135, size 1154, send_delta 3, trans_delta 2, recv_delta 5
P: seq 21136, size 1156, send_delta 3, trans_delta 3, recv_delta 6
P: seq 21137, size 1156, send_delta 3, trans_delta 3, recv_delta 6
P: seq 21138, size 1157, send_delta 3, trans_delta 4, recv_delta 7
P: seq 21139, size 1159, send_delta 3, trans_delta 4, recv_delta 7
P: seq 21140, size 1159, send_delta 3, trans_delta 5, recv_delta 8
P: seq 21141, size 1160, send_delta 5, trans_delta 3, recv_delta 8
P: seq 21142, size 1001, send_delta 5, trans_delta 3, recv_delta 8
P: seq 21143, size 1001, send_delta 5, trans_delta 4, recv_delta 9
P: seq 21144, size 1001, send_delta 5, trans_delta 4, recv_delta 9
P: seq 21145, size 1001, send_delta 6, trans_delta 4, recv_delta 10
P: seq 21146, size 1001, send_delta 6, trans_delta 4, recv_delta 10
P: seq 21147, size 1179, send_delta 6, trans_delta 4, recv_delta 10
P: seq 21148, size 1179, send_delta 6, trans_delta 5, recv_delta 11
P: seq 21149, size 1179, send_delta 6, trans_delta 5, recv_delta 11
P: seq 21150, size 1179, send_delta 7, trans_delta 5, recv_delta 12
P: seq 21151, size 1037, send_delta 7, trans_delta 6, recv_delta 13
P: seq 21152, size 1038, send_delta 7, trans_delta 6, recv_delta 13
P: seq 21153, size 1038, send_delta 7, trans_delta 6, recv_delta 13
P: seq 21154, size 1038, send_delta 7, trans_delta 7, recv_delta 14
P: seq 21155, size 1038, send_delta 7, trans_delta 7, recv_delta 14
P: seq 21156, size 1038, send_delta 7, trans_delta 7, recv_delta 14
P: seq 21157, size 1089, send_delta 9, trans_delta 6, recv_delta 15
P: seq 21158, size 1090, send_delta 9, trans_delta 7, recv_delta 16
P: seq 21159, size 1090, send_delta 9, trans_delta 7, recv_delta 16
P: seq 21160, size 1090, send_delta 9, trans_delta 7, recv_delta 16
P: seq 21161, size 1090, send_delta 9, trans_delta 8, recv_delta 17
P: seq 21162, size 1090, send_delta 10, trans_delta 7, recv_delta 17
P: seq 21163, size 1113, send_delta 10, trans_delta 7, recv_delta 17
P: seq 21164, size 1114, send_delta 10, trans_delta 7, recv_delta 17
P: seq 21165, size 1114, send_delta 10, trans_delta 7, recv_delta 17
P: seq 21166, size 1114, send_delta 10, trans_delta 9, recv_delta 19
P: seq 21167, size 1114, send_delta 11, trans_delta 8, recv_delta 19
RTP TS: 406536991, Frame Size: 43314, Encode 5, Net 20, Wait 13, Decode 7 E2E 45 
P: seq 21168, size 1105, send_delta 0, trans_delta 2, recv_delta 2
P: seq 21169, size 1105, send_delta 1, trans_delta 2, recv_delta 3
P: seq 21170, size 1105, send_delta 2, trans_delta 1, recv_delta 3
P: seq 21171, size 1105, send_delta 2, trans_delta 2, recv_delta 4
P: seq 21172, size 1105, send_delta 2, trans_delta 2, recv_delta 4
P: seq 21173, size 1105, send_delta 2, trans_delta 2, recv_delta 4
P: seq 21174, size 1106, send_delta 3, trans_delta 1, recv_delta 4
P: seq 21175, size 1140, send_delta 3, trans_delta 3, recv_delta 6
P: seq 21176, size 1140, send_delta 3, trans_delta 3, recv_delta 6
P: seq 21177, size 1140, send_delta 3, trans_delta 3, recv_delta 6
P: seq 21178, size 1140, send_delta 3, trans_delta 4, recv_delta 7
P: seq 21179, size 1140, send_delta 4, trans_delta 3, recv_delta 7
P: seq 21180, size 969, send_delta 4, trans_delta 4, recv_delta 8
P: seq 21181, size 969, send_delta 4, trans_delta 4, recv_delta 8
P: seq 21182, size 969, send_delta 4, trans_delta 5, recv_delta 9
P: seq 21183, size 969, send_delta 4, trans_delta 5, recv_delta 9
P: seq 21184, size 942, send_delta 4, trans_delta 5, recv_delta 9
P: seq 21185, size 942, send_delta 5, trans_delta 5, recv_delta 10
P: seq 21186, size 943, send_delta 5, trans_delta 5, recv_delta 10
P: seq 21187, size 943, send_delta 6, trans_delta 5, recv_delta 11
P: seq 21188, size 1020, send_delta 6, trans_delta 6, recv_delta 12
P: seq 21189, size 1020, send_delta 7, trans_delta 5, recv_delta 12
P: seq 21190, size 1020, send_delta 7, trans_delta 6, recv_delta 13
P: seq 21191, size 1021, send_delta 7, trans_delta 6, recv_delta 13
P: seq 21192, size 1021, send_delta 7, trans_delta 6, recv_delta 13
P: seq 21193, size 1050, send_delta 7, trans_delta 6, recv_delta 13
P: seq 21194, size 1050, send_delta 7, trans_delta 7, recv_delta 14
P: seq 21195, size 1050, send_delta 7, trans_delta 7, recv_delta 14
P: seq 21196, size 1050, send_delta 8, trans_delta 6, recv_delta 14
P: seq 21197, size 1051, send_delta 8, trans_delta 7, recv_delta 15
P: seq 21198, size 1051, send_delta 8, trans_delta 8, recv_delta 16
P: seq 21199, size 1040, send_delta 8, trans_delta 8, recv_delta 16
P: seq 21200, size 1040, send_delta 8, trans_delta 8, recv_delta 16
P: seq 21201, size 1040, send_delta 9, trans_delta 8, recv_delta 17
P: seq 21202, size 1040, send_delta 9, trans_delta 8, recv_delta 17
P: seq 21203, size 1040, send_delta 9, trans_delta 8, recv_delta 17
P: seq 21204, size 1040, send_delta 9, trans_delta 8, recv_delta 17
P: seq 21205, size 1129, send_delta 9, trans_delta 9, recv_delta 18
P: seq 21206, size 1129, send_delta 10, trans_delta 9, recv_delta 19
P: seq 21207, size 1129, send_delta 10, trans_delta 9, recv_delta 19
P: seq 21208, size 1130, send_delta 11, trans_delta 9, recv_delta 20
P: seq 21209, size 1130, send_delta 11, trans_delta 9, recv_delta 20
RTP TS: 406538611, Frame Size: 43783, Encode 5, Net 21, Wait 11, Decode 8 E2E 45 
P: seq 21210, size 1172, send_delta 0, trans_delta 3, recv_delta 3
P: seq 21211, size 1172, send_delta 2, trans_delta 1, recv_delta 3
P: seq 21212, size 1172, send_delta 2, trans_delta 1, recv_delta 3
P: seq 21213, size 1172, send_delta 2, trans_delta 1, recv_delta 3
P: seq 21214, size 1173, send_delta 2, trans_delta 3, recv_delta 5
P: seq 21215, size 1173, send_delta 2, trans_delta 3, recv_delta 5
P: seq 21216, size 1173, send_delta 2, trans_delta 4, recv_delta 6
P: seq 21217, size 1114, send_delta 3, trans_delta 3, recv_delta 6
P: seq 21218, size 1114, send_delta 3, trans_delta 3, recv_delta 6
P: seq 21219, size 1114, send_delta 3, trans_delta 4, recv_delta 7
P: seq 21220, size 1114, send_delta 3, trans_delta 4, recv_delta 7
P: seq 21221, size 1114, send_delta 3, trans_delta 4, recv_delta 7
P: seq 21222, size 1115, send_delta 4, trans_delta 4, recv_delta 8
P: seq 21223, size 1033, send_delta 4, trans_delta 5, recv_delta 9
P: seq 21224, size 1033, send_delta 4, trans_delta 5, recv_delta 9
P: seq 21225, size 1034, send_delta 4, trans_delta 5, recv_delta 9
P: seq 21226, size 1034, send_delta 4, trans_delta 6, recv_delta 10
P: seq 21227, size 942, send_delta 6, trans_delta 4, recv_delta 10
P: seq 21228, size 942, send_delta 6, trans_delta 4, recv_delta 10
P: seq 21229, size 943, send_delta 6, trans_delta 5, recv_delta 11
P: seq 21230, size 943, send_delta 6, trans_delta 6, recv_delta 12
P: seq 21231, size 1151, send_delta 6, trans_delta 6, recv_delta 12
P: seq 21232, size 1151, send_delta 6, trans_delta 7, recv_delta 13
P: seq 21233, size 1151, send_delta 7, trans_delta 6, recv_delta 13
P: seq 21234, size 1151, send_delta 7, trans_delta 6, recv_delta 13
P: seq 21235, size 1043, send_delta 7, trans_delta 7, recv_delta 14
P: seq 21236, size 1043, send_delta 7, trans_delta 7, recv_delta 14
P: seq 21237, size 1043, send_delta 7, trans_delta 7, recv_delta 14
P: seq 21238, size 1043, send_delta 8, trans_delta 7, recv_delta 15
P: seq 21239, size 1043, send_delta 8, trans_delta 7, recv_delta 15
P: seq 21240, size 1167, send_delta 8, trans_delta 7, recv_delta 15
P: seq 21241, size 1167, send_delta 8, trans_delta 7, recv_delta 15
P: seq 21242, size 1168, send_delta 8, trans_delta 8, recv_delta 16
P: seq 21243, size 1168, send_delta 10, trans_delta 7, recv_delta 17
P: seq 21244, size 1168, send_delta 10, trans_delta 8, recv_delta 18
P: seq 21245, size 1060, send_delta 10, trans_delta 8, recv_delta 18
P: seq 21246, size 1060, send_delta 10, trans_delta 9, recv_delta 19
P: seq 21247, size 1060, send_delta 10, trans_delta 9, recv_delta 19
P: seq 21248, size 1061, send_delta 10, trans_delta 10, recv_delta 20
P: seq 21249, size 1061, send_delta 11, trans_delta 9, recv_delta 20
P: seq 21250, size 1061, send_delta 11, trans_delta 9, recv_delta 20
RTP TS: 406540231, Frame Size: 44814, Encode 5, Net 21, Wait 12, Decode 8 E2E 46 
P: seq 21251, size 1194, send_delta 0, trans_delta 3, recv_delta 3
P: seq 21252, size 1194, send_delta 1, trans_delta 2, recv_delta 3
P: seq 21253, size 1194, send_delta 1, trans_delta 3, recv_delta 4
P: seq 21254, size 1194, send_delta 1, trans_delta 3, recv_delta 4
P: seq 21255, size 1195, send_delta 1, trans_delta 4, recv_delta 5
P: seq 21256, size 1195, send_delta 2, trans_delta 3, recv_delta 5
P: seq 21257, size 1195, send_delta 2, trans_delta 4, recv_delta 6
P: seq 21258, size 1135, send_delta 2, trans_delta 4, recv_delta 6
P: seq 21259, size 1135, send_delta 2, trans_delta 5, recv_delta 7
P: seq 21260, size 1135, send_delta 2, trans_delta 5, recv_delta 7
P: seq 21261, size 1135, send_delta 3, trans_delta 5, recv_delta 8
P: seq 21262, size 1136, send_delta 3, trans_delta 5, recv_delta 8
P: seq 21263, size 1136, send_delta 4, trans_delta 4, recv_delta 8
P: seq 21264, size 1195, send_delta 4, trans_delta 5, recv_delta 9
P: seq 21265, size 1195, send_delta 5, trans_delta 4, recv_delta 9
P: seq 21266, size 1196, send_delta 5, trans_delta 5, recv_delta 10
P: seq 21267, size 1196, send_delta 5, trans_delta 5, recv_delta 10
P: seq 21268, size 982, send_delta 5, trans_delta 5, recv_delta 10
P: seq 21269, size 982, send_delta 5, trans_delta 6, recv_delta 11
P: seq 21270, size 983, send_delta 6, trans_delta 6, recv_delta 12
P: seq 21271, size 983, send_delta 6, trans_delta 6, recv_delta 12
P: seq 21272, size 1171, send_delta 6, trans_delta 6, recv_delta 12
P: seq 21273, size 1172, send_delta 6, trans_delta 7, recv_delta 13
P: seq 21274, size 1172, send_delta 6, trans_delta 7, recv_delta 13
P: seq 21275, size 1172, send_delta 6, trans_delta 8, recv_delta 14
P: seq 21276, size 968, send_delta 7, trans_delta 7, recv_delta 14
P: seq 21277, size 969, send_delta 7, trans_delta 8, recv_delta 15
P: seq 21278, size 969, send_delta 7, trans_delta 8, recv_delta 15
P: seq 21279, size 969, send_delta 7, trans_delta 8, recv_delta 15
P: seq 21280, size 969, send_delta 7, trans_delta 8, recv_delta 15
P: seq 21281, size 1019, send_delta 7, trans_delta 8, recv_delta 15
P: seq 21282, size 1019, send_delta 9, trans_delta 8, recv_delta 17
P: seq 21283, size 1020, send_delta 9, trans_delta 8, recv_delta 17
P: seq 21284, size 1020, send_delta 9, trans_delta 8, recv_delta 17
P: seq 21285, size 1020, send_delta 9, trans_delta 9, recv_delta 18
P: seq 21286, size 1020, send_delta 9, trans_delta 9, recv_delta 18
P: seq 21287, size 1056, send_delta 10, trans_delta 9, recv_delta 19
P: seq 21288, size 1056, send_delta 10, trans_delta 9, recv_delta 19
P: seq 21289, size 1056, send_delta 10, trans_delta 10, recv_delta 20
P: seq 21290, size 1057, send_delta 10, trans_delta 10, recv_delta 20
P: seq 21291, size 1057, send_delta 10, trans_delta 10, recv_delta 20
P: seq 21292, size 1057, send_delta 10, trans_delta 11, recv_delta 21
RTP TS: 406541851, Frame Size: 46215, Encode 5, Net 22, Wait 13, Decode 8 E2E 48 
P: seq 21293, size 1066, send_delta 1, trans_delta 3, recv_delta 4
P: seq 21294, size 1066, send_delta 2, trans_delta 2, recv_delta 4
P: seq 21295, size 1066, send_delta 2, trans_delta 2, recv_delta 4
P: seq 21296, size 1066, send_delta 2, trans_delta 3, recv_delta 5
P: seq 21297, size 1066, send_delta 2, trans_delta 3, recv_delta 5
P: seq 21298, size 1067, send_delta 2, trans_delta 3, recv_delta 5
P: seq 21299, size 1067, send_delta 3, trans_delta 3, recv_delta 6
P: seq 21300, size 1067, send_delta 3, trans_delta 3, recv_delta 6
P: seq 21301, size 1040, send_delta 4, trans_delta 3, recv_delta 7
P: seq 21302, size 1040, send_delta 4, trans_delta 3, recv_delta 7
P: seq 21303, size 1040, send_delta 4, trans_delta 4, recv_delta 8
P: seq 21304, size 1040, send_delta 5, trans_delta 3, recv_delta 8
P: seq 21305, size 1041, send_delta 5, trans_delta 3, recv_delta 8
P: seq 21306, size 1041, send_delta 5, trans_delta 4, recv_delta 9
P: seq 21307, size 1034, send_delta 5, trans_delta 4, recv_delta 9
P: seq 21308, size 1034, send_delta 5, trans_delta 5, recv_delta 10
P: seq 21309, size 1034, send_delta 7, trans_delta 3, recv_delta 10
P: seq 21310, size 1035, send_delta 7, trans_delta 3, recv_delta 10
P: seq 21311, size 1035, send_delta 7, trans_delta 4, recv_delta 11
P: seq 21312, size 1072, send_delta 7, trans_delta 4, recv_delta 11
P: seq 21313, size 1073, send_delta 7, trans_delta 5, recv_delta 12
P: seq 21314, size 1073, send_delta 7, trans_delta 5, recv_delta 12
P: seq 21315, size 1073, send_delta 7, trans_delta 6, recv_delta 13
P: seq 21316, size 1150, send_delta 7, trans_delta 6, recv_delta 13
P: seq 21317, size 1150, send_delta 7, trans_delta 6, recv_delta 13
P: seq 21318, size 1151, send_delta 8, trans_delta 6, recv_delta 14
P: seq 21319, size 1151, send_delta 8, trans_delta 7, recv_delta 15
P: seq 21320, size 977, send_delta 8, trans_delta 7, recv_delta 15
P: seq 21321, size 977, send_delta 8, trans_delta 7, recv_delta 15
P: seq 21322, size 978, send_delta 8, trans_delta 7, recv_delta 15
P: seq 21323, size 978, send_delta 9, trans_delta 7, recv_delta 16
P: seq 21324, size 978, send_delta 9, trans_delta 7, recv_delta 16
P: seq 21325, size 1161, send_delta 9, trans_delta 8, recv_delta 17
P: seq 21326, size 1161, send_delta 9, trans_delta 9, recv_delta 18
P: seq 21327, size 1161, send_delta 10, trans_delta 8, recv_delta 18
P: seq 21328, size 1161, send_delta 11, trans_delta 8, recv_delta 19
P: seq 21329, size 1161, send_delta 11, trans_delta 8, recv_delta 19
P: seq 21330, size 1162, send_delta 11, trans_delta 8, recv_delta 19
P: seq 21331, size 1105, send_delta 11, trans_delta 9, recv_delta 20
P: seq 21332, size 1105, send_delta 11, trans_delta 9, recv_delta 20
P: seq 21333, size 1105, send_delta 12, trans_delta 9, recv_delta 21
P: seq 21334, size 1106, send_delta 12, trans_delta 9, recv_delta 21
P: seq 21335, size 1106, send_delta 12, trans_delta 10, recv_delta 22
P: seq 21336, size 1106, send_delta 12, trans_delta 10, recv_delta 22
RTP TS: 406543471, Frame Size: 45760, Encode 5, Net 23, Wait 14, Decode 7 E2E 49 
P: seq 21337, size 1175, send_delta 0, trans_delta 5, recv_delta 5
P: seq 21338, size 1175, send_delta 1, trans_delta 4, recv_delta 5
P: seq 21339, size 1175, send_delta 1, trans_delta 4, recv_delta 5
P: seq 21340, size 1175, send_delta 1, trans_delta 5, recv_delta 6
P: seq 21341, size 1176, send_delta 1, trans_delta 6, recv_delta 7
P: seq 21342, size 1176, send_delta 1, trans_delta 6, recv_delta 7
P: seq 21343, size 1100, send_delta 2, trans_delta 6, recv_delta 8
P: seq 21344, size 1100, send_delta 2, trans_delta 6, recv_delta 8
P: seq 21345, size 1100, send_delta 2, trans_delta 6, recv_delta 8
P: seq 21346, size 1100, send_delta 2, trans_delta 6, recv_delta 8
P: seq 21347, size 1100, send_delta 2, trans_delta 7, recv_delta 9
P: seq 21348, size 1174, send_delta 4, trans_delta 5, recv_delta 9
P: seq 21349, size 1174, send_delta 4, trans_delta 6, recv_delta 10
P: seq 21350, size 1175, send_delta 4, trans_delta 7, recv_delta 11
P: seq 21351, size 1175, send_delta 4, trans_delta 7, recv_delta 11
P: seq 21352, size 1175, send_delta 5, trans_delta 6, recv_delta 11
P: seq 21353, size 1178, send_delta 5, trans_delta 7, recv_delta 12
P: seq 21354, size 1178, send_delta 5, trans_delta 7, recv_delta 12
P: seq 21355, size 1178, send_delta 5, trans_delta 8, recv_delta 13
P: seq 21356, size 1178, send_delta 5, trans_delta 9, recv_delta 14
P: seq 21357, size 1180, send_delta 6, trans_delta 8, recv_delta 14
P: seq 21358, size 1180, send_delta 6, trans_delta 8, recv_delta 14
P: seq 21359, size 1180, send_delta 6, trans_delta 9, recv_delta 15
P: seq 21360, size 1180, send_delta 6, trans_delta 9, recv_delta 15
P: seq 21361, size 979, send_delta 6, trans_delta 10, recv_delta 16
P: seq 21362, size 979, send_delta 7, trans_delta 9, recv_delta 16
P: seq 21363, size 979, send_delta 7, trans_delta 9, recv_delta 16
P: seq 21364, size 979, send_delta 7, trans_delta 9, recv_delta 16
P: seq 21365, size 979, send_delta 7, trans_delta 10, recv_delta 17
P: seq 21366, size 1135, send_delta 8, trans_delta 10, recv_delta 18
P: seq 21367, size 1135, send_delta 9, trans_delta 9, recv_delta 18
P: seq 21368, size 1135, send_delta 9, trans_delta 10, recv_delta 19
P: seq 21369, size 1135, send_delta 9, trans_delta 10, recv_delta 19
P: seq 21370, size 1135, send_delta 9, trans_delta 10, recv_delta 19
P: seq 21371, size 1135, send_delta 9, trans_delta 11, recv_delta 20
P: seq 21372, size 1135, send_delta 10, trans_delta 10, recv_delta 20
P: seq 21373, size 1020, send_delta 10, trans_delta 10, recv_delta 20
P: seq 21374, size 1020, send_delta 10, trans_delta 11, recv_delta 21
P: seq 21375, size 1020, send_delta 10, trans_delta 12, recv_delta 22
P: seq 21376, size 1020, send_delta 10, trans_delta 12, recv_delta 22
P: seq 21377, size 1021, send_delta 10, trans_delta 12, recv_delta 22
P: seq 21378, size 1021, send_delta 11, trans_delta 12, recv_delta 23
RTP TS: 406545091, Frame Size: 50836, Encode 5, Net 23, Wait 14, Decode 8 E2E 50 
P: seq 21379, size 1056, send_delta 1, trans_delta 5, recv_delta 6
P: seq 21380, size 1056, send_delta 2, trans_delta 4, recv_delta 6
P: seq 21381, size 1056, send_delta 2, trans_delta 4, recv_delta 6
P: seq 21382, size 1057, send_delta 2, trans_delta 5, recv_delta 7
P: seq 21383, size 1057, send_delta 2, trans_delta 6, recv_delta 8
P: seq 21384, size 1057, send_delta 2, trans_delta 7, recv_delta 9
P: seq 21385, size 1057, send_delta 3, trans_delta 6, recv_delta 9
P: seq 21386, size 1057, send_delta 3, trans_delta 6, recv_delta 9
P: seq 21387, size 1071, send_delta 3, trans_delta 7, recv_delta 10
P: seq 21388, size 1071, send_delta 3, trans_delta 8, recv_delta 11
P: seq 21389, size 1071, send_delta 3, trans_delta 8, recv_delta 11
P: seq 21390, size 1072, send_delta 4, trans_delta 7, recv_delta 11
P: seq 21391, size 1072, send_delta 4, trans_delta 8, recv_delta 12
P: seq 21392, size 1072, send_delta 4, trans_delta 8, recv_delta 12
P: seq 21393, size 1072, send_delta 4, trans_delta 8, recv_delta 12
P: seq 21394, size 1072, send_delta 4, trans_delta 9, recv_delta 13
P: seq 21395, size 1072, send_delta 5, trans_delta 8, recv_delta 13
P: seq 21396, size 1073, send_delta 6, trans_delta 7, recv_delta 13
P: seq 21397, size 1073, send_delta 6, trans_delta 8, recv_delta 14
P: seq 21398, size 1073, send_delta 6, trans_delta 9, recv_delta 15
P: seq 21399, size 1073, send_delta 6, trans_delta 9, recv_delta 15
P: seq 21400, size 1174, send_delta 6, trans_delta 9, recv_delta 15
P: seq 21401, size 1174, send_delta 7, trans_delta 9, recv_delta 16
P: seq 21402, size 1174, send_delta 7, trans_delta 9, recv_delta 16
P: seq 21403, size 1174, send_delta 7, trans_delta 9, recv_delta 16
P: seq 21404, size 967, send_delta 7, trans_delta 9, recv_delta 16
P: seq 21405, size 968, send_delta 7, trans_delta 9, recv_delta 16
P: seq 21406, size 968, send_delta 8, trans_delta 9, recv_delta 17
P: seq 21407, size 968, send_delta 8, trans_delta 9, recv_delta 17
P: seq 21408, size 968, send_delta 8, trans_delta 9, recv_delta 17
P: seq 21409, size 976, send_delta 8, trans_delta 10, recv_delta 18
P: seq 21410, size 976, send_delta 8, trans_delta 10, recv_delta 18
P: seq 21411, size 976, send_delta 8, trans_delta 10, recv_delta 18
P: seq 21412, size 977, send_delta 10, trans_delta 8, recv_delta 18
P: seq 21413, size 977, send_delta 10, trans_delta 8, recv_delta 18
P: seq 21414, size 1172, send_delta 10, trans_delta 8, recv_delta 18
P: seq 21415, size 1172, send_delta 10, trans_delta 8, recv_delta 18
P: seq 21416, size 1172, send_delta 10, trans_delta 9, recv_delta 19
P: seq 21417, size 1173, send_delta 10, trans_delta 9, recv_delta 19
P: seq 21418, size 1173, send_delta 11, trans_delta 10, recv_delta 21
P: seq 21419, size 1173, send_delta 11, trans_delta 10, recv_delta 21
P: seq 21420, size 1173, send_delta 11, trans_delta 10, recv_delta 21
P: seq 21421, size 1172, send_delta 11, trans_delta 10, recv_delta 21
P: seq 21422, size 1172, send_delta 11, trans_delta 11, recv_delta 22
P: seq 21423, size 1173, send_delta 12, trans_delta 10, recv_delta 22
P: seq 21424, size 1173, send_delta 12, trans_delta 10, recv_delta 22
P: seq 21425, size 1173, send_delta 13, trans_delta 9, recv_delta 22
P: seq 21426, size 1173, send_delta 13, trans_delta 9, recv_delta 22
RTP TS: 406546621, Frame Size: 41953, Encode 4, Net 18, Wait 20, Decode 7 E2E 49 
P: seq 21427, size 1097, send_delta 0, trans_delta 5, recv_delta 5
P: seq 21428, size 1097, send_delta 1, trans_delta 5, recv_delta 6
P: seq 21429, size 1097, send_delta 1, trans_delta 5, recv_delta 6
P: seq 21430, size 1098, send_delta 1, trans_delta 5, recv_delta 6
P: seq 21431, size 1098, send_delta 1, trans_delta 6, recv_delta 7
P: seq 21432, size 1098, send_delta 2, trans_delta 5, recv_delta 7
P: seq 21433, size 939, send_delta 2, trans_delta 6, recv_delta 8
P: seq 21434, size 939, send_delta 2, trans_delta 6, recv_delta 8
P: seq 21435, size 939, send_delta 2, trans_delta 6, recv_delta 8
P: seq 21436, size 940, send_delta 3, trans_delta 5, recv_delta 8
P: seq 21437, size 1140, send_delta 3, trans_delta 6, recv_delta 9
P: seq 21438, size 1141, send_delta 3, trans_delta 6, recv_delta 9
P: seq 21439, size 1141, send_delta 4, trans_delta 5, recv_delta 9
P: seq 21440, size 1141, send_delta 4, trans_delta 6, recv_delta 10
P: seq 21441, size 1141, send_delta 4, trans_delta 6, recv_delta 10
P: seq 21442, size 1109, send_delta 4, trans_delta 6, recv_delta 10
P: seq 21443, size 1109, send_delta 5, trans_delta 6, recv_delta 11
P: seq 21444, size 1109, send_delta 5, trans_delta 6, recv_delta 11
P: seq 21445, size 1110, send_delta 5, trans_delta 6, recv_delta 11
P: seq 21446, size 987, send_delta 5, trans_delta 7, recv_delta 12
P: seq 21447, size 987, send_delta 5, trans_delta 7, recv_delta 12
P: seq 21448, size 988, send_delta 5, trans_delta 7, recv_delta 12
P: seq 21449, size 988, send_delta 6, trans_delta 6, recv_delta 12
P: seq 21450, size 988, send_delta 6, trans_delta 7, recv_delta 13
P: seq 21451, size 1044, send_delta 6, trans_delta 7, recv_delta 13
P: seq 21452, size 1045, send_delta 6, trans_delta 7, recv_delta 13
P: seq 21453, size 1045, send_delta 6, trans_delta 8, recv_delta 14
P: seq 21454, size 1045, send_delta 7, trans_delta 7, recv_delta 14
P: seq 21455, size 1045, send_delta 8, trans_delta 6, recv_delta 14
P: seq 21456, size 1197, send_delta 8, trans_delta 7, recv_delta 15
P: seq 21457, size 1198, send_delta 8, trans_delta 7, recv_delta 15
P: seq 21458, size 1198, send_delta 8, trans_delta 7, recv_delta 15
P: seq 21459, size 1198, send_delta 8, trans_delta 8, recv_delta 16
P: seq 21460, size 1198, send_delta 9, trans_delta 7, recv_delta 16
P: seq 21461, size 1054, send_delta 9, trans_delta 7, recv_delta 16
P: seq 21462, size 1054, send_delta 9, trans_delta 8, recv_delta 17
P: seq 21463, size 1054, send_delta 9, trans_delta 8, recv_delta 17
P: seq 21464, size 1054, send_delta 9, trans_delta 9, recv_delta 18
P: seq 21465, size 1055, send_delta 10, trans_delta 8, recv_delta 18
P: seq 21466, size 1055, send_delta 10, trans_delta 8, recv_delta 18
RTP TS: 406548241, Frame Size: 49129, Encode 5, Net 17, Wait 22, Decode 8 E2E 52 
P: seq 21467, size 1088, send_delta 0, trans_delta 1, recv_delta 1
P: seq 21468, size 1088, send_delta 1, trans_delta 1, recv_delta 2
P: seq 21469, size 1088, send_delta 1, trans_delta 1, recv_delta 2
P: seq 21470, size 1089, send_delta 1, trans_delta 2, recv_delta 3
P: seq 21471, size 1089, send_delta 1, trans_delta 3, recv_delta 4
P: seq 21472, size 1089, send_delta 2, trans_delta 2, recv_delta 4
P: seq 21473, size 1089, send_delta 3, trans_delta 1, recv_delta 4
P: seq 21474, size 1089, send_delta 3, trans_delta 2, recv_delta 5
P: seq 21475, size 1109, send_delta 3, trans_delta 2, recv_delta 5
P: seq 21476, size 1109, send_delta 3, trans_delta 2, recv_delta 5
P: seq 21477, size 1109, send_delta 3, trans_delta 3, recv_delta 6
P: seq 21478, size 1109, send_delta 5, trans_delta 1, recv_delta 6
P: seq 21479, size 1109, send_delta 5, trans_delta 1, recv_delta 6
P: seq 21480, size 1110, send_delta 5, trans_delta 1, recv_delta 6
P: seq 21481, size 1138, send_delta 5, trans_delta 2, recv_delta 7
P: seq 21482, size 1138, send_delta 5, trans_delta 2, recv_delta 7
P: seq 21483, size 1138, send_delta 5, trans_delta 3, recv_delta 8
P: seq 21484, size 1138, send_delta 5, trans_delta 3, recv_delta 8
P: seq 21485, size 1138, send_delta 5, trans_delta 3, recv_delta 8
P: seq 21486, size 1138, send_delta 6, trans_delta 3, recv_delta 9
P: seq 21487, size 1139, send_delta 6, trans_delta 3, recv_delta 9
P: seq 21488, size 1071, send_delta 6, trans_delta 3, recv_delta 9
P: seq 21489, size 1071, send_delta 6, trans_delta 3, recv_delta 9
P: seq 21490, size 1071, send_delta 7, trans_delta 3, recv_delta 10
P: seq 21491, size 1071, send_delta 7, trans_delta 3, recv_delta 10
P: seq 21492, size 952, send_delta 7, trans_delta 4, recv_delta 11
P: seq 21493, size 953, send_delta 7, trans_delta 4, recv_delta 11
P: seq 21494, size 953, send_delta 7, trans_delta 4, recv_delta 11
P: seq 21495, size 953, send_delta 7, trans_delta 5, recv_delta 12
P: seq 21496, size 976, send_delta 9, trans_delta 3, recv_delta 12
P: seq 21497, size 977, send_delta 9, trans_delta 3, recv_delta 12
P: seq 21498, size 977, send_delta 9, trans_delta 3, recv_delta 12
P: seq 21499, size 977, send_delta 9, trans_delta 3, recv_delta 12
P: seq 21500, size 977, send_delta 9, trans_delta 4, recv_delta 13
P: seq 21501, size 1179, send_delta 9, trans_delta 4, recv_delta 13
P: seq 21502, size 1179, send_delta 10, trans_delta 4, recv_delta 14
P: seq 21503, size 1180, send_delta 10, trans_delta 4, recv_delta 14
P: seq 21504, size 1180, send_delta 10, trans_delta 4, recv_delta 14
P: seq 21505, size 1180, send_delta 10, trans_delta 4, recv_delta 14
P: seq 21506, size 1180, send_delta 10, trans_delta 4, recv_delta 14
P: seq 21507, size 1150, send_delta 10, trans_delta 4, recv_delta 14
P: seq 21508, size 1150, send_delta 11, trans_delta 4, recv_delta 15
P: seq 21509, size 1151, send_delta 11, trans_delta 5, recv_delta 16
P: seq 21510, size 1151, send_delta 11, trans_delta 5, recv_delta 16
P: seq 21511, size 1151, send_delta 11, trans_delta 6, recv_delta 17
P: seq 21512, size 1151, send_delta 12, trans_delta 5, recv_delta 17
RTP TS: 406549861, Frame Size: 44171, Encode 4, Net 15, Wait 24, Decode 7 E2E 50 
P: seq 21513, size 1135, send_delta 0, trans_delta 0, recv_delta 0
P: seq 21514, size 1135, send_delta 1, trans_delta 2, recv_delta 3
P: seq 21515, size 1135, send_delta 1, trans_delta 2, recv_delta 3
P: seq 21516, size 1135, send_delta 1, trans_delta 2, recv_delta 3
P: seq 21517, size 1136, send_delta 1, trans_delta 3, recv_delta 4
P: seq 21518, size 1163, send_delta 1, trans_delta 3, recv_delta 4
P: seq 21519, size 1163, send_delta 3, trans_delta 1, recv_delta 4
P: seq 21520, size 1163, send_delta 3, trans_delta 2, recv_delta 5
P: seq 21521, size 1163, send_delta 3, trans_delta 2, recv_delta 5
P: seq 21522, size 1163, send_delta 3, trans_delta 2, recv_delta 5
P: seq 21523, size 1085, send_delta 3, trans_delta 2, recv_delta 5
P: seq 21524, size 1086, send_delta 4, trans_delta 1, recv_delta 5
P: seq 21525, size 1086, send_delta 4, trans_delta 2, recv_delta 6
P: seq 21526, size 1086, send_delta 4, trans_delta 2, recv_delta 6
P: seq 21527, size 1086, send_delta 4, trans_delta 3, recv_delta 7
P: seq 21528, size 1086, send_delta 4, trans_delta 3, recv_delta 7
P: seq 21529, size 1086, send_delta 5, trans_delta 3, recv_delta 8
P: seq 21530, size 1008, send_delta 5, trans_delta 3, recv_delta 8
P: seq 21531, size 1008, send_delta 5, trans_delta 4, recv_delta 9
P: seq 21532, size 1008, send_delta 5, trans_delta 4, recv_delta 9
P: seq 21533, size 1009, send_delta 5, trans_delta 4, recv_delta 9
P: seq 21534, size 1009, send_delta 6, trans_delta 3, recv_delta 9
P: seq 21535, size 1018, send_delta 6, trans_delta 3, recv_delta 9
P: seq 21536, size 1018, send_delta 6, trans_delta 3, recv_delta 9
P: seq 21537, size 1018, send_delta 7, trans_delta 3, recv_delta 10
P: seq 21538, size 1019, send_delta 7, trans_delta 3, recv_delta 10
P: seq 21539, size 1019, send_delta 7, trans_delta 4, recv_delta 11
P: seq 21540, size 1125, send_delta 9, trans_delta 2, recv_delta 11
P: seq 21541, size 1125, send_delta 9, trans_delta 2, recv_delta 11
P: seq 21542, size 1125, send_delta 9, trans_delta 3, recv_delta 12
P: seq 21543, size 1125, send_delta 9, trans_delta 3, recv_delta 12
P: seq 21544, size 1126, send_delta 9, trans_delta 3, recv_delta 12
P: seq 21545, size 1163, send_delta 9, trans_delta 4, recv_delta 13
P: seq 21546, size 1163, send_delta 9, trans_delta 4, recv_delta 13
P: seq 21547, size 1163, send_delta 9, trans_delta 4, recv_delta 13
P: seq 21548, size 1163, send_delta 9, trans_delta 5, recv_delta 14
P: seq 21549, size 1163, send_delta 9, trans_delta 5, recv_delta 14
P: seq 21550, size 1163, send_delta 10, trans_delta 5, recv_delta 15
P: seq 21551, size 1124, send_delta 10, trans_delta 5, recv_delta 15
P: seq 21552, size 1125, send_delta 10, trans_delta 5, recv_delta 15
P: seq 21553, size 1125, send_delta 10, trans_delta 5, recv_delta 15
RTP TS: 406551481, Frame Size: 44586, Encode 4, Net 16, Wait 23, Decode 7 E2E 50 
P: seq 21554, size 1136, send_delta 1, trans_delta 1, recv_delta 2
P: seq 21555, size 1136, send_delta 2, trans_delta 0, recv_delta 2
P: seq 21556, size 1137, send_delta 2, trans_delta 0, recv_delta 2
P: seq 21557, size 1137, send_delta 2, trans_delta 2, recv_delta 4
P: seq 21558, size 1137, send_delta 2, trans_delta 2, recv_delta 4
P: seq 21559, size 1137, send_delta 3, trans_delta 1, recv_delta 4
P: seq 21560, size 1186, send_delta 3, trans_delta 1, recv_delta 4
P: seq 21561, size 1186, send_delta 3, trans_delta 2, recv_delta 5
P: seq 21562, size 1186, send_delta 3, trans_delta 2, recv_delta 5
P: seq 21563, size 1186, send_delta 3, trans_delta 2, recv_delta 5
P: seq 21564, size 1186, send_delta 4, trans_delta 1, recv_delta 5
P: seq 21565, size 1186, send_delta 4, trans_delta 1, recv_delta 5
P: seq 21566, size 1187, send_delta 4, trans_delta 3, recv_delta 7
P: seq 21567, size 1057, send_delta 4, trans_delta 3, recv_delta 7
P: seq 21568, size 1057, send_delta 4, trans_delta 3, recv_delta 7
P: seq 21569, size 1057, send_delta 6, trans_delta 1, recv_delta 7
P: seq 21570, size 1057, send_delta 6, trans_delta 2, recv_delta 8
P: seq 21571, size 1057, send_delta 6, trans_delta 2, recv_delta 8
P: seq 21572, size 1057, send_delta 6, trans_delta 3, recv_delta 9
P: seq 21573, size 1058, send_delta 6, trans_delta 3, recv_delta 9
P: seq 21574, size 1131, send_delta 7, trans_delta 2, recv_delta 9
P: seq 21575, size 1131, send_delta 7, trans_delta 3, recv_delta 10
P: seq 21576, size 1132, send_delta 7, trans_delta 3, recv_delta 10
P: seq 21577, size 1132, send_delta 7, trans_delta 3, recv_delta 10
P: seq 21578, size 1069, send_delta 7, trans_delta 3, recv_delta 10
P: seq 21579, size 1069, send_delta 7, trans_delta 4, recv_delta 11
P: seq 21580, size 1070, send_delta 7, trans_delta 4, recv_delta 11
P: seq 21581, size 1070, send_delta 8, trans_delta 3, recv_delta 11
P: seq 21582, size 1070, send_delta 9, trans_delta 3, recv_delta 12
P: seq 21583, size 989, send_delta 9, trans_delta 3, recv_delta 12
P: seq 21584, size 990, send_delta 9, trans_delta 4, recv_delta 13
P: seq 21585, size 990, send_delta 9, trans_delta 4, recv_delta 13
P: seq 21586, size 990, send_delta 9, trans_delta 4, recv_delta 13
P: seq 21587, size 990, send_delta 9, trans_delta 4, recv_delta 13
P: seq 21588, size 1163, send_delta 10, trans_delta 3, recv_delta 13
P: seq 21589, size 1163, send_delta 10, trans_delta 4, recv_delta 14
P: seq 21590, size 1164, send_delta 10, trans_delta 4, recv_delta 14
P: seq 21591, size 1164, send_delta 10, trans_delta 5, recv_delta 15
P: seq 21592, size 1164, send_delta 10, trans_delta 5, recv_delta 15
P: seq 21593, size 827, send_delta 11, trans_delta 4, recv_delta 15
P: seq 21594, size 827, send_delta 12, trans_delta 3, recv_delta 15
P: seq 21595, size 827, send_delta 12, trans_delta 4, recv_delta 16
RTP TS: 406553101, Frame Size: 39770, Encode 4, Net 15, Wait 25, Decode 6 E2E 50 
P: seq 21596, size 988, send_delta 1, trans_delta 0, recv_delta 1
P: seq 21597, size 988, send_delta 2, trans_delta 2, recv_delta 4
P: seq 21598, size 989, send_delta 2, trans_delta 2, recv_delta 4
P: seq 21599, size 989, send_delta 2, trans_delta 2, recv_delta 4
P: seq 21600, size 989, send_delta 2, trans_delta 2, recv_delta 4
P: seq 21601, size 1106, send_delta 2, trans_delta 3, recv_delta 5
P: seq 21602, size 1106, send_delta 3, trans_delta 2, recv_delta 5
P: seq 21603, size 1106, send_delta 3, trans_delta 2, recv_delta 5
P: seq 21604, size 1107, send_delta 3, trans_delta 2, recv_delta 5
P: seq 21605, size 1107, send_delta 3, trans_delta 3, recv_delta 6
P: seq 21606, size 1107, send_delta 4, trans_delta 3, recv_delta 7
P: seq 21607, size 1125, send_delta 4, trans_delta 3, recv_delta 7
P: seq 21608, size 1125, send_delta 4, trans_delta 3, recv_delta 7
P: seq 21609, size 1125, send_delta 4, trans_delta 3, recv_delta 7
P: seq 21610, size 1125, send_delta 5, trans_delta 3, recv_delta 8
P: seq 21611, size 1126, send_delta 5, trans_delta 3, recv_delta 8
P: seq 21612, size 1126, send_delta 5, trans_delta 4, recv_delta 9
P: seq 21613, size 1126, send_delta 5, trans_delta 4, recv_delta 9
P: seq 21614, size 1110, send_delta 5, trans_delta 4, recv_delta 9
P: seq 21615, size 1111, send_delta 6, trans_delta 4, recv_delta 10
P: seq 21616, size 1111, send_delta 6, trans_delta 4, recv_delta 10
P: seq 21617, size 1111, send_delta 6, trans_delta 4, recv_delta 10
P: seq 21618, size 1024, send_delta 6, trans_delta 4, recv_delta 10
P: seq 21619, size 1024, send_delta 7, trans_delta 4, recv_delta 11
P: seq 21620, size 1024, send_delta 7, trans_delta 4, recv_delta 11
P: seq 21621, size 1024, send_delta 7, trans_delta 4, recv_delta 11
P: seq 21622, size 1025, send_delta 8, trans_delta 4, recv_delta 12
P: seq 21623, size 1197, send_delta 8, trans_delta 4, recv_delta 12
P: seq 21624, size 1197, send_delta 8, trans_delta 5, recv_delta 13
P: seq 21625, size 1198, send_delta 8, trans_delta 5, recv_delta 13
P: seq 21626, size 1198, send_delta 9, trans_delta 4, recv_delta 13
P: seq 21627, size 1091, send_delta 9, trans_delta 4, recv_delta 13
P: seq 21628, size 1091, send_delta 9, trans_delta 5, recv_delta 14
P: seq 21629, size 1091, send_delta 9, trans_delta 5, recv_delta 14
P: seq 21630, size 1091, send_delta 9, trans_delta 5, recv_delta 14
P: seq 21631, size 1091, send_delta 10, trans_delta 4, recv_delta 14
P: seq 21632, size 728, send_delta 10, trans_delta 4, recv_delta 14
P: seq 21633, size 728, send_delta 10, trans_delta 4, recv_delta 14
RTP TS: 406554721, Frame Size: 33836, Encode 4, Net 13, Wait 26, Decode 6 E2E 49 
P: seq 21634, size 1127, send_delta 0, trans_delta 0, recv_delta 0
P: seq 21635, size 1127, send_delta 1, trans_delta 2, recv_delta 3
P: seq 21636, size 1127, send_delta 1, trans_delta 2, recv_delta 3
P: seq 21637, size 1128, send_delta 1, trans_delta 3, recv_delta 4
P: seq 21638, size 1034, send_delta 1, trans_delta 3, recv_delta 4
P: seq 21639, size 1035, send_delta 1, trans_delta 3, recv_delta 4
P: seq 21640, size 1035, send_delta 3, trans_delta 2, recv_delta 5
P: seq 21641, size 1035, send_delta 3, trans_delta 2, recv_delta 5
P: seq 21642, size 1035, send_delta 3, trans_delta 2, recv_delta 5
P: seq 21643, size 1017, send_delta 3, trans_delta 2, recv_delta 5
P: seq 21644, size 1018, send_delta 3, trans_delta 3, recv_delta 6
P: seq 21645, size 1018, send_delta 3, trans_delta 3, recv_delta 6
P: seq 21646, size 1018, send_delta 4, trans_delta 2, recv_delta 6
P: seq 21647, size 1018, send_delta 4, trans_delta 3, recv_delta 7
P: seq 21648, size 1018, send_delta 4, trans_delta 3, recv_delta 7
P: seq 21649, size 1000, send_delta 4, trans_delta 3, recv_delta 7
P: seq 21650, size 1000, send_delta 4, trans_delta 4, recv_delta 8
P: seq 21651, size 1000, send_delta 4, trans_delta 4, recv_delta 8
P: seq 21652, size 1000, send_delta 4, trans_delta 4, recv_delta 8
P: seq 21653, size 1031, send_delta 5, trans_delta 3, recv_delta 8
P: seq 21654, size 1031, send_delta 5, trans_delta 4, recv_delta 9
P: seq 21655, size 1031, send_delta 5, trans_delta 4, recv_delta 9
P: seq 21656, size 1031, send_delta 5, trans_delta 4, recv_delta 9
P: seq 21657, size 1032, send_delta 6, trans_delta 4, recv_delta 10
P: seq 21658, size 1159, send_delta 7, trans_delta 3, recv_delta 10
P: seq 21659, size 1160, send_delta 7, trans_delta 3, recv_delta 10
P: seq 21660, size 1160, send_delta 7, trans_delta 4, recv_delta 11
P: seq 21661, size 1160, send_delta 7, trans_delta 4, recv_delta 11
P: seq 21662, size 1087, send_delta 8, trans_delta 3, recv_delta 11
P: seq 21663, size 1087, send_delta 8, trans_delta 3, recv_delta 11
P: seq 21664, size 1087, send_delta 8, trans_delta 3, recv_delta 11
P: seq 21665, size 1087, send_delta 8, trans_delta 4, recv_delta 12
P: seq 21666, size 727, send_delta 8, trans_delta 5, recv_delta 13
RTP TS: 406556341, Frame Size: 40106, Encode 4, Net 14, Wait 24, Decode 6 E2E 48 
P: seq 21667, size 1121, send_delta 0, trans_delta 1, recv_delta 1
P: seq 21668, size 1121, send_delta 1, trans_delta 1, recv_delta 2
P: seq 21669, size 1122, send_delta 1, trans_delta 1, recv_delta 2
P: seq 21670, size 1122, send_delta 1, trans_delta 1, recv_delta 2
P: seq 21671, size 1122, send_delta 2, trans_delta 1, recv_delta 3
P: seq 21672, size 1167, send_delta 2, trans_delta 1, recv_delta 3
P: seq 21673, size 1168, send_delta 2, trans_delta 2, recv_delta 4
P: seq 21674, size 1168, send_delta 2, trans_delta 2, recv_delta 4
P: seq 21675, size 1168, send_delta 2, trans_delta 3, recv_delta 5
P: seq 21676, size 1168, send_delta 2, trans_delta 3, recv_delta 5
P: seq 21677, size 1168, send_delta 4, trans_delta 1, recv_delta 5
P: seq 21678, size 1091, send_delta 4, trans_delta 1, recv_delta 5
P: seq 21679, size 1091, send_delta 4, trans_delta 2, recv_delta 6
P: seq 21680, size 1092, send_delta 4, trans_delta 2, recv_delta 6
P: seq 21681, size 1092, send_delta 5, trans_delta 2, recv_delta 7
P: seq 21682, size 1092, send_delta 5, trans_delta 2, recv_delta 7
P: seq 21683, size 1092, send_delta 5, trans_delta 2, recv_delta 7
P: seq 21684, size 1092, send_delta 5, trans_delta 3, recv_delta 8
P: seq 21685, size 1137, send_delta 5, trans_delta 3, recv_delta 8
P: seq 21686, size 1137, send_delta 6, trans_delta 2, recv_delta 8
P: seq 21687, size 1137, send_delta 6, trans_delta 2, recv_delta 8
P: seq 21688, size 1137, send_delta 6, trans_delta 3, recv_delta 9
P: seq 21689, size 1075, send_delta 6, trans_delta 3, recv_delta 9
P: seq 21690, size 1075, send_delta 6, trans_delta 3, recv_delta 9
P: seq 21691, size 1075, send_delta 7, trans_delta 3, recv_delta 10
P: seq 21692, size 1076, send_delta 7, trans_delta 3, recv_delta 10
P: seq 21693, size 1076, send_delta 7, trans_delta 4, recv_delta 11
P: seq 21694, size 1192, send_delta 7, trans_delta 4, recv_delta 11
P: seq 21695, size 1192, send_delta 8, trans_delta 3, recv_delta 11
P: seq 21696, size 1192, send_delta 9, trans_delta 2, recv_delta 11
P: seq 21697, size 1192, send_delta 9, trans_delta 3, recv_delta 12
P: seq 21698, size 1129, send_delta 9, trans_delta 3, recv_delta 12
P: seq 21699, size 1129, send_delta 9, trans_delta 3, recv_delta 12
P: seq 21700, size 1129, send_delta 9, trans_delta 4, recv_delta 13
P: seq 21701, size 1129, send_delta 10, trans_delta 3, recv_delta 13
P: seq 21702, size 1129, send_delta 10, trans_delta 4, recv_delta 14
P: seq 21703, size 439, send_delta 10, trans_delta 4, recv_delta 14
RTP TS: 406557871, Frame Size: 32921, Encode 4, Net 12, Wait 27, Decode 5 E2E 48 
P: seq 21704, size 1100, send_delta 0, trans_delta 2, recv_delta 2
P: seq 21705, size 1100, send_delta 2, trans_delta 1, recv_delta 3
P: seq 21706, size 1101, send_delta 2, trans_delta 1, recv_delta 3
P: seq 21707, size 1101, send_delta 2, trans_delta 1, recv_delta 3
P: seq 21708, size 1101, send_delta 2, trans_delta 2, recv_delta 4
P: seq 21709, size 1109, send_delta 2, trans_delta 2, recv_delta 4
P: seq 21710, size 1109, send_delta 3, trans_delta 1, recv_delta 4
P: seq 21711, size 1109, send_delta 3, trans_delta 2, recv_delta 5
P: seq 21712, size 1109, send_delta 3, trans_delta 2, recv_delta 5
P: seq 21713, size 1110, send_delta 3, trans_delta 2, recv_delta 5
P: seq 21714, size 1110, send_delta 3, trans_delta 2, recv_delta 5
P: seq 21715, size 1196, send_delta 4, trans_delta 2, recv_delta 6
P: seq 21716, size 1196, send_delta 4, trans_delta 2, recv_delta 6
P: seq 21717, size 1196, send_delta 4, trans_delta 3, recv_delta 7
P: seq 21718, size 1196, send_delta 5, trans_delta 2, recv_delta 7
P: seq 21719, size 1196, send_delta 5, trans_delta 2, recv_delta 7
P: seq 21720, size 1107, send_delta 5, trans_delta 3, recv_delta 8
P: seq 21721, size 1107, send_delta 7, trans_delta 1, recv_delta 8
P: seq 21722, size 1107, send_delta 7, trans_delta 2, recv_delta 9
P: seq 21723, size 1030, send_delta 7, trans_delta 2, recv_delta 9
P: seq 21724, size 1030, send_delta 7, trans_delta 2, recv_delta 9
P: seq 21725, size 1030, send_delta 7, trans_delta 2, recv_delta 9
P: seq 21726, size 1031, send_delta 7, trans_delta 2, recv_delta 9
P: seq 21727, size 951, send_delta 7, trans_delta 3, recv_delta 10
P: seq 21728, size 951, send_delta 7, trans_delta 3, recv_delta 10
P: seq 21729, size 952, send_delta 7, trans_delta 3, recv_delta 10
P: seq 21730, size 952, send_delta 7, trans_delta 4, recv_delta 11
P: seq 21731, size 1040, send_delta 8, trans_delta 3, recv_delta 11
P: seq 21732, size 1040, send_delta 8, trans_delta 4, recv_delta 12
P: seq 21733, size 1040, send_delta 8, trans_delta 4, recv_delta 12
P: seq 21734, size 1041, send_delta 8, trans_delta 4, recv_delta 12
P: seq 21735, size 171, send_delta 8, trans_delta 4, recv_delta 12
RTP TS: 406559491, Frame Size: 32733, Encode 4, Net 12, Wait 26, Decode 5 E2E 47 
P: seq 21736, size 1195, send_delta 1, trans_delta 1, recv_delta 2
P: seq 21737, size 1195, send_delta 2, trans_delta 0, recv_delta 2
P: seq 21738, size 1196, send_delta 2, trans_delta 0, recv_delta 2
P: seq 21739, size 1062, send_delta 2, trans_delta 0, recv_delta 2
P: seq 21740, size 1062, send_delta 2, trans_delta 2, recv_delta 4
P: seq 21741, size 1062, send_delta 2, trans_delta 2, recv_delta 4
P: seq 21742, size 1062, send_delta 3, trans_delta 1, recv_delta 4
P: seq 21743, size 1062, send_delta 3, trans_delta 2, recv_delta 5
P: seq 21744, size 1056, send_delta 3, trans_delta 2, recv_delta 5
P: seq 21745, size 1056, send_delta 3, trans_delta 2, recv_delta 5
P: seq 21746, size 1056, send_delta 3, trans_delta 3, recv_delta 6
P: seq 21747, size 1056, send_delta 5, trans_delta 1, recv_delta 6
P: seq 21748, size 1056, send_delta 5, trans_delta 1, recv_delta 6
P: seq 21749, size 1057, send_delta 5, trans_delta 1, recv_delta 6
P: seq 21750, size 1057, send_delta 5, trans_delta 2, recv_delta 7
P: seq 21751, size 1011, send_delta 5, trans_delta 2, recv_delta 7
P: seq 21752, size 1012, send_delta 5, trans_delta 2, recv_delta 7
P: seq 21753, size 1012, send_delta 5, trans_delta 2, recv_delta 7
P: seq 21754, size 1012, send_delta 7, trans_delta 1, recv_delta 8
P: seq 21755, size 1179, send_delta 7, trans_delta 1, recv_delta 8
P: seq 21756, size 1179, send_delta 7, trans_delta 2, recv_delta 9
P: seq 21757, size 1179, send_delta 7, trans_delta 3, recv_delta 10
P: seq 21758, size 1179, send_delta 7, trans_delta 3, recv_delta 10
P: seq 21759, size 1075, send_delta 8, trans_delta 2, recv_delta 10
P: seq 21760, size 1075, send_delta 8, trans_delta 3, recv_delta 11
P: seq 21761, size 1075, send_delta 8, trans_delta 3, recv_delta 11
P: seq 21762, size 1075, send_delta 8, trans_delta 3, recv_delta 11
P: seq 21763, size 1025, send_delta 8, trans_delta 4, recv_delta 12
P: seq 21764, size 1025, send_delta 8, trans_delta 4, recv_delta 12
P: seq 21765, size 1026, send_delta 8, trans_delta 4, recv_delta 12
P: seq 21766, size 1026, send_delta 9, trans_delta 3, recv_delta 12
P: seq 21767, size 76, send_delta 9, trans_delta 3, recv_delta 12
RTP TS: 406561111, Frame Size: 35701, Encode 4, Net 13, Wait 26, Decode 6 E2E 49 
P: seq 21768, size 1143, send_delta 0, trans_delta 2, recv_delta 2
P: seq 21769, size 1143, send_delta 2, trans_delta 1, recv_delta 3
P: seq 21770, size 1144, send_delta 2, trans_delta 1, recv_delta 3
P: seq 21771, size 1044, send_delta 2, trans_delta 1, recv_delta 3
P: seq 21772, size 1044, send_delta 2, trans_delta 1, recv_delta 3
P: seq 21773, size 1044, send_delta 3, trans_delta 0, recv_delta 3
P: seq 21774, size 1044, send_delta 3, trans_delta 0, recv_delta 3
P: seq 21775, size 1044, send_delta 3, trans_delta 2, recv_delta 5
P: seq 21776, size 1044, send_delta 3, trans_delta 2, recv_delta 5
P: seq 21777, size 1052, send_delta 3, trans_delta 2, recv_delta 5
P: seq 21778, size 1052, send_delta 3, trans_delta 2, recv_delta 5
P: seq 21779, size 1052, send_delta 4, trans_delta 1, recv_delta 5
P: seq 21780, size 1052, send_delta 4, trans_delta 2, recv_delta 6
P: seq 21781, size 1052, send_delta 4, trans_delta 2, recv_delta 6
P: seq 21782, size 1052, send_delta 4, trans_delta 3, recv_delta 7
P: seq 21783, size 1052, send_delta 4, trans_delta 3, recv_delta 7
P: seq 21784, size 1138, send_delta 4, trans_delta 3, recv_delta 7
P: seq 21785, size 1138, send_delta 5, trans_delta 3, recv_delta 8
P: seq 21786, size 1138, send_delta 6, trans_delta 2, recv_delta 8
P: seq 21787, size 1138, send_delta 6, trans_delta 3, recv_delta 9
P: seq 21788, size 994, send_delta 6, trans_delta 3, recv_delta 9
P: seq 21789, size 994, send_delta 6, trans_delta 3, recv_delta 9
P: seq 21790, size 994, send_delta 7, trans_delta 2, recv_delta 9
P: seq 21791, size 994, send_delta 7, trans_delta 2, recv_delta 9
P: seq 21792, size 994, send_delta 7, trans_delta 3, recv_delta 10
P: seq 21793, size 1081, send_delta 7, trans_delta 3, recv_delta 10
P: seq 21794, size 1082, send_delta 7, trans_delta 4, recv_delta 11
P: seq 21795, size 1082, send_delta 7, trans_delta 4, recv_delta 11
P: seq 21796, size 1082, send_delta 8, trans_delta 3, recv_delta 11
P: seq 21797, size 1082, send_delta 8, trans_delta 4, recv_delta 12
P: seq 21798, size 1135, send_delta 8, trans_delta 4, recv_delta 12
P: seq 21799, size 1136, send_delta 8, trans_delta 4, recv_delta 12
P: seq 21800, size 1136, send_delta 8, trans_delta 4, recv_delta 12
P: seq 21801, size 1136, send_delta 9, trans_delta 4, recv_delta 13
P: seq 21802, size 45, send_delta 9, trans_delta 4, recv_delta 13
RTP TS: 406562731, Frame Size: 39543, Encode 4, Net 14, Wait 26, Decode 6 E2E 50 
P: seq 21803, size 1147, send_delta 0, trans_delta 2, recv_delta 2
P: seq 21804, size 1147, send_delta 2, trans_delta 1, recv_delta 3
P: seq 21805, size 1147, send_delta 2, trans_delta 1, recv_delta 3
P: seq 21806, size 1124, send_delta 2, trans_delta 1, recv_delta 3
P: seq 21807, size 1124, send_delta 2, trans_delta 2, recv_delta 4
P: seq 21808, size 1124, send_delta 3, trans_delta 1, recv_delta 4
P: seq 21809, size 1124, send_delta 3, trans_delta 1, recv_delta 4
P: seq 21810, size 1124, send_delta 3, trans_delta 1, recv_delta 4
P: seq 21811, size 1124, send_delta 3, trans_delta 1, recv_delta 4
P: seq 21812, size 1096, send_delta 3, trans_delta 1, recv_delta 4
P: seq 21813, size 1096, send_delta 4, trans_delta 2, recv_delta 6
P: seq 21814, size 1096, send_delta 4, trans_delta 2, recv_delta 6
P: seq 21815, size 1097, send_delta 4, trans_delta 2, recv_delta 6
P: seq 21816, size 1097, send_delta 4, trans_delta 3, recv_delta 7
P: seq 21817, size 1097, send_delta 4, trans_delta 3, recv_delta 7
P: seq 21818, size 1097, send_delta 5, trans_delta 2, recv_delta 7
P: seq 21819, size 995, send_delta 5, trans_delta 3, recv_delta 8
P: seq 21820, size 995, send_delta 5, trans_delta 3, recv_delta 8
P: seq 21821, size 996, send_delta 5, trans_delta 4, recv_delta 9
P: seq 21822, size 996, send_delta 5, trans_delta 4, recv_delta 9
P: seq 21823, size 996, send_delta 6, trans_delta 3, recv_delta 9
P: seq 21824, size 1132, send_delta 6, trans_delta 3, recv_delta 9
P: seq 21825, size 1132, send_delta 7, trans_delta 2, recv_delta 9
P: seq 21826, size 1132, send_delta 7, trans_delta 2, recv_delta 9
P: seq 21827, size 1132, send_delta 7, trans_delta 3, recv_delta 10
P: seq 21828, size 1132, send_delta 7, trans_delta 3, recv_delta 10
P: seq 21829, size 1097, send_delta 8, trans_delta 3, recv_delta 11
P: seq 21830, size 1097, send_delta 8, trans_delta 3, recv_delta 11
P: seq 21831, size 1097, send_delta 8, trans_delta 4, recv_delta 12
P: seq 21832, size 1097, send_delta 8, trans_delta 4, recv_delta 12
P: seq 21833, size 1097, send_delta 8, trans_delta 5, recv_delta 13
P: seq 21834, size 1098, send_delta 9, trans_delta 4, recv_delta 13
P: seq 21835, size 1074, send_delta 9, trans_delta 4, recv_delta 13
P: seq 21836, size 1074, send_delta 9, trans_delta 4, recv_delta 13
P: seq 21837, size 1074, send_delta 9, trans_delta 4, recv_delta 13
P: seq 21838, size 1074, send_delta 9, trans_delta 5, recv_delta 14
P: seq 21839, size 1074, send_delta 10, trans_delta 4, recv_delta 14
P: seq 21840, size 45, send_delta 10, trans_delta 4, recv_delta 14
RTP TS: 406564351, Frame Size: 31295, Encode 4, Net 14, Wait 26, Decode 5 E2E 49 
P: seq 21841, size 1114, send_delta 0, trans_delta 1, recv_delta 1
P: seq 21842, size 1115, send_delta 1, trans_delta 0, recv_delta 1
P: seq 21843, size 1058, send_delta 1, trans_delta 0, recv_delta 1
P: seq 21844, size 1058, send_delta 1, trans_delta 2, recv_delta 3
P: seq 21845, size 1058, send_delta 1, trans_delta 2, recv_delta 3
P: seq 21846, size 1059, send_delta 3, trans_delta 1, recv_delta 4
P: seq 21847, size 1059, send_delta 3, trans_delta 1, recv_delta 4
P: seq 21848, size 1059, send_delta 3, trans_delta 1, recv_delta 4
P: seq 21849, size 1012, send_delta 3, trans_delta 2, recv_delta 5
P: seq 21850, size 1013, send_delta 3, trans_delta 2, recv_delta 5
P: seq 21851, size 1013, send_delta 3, trans_delta 3, recv_delta 6
P: seq 21852, size 1013, send_delta 3, trans_delta 3, recv_delta 6
P: seq 21853, size 1013, send_delta 3, trans_delta 4, recv_delta 7
P: seq 21854, size 1013, send_delta 3, trans_delta 4, recv_delta 7
P: seq 21855, size 1084, send_delta 4, trans_delta 3, recv_delta 7
P: seq 21856, size 1085, send_delta 4, trans_delta 4, recv_delta 8
P: seq 21857, size 1085, send_delta 4, trans_delta 4, recv_delta 8
P: seq 21858, size 1085, send_delta 5, trans_delta 4, recv_delta 9
P: seq 21859, size 1139, send_delta 5, trans_delta 4, recv_delta 9
P: seq 21860, size 1139, send_delta 5, trans_delta 4, recv_delta 9
P: seq 21861, size 1139, send_delta 5, trans_delta 5, recv_delta 10
P: seq 21862, size 1139, send_delta 5, trans_delta 5, recv_delta 10
P: seq 21863, size 1064, send_delta 6, trans_delta 5, recv_delta 11
P: seq 21864, size 1064, send_delta 6, trans_delta 5, recv_delta 11
P: seq 21865, size 1064, send_delta 6, trans_delta 6, recv_delta 12
P: seq 21866, size 1064, send_delta 6, trans_delta 6, recv_delta 12
P: seq 21867, size 1065, send_delta 6, trans_delta 6, recv_delta 12
P: seq 21868, size 1049, send_delta 8, trans_delta 5, recv_delta 13
P: seq 21869, size 1050, send_delta 8, trans_delta 5, recv_delta 13
P: seq 21870, size 1050, send_delta 8, trans_delta 6, recv_delta 14
P: seq 21871, size 45, send_delta 8, trans_delta 6, recv_delta 14
RTP TS: 406565971, Frame Size: 35273, Encode 4, Net 16, Wait 23, Decode 6 E2E 49 
P: seq 21872, size 1169, send_delta 0, trans_delta 0, recv_delta 0
P: seq 21873, size 1169, send_delta 1, trans_delta 2, recv_delta 3
P: seq 21874, size 1105, send_delta 2, trans_delta 2, recv_delta 4
P: seq 21875, size 1105, send_delta 2, trans_delta 2, recv_delta 4
P: seq 21876, size 1105, send_delta 2, trans_delta 2, recv_delta 4
P: seq 21877, size 1105, send_delta 2, trans_delta 2, recv_delta 4
P: seq 21878, size 1105, send_delta 3, trans_delta 2, recv_delta 5
P: seq 21879, size 1105, send_delta 3, trans_delta 2, recv_delta 5
P: seq 21880, size 1195, send_delta 3, trans_delta 3, recv_delta 6
P: seq 21881, size 1195, send_delta 3, trans_delta 4, recv_delta 7
P: seq 21882, size 1195, send_delta 3, trans_delta 4, recv_delta 7
P: seq 21883, size 1196, send_delta 4, trans_delta 3, recv_delta 7
P: seq 21884, size 1196, send_delta 4, trans_delta 4, recv_delta 8
P: seq 21885, size 1196, send_delta 4, trans_delta 5, recv_delta 9
P: seq 21886, size 964, send_delta 4, trans_delta 5, recv_delta 9
P: seq 21887, size 964, send_delta 4, trans_delta 5, recv_delta 9
P: seq 21888, size 965, send_delta 5, trans_delta 5, recv_delta 10
P: seq 21889, size 965, send_delta 5, trans_delta 5, recv_delta 10
P: seq 21890, size 965, send_delta 5, trans_delta 5, recv_delta 10
P: seq 21891, size 984, send_delta 5, trans_delta 6, recv_delta 11
P: seq 21892, size 984, send_delta 6, trans_delta 5, recv_delta 11
P: seq 21893, size 984, send_delta 6, trans_delta 5, recv_delta 11
P: seq 21894, size 984, send_delta 6, trans_delta 6, recv_delta 12
P: seq 21895, size 985, send_delta 7, trans_delta 5, recv_delta 12
P: seq 21896, size 1063, send_delta 7, trans_delta 5, recv_delta 12
P: seq 21897, size 1063, send_delta 7, trans_delta 6, recv_delta 13
P: seq 21898, size 1063, send_delta 7, trans_delta 7, recv_delta 14
P: seq 21899, size 1063, send_delta 7, trans_delta 7, recv_delta 14
P: seq 21900, size 1063, send_delta 8, trans_delta 6, recv_delta 14
P: seq 21901, size 1064, send_delta 8, trans_delta 7, recv_delta 15
P: seq 21902, size 960, send_delta 8, trans_delta 7, recv_delta 15
P: seq 21903, size 960, send_delta 8, trans_delta 7, recv_delta 15
P: seq 21904, size 960, send_delta 8, trans_delta 7, recv_delta 15
P: seq 21905, size 960, send_delta 8, trans_delta 7, recv_delta 15
P: seq 21906, size 45, send_delta 9, trans_delta 6, recv_delta 15
RTP TS: 406567501, Frame Size: 33009, Encode 4, Net 14, Wait 24, Decode 5 E2E 47 
P: seq 21907, size 881, send_delta 0, trans_delta 1, recv_delta 1
P: seq 21908, size 881, send_delta 1, trans_delta 1, recv_delta 2
P: seq 21909, size 881, send_delta 1, trans_delta 1, recv_delta 2
P: seq 21910, size 1056, send_delta 1, trans_delta 1, recv_delta 2
P: seq 21911, size 1056, send_delta 1, trans_delta 2, recv_delta 3
P: seq 21912, size 1056, send_delta 1, trans_delta 2, recv_delta 3
P: seq 21913, size 1056, send_delta 2, trans_delta 2, recv_delta 4
P: seq 21914, size 1056, send_delta 2, trans_delta 2, recv_delta 4
P: seq 21915, size 1056, send_delta 2, trans_delta 2, recv_delta 4
P: seq 21916, size 1126, send_delta 2, trans_delta 3, recv_delta 5
P: seq 21917, size 1126, send_delta 2, trans_delta 4, recv_delta 6
P: seq 21918, size 1126, send_delta 3, trans_delta 3, recv_delta 6
P: seq 21919, size 1126, send_delta 3, trans_delta 3, recv_delta 6
P: seq 21920, size 1126, send_delta 3, trans_delta 4, recv_delta 7
P: seq 21921, size 1127, send_delta 3, trans_delta 4, recv_delta 7
P: seq 21922, size 1010, send_delta 3, trans_delta 5, recv_delta 8
P: seq 21923, size 1010, send_delta 4, trans_delta 4, recv_delta 8
P: seq 21924, size 1011, send_delta 5, trans_delta 3, recv_delta 8
P: seq 21925, size 1011, send_delta 5, trans_delta 4, recv_delta 9
P: seq 21926, size 1109, send_delta 5, trans_delta 4, recv_delta 9
P: seq 21927, size 1109, send_delta 5, trans_delta 4, recv_delta 9
P: seq 21928, size 1109, send_delta 5, trans_delta 5, recv_delta 10
P: seq 21929, size 1109, send_delta 5, trans_delta 6, recv_delta 11
P: seq 21930, size 1177, send_delta 6, trans_delta 5, recv_delta 11
P: seq 21931, size 1177, send_delta 6, trans_delta 5, recv_delta 11
P: seq 21932, size 1177, send_delta 6, trans_delta 6, recv_delta 12
P: seq 21933, size 1177, send_delta 6, trans_delta 6, recv_delta 12
P: seq 21934, size 1177, send_delta 7, trans_delta 6, recv_delta 13
P: seq 21935, size 922, send_delta 7, trans_delta 6, recv_delta 13
P: seq 21936, size 922, send_delta 7, trans_delta 6, recv_delta 13
P: seq 21937, size 922, send_delta 7, trans_delta 6, recv_delta 13
P: seq 21938, size 923, send_delta 8, trans_delta 5, recv_delta 13
P: seq 21939, size 45, send_delta 8, trans_delta 6, recv_delta 14
RTP TS: 406569121, Frame Size: 32272, Encode 4, Net 14, Wait 25, Decode 5 E2E 48 
P: seq 21940, size 833, send_delta 0, trans_delta 1, recv_delta 1
P: seq 21941, size 833, send_delta 0, trans_delta 2, recv_delta 2
P: seq 21942, size 834, send_delta 0, trans_delta 3, recv_delta 3
P: seq 21943, size 1059, send_delta 0, trans_delta 3, recv_delta 3
P: seq 21944, size 1059, send_delta 1, trans_delta 2, recv_delta 3
P: seq 21945, size 1059, send_delta 2, trans_delta 2, recv_delta 4
P: seq 21946, size 1059, send_delta 2, trans_delta 2, recv_delta 4
P: seq 21947, size 1059, send_delta 2, trans_delta 2, recv_delta 4
P: seq 21948, size 1059, send_delta 2, trans_delta 3, recv_delta 5
P: seq 21949, size 1082, send_delta 2, trans_delta 3, recv_delta 5
P: seq 21950, size 1082, send_delta 2, trans_delta 3, recv_delta 5
P: seq 21951, size 1082, send_delta 3, trans_delta 3, recv_delta 6
P: seq 21952, size 1082, send_delta 3, trans_delta 3, recv_delta 6
P: seq 21953, size 1083, send_delta 3, trans_delta 4, recv_delta 7
P: seq 21954, size 1083, send_delta 3, trans_delta 4, recv_delta 7
P: seq 21955, size 925, send_delta 4, trans_delta 4, recv_delta 8
P: seq 21956, size 925, send_delta 4, trans_delta 4, recv_delta 8
P: seq 21957, size 925, send_delta 4, trans_delta 4, recv_delta 8
P: seq 21958, size 926, send_delta 4, trans_delta 5, recv_delta 9
P: seq 21959, size 1093, send_delta 4, trans_delta 5, recv_delta 9
P: seq 21960, size 1093, send_delta 5, trans_delta 5, recv_delta 10
P: seq 21961, size 1093, send_delta 5, trans_delta 5, recv_delta 10
P: seq 21962, size 1093, send_delta 6, trans_delta 4, recv_delta 10
P: seq 21963, size 1142, send_delta 6, trans_delta 5, recv_delta 11
P: seq 21964, size 1142, send_delta 6, trans_delta 5, recv_delta 11
P: seq 21965, size 1142, send_delta 6, trans_delta 5, recv_delta 11
P: seq 21966, size 1142, send_delta 7, trans_delta 5, recv_delta 12
P: seq 21967, size 1143, send_delta 7, trans_delta 6, recv_delta 13
P: seq 21968, size 1084, send_delta 7, trans_delta 6, recv_delta 13
P: seq 21969, size 1084, send_delta 7, trans_delta 7, recv_delta 14
P: seq 21970, size 1085, send_delta 7, trans_delta 7, recv_delta 14
P: seq 21971, size 685, send_delta 8, trans_delta 6, recv_delta 14
RTP TS: 406570741, Frame Size: 33924, Encode 4, Net 16, Wait 23, Decode 5 E2E 48 
P: seq 21972, size 1129, send_delta 0, trans_delta 2, recv_delta 2
P: seq 21973, size 1130, send_delta 2, trans_delta 1, recv_delta 3
P: seq 21974, size 1130, send_delta 2, trans_delta 1, recv_delta 3
P: seq 21975, size 1087, send_delta 2, trans_delta 1, recv_delta 3
P: seq 21976, size 1087, send_delta 2, trans_delta 1, recv_delta 3
P: seq 21977, size 1087, send_delta 2, trans_delta 1, recv_delta 3
P: seq 21978, size 1088, send_delta 3, trans_delta 1, recv_delta 4
P: seq 21979, size 1088, send_delta 3, trans_delta 3, recv_delta 6
P: seq 21980, size 1088, send_delta 3, trans_delta 3, recv_delta 6
P: seq 21981, size 1048, send_delta 3, trans_delta 3, recv_delta 6
P: seq 21982, size 1048, send_delta 3, trans_delta 4, recv_delta 7
P: seq 21983, size 1048, send_delta 4, trans_delta 3, recv_delta 7
P: seq 21984, size 1048, send_delta 4, trans_delta 3, recv_delta 7
P: seq 21985, size 1048, send_delta 4, trans_delta 4, recv_delta 8
P: seq 21986, size 1048, send_delta 4, trans_delta 4, recv_delta 8
P: seq 21987, size 1022, send_delta 4, trans_delta 5, recv_delta 9
P: seq 21988, size 1022, send_delta 5, trans_delta 4, recv_delta 9
P: seq 21989, size 1022, send_delta 6, trans_delta 3, recv_delta 9
P: seq 21990, size 1022, send_delta 6, trans_delta 4, recv_delta 10
P: seq 21991, size 969, send_delta 6, trans_delta 4, recv_delta 10
P: seq 21992, size 969, send_delta 6, trans_delta 5, recv_delta 11
P: seq 21993, size 969, send_delta 6, trans_delta 5, recv_delta 11
P: seq 21994, size 969, send_delta 7, trans_delta 4, recv_delta 11
P: seq 21995, size 970, send_delta 7, trans_delta 5, recv_delta 12
P: seq 21996, size 1157, send_delta 7, trans_delta 5, recv_delta 12
P: seq 21997, size 1157, send_delta 7, trans_delta 6, recv_delta 13
P: seq 21998, size 1157, send_delta 7, trans_delta 6, recv_delta 13
P: seq 21999, size 1158, send_delta 7, trans_delta 6, recv_delta 13
P: seq 22000, size 1158, send_delta 8, trans_delta 6, recv_delta 14
P: seq 22001, size 1107, send_delta 8, trans_delta 6, recv_delta 14
P: seq 22002, size 1108, send_delta 8, trans_delta 6, recv_delta 14
P: seq 22003, size 1108, send_delta 8, trans_delta 7, recv_delta 15
P: seq 22004, size 502, send_delta 8, trans_delta 8, recv_delta 16
RTP TS: 406572361, Frame Size: 33981, Encode 4, Net 16, Wait 22, Decode 6 E2E 48 
P: seq 22005, size 1059, send_delta 0, trans_delta 1, recv_delta 1
P: seq 22006, size 1060, send_delta 2, trans_delta 1, recv_delta 3
P: seq 22007, size 1060, send_delta 2, trans_delta 1, recv_delta 3
P: seq 22008, size 1161, send_delta 2, trans_delta 2, recv_delta 4
P: seq 22009, size 1161, send_delta 2, trans_delta 2, recv_delta 4
P: seq 22010, size 1161, send_delta 2, trans_delta 2, recv_delta 4
P: seq 22011, size 1162, send_delta 3, trans_delta 2, recv_delta 5
P: seq 22012, size 1162, send_delta 3, trans_delta 2, recv_delta 5
P: seq 22013, size 1192, send_delta 3, trans_delta 3, recv_delta 6
P: seq 22014, size 1192, send_delta 3, trans_delta 3, recv_delta 6
P: seq 22015, size 1193, send_delta 3, trans_delta 3, recv_delta 6
P: seq 22016, size 1193, send_delta 4, trans_delta 3, recv_delta 7
P: seq 22017, size 1193, send_delta 4, trans_delta 4, recv_delta 8
P: seq 22018, size 906, send_delta 4, trans_delta 4, recv_delta 8
P: seq 22019, size 906, send_delta 5, trans_delta 3, recv_delta 8
P: seq 22020, size 906, send_delta 5, trans_delta 4, recv_delta 9
P: seq 22021, size 907, send_delta 5, trans_delta 4, recv_delta 9
P: seq 22022, size 1021, send_delta 5, trans_delta 4, recv_delta 9
P: seq 22023, size 1021, send_delta 5, trans_delta 5, recv_delta 10
P: seq 22024, size 1021, send_delta 5, trans_delta 5, recv_delta 10
P: seq 22025, size 1021, send_delta 6, trans_delta 4, recv_delta 10
P: seq 22026, size 1022, send_delta 6, trans_delta 5, recv_delta 11
P: seq 22027, size 1106, send_delta 6, trans_delta 5, recv_delta 11
P: seq 22028, size 1107, send_delta 6, trans_delta 5, recv_delta 11
P: seq 22029, size 1107, send_delta 6, trans_delta 6, recv_delta 12
P: seq 22030, size 1107, send_delta 6, trans_delta 7, recv_delta 13
P: seq 22031, size 1107, send_delta 8, trans_delta 5, recv_delta 13
P: seq 22032, size 1107, send_delta 8, trans_delta 6, recv_delta 14
P: seq 22033, size 1070, send_delta 8, trans_delta 6, recv_delta 14
P: seq 22034, size 1070, send_delta 8, trans_delta 6, recv_delta 14
P: seq 22035, size 1070, send_delta 8, trans_delta 7, recv_delta 15
P: seq 22036, size 1071, send_delta 9, trans_delta 6, recv_delta 15
P: seq 22037, size 203, send_delta 9, trans_delta 7, recv_delta 16
RTP TS: 406573981, Frame Size: 28904, Encode 4, Net 13, Wait 26, Decode 5 E2E 48 
P: seq 22038, size 1083, send_delta 0, trans_delta 1, recv_delta 1
P: seq 22039, size 1083, send_delta 1, trans_delta 0, recv_delta 1
P: seq 22040, size 1137, send_delta 1, trans_delta 0, recv_delta 1
P: seq 22041, size 1138, send_delta 1, trans_delta 2, recv_delta 3
P: seq 22042, size 1138, send_delta 1, trans_delta 2, recv_delta 3
P: seq 22043, size 1138, send_delta 2, trans_delta 2, recv_delta 4
P: seq 22044, size 1059, send_delta 2, trans_delta 3, recv_delta 5
P: seq 22045, size 1059, send_delta 2, trans_delta 3, recv_delta 5
P: seq 22046, size 1059, send_delta 3, trans_delta 2, recv_delta 5
P: seq 22047, size 1059, send_delta 3, trans_delta 3, recv_delta 6
P: seq 22048, size 1060, send_delta 3, trans_delta 3, recv_delta 6
P: seq 22049, size 1117, send_delta 4, trans_delta 3, recv_delta 7
P: seq 22050, size 1118, send_delta 4, trans_delta 3, recv_delta 7
P: seq 22051, size 1118, send_delta 4, trans_delta 3, recv_delta 7
P: seq 22052, size 1131, send_delta 4, trans_delta 4, recv_delta 8
P: seq 22053, size 1131, send_delta 4, trans_delta 4, recv_delta 8
P: seq 22054, size 1132, send_delta 5, trans_delta 4, recv_delta 9
P: seq 22055, size 1132, send_delta 5, trans_delta 4, recv_delta 9
P: seq 22056, size 1121, send_delta 5, trans_delta 5, recv_delta 10
P: seq 22057, size 1122, send_delta 5, trans_delta 5, recv_delta 10
P: seq 22058, size 1122, send_delta 5, trans_delta 6, recv_delta 11
P: seq 22059, size 1122, send_delta 6, trans_delta 5, recv_delta 11
P: seq 22060, size 1122, send_delta 6, trans_delta 5, recv_delta 11
P: seq 22061, size 1122, send_delta 6, trans_delta 6, recv_delta 12
P: seq 22062, size 970, send_delta 6, trans_delta 6, recv_delta 12
P: seq 22063, size 970, send_delta 6, trans_delta 6, recv_delta 12
P: seq 22064, size 970, send_delta 7, trans_delta 6, recv_delta 13
P: seq 22065, size 65, send_delta 7, trans_delta 6, recv_delta 13
RTP TS: 406575601, Frame Size: 30696, Encode 4, Net 14, Wait 24, Decode 5 E2E 47 
P: seq 22066, size 734, send_delta 0, trans_delta 1, recv_delta 1
P: seq 22067, size 734, send_delta 0, trans_delta 2, recv_delta 2
P: seq 22068, size 1058, send_delta 1, trans_delta 2, recv_delta 3
P: seq 22069, size 1058, send_delta 1, trans_delta 2, recv_delta 3
P: seq 22070, size 1058, send_delta 1, trans_delta 3, recv_delta 4
P: seq 22071, size 1058, send_delta 1, trans_delta 3, recv_delta 4
P: seq 22072, size 1059, send_delta 1, trans_delta 3, recv_delta 4
P: seq 22073, size 1009, send_delta 3, trans_delta 1, recv_delta 4
P: seq 22074, size 1009, send_delta 3, trans_delta 2, recv_delta 5
P: seq 22075, size 1009, send_delta 3, trans_delta 2, recv_delta 5
P: seq 22076, size 1009, send_delta 3, trans_delta 3, recv_delta 6
P: seq 22077, size 1010, send_delta 3, trans_delta 3, recv_delta 6
P: seq 22078, size 1010, send_delta 3, trans_delta 4, recv_delta 7
P: seq 22079, size 961, send_delta 4, trans_delta 3, recv_delta 7
P: seq 22080, size 961, send_delta 4, trans_delta 4, recv_delta 8
P: seq 22081, size 961, send_delta 4, trans_delta 4, recv_delta 8
P: seq 22082, size 961, send_delta 4, trans_delta 4, recv_delta 8
P: seq 22083, size 1007, send_delta 4, trans_delta 5, recv_delta 9
P: seq 22084, size 1008, send_delta 4, trans_delta 5, recv_delta 9
P: seq 22085, size 1008, send_delta 5, trans_delta 4, recv_delta 9
P: seq 22086, size 1008, send_delta 5, trans_delta 5, recv_delta 10
P: seq 22087, size 1008, send_delta 5, trans_delta 5, recv_delta 10
P: seq 22088, size 1069, send_delta 6, trans_delta 4, recv_delta 10
P: seq 22089, size 1069, send_delta 6, trans_delta 5, recv_delta 11
P: seq 22090, size 1069, send_delta 6, trans_delta 6, recv_delta 12
P: seq 22091, size 1069, send_delta 6, trans_delta 6, recv_delta 12
P: seq 22092, size 1070, send_delta 6, trans_delta 6, recv_delta 12
P: seq 22093, size 1070, send_delta 7, trans_delta 6, recv_delta 13
P: seq 22094, size 1070, send_delta 7, trans_delta 6, recv_delta 13
P: seq 22095, size 1065, send_delta 7, trans_delta 6, recv_delta 13
P: seq 22096, size 1066, send_delta 7, trans_delta 7, recv_delta 14
P: seq 22097, size 179, send_delta 7, trans_delta 7, recv_delta 14
RTP TS: 406577131, Frame Size: 30725, Encode 4, Net 15, Wait 23, Decode 5 E2E 47 
P: seq 22098, size 1085, send_delta 0, trans_delta 2, recv_delta 2
P: seq 22099, size 1085, send_delta 2, trans_delta 0, recv_delta 2
P: seq 22100, size 1062, send_delta 2, trans_delta 0, recv_delta 2
P: seq 22101, size 1062, send_delta 2, trans_delta 2, recv_delta 4
P: seq 22102, size 1063, send_delta 2, trans_delta 2, recv_delta 4
P: seq 22103, size 1063, send_delta 2, trans_delta 3, recv_delta 5
P: seq 22104, size 1063, send_delta 3, trans_delta 2, recv_delta 5
P: seq 22105, size 1170, send_delta 3, trans_delta 3, recv_delta 6
P: seq 22106, size 1170, send_delta 3, trans_delta 4, recv_delta 7
P: seq 22107, size 1171, send_delta 3, trans_delta 4, recv_delta 7
P: seq 22108, size 1171, send_delta 3, trans_delta 4, recv_delta 7
P: seq 22109, size 1171, send_delta 3, trans_delta 4, recv_delta 7
P: seq 22110, size 959, send_delta 5, trans_delta 2, recv_delta 7
P: seq 22111, size 959, send_delta 5, trans_delta 3, recv_delta 8
P: seq 22112, size 959, send_delta 5, trans_delta 3, recv_delta 8
P: seq 22113, size 960, send_delta 5, trans_delta 3, recv_delta 8
P: seq 22114, size 1107, send_delta 5, trans_delta 4, recv_delta 9
P: seq 22115, size 1107, send_delta 5, trans_delta 5, recv_delta 10
P: seq 22116, size 1108, send_delta 6, trans_delta 4, recv_delta 10
P: seq 22117, size 1108, send_delta 6, trans_delta 5, recv_delta 11
P: seq 22118, size 1108, send_delta 6, trans_delta 5, recv_delta 11
P: seq 22119, size 1041, send_delta 6, trans_delta 5, recv_delta 11
P: seq 22120, size 1041, send_delta 6, trans_delta 6, recv_delta 12
P: seq 22121, size 1041, send_delta 7, trans_delta 5, recv_delta 12
P: seq 22122, size 1041, send_delta 7, trans_delta 5, recv_delta 12
P: seq 22123, size 1041, send_delta 7, trans_delta 6, recv_delta 13
P: seq 22124, size 1042, send_delta 7, trans_delta 6, recv_delta 13
P: seq 22125, size 1129, send_delta 7, trans_delta 7, recv_delta 14
P: seq 22126, size 1130, send_delta 7, trans_delta 7, recv_delta 14
P: seq 22127, size 254, send_delta 8, trans_delta 6, recv_delta 14
RTP TS: 406578751, Frame Size: 35570, Encode 4, Net 16, Wait 22, Decode 6 E2E 48 
P: seq 22128, size 949, send_delta 0, trans_delta 2, recv_delta 2
P: seq 22129, size 950, send_delta 0, trans_delta 2, recv_delta 2
P: seq 22130, size 950, send_delta 2, trans_delta 0, recv_delta 2
P: seq 22131, size 1048, send_delta 2, trans_delta 0, recv_delta 2
P: seq 22132, size 1048, send_delta 2, trans_delta 2, recv_delta 4
P: seq 22133, size 1048, send_delta 2, trans_delta 2, recv_delta 4
P: seq 22134, size 1048, send_delta 2, trans_delta 2, recv_delta 4
P: seq 22135, size 1049, send_delta 3, trans_delta 2, recv_delta 5
P: seq 22136, size 1172, send_delta 3, trans_delta 3, recv_delta 6
P: seq 22137, size 1172, send_delta 3, trans_delta 3, recv_delta 6
P: seq 22138, size 1172, send_delta 3, trans_delta 3, recv_delta 6
P: seq 22139, size 1172, send_delta 3, trans_delta 4, recv_delta 7
P: seq 22140, size 1172, send_delta 3, trans_delta 4, recv_delta 7
P: seq 22141, size 1173, send_delta 4, trans_delta 4, recv_delta 8
P: seq 22142, size 1173, send_delta 4, trans_delta 4, recv_delta 8
P: seq 22143, size 1107, send_delta 5, trans_delta 3, recv_delta 8
P: seq 22144, size 1108, send_delta 5, trans_delta 4, recv_delta 9
P: seq 22145, size 1108, send_delta 5, trans_delta 4, recv_delta 9
P: seq 22146, size 1108, send_delta 6, trans_delta 3, recv_delta 9
P: seq 22147, size 1035, send_delta 6, trans_delta 4, recv_delta 10
P: seq 22148, size 1035, send_delta 6, trans_delta 5, recv_delta 11
P: seq 22149, size 1035, send_delta 6, trans_delta 5, recv_delta 11
P: seq 22150, size 1035, send_delta 6, trans_delta 5, recv_delta 11
P: seq 22151, size 1035, send_delta 7, trans_delta 5, recv_delta 12
P: seq 22152, size 1035, send_delta 7, trans_delta 5, recv_delta 12
P: seq 22153, size 1081, send_delta 7, trans_delta 5, recv_delta 12
P: seq 22154, size 1082, send_delta 7, trans_delta 6, recv_delta 13
P: seq 22155, size 1082, send_delta 7, trans_delta 6, recv_delta 13
P: seq 22156, size 1082, send_delta 7, trans_delta 7, recv_delta 14
P: seq 22157, size 1082, send_delta 9, trans_delta 5, recv_delta 14
P: seq 22158, size 1082, send_delta 9, trans_delta 5, recv_delta 14
P: seq 22159, size 871, send_delta 9, trans_delta 5, recv_delta 14
P: seq 22160, size 871, send_delta 9, trans_delta 6, recv_delta 15
P: seq 22161, size 872, send_delta 9, trans_delta 7, recv_delta 16
P: seq 22162, size 404, send_delta 9, trans_delta 7, recv_delta 16
RTP TS: 406580371, Frame Size: 30693, Encode 4, Net 14, Wait 23, Decode 5 E2E 46 
P: seq 22163, size 901, send_delta 0, trans_delta 1, recv_delta 1
P: seq 22164, size 901, send_delta 1, trans_delta 0, recv_delta 1
P: seq 22165, size 901, send_delta 1, trans_delta 2, recv_delta 3
P: seq 22166, size 1033, send_delta 1, trans_delta 2, recv_delta 3
P: seq 22167, size 1033, send_delta 1, trans_delta 2, recv_delta 3
P: seq 22168, size 1034, send_delta 1, trans_delta 3, recv_delta 4
P: seq 22169, size 1034, send_delta 1, trans_delta 3, recv_delta 4
P: seq 22170, size 1034, send_delta 2, trans_delta 2, recv_delta 4
P: seq 22171, size 1069, send_delta 3, trans_delta 2, recv_delta 5
P: seq 22172, size 1069, send_delta 3, trans_delta 2, recv_delta 5
P: seq 22173, size 1069, send_delta 3, trans_delta 3, recv_delta 6
P: seq 22174, size 1070, send_delta 3, trans_delta 3, recv_delta 6
P: seq 22175, size 1070, send_delta 3, trans_delta 3, recv_delta 6
P: seq 22176, size 1070, send_delta 3, trans_delta 4, recv_delta 7
P: seq 22177, size 1066, send_delta 4, trans_delta 4, recv_delta 8
P: seq 22178, size 1067, send_delta 4, trans_delta 4, recv_delta 8
P: seq 22179, size 1067, send_delta 4, trans_delta 4, recv_delta 8
P: seq 22180, size 1189, send_delta 4, trans_delta 5, recv_delta 9
P: seq 22181, size 1189, send_delta 4, trans_delta 5, recv_delta 9
P: seq 22182, size 1189, send_delta 5, trans_delta 4, recv_delta 9
P: seq 22183, size 1189, send_delta 5, trans_delta 5, recv_delta 10
P: seq 22184, size 987, send_delta 5, trans_delta 5, recv_delta 10
P: seq 22185, size 987, send_delta 5, trans_delta 6, recv_delta 11
P: seq 22186, size 988, send_delta 6, trans_delta 5, recv_delta 11
P: seq 22187, size 988, send_delta 6, trans_delta 5, recv_delta 11
P: seq 22188, size 988, send_delta 6, trans_delta 6, recv_delta 12
P: seq 22189, size 942, send_delta 6, trans_delta 6, recv_delta 12
P: seq 22190, size 942, send_delta 6, trans_delta 7, recv_delta 13
P: seq 22191, size 943, send_delta 6, trans_delta 7, recv_delta 13
P: seq 22192, size 943, send_delta 7, trans_delta 6, recv_delta 13
P: seq 22193, size 513, send_delta 8, trans_delta 6, recv_delta 14
RTP TS: 406582081, Frame Size: 27869, Encode 4, Net 13, Wait 25, Decode 5 E2E 47 
P: seq 22194, size 1040, send_delta 1, trans_delta 1, recv_delta 2
P: seq 22195, size 1040, send_delta 2, trans_delta 0, recv_delta 2
P: seq 22196, size 1040, send_delta 2, trans_delta 0, recv_delta 2
P: seq 22197, size 1040, send_delta 2, trans_delta 1, recv_delta 3
P: seq 22198, size 1040, send_delta 2, trans_delta 2, recv_delta 4
P: seq 22199, size 1040, send_delta 2, trans_delta 2, recv_delta 4
P: seq 22200, size 1041, send_delta 2, trans_delta 3, recv_delta 5
P: seq 22201, size 1041, send_delta 2, trans_delta 4, recv_delta 6
P: seq 22202, size 1041, send_delta 3, trans_delta 3, recv_delta 6
P: seq 22203, size 1041, send_delta 3, trans_delta 3, recv_delta 6
P: seq 22204, size 839, send_delta 3, trans_delta 4, recv_delta 7
P: seq 22205, size 839, send_delta 3, trans_delta 4, recv_delta 7
P: seq 22206, size 839, send_delta 3, trans_delta 4, recv_delta 7
P: seq 22207, size 856, send_delta 5, trans_delta 2, recv_delta 7
P: seq 22208, size 857, send_delta 5, trans_delta 3, recv_delta 8
P: seq 22209, size 1185, send_delta 5, trans_delta 3, recv_delta 8
P: seq 22210, size 1185, send_delta 5, trans_delta 3, recv_delta 8
P: seq 22211, size 1185, send_delta 5, trans_delta 3, recv_delta 8
P: seq 22212, size 1052, send_delta 5, trans_delta 4, recv_delta 9
P: seq 22213, size 1052, send_delta 6, trans_delta 3, recv_delta 9
P: seq 22214, size 1052, send_delta 6, trans_delta 4, recv_delta 10
P: seq 22215, size 1052, send_delta 6, trans_delta 4, recv_delta 10
P: seq 22216, size 1053, send_delta 6, trans_delta 4, recv_delta 10
P: seq 22217, size 1176, send_delta 6, trans_delta 5, recv_delta 11
P: seq 22218, size 1177, send_delta 7, trans_delta 5, recv_delta 12
P: seq 22219, size 1177, send_delta 7, trans_delta 5, recv_delta 12
P: seq 22220, size 792, send_delta 7, trans_delta 5, recv_delta 12
P: seq 22221, size 792, send_delta 7, trans_delta 6, recv_delta 13
RTP TS: 406583611, Frame Size: 31477, Encode 3, Net 16, Wait 22, Decode 5 E2E 46 
P: seq 22222, size 1068, send_delta 0, trans_delta 1, recv_delta 1
P: seq 22223, size 1068, send_delta 1, trans_delta 2, recv_delta 3
P: seq 22224, size 1068, send_delta 1, trans_delta 3, recv_delta 4
P: seq 22225, size 1038, send_delta 1, trans_delta 3, recv_delta 4
P: seq 22226, size 1038, send_delta 1, trans_delta 3, recv_delta 4
P: seq 22227, size 1038, send_delta 2, trans_delta 3, recv_delta 5
P: seq 22228, size 1038, send_delta 2, trans_delta 3, recv_delta 5
P: seq 22229, size 1038, send_delta 2, trans_delta 3, recv_delta 5
P: seq 22230, size 1039, send_delta 3, trans_delta 2, recv_delta 5
P: seq 22231, size 1065, send_delta 3, trans_delta 3, recv_delta 6
P: seq 22232, size 1065, send_delta 3, trans_delta 4, recv_delta 7
P: seq 22233, size 1065, send_delta 3, trans_delta 4, recv_delta 7
P: seq 22234, size 1065, send_delta 3, trans_delta 5, recv_delta 8
P: seq 22235, size 1066, send_delta 3, trans_delta 5, recv_delta 8
P: seq 22236, size 886, send_delta 4, trans_delta 5, recv_delta 9
P: seq 22237, size 886, send_delta 4, trans_delta 5, recv_delta 9
P: seq 22238, size 886, send_delta 4, trans_delta 6, recv_delta 10
P: seq 22239, size 996, send_delta 4, trans_delta 6, recv_delta 10
P: seq 22240, size 996, send_delta 4, trans_delta 6, recv_delta 10
P: seq 22241, size 996, send_delta 4, trans_delta 7, recv_delta 11
P: seq 22242, size 1081, send_delta 6, trans_delta 5, recv_delta 11
P: seq 22243, size 1082, send_delta 6, trans_delta 5, recv_delta 11
P: seq 22244, size 1082, send_delta 6, trans_delta 6, recv_delta 12
P: seq 22245, size 1082, send_delta 6, trans_delta 7, recv_delta 13
P: seq 22246, size 1082, send_delta 6, trans_delta 7, recv_delta 13
P: seq 22247, size 1082, send_delta 7, trans_delta 6, recv_delta 13
P: seq 22248, size 1184, send_delta 7, trans_delta 6, recv_delta 13
P: seq 22249, size 1184, send_delta 7, trans_delta 7, recv_delta 14
P: seq 22250, size 1184, send_delta 7, trans_delta 8, recv_delta 15
P: seq 22251, size 901, send_delta 7, trans_delta 8, recv_delta 15
P: seq 22252, size 901, send_delta 7, trans_delta 9, recv_delta 16
RTP TS: 406585231, Frame Size: 25935, Encode 4, Net 13, Wait 26, Decode 4 E2E 47 
P: seq 22253, size 1093, send_delta 0, trans_delta 2, recv_delta 2
P: seq 22254, size 1094, send_delta 2, trans_delta 1, recv_delta 3
P: seq 22255, size 1094, send_delta 2, trans_delta 2, recv_delta 4
P: seq 22256, size 1042, send_delta 2, trans_delta 2, recv_delta 4
P: seq 22257, size 1042, send_delta 2, trans_delta 2, recv_delta 4
P: seq 22258, size 1042, send_delta 3, trans_delta 2, recv_delta 5
P: seq 22259, size 1042, send_delta 3, trans_delta 2, recv_delta 5
P: seq 22260, size 1138, send_delta 3, trans_delta 3, recv_delta 6
P: seq 22261, size 1138, send_delta 3, trans_delta 3, recv_delta 6
P: seq 22262, size 1138, send_delta 3, trans_delta 4, recv_delta 7
P: seq 22263, size 1139, send_delta 3, trans_delta 4, recv_delta 7
P: seq 22264, size 1139, send_delta 4, trans_delta 4, recv_delta 8
P: seq 22265, size 1166, send_delta 4, trans_delta 4, recv_delta 8
P: seq 22266, size 1167, send_delta 4, trans_delta 4, recv_delta 8
P: seq 22267, size 1106, send_delta 4, trans_delta 5, recv_delta 9
P: seq 22268, size 1107, send_delta 4, trans_delta 5, recv_delta 9
P: seq 22269, size 1079, send_delta 6, trans_delta 4, recv_delta 10
P: seq 22270, size 1079, send_delta 6, trans_delta 4, recv_delta 10
P: seq 22271, size 1079, send_delta 6, trans_delta 4, recv_delta 10
P: seq 22272, size 943, send_delta 6, trans_delta 5, recv_delta 11
P: seq 22273, size 943, send_delta 6, trans_delta 6, recv_delta 12
P: seq 22274, size 944, send_delta 6, trans_delta 6, recv_delta 12
P: seq 22275, size 944, send_delta 7, trans_delta 5, recv_delta 12
P: seq 22276, size 927, send_delta 7, trans_delta 6, recv_delta 13
P: seq 22277, size 927, send_delta 7, trans_delta 6, recv_delta 13
RTP TS: 406586851, Frame Size: 34232, Encode 4, Net 16, Wait 22, Decode 6 E2E 48 
P: seq 22278, size 937, send_delta 0, trans_delta 1, recv_delta 1
P: seq 22279, size 937, send_delta 1, trans_delta 1, recv_delta 2
P: seq 22280, size 937, send_delta 2, trans_delta 1, recv_delta 3
P: seq 22281, size 937, send_delta 2, trans_delta 1, recv_delta 3
P: seq 22282, size 1128, send_delta 2, trans_delta 2, recv_delta 4
P: seq 22283, size 1128, send_delta 2, trans_delta 2, recv_delta 4
P: seq 22284, size 1128, send_delta 2, trans_delta 3, recv_delta 5
P: seq 22285, size 1129, send_delta 3, trans_delta 2, recv_delta 5
P: seq 22286, size 1129, send_delta 3, trans_delta 3, recv_delta 6
P: seq 22287, size 1194, send_delta 3, trans_delta 3, recv_delta 6
P: seq 22288, size 1194, send_delta 3, trans_delta 3, recv_delta 6
P: seq 22289, size 1194, send_delta 3, trans_delta 4, recv_delta 7
P: seq 22290, size 1195, send_delta 4, trans_delta 4, recv_delta 8
P: seq 22291, size 1195, send_delta 4, trans_delta 4, recv_delta 8
P: seq 22292, size 1003, send_delta 4, trans_delta 4, recv_delta 8
P: seq 22293, size 1004, send_delta 4, trans_delta 5, recv_delta 9
P: seq 22294, size 1004, send_delta 4, trans_delta 5, recv_delta 9
P: seq 22295, size 1004, send_delta 5, trans_delta 5, recv_delta 10
P: seq 22296, size 1018, send_delta 6, trans_delta 4, recv_delta 10
P: seq 22297, size 1018, send_delta 6, trans_delta 5, recv_delta 11
P: seq 22298, size 1018, send_delta 6, trans_delta 5, recv_delta 11
P: seq 22299, size 1019, send_delta 6, trans_delta 5, recv_delta 11
P: seq 22300, size 1106, send_delta 7, trans_delta 5, recv_delta 12
P: seq 22301, size 1106, send_delta 7, trans_delta 5, recv_delta 12
P: seq 22302, size 1106, send_delta 7, trans_delta 6, recv_delta 13
P: seq 22303, size 1107, send_delta 7, trans_delta 6, recv_delta 13
P: seq 22304, size 1060, send_delta 7, trans_delta 7, recv_delta 14
P: seq 22305, size 1060, send_delta 7, trans_delta 7, recv_delta 14
P: seq 22306, size 1060, send_delta 8, trans_delta 6, recv_delta 14
P: seq 22307, size 1060, send_delta 9, trans_delta 6, recv_delta 15
P: seq 22308, size 1060, send_delta 9, trans_delta 6, recv_delta 15
P: seq 22309, size 941, send_delta 9, trans_delta 7, recv_delta 16
P: seq 22310, size 941, send_delta 9, trans_delta 7, recv_delta 16
RTP TS: 406588471, Frame Size: 32225, Encode 4, Net 15, Wait 23, Decode 5 E2E 47 
P: seq 22311, size 811, send_delta 0, trans_delta 0, recv_delta 0
P: seq 22312, size 812, send_delta 0, trans_delta 2, recv_delta 2
P: seq 22313, size 812, send_delta 1, trans_delta 2, recv_delta 3
P: seq 22314, size 979, send_delta 1, trans_delta 2, recv_delta 3
P: seq 22315, size 979, send_delta 1, trans_delta 2, recv_delta 3
P: seq 22316, size 980, send_delta 2, trans_delta 2, recv_delta 4
P: seq 22317, size 980, send_delta 2, trans_delta 2, recv_delta 4
P: seq 22318, size 980, send_delta 2, trans_delta 2, recv_delta 4
P: seq 22319, size 1047, send_delta 3, trans_delta 2, recv_delta 5
P: seq 22320, size 1047, send_delta 3, trans_delta 3, recv_delta 6
P: seq 22321, size 1047, send_delta 3, trans_delta 3, recv_delta 6
P: seq 22322, size 1047, send_delta 3, trans_delta 3, recv_delta 6
P: seq 22323, size 1047, send_delta 3, trans_delta 4, recv_delta 7
P: seq 22324, size 1047, send_delta 3, trans_delta 4, recv_delta 7
P: seq 22325, size 1025, send_delta 4, trans_delta 4, recv_delta 8
P: seq 22326, size 1025, send_delta 4, trans_delta 4, recv_delta 8
P: seq 22327, size 1025, send_delta 4, trans_delta 5, recv_delta 9
P: seq 22328, size 1025, send_delta 4, trans_delta 5, recv_delta 9
P: seq 22329, size 1025, send_delta 4, trans_delta 5, recv_delta 9
P: seq 22330, size 973, send_delta 5, trans_delta 4, recv_delta 9
P: seq 22331, size 973, send_delta 5, trans_delta 5, recv_delta 10
P: seq 22332, size 973, send_delta 5, trans_delta 5, recv_delta 10
P: seq 22333, size 974, send_delta 5, trans_delta 6, recv_delta 11
P: seq 22334, size 944, send_delta 6, trans_delta 6, recv_delta 12
P: seq 22335, size 944, send_delta 6, trans_delta 6, recv_delta 12
P: seq 22336, size 944, send_delta 7, trans_delta 5, recv_delta 12
P: seq 22337, size 945, send_delta 8, trans_delta 5, recv_delta 13
P: seq 22338, size 1168, send_delta 8, trans_delta 5, recv_delta 13
P: seq 22339, size 1168, send_delta 8, trans_delta 5, recv_delta 13
P: seq 22340, size 1168, send_delta 8, trans_delta 6, recv_delta 14
P: seq 22341, size 1169, send_delta 8, trans_delta 7, recv_delta 15
P: seq 22342, size 983, send_delta 8, trans_delta 7, recv_delta 15
P: seq 22343, size 984, send_delta 8, trans_delta 7, recv_delta 15
RTP TS: 406590091, Frame Size: 29981, Encode 3, Net 15, Wait 24, Decode 5 E2E 47 
P: seq 22344, size 840, send_delta 0, trans_delta 2, recv_delta 2
P: seq 22345, size 840, send_delta 2, trans_delta 1, recv_delta 3
P: seq 22346, size 840, send_delta 2, trans_delta 1, recv_delta 3
P: seq 22347, size 1012, send_delta 2, trans_delta 1, recv_delta 3
P: seq 22348, size 1012, send_delta 2, trans_delta 1, recv_delta 3
P: seq 22349, size 1012, send_delta 2, trans_delta 2, recv_delta 4
P: seq 22350, size 1012, send_delta 3, trans_delta 2, recv_delta 5
P: seq 22351, size 1012, send_delta 3, trans_delta 2, recv_delta 5
P: seq 22352, size 1013, send_delta 3, trans_delta 3, recv_delta 6
P: seq 22353, size 1056, send_delta 3, trans_delta 4, recv_delta 7
P: seq 22354, size 1056, send_delta 3, trans_delta 4, recv_delta 7
P: seq 22355, size 1056, send_delta 3, trans_delta 4, recv_delta 7
P: seq 22356, size 1056, send_delta 4, trans_delta 4, recv_delta 8
P: seq 22357, size 986, send_delta 4, trans_delta 4, recv_delta 8
P: seq 22358, size 986, send_delta 4, trans_delta 4, recv_delta 8
P: seq 22359, size 986, send_delta 4, trans_delta 5, recv_delta 9
P: seq 22360, size 987, send_delta 4, trans_delta 6, recv_delta 10
P: seq 22361, size 1094, send_delta 4, trans_delta 6, recv_delta 10
P: seq 22362, size 1094, send_delta 4, trans_delta 6, recv_delta 10
P: seq 22363, size 1094, send_delta 6, trans_delta 5, recv_delta 11
P: seq 22364, size 1049, send_delta 6, trans_delta 5, recv_delta 11
P: seq 22365, size 1050, send_delta 6, trans_delta 5, recv_delta 11
P: seq 22366, size 1050, send_delta 6, trans_delta 6, recv_delta 12
P: seq 22367, size 1009, send_delta 6, trans_delta 7, recv_delta 13
P: seq 22368, size 1009, send_delta 7, trans_delta 6, recv_delta 13
P: seq 22369, size 1009, send_delta 7, trans_delta 6, recv_delta 13
P: seq 22370, size 1010, send_delta 7, trans_delta 7, recv_delta 14
P: seq 22371, size 1010, send_delta 7, trans_delta 7, recv_delta 14
P: seq 22372, size 1010, send_delta 7, trans_delta 7, recv_delta 14
P: seq 22373, size 752, send_delta 7, trans_delta 8, recv_delta 15
P: seq 22374, size 752, send_delta 8, trans_delta 7, recv_delta 15
RTP TS: 406591711, Frame Size: 35585, Encode 3, Net 17, Wait 21, Decode 6 E2E 47 
P: seq 22375, size 814, send_delta 0, trans_delta 1, recv_delta 1
P: seq 22376, size 814, send_delta 1, trans_delta 0, recv_delta 1
P: seq 22377, size 814, send_delta 2, trans_delta 1, recv_delta 3
P: seq 22378, size 1130, send_delta 2, trans_delta 1, recv_delta 3
P: seq 22379, size 1130, send_delta 2, trans_delta 2, recv_delta 4
P: seq 22380, size 1130, send_delta 2, trans_delta 2, recv_delta 4
P: seq 22381, size 1131, send_delta 2, trans_delta 3, recv_delta 5
P: seq 22382, size 1131, send_delta 3, trans_delta 2, recv_delta 5
P: seq 22383, size 1020, send_delta 3, trans_delta 3, recv_delta 6
P: seq 22384, size 1021, send_delta 4, trans_delta 2, recv_delta 6
P: seq 22385, size 1021, send_delta 4, trans_delta 2, recv_delta 6
P: seq 22386, size 1021, send_delta 4, trans_delta 3, recv_delta 7
P: seq 22387, size 1021, send_delta 4, trans_delta 3, recv_delta 7
P: seq 22388, size 1021, send_delta 4, trans_delta 3, recv_delta 7
P: seq 22389, size 1092, send_delta 4, trans_delta 3, recv_delta 7
P: seq 22390, size 1093, send_delta 4, trans_delta 4, recv_delta 8
P: seq 22391, size 1093, send_delta 5, trans_delta 3, recv_delta 8
P: seq 22392, size 1093, send_delta 5, trans_delta 4, recv_delta 9
P: seq 22393, size 1093, send_delta 5, trans_delta 5, recv_delta 10
P: seq 22394, size 1067, send_delta 5, trans_delta 6, recv_delta 11
P: seq 22395, size 1068, send_delta 5, trans_delta 6, recv_delta 11
P: seq 22396, size 1068, send_delta 6, trans_delta 6, recv_delta 12
P: seq 22397, size 1068, send_delta 6, trans_delta 6, recv_delta 12
P: seq 22398, size 1068, send_delta 6, trans_delta 6, recv_delta 12
P: seq 22399, size 1109, send_delta 6, trans_delta 6, recv_delta 12
P: seq 22400, size 1109, send_delta 7, trans_delta 6, recv_delta 13
P: seq 22401, size 1109, send_delta 8, trans_delta 6, recv_delta 14
P: seq 22402, size 1109, send_delta 8, trans_delta 6, recv_delta 14
P: seq 22403, size 1110, send_delta 8, trans_delta 7, recv_delta 15
P: seq 22404, size 1110, send_delta 8, trans_delta 7, recv_delta 15
P: seq 22405, size 949, send_delta 8, trans_delta 7, recv_delta 15
P: seq 22406, size 949, send_delta 8, trans_delta 8, recv_delta 16
P: seq 22407, size 950, send_delta 9, trans_delta 7, recv_delta 16
P: seq 22408, size 950, send_delta 9, trans_delta 8, recv_delta 17
P: seq 22409, size 985, send_delta 9, trans_delta 8, recv_delta 17
RTP TS: 406593331, Frame Size: 39157, Encode 4, Net 18, Wait 20, Decode 6 E2E 48 
P: seq 22410, size 823, send_delta 1, trans_delta 1, recv_delta 2
P: seq 22411, size 823, send_delta 1, trans_delta 1, recv_delta 2
P: seq 22412, size 1093, send_delta 2, trans_delta 1, recv_delta 3
P: seq 22413, size 1094, send_delta 2, trans_delta 1, recv_delta 3
P: seq 22414, size 1094, send_delta 2, trans_delta 1, recv_delta 3
P: seq 22415, size 1094, send_delta 2, trans_delta 2, recv_delta 4
P: seq 22416, size 1094, send_delta 2, trans_delta 3, recv_delta 5
P: seq 22417, size 1191, send_delta 3, trans_delta 2, recv_delta 5
P: seq 22418, size 1192, send_delta 3, trans_delta 3, recv_delta 6
P: seq 22419, size 1192, send_delta 3, trans_delta 4, recv_delta 7
P: seq 22420, size 1192, send_delta 3, trans_delta 4, recv_delta 7
P: seq 22421, size 1192, send_delta 3, trans_delta 4, recv_delta 7
P: seq 22422, size 1192, send_delta 4, trans_delta 4, recv_delta 8
P: seq 22423, size 1108, send_delta 4, trans_delta 4, recv_delta 8
P: seq 22424, size 1108, send_delta 4, trans_delta 5, recv_delta 9
P: seq 22425, size 1108, send_delta 4, trans_delta 5, recv_delta 9
P: seq 22426, size 1108, send_delta 4, trans_delta 5, recv_delta 9
P: seq 22427, size 1108, send_delta 6, trans_delta 4, recv_delta 10
P: seq 22428, size 1141, send_delta 6, trans_delta 5, recv_delta 11
P: seq 22429, size 1141, send_delta 6, trans_delta 5, recv_delta 11
P: seq 22430, size 1142, send_delta 6, trans_delta 5, recv_delta 11
P: seq 22431, size 1142, send_delta 6, trans_delta 6, recv_delta 12
P: seq 22432, size 1142, send_delta 7, trans_delta 5, recv_delta 12
P: seq 22433, size 1062, send_delta 7, trans_delta 5, recv_delta 12
P: seq 22434, size 1062, send_delta 7, trans_delta 5, recv_delta 12
P: seq 22435, size 1062, send_delta 7, trans_delta 6, recv_delta 13
P: seq 22436, size 1062, send_delta 7, trans_delta 6, recv_delta 13
P: seq 22437, size 1063, send_delta 8, trans_delta 7, recv_delta 15
P: seq 22438, size 1063, send_delta 8, trans_delta 7, recv_delta 15
P: seq 22439, size 1063, send_delta 8, trans_delta 7, recv_delta 15
P: seq 22440, size 1063, send_delta 8, trans_delta 8, recv_delta 16
P: seq 22441, size 1015, send_delta 8, trans_delta 9, recv_delta 17
P: seq 22442, size 1015, send_delta 8, trans_delta 9, recv_delta 17
P: seq 22443, size 1015, send_delta 9, trans_delta 8, recv_delta 17
P: seq 22444, size 1016, send_delta 9, trans_delta 9, recv_delta 18
P: seq 22445, size 1016, send_delta 9, trans_delta 9, recv_delta 18
P: seq 22446, size 994, send_delta 10, trans_delta 8, recv_delta 18
RTP TS: 406594951, Frame Size: 36357, Encode 3, Net 18, Wait 22, Decode 6 E2E 49 
P: seq 22447, size 980, send_delta 0, trans_delta 2, recv_delta 2
P: seq 22448, size 981, send_delta 1, trans_delta 1, recv_delta 2
P: seq 22449, size 970, send_delta 1, trans_delta 1, recv_delta 2
P: seq 22450, size 970, send_delta 2, trans_delta 2, recv_delta 4
P: seq 22451, size 970, send_delta 2, trans_delta 2, recv_delta 4
P: seq 22452, size 970, send_delta 2, trans_delta 2, recv_delta 4
P: seq 22453, size 971, send_delta 3, trans_delta 2, recv_delta 5
P: seq 22454, size 1053, send_delta 3, trans_delta 2, recv_delta 5
P: seq 22455, size 1053, send_delta 3, trans_delta 3, recv_delta 6
P: seq 22456, size 1053, send_delta 3, trans_delta 3, recv_delta 6
P: seq 22457, size 1053, send_delta 3, trans_delta 3, recv_delta 6
P: seq 22458, size 1054, send_delta 3, trans_delta 4, recv_delta 7
P: seq 22459, size 1054, send_delta 4, trans_delta 3, recv_delta 7
P: seq 22460, size 1039, send_delta 4, trans_delta 4, recv_delta 8
P: seq 22461, size 1039, send_delta 4, trans_delta 4, recv_delta 8
P: seq 22462, size 1039, send_delta 4, trans_delta 5, recv_delta 9
P: seq 22463, size 1039, send_delta 4, trans_delta 5, recv_delta 9
P: seq 22464, size 1040, send_delta 5, trans_delta 5, recv_delta 10
P: seq 22465, size 1030, send_delta 5, trans_delta 5, recv_delta 10
P: seq 22466, size 1030, send_delta 5, trans_delta 5, recv_delta 10
P: seq 22467, size 1030, send_delta 5, trans_delta 6, recv_delta 11
P: seq 22468, size 1030, send_delta 6, trans_delta 5, recv_delta 11
P: seq 22469, size 1031, send_delta 6, trans_delta 5, recv_delta 11
P: seq 22470, size 1186, send_delta 6, trans_delta 6, recv_delta 12
P: seq 22471, size 1186, send_delta 6, trans_delta 6, recv_delta 12
P: seq 22472, size 1186, send_delta 6, trans_delta 7, recv_delta 13
P: seq 22473, size 1186, send_delta 7, trans_delta 6, recv_delta 13
P: seq 22474, size 1186, send_delta 7, trans_delta 6, recv_delta 13
P: seq 22475, size 1186, send_delta 7, trans_delta 7, recv_delta 14
P: seq 22476, size 1187, send_delta 7, trans_delta 7, recv_delta 14
P: seq 22477, size 964, send_delta 8, trans_delta 8, recv_delta 16
P: seq 22478, size 964, send_delta 9, trans_delta 7, recv_delta 16
P: seq 22479, size 965, send_delta 9, trans_delta 7, recv_delta 16
P: seq 22480, size 965, send_delta 9, trans_delta 8, recv_delta 17
P: seq 22481, size 965, send_delta 9, trans_delta 8, recv_delta 17
P: seq 22482, size 654, send_delta 9, trans_delta 8, recv_delta 17
RTP TS: 406596571, Frame Size: 36387, Encode 3, Net 18, Wait 21, Decode 6 E2E 48 
P: seq 22483, size 853, send_delta 0, trans_delta 2, recv_delta 2
P: seq 22484, size 853, send_delta 1, trans_delta 2, recv_delta 3
P: seq 22485, size 1051, send_delta 1, trans_delta 2, recv_delta 3
P: seq 22486, size 1051, send_delta 2, trans_delta 1, recv_delta 3
P: seq 22487, size 1052, send_delta 2, trans_delta 1, recv_delta 3
P: seq 22488, size 1052, send_delta 2, trans_delta 3, recv_delta 5
P: seq 22489, size 1052, send_delta 3, trans_delta 2, recv_delta 5
P: seq 22490, size 1042, send_delta 3, trans_delta 3, recv_delta 6
P: seq 22491, size 1042, send_delta 3, trans_delta 3, recv_delta 6
P: seq 22492, size 1042, send_delta 3, trans_delta 4, recv_delta 7
P: seq 22493, size 1043, send_delta 3, trans_delta 4, recv_delta 7
P: seq 22494, size 1043, send_delta 3, trans_delta 4, recv_delta 7
P: seq 22495, size 1043, send_delta 3, trans_delta 5, recv_delta 8
P: seq 22496, size 1054, send_delta 4, trans_delta 4, recv_delta 8
P: seq 22497, size 1054, send_delta 4, trans_delta 5, recv_delta 9
P: seq 22498, size 1054, send_delta 4, trans_delta 5, recv_delta 9
P: seq 22499, size 1055, send_delta 4, trans_delta 6, recv_delta 10
P: seq 22500, size 1055, send_delta 4, trans_delta 6, recv_delta 10
P: seq 22501, size 1011, send_delta 5, trans_delta 5, recv_delta 10
P: seq 22502, size 1011, send_delta 6, trans_delta 5, recv_delta 11
P: seq 22503, size 1011, send_delta 6, trans_delta 5, recv_delta 11
P: seq 22504, size 1011, send_delta 6, trans_delta 6, recv_delta 12
P: seq 22505, size 1012, send_delta 6, trans_delta 6, recv_delta 12
P: seq 22506, size 1150, send_delta 6, trans_delta 7, recv_delta 13
P: seq 22507, size 1150, send_delta 6, trans_delta 7, recv_delta 13
P: seq 22508, size 1150, send_delta 7, trans_delta 7, recv_delta 14
P: seq 22509, size 1151, send_delta 7, trans_delta 7, recv_delta 14
P: seq 22510, size 1151, send_delta 7, trans_delta 7, recv_delta 14
P: seq 22511, size 1151, send_delta 7, trans_delta 8, recv_delta 15
P: seq 22512, size 1151, send_delta 7, trans_delta 8, recv_delta 15
P: seq 22513, size 1197, send_delta 8, trans_delta 7, recv_delta 15
P: seq 22514, size 1197, send_delta 8, trans_delta 8, recv_delta 16
P: seq 22515, size 1197, send_delta 8, trans_delta 9, recv_delta 17
P: seq 22516, size 1197, send_delta 8, trans_delta 9, recv_delta 17
P: seq 22517, size 874, send_delta 8, trans_delta 10, recv_delta 18
RTP TS: 406598101, Frame Size: 36865, Encode 4, Net 17, Wait 20, Decode 6 E2E 47 
P: seq 22518, size 1128, send_delta 0, trans_delta 0, recv_delta 0
P: seq 22519, size 1128, send_delta 1, trans_delta 2, recv_delta 3
P: seq 22520, size 1054, send_delta 1, trans_delta 2, recv_delta 3
P: seq 22521, size 1054, send_delta 1, trans_delta 3, recv_delta 4
P: seq 22522, size 1054, send_delta 1, trans_delta 3, recv_delta 4
P: seq 22523, size 1055, send_delta 1, trans_delta 3, recv_delta 4
P: seq 22524, size 1055, send_delta 3, trans_delta 2, recv_delta 5
P: seq 22525, size 1017, send_delta 3, trans_delta 2, recv_delta 5
P: seq 22526, size 1017, send_delta 3, trans_delta 2, recv_delta 5
P: seq 22527, size 1017, send_delta 3, trans_delta 3, recv_delta 6
P: seq 22528, size 1017, send_delta 3, trans_delta 3, recv_delta 6
P: seq 22529, size 1017, send_delta 4, trans_delta 2, recv_delta 6
P: seq 22530, size 1018, send_delta 4, trans_delta 3, recv_delta 7
P: seq 22531, size 989, send_delta 4, trans_delta 4, recv_delta 8
P: seq 22532, size 989, send_delta 4, trans_delta 5, recv_delta 9
P: seq 22533, size 989, send_delta 4, trans_delta 5, recv_delta 9
P: seq 22534, size 989, send_delta 4, trans_delta 5, recv_delta 9
P: seq 22535, size 989, send_delta 5, trans_delta 5, recv_delta 10
P: seq 22536, size 1173, send_delta 5, trans_delta 5, recv_delta 10
P: seq 22537, size 1173, send_delta 5, trans_delta 5, recv_delta 10
P: seq 22538, size 1173, send_delta 5, trans_delta 6, recv_delta 11
P: seq 22539, size 1173, send_delta 5, trans_delta 7, recv_delta 12
P: seq 22540, size 1100, send_delta 5, trans_delta 7, recv_delta 12
P: seq 22541, size 1100, send_delta 7, trans_delta 5, recv_delta 12
P: seq 22542, size 1100, send_delta 7, trans_delta 6, recv_delta 13
P: seq 22543, size 1100, send_delta 7, trans_delta 6, recv_delta 13
P: seq 22544, size 1100, send_delta 7, trans_delta 7, recv_delta 14
P: seq 22545, size 1100, send_delta 7, trans_delta 7, recv_delta 14
P: seq 22546, size 1100, send_delta 7, trans_delta 7, recv_delta 14
P: seq 22547, size 1021, send_delta 8, trans_delta 6, recv_delta 14
P: seq 22548, size 1021, send_delta 8, trans_delta 7, recv_delta 15
P: seq 22549, size 1022, send_delta 8, trans_delta 7, recv_delta 15
P: seq 22550, size 1022, send_delta 8, trans_delta 7, recv_delta 15
P: seq 22551, size 1022, send_delta 8, trans_delta 8, recv_delta 16
P: seq 22552, size 846, send_delta 9, trans_delta 7, recv_delta 16
P: seq 22553, size 846, send_delta 9, trans_delta 8, recv_delta 17
RTP TS: 406599721, Frame Size: 33925, Encode 3, Net 14, Wait 24, Decode 6 E2E 47 
P: seq 22554, size 1020, send_delta 0, trans_delta 1, recv_delta 1
P: seq 22555, size 1021, send_delta 1, trans_delta 1, recv_delta 2
P: seq 22556, size 986, send_delta 1, trans_delta 1, recv_delta 2
P: seq 22557, size 986, send_delta 1, trans_delta 1, recv_delta 2
P: seq 22558, size 986, send_delta 1, trans_delta 1, recv_delta 2
P: seq 22559, size 987, send_delta 1, trans_delta 1, recv_delta 2
P: seq 22560, size 987, send_delta 2, trans_delta 2, recv_delta 4
P: seq 22561, size 1137, send_delta 2, trans_delta 3, recv_delta 5
P: seq 22562, size 1137, send_delta 2, trans_delta 3, recv_delta 5
P: seq 22563, size 1137, send_delta 2, trans_delta 4, recv_delta 6
P: seq 22564, size 1138, send_delta 2, trans_delta 4, recv_delta 6
P: seq 22565, size 1138, send_delta 3, trans_delta 3, recv_delta 6
P: seq 22566, size 1110, send_delta 4, trans_delta 3, recv_delta 7
P: seq 22567, size 1110, send_delta 4, trans_delta 4, recv_delta 8
P: seq 22568, size 1111, send_delta 4, trans_delta 4, recv_delta 8
P: seq 22569, size 1111, send_delta 5, trans_delta 3, recv_delta 8
P: seq 22570, size 1158, send_delta 5, trans_delta 4, recv_delta 9
P: seq 22571, size 1158, send_delta 5, trans_delta 4, recv_delta 9
P: seq 22572, size 1158, send_delta 5, trans_delta 5, recv_delta 10
P: seq 22573, size 1158, send_delta 6, trans_delta 4, recv_delta 10
P: seq 22574, size 1086, send_delta 6, trans_delta 5, recv_delta 11
P: seq 22575, size 1086, send_delta 6, trans_delta 5, recv_delta 11
P: seq 22576, size 1086, send_delta 6, trans_delta 6, recv_delta 12
P: seq 22577, size 1086, send_delta 6, trans_delta 6, recv_delta 12
P: seq 22578, size 1087, send_delta 6, trans_delta 6, recv_delta 12
P: seq 22579, size 1087, send_delta 7, trans_delta 5, recv_delta 12
P: seq 22580, size 964, send_delta 7, trans_delta 5, recv_delta 12
P: seq 22581, size 964, send_delta 7, trans_delta 5, recv_delta 12
P: seq 22582, size 965, send_delta 7, trans_delta 6, recv_delta 13
P: seq 22583, size 965, send_delta 7, trans_delta 6, recv_delta 13
P: seq 22584, size 965, send_delta 7, trans_delta 6, recv_delta 13
P: seq 22585, size 837, send_delta 7, trans_delta 7, recv_delta 14
P: seq 22586, size 838, send_delta 7, trans_delta 7, recv_delta 14
RTP TS: 406601341, Frame Size: 34817, Encode 3, Net 13, Wait 24, Decode 6 E2E 46 
P: seq 22587, size 1105, send_delta 0, trans_delta 0, recv_delta 0
P: seq 22588, size 1106, send_delta 1, trans_delta 1, recv_delta 2
P: seq 22589, size 1046, send_delta 1, trans_delta 1, recv_delta 2
P: seq 22590, size 1046, send_delta 1, trans_delta 2, recv_delta 3
P: seq 22591, size 1046, send_delta 1, trans_delta 2, recv_delta 3
P: seq 22592, size 1046, send_delta 1, trans_delta 2, recv_delta 3
P: seq 22593, size 1046, send_delta 2, trans_delta 2, recv_delta 4
P: seq 22594, size 1140, send_delta 2, trans_delta 2, recv_delta 4
P: seq 22595, size 1140, send_delta 2, trans_delta 3, recv_delta 5
P: seq 22596, size 1140, send_delta 2, trans_delta 3, recv_delta 5
P: seq 22597, size 1141, send_delta 2, trans_delta 3, recv_delta 5
P: seq 22598, size 1141, send_delta 3, trans_delta 2, recv_delta 5
P: seq 22599, size 1000, send_delta 4, trans_delta 2, recv_delta 6
P: seq 22600, size 1000, send_delta 4, trans_delta 2, recv_delta 6
P: seq 22601, size 1000, send_delta 4, trans_delta 2, recv_delta 6
P: seq 22602, size 1000, send_delta 4, trans_delta 3, recv_delta 7
P: seq 22603, size 1100, send_delta 4, trans_delta 3, recv_delta 7
P: seq 22604, size 1101, send_delta 4, trans_delta 4, recv_delta 8
P: seq 22605, size 1101, send_delta 5, trans_delta 3, recv_delta 8
P: seq 22606, size 1101, send_delta 5, trans_delta 3, recv_delta 8
P: seq 22607, size 1129, send_delta 5, trans_delta 4, recv_delta 9
P: seq 22608, size 1130, send_delta 5, trans_delta 4, recv_delta 9
P: seq 22609, size 1130, send_delta 5, trans_delta 4, recv_delta 9
P: seq 22610, size 1130, send_delta 7, trans_delta 2, recv_delta 9
P: seq 22611, size 1130, send_delta 7, trans_delta 2, recv_delta 9
P: seq 22612, size 1130, send_delta 7, trans_delta 3, recv_delta 10
P: seq 22613, size 1119, send_delta 7, trans_delta 3, recv_delta 10
P: seq 22614, size 1119, send_delta 7, trans_delta 4, recv_delta 11
P: seq 22615, size 1119, send_delta 8, trans_delta 3, recv_delta 11
P: seq 22616, size 1119, send_delta 8, trans_delta 4, recv_delta 12
P: seq 22617, size 1120, send_delta 8, trans_delta 4, recv_delta 12
P: seq 22618, size 860, send_delta 8, trans_delta 4, recv_delta 12
P: seq 22619, size 861, send_delta 8, trans_delta 5, recv_delta 13
RTP TS: 406602961, Frame Size: 35145, Encode 4, Net 13, Wait 24, Decode 6 E2E 47 
P: seq 22620, size 1070, send_delta 0, trans_delta 2, recv_delta 2
P: seq 22621, size 1071, send_delta 2, trans_delta 1, recv_delta 3
P: seq 22622, size 1039, send_delta 2, trans_delta 1, recv_delta 3
P: seq 22623, size 1039, send_delta 2, trans_delta 1, recv_delta 3
P: seq 22624, size 1039, send_delta 2, trans_delta 1, recv_delta 3
P: seq 22625, size 1040, send_delta 2, trans_delta 1, recv_delta 3
P: seq 22626, size 1040, send_delta 2, trans_delta 1, recv_delta 3
P: seq 22627, size 1098, send_delta 3, trans_delta 1, recv_delta 4
P: seq 22628, size 1099, send_delta 3, trans_delta 2, recv_delta 5
P: seq 22629, size 1099, send_delta 3, trans_delta 2, recv_delta 5
P: seq 22630, size 1099, send_delta 3, trans_delta 3, recv_delta 6
P: seq 22631, size 1099, send_delta 3, trans_delta 3, recv_delta 6
P: seq 22632, size 1099, send_delta 3, trans_delta 3, recv_delta 6
P: seq 22633, size 1092, send_delta 4, trans_delta 3, recv_delta 7
P: seq 22634, size 1092, send_delta 5, trans_delta 2, recv_delta 7
P: seq 22635, size 1092, send_delta 5, trans_delta 2, recv_delta 7
P: seq 22636, size 990, send_delta 5, trans_delta 2, recv_delta 7
P: seq 22637, size 990, send_delta 5, trans_delta 3, recv_delta 8
P: seq 22638, size 990, send_delta 6, trans_delta 2, recv_delta 8
P: seq 22639, size 990, send_delta 6, trans_delta 2, recv_delta 8
P: seq 22640, size 991, send_delta 6, trans_delta 3, recv_delta 9
P: seq 22641, size 1103, send_delta 6, trans_delta 3, recv_delta 9
P: seq 22642, size 1103, send_delta 6, trans_delta 4, recv_delta 10
P: seq 22643, size 1104, send_delta 6, trans_delta 4, recv_delta 10
P: seq 22644, size 1104, send_delta 7, trans_delta 3, recv_delta 10
P: seq 22645, size 1104, send_delta 7, trans_delta 4, recv_delta 11
P: seq 22646, size 1104, send_delta 7, trans_delta 4, recv_delta 11
P: seq 22647, size 1093, send_delta 7, trans_delta 4, recv_delta 11
P: seq 22648, size 1093, send_delta 7, trans_delta 4, recv_delta 11
P: seq 22649, size 1093, send_delta 8, trans_delta 4, recv_delta 12
P: seq 22650, size 1094, send_delta 8, trans_delta 4, recv_delta 12
P: seq 22651, size 1094, send_delta 8, trans_delta 4, recv_delta 12
P: seq 22652, size 874, send_delta 8, trans_delta 5, recv_delta 13
P: seq 22653, size 875, send_delta 8, trans_delta 5, recv_delta 13
RTP TS: 406604581, Frame Size: 38817, Encode 3, Net 14, Wait 25, Decode 6 E2E 48 
P: seq 22654, size 934, send_delta 1, trans_delta 1, recv_delta 2
P: seq 22655, size 934, send_delta 2, trans_delta 1, recv_delta 3
P: seq 22656, size 1120, send_delta 2, trans_delta 1, recv_delta 3
P: seq 22657, size 1120, send_delta 2, trans_delta 1, recv_delta 3
P: seq 22658, size 1120, send_delta 2, trans_delta 1, recv_delta 3
P: seq 22659, size 1120, send_delta 2, trans_delta 1, recv_delta 3
P: seq 22660, size 1040, send_delta 3, trans_delta 2, recv_delta 5
P: seq 22661, size 1040, send_delta 3, trans_delta 2, recv_delta 5
P: seq 22662, size 1040, send_delta 3, trans_delta 2, recv_delta 5
P: seq 22663, size 1040, send_delta 3, trans_delta 3, recv_delta 6
P: seq 22664, size 1041, send_delta 3, trans_delta 3, recv_delta 6
P: seq 22665, size 1041, send_delta 4, trans_delta 2, recv_delta 6
P: seq 22666, size 1041, send_delta 4, trans_delta 2, recv_delta 6
P: seq 22667, size 969, send_delta 4, trans_delta 3, recv_delta 7
P: seq 22668, size 969, send_delta 4, trans_delta 3, recv_delta 7
P: seq 22669, size 969, send_delta 4, trans_delta 3, recv_delta 7
P: seq 22670, size 969, send_delta 5, trans_delta 3, recv_delta 8
P: seq 22671, size 1012, send_delta 6, trans_delta 2, recv_delta 8
P: seq 22672, size 1012, send_delta 6, trans_delta 2, recv_delta 8
P: seq 22673, size 1012, send_delta 6, trans_delta 3, recv_delta 9
P: seq 22674, size 1012, send_delta 6, trans_delta 3, recv_delta 9
P: seq 22675, size 1012, send_delta 6, trans_delta 3, recv_delta 9
P: seq 22676, size 1013, send_delta 6, trans_delta 3, recv_delta 9
P: seq 22677, size 1066, send_delta 7, trans_delta 3, recv_delta 10
P: seq 22678, size 1066, send_delta 7, trans_delta 3, recv_delta 10
P: seq 22679, size 1067, send_delta 7, trans_delta 3, recv_delta 10
P: seq 22680, size 1067, send_delta 7, trans_delta 4, recv_delta 11
P: seq 22681, size 1067, send_delta 7, trans_delta 4, recv_delta 11
P: seq 22682, size 1067, send_delta 7, trans_delta 5, recv_delta 12
P: seq 22683, size 1067, send_delta 8, trans_delta 4, recv_delta 12
P: seq 22684, size 1078, send_delta 8, trans_delta 4, recv_delta 12
P: seq 22685, size 1078, send_delta 8, trans_delta 5, recv_delta 13
P: seq 22686, size 1078, send_delta 8, trans_delta 5, recv_delta 13
P: seq 22687, size 1078, send_delta 8, trans_delta 5, recv_delta 13
P: seq 22688, size 1078, send_delta 10, trans_delta 3, recv_delta 13
P: seq 22689, size 1078, send_delta 10, trans_delta 3, recv_delta 13
P: seq 22690, size 1128, send_delta 10, trans_delta 3, recv_delta 13
P: seq 22691, size 1129, send_delta 10, trans_delta 4, recv_delta 14
RTP TS: 406606201, Frame Size: 37921, Encode 4, Net 14, Wait 23, Decode 6 E2E 47 
P: seq 22692, size 702, send_delta 0, trans_delta 1, recv_delta 1
P: seq 22693, size 703, send_delta 1, trans_delta 2, recv_delta 3
P: seq 22694, size 973, send_delta 1, trans_delta 2, recv_delta 3
P: seq 22695, size 973, send_delta 1, trans_delta 2, recv_delta 3
P: seq 22696, size 973, send_delta 1, trans_delta 3, recv_delta 4
P: seq 22697, size 973, send_delta 2, trans_delta 2, recv_delta 4
P: seq 22698, size 973, send_delta 2, trans_delta 2, recv_delta 4
P: seq 22699, size 1118, send_delta 3, trans_delta 2, recv_delta 5
P: seq 22700, size 1118, send_delta 3, trans_delta 2, recv_delta 5
P: seq 22701, size 1118, send_delta 3, trans_delta 3, recv_delta 6
P: seq 22702, size 1119, send_delta 3, trans_delta 3, recv_delta 6
P: seq 22703, size 1119, send_delta 3, trans_delta 3, recv_delta 6
P: seq 22704, size 1119, send_delta 4, trans_delta 2, recv_delta 6
P: seq 22705, size 1059, send_delta 4, trans_delta 3, recv_delta 7
P: seq 22706, size 1059, send_delta 4, trans_delta 3, recv_delta 7
P: seq 22707, size 1059, send_delta 4, trans_delta 3, recv_delta 7
P: seq 22708, size 1060, send_delta 4, trans_delta 4, recv_delta 8
P: seq 22709, size 1030, send_delta 4, trans_delta 4, recv_delta 8
P: seq 22710, size 1030, send_delta 5, trans_delta 3, recv_delta 8
P: seq 22711, size 1030, send_delta 5, trans_delta 4, recv_delta 9
P: seq 22712, size 1030, send_delta 5, trans_delta 4, recv_delta 9
P: seq 22713, size 1030, send_delta 5, trans_delta 5, recv_delta 10
P: seq 22714, size 1031, send_delta 5, trans_delta 5, recv_delta 10
P: seq 22715, size 1095, send_delta 6, trans_delta 4, recv_delta 10
P: seq 22716, size 1095, send_delta 6, trans_delta 4, recv_delta 10
P: seq 22717, size 1095, send_delta 6, trans_delta 5, recv_delta 11
P: seq 22718, size 1095, send_delta 6, trans_delta 5, recv_delta 11
P: seq 22719, size 1096, send_delta 6, trans_delta 5, recv_delta 11
P: seq 22720, size 1096, send_delta 8, trans_delta 4, recv_delta 12
P: seq 22721, size 1098, send_delta 8, trans_delta 4, recv_delta 12
P: seq 22722, size 1098, send_delta 8, trans_delta 5, recv_delta 13
P: seq 22723, size 1098, send_delta 8, trans_delta 5, recv_delta 13
P: seq 22724, size 1098, send_delta 8, trans_delta 5, recv_delta 13
P: seq 22725, size 1098, send_delta 8, trans_delta 6, recv_delta 14
P: seq 22726, size 1099, send_delta 9, trans_delta 5, recv_delta 14
P: seq 22727, size 1145, send_delta 9, trans_delta 5, recv_delta 14
P: seq 22728, size 1145, send_delta 9, trans_delta 5, recv_delta 14
RTP TS: 406607821, Frame Size: 36205, Encode 4, Net 13, Wait 23, Decode 6 E2E 46 
P: seq 22729, size 689, send_delta 0, trans_delta 1, recv_delta 1
P: seq 22730, size 690, send_delta 1, trans_delta 0, recv_delta 1
P: seq 22731, size 1190, send_delta 1, trans_delta 0, recv_delta 1
P: seq 22732, size 1190, send_delta 1, trans_delta 2, recv_delta 3
P: seq 22733, size 1190, send_delta 1, trans_delta 2, recv_delta 3
P: seq 22734, size 1190, send_delta 1, trans_delta 2, recv_delta 3
P: seq 22735, size 1116, send_delta 2, trans_delta 2, recv_delta 4
P: seq 22736, size 1116, send_delta 2, trans_delta 2, recv_delta 4
P: seq 22737, size 1116, send_delta 2, trans_delta 2, recv_delta 4
P: seq 22738, size 1116, send_delta 2, trans_delta 3, recv_delta 5
P: seq 22739, size 1116, send_delta 2, trans_delta 3, recv_delta 5
P: seq 22740, size 1064, send_delta 4, trans_delta 1, recv_delta 5
P: seq 22741, size 1065, send_delta 4, trans_delta 2, recv_delta 6
P: seq 22742, size 1065, send_delta 4, trans_delta 2, recv_delta 6
P: seq 22743, size 1065, send_delta 4, trans_delta 2, recv_delta 6
P: seq 22744, size 1076, send_delta 4, trans_delta 3, recv_delta 7
P: seq 22745, size 1077, send_delta 4, trans_delta 3, recv_delta 7
P: seq 22746, size 1077, send_delta 5, trans_delta 3, recv_delta 8
P: seq 22747, size 1077, send_delta 5, trans_delta 3, recv_delta 8
P: seq 22748, size 1077, send_delta 5, trans_delta 3, recv_delta 8
P: seq 22749, size 1077, send_delta 5, trans_delta 3, recv_delta 8
P: seq 22750, size 1195, send_delta 5, trans_delta 4, recv_delta 9
P: seq 22751, size 1195, send_delta 6, trans_delta 3, recv_delta 9
P: seq 22752, size 1195, send_delta 6, trans_delta 3, recv_delta 9
P: seq 22753, size 1195, send_delta 6, trans_delta 4, recv_delta 10
P: seq 22754, size 1196, send_delta 6, trans_delta 4, recv_delta 10
P: seq 22755, size 1079, send_delta 6, trans_delta 4, recv_delta 10
P: seq 22756, size 1079, send_delta 6, trans_delta 5, recv_delta 11
P: seq 22757, size 1079, send_delta 8, trans_delta 3, recv_delta 11
P: seq 22758, size 1079, send_delta 8, trans_delta 3, recv_delta 11
P: seq 22759, size 1080, send_delta 8, trans_delta 3, recv_delta 11
P: seq 22760, size 1080, send_delta 8, trans_delta 4, recv_delta 12
P: seq 22761, size 1082, send_delta 8, trans_delta 4, recv_delta 12
P: seq 22762, size 1083, send_delta 9, trans_delta 4, recv_delta 13
RTP TS: 406609351, Frame Size: 42728, Encode 4, Net 16, Wait 20, Decode 6 E2E 46 
P: seq 22763, size 853, send_delta 0, trans_delta 1, recv_delta 1
P: seq 22764, size 853, send_delta 0, trans_delta 1, recv_delta 1
P: seq 22765, size 853, send_delta 1, trans_delta 2, recv_delta 3
P: seq 22766, size 998, send_delta 2, trans_delta 1, recv_delta 3
P: seq 22767, size 998, send_delta 2, trans_delta 1, recv_delta 3
P: seq 22768, size 998, send_delta 2, trans_delta 2, recv_delta 4
P: seq 22769, size 999, send_delta 2, trans_delta 2, recv_delta 4
P: seq 22770, size 999, send_delta 2, trans_delta 2, recv_delta 4
P: seq 22771, size 1031, send_delta 3, trans_delta 2, recv_delta 5
P: seq 22772, size 1031, send_delta 3, trans_delta 2, recv_delta 5
P: seq 22773, size 1032, send_delta 3, trans_delta 3, recv_delta 6
P: seq 22774, size 1032, send_delta 3, trans_delta 3, recv_delta 6
P: seq 22775, size 1032, send_delta 3, trans_delta 3, recv_delta 6
P: seq 22776, size 1140, send_delta 3, trans_delta 3, recv_delta 6
P: seq 22777, size 1140, send_delta 3, trans_delta 4, recv_delta 7
P: seq 22778, size 1140, send_delta 3, trans_delta 4, recv_delta 7
P: seq 22779, size 1141, send_delta 4, trans_delta 3, recv_delta 7
P: seq 22780, size 1141, send_delta 5, trans_delta 3, recv_delta 8
P: seq 22781, size 1154, send_delta 5, trans_delta 3, recv_delta 8
P: seq 22782, size 1155, send_delta 5, trans_delta 4, recv_delta 9
P: seq 22783, size 1155, send_delta 5, trans_delta 4, recv_delta 9
P: seq 22784, size 1155, send_delta 6, trans_delta 3, recv_delta 9
P: seq 22785, size 1155, send_delta 7, trans_delta 3, recv_delta 10
P: seq 22786, size 1155, send_delta 7, trans_delta 3, recv_delta 10
P: seq 22787, size 1155, send_delta 7, trans_delta 3, recv_delta 10
P: seq 22788, size 1069, send_delta 7, trans_delta 3, recv_delta 10
P: seq 22789, size 1070, send_delta 7, trans_delta 4, recv_delta 11
P: seq 22790, size 1070, send_delta 7, trans_delta 4, recv_delta 11
P: seq 22791, size 1070, send_delta 7, trans_delta 5, recv_delta 12
P: seq 22792, size 1070, send_delta 7, trans_delta 5, recv_delta 12
P: seq 22793, size 1070, send_delta 7, trans_delta 5, recv_delta 12
P: seq 22794, size 1159, send_delta 8, trans_delta 5, recv_delta 13
P: seq 22795, size 1159, send_delta 8, trans_delta 5, recv_delta 13
P: seq 22796, size 1159, send_delta 8, trans_delta 5, recv_delta 13
P: seq 22797, size 1159, send_delta 8, trans_delta 6, recv_delta 14
P: seq 22798, size 1159, send_delta 9, trans_delta 5, recv_delta 14
P: seq 22799, size 1159, send_delta 9, trans_delta 5, recv_delta 14
P: seq 22800, size 1160, send_delta 9, trans_delta 5, recv_delta 14
P: seq 22801, size 911, send_delta 10, trans_delta 4, recv_delta 14
P: seq 22802, size 911, send_delta 10, trans_delta 4, recv_delta 14
P: seq 22803, size 911, send_delta 10, trans_delta 5, recv_delta 15
RTP TS: 406610971, Frame Size: 33968, Encode 4, Net 12, Wait 24, Decode 5 E2E 45 
P: seq 22804, size 1191, send_delta 0, trans_delta 1, recv_delta 1
P: seq 22805, size 1191, send_delta 1, trans_delta 0, recv_delta 1
P: seq 22806, size 1110, send_delta 1, trans_delta 0, recv_delta 1
P: seq 22807, size 1110, send_delta 1, trans_delta 2, recv_delta 3
P: seq 22808, size 1110, send_delta 1, trans_delta 2, recv_delta 3
P: seq 22809, size 1110, send_delta 1, trans_delta 2, recv_delta 3
P: seq 22810, size 1020, send_delta 2, trans_delta 2, recv_delta 4
P: seq 22811, size 1020, send_delta 2, trans_delta 2, recv_delta 4
P: seq 22812, size 1020, send_delta 3, trans_delta 1, recv_delta 4
P: seq 22813, size 976, send_delta 3, trans_delta 1, recv_delta 4
P: seq 22814, size 977, send_delta 3, trans_delta 2, recv_delta 5
P: seq 22815, size 977, send_delta 3, trans_delta 2, recv_delta 5
P: seq 22816, size 977, send_delta 4, trans_delta 1, recv_delta 5
P: seq 22817, size 1043, send_delta 4, trans_delta 2, recv_delta 6
P: seq 22818, size 1043, send_delta 4, trans_delta 2, recv_delta 6
P: seq 22819, size 1043, send_delta 4, trans_delta 3, recv_delta 7
P: seq 22820, size 1043, send_delta 4, trans_delta 3, recv_delta 7
P: seq 22821, size 1043, send_delta 4, trans_delta 3, recv_delta 7
P: seq 22822, size 1040, send_delta 4, trans_delta 4, recv_delta 8
P: seq 22823, size 1040, send_delta 5, trans_delta 3, recv_delta 8
P: seq 22824, size 1041, send_delta 5, trans_delta 3, recv_delta 8
P: seq 22825, size 1041, send_delta 5, trans_delta 3, recv_delta 8
P: seq 22826, size 1041, send_delta 5, trans_delta 4, recv_delta 9
P: seq 22827, size 1090, send_delta 5, trans_delta 4, recv_delta 9
P: seq 22828, size 1090, send_delta 6, trans_delta 3, recv_delta 9
P: seq 22829, size 1090, send_delta 6, trans_delta 4, recv_delta 10
P: seq 22830, size 1091, send_delta 6, trans_delta 4, recv_delta 10
P: seq 22831, size 1091, send_delta 6, trans_delta 4, recv_delta 10
P: seq 22832, size 1091, send_delta 6, trans_delta 5, recv_delta 11
P: seq 22833, size 1091, send_delta 7, trans_delta 4, recv_delta 11
P: seq 22834, size 984, send_delta 8, trans_delta 4, recv_delta 12
P: seq 22835, size 984, send_delta 8, trans_delta 4, recv_delta 12
P: seq 22836, size 984, send_delta 8, trans_delta 4, recv_delta 12
RTP TS: 406612591, Frame Size: 36985, Encode 4, Net 13, Wait 23, Decode 6 E2E 46 
P: seq 22837, size 982, send_delta 0, trans_delta 1, recv_delta 1
P: seq 22838, size 982, send_delta 1, trans_delta 0, recv_delta 1
P: seq 22839, size 982, send_delta 1, trans_delta 1, recv_delta 2
P: seq 22840, size 982, send_delta 1, trans_delta 1, recv_delta 2
P: seq 22841, size 1163, send_delta 1, trans_delta 1, recv_delta 2
P: seq 22842, size 1163, send_delta 1, trans_delta 2, recv_delta 3
P: seq 22843, size 1163, send_delta 1, trans_delta 2, recv_delta 3
P: seq 22844, size 1163, send_delta 2, trans_delta 2, recv_delta 4
P: seq 22845, size 1163, send_delta 2, trans_delta 2, recv_delta 4
P: seq 22846, size 1163, send_delta 2, trans_delta 3, recv_delta 5
P: seq 22847, size 1031, send_delta 3, trans_delta 2, recv_delta 5
P: seq 22848, size 1031, send_delta 3, trans_delta 2, recv_delta 5
P: seq 22849, size 1031, send_delta 4, trans_delta 2, recv_delta 6
P: seq 22850, size 936, send_delta 4, trans_delta 2, recv_delta 6
P: seq 22851, size 936, send_delta 4, trans_delta 2, recv_delta 6
P: seq 22852, size 936, send_delta 4, trans_delta 2, recv_delta 6
P: seq 22853, size 937, send_delta 4, trans_delta 3, recv_delta 7
P: seq 22854, size 1073, send_delta 4, trans_delta 3, recv_delta 7
P: seq 22855, size 1073, send_delta 5, trans_delta 2, recv_delta 7
P: seq 22856, size 1074, send_delta 5, trans_delta 3, recv_delta 8
P: seq 22857, size 1074, send_delta 5, trans_delta 3, recv_delta 8
P: seq 22858, size 1051, send_delta 5, trans_delta 4, recv_delta 9
P: seq 22859, size 1051, send_delta 5, trans_delta 4, recv_delta 9
P: seq 22860, size 1051, send_delta 5, trans_delta 4, recv_delta 9
P: seq 22861, size 1052, send_delta 5, trans_delta 5, recv_delta 10
P: seq 22862, size 1059, send_delta 6, trans_delta 4, recv_delta 10
P: seq 22863, size 1059, send_delta 6, trans_delta 4, recv_delta 10
P: seq 22864, size 1059, send_delta 6, trans_delta 4, recv_delta 10
P: seq 22865, size 1059, send_delta 7, trans_delta 4, recv_delta 11
P: seq 22866, size 1060, send_delta 7, trans_delta 4, recv_delta 11
P: seq 22867, size 1060, send_delta 7, trans_delta 4, recv_delta 11
P: seq 22868, size 1060, send_delta 8, trans_delta 4, recv_delta 12
P: seq 22869, size 1060, send_delta 8, trans_delta 4, recv_delta 12
P: seq 22870, size 1056, send_delta 8, trans_delta 4, recv_delta 12
P: seq 22871, size 1056, send_delta 8, trans_delta 5, recv_delta 13
P: seq 22872, size 1057, send_delta 8, trans_delta 5, recv_delta 13
RTP TS: 406614211, Frame Size: 40388, Encode 4, Net 14, Wait 23, Decode 6 E2E 47 
P: seq 22873, size 839, send_delta 0, trans_delta 1, recv_delta 1
P: seq 22874, size 839, send_delta 0, trans_delta 1, recv_delta 1
P: seq 22875, size 839, send_delta 1, trans_delta 1, recv_delta 2
P: seq 22876, size 1151, send_delta 1, trans_delta 1, recv_delta 2
P: seq 22877, size 1152, send_delta 1, trans_delta 1, recv_delta 2
P: seq 22878, size 1152, send_delta 2, trans_delta 0, recv_delta 2
P: seq 22879, size 1152, send_delta 2, trans_delta 0, recv_delta 2
P: seq 22880, size 1152, send_delta 2, trans_delta 2, recv_delta 4
P: seq 22881, size 1006, send_delta 2, trans_delta 2, recv_delta 4
P: seq 22882, size 1006, send_delta 2, trans_delta 2, recv_delta 4
P: seq 22883, size 1006, send_delta 4, trans_delta 1, recv_delta 5
P: seq 22884, size 1007, send_delta 4, trans_delta 1, recv_delta 5
P: seq 22885, size 928, send_delta 4, trans_delta 1, recv_delta 5
P: seq 22886, size 929, send_delta 4, trans_delta 2, recv_delta 6
P: seq 22887, size 929, send_delta 4, trans_delta 2, recv_delta 6
P: seq 22888, size 929, send_delta 4, trans_delta 2, recv_delta 6
P: seq 22889, size 995, send_delta 4, trans_delta 3, recv_delta 7
P: seq 22890, size 995, send_delta 4, trans_delta 3, recv_delta 7
P: seq 22891, size 996, send_delta 4, trans_delta 4, recv_delta 8
P: seq 22892, size 996, send_delta 5, trans_delta 3, recv_delta 8
P: seq 22893, size 996, send_delta 5, trans_delta 3, recv_delta 8
P: seq 22894, size 1147, send_delta 5, trans_delta 4, recv_delta 9
P: seq 22895, size 1147, send_delta 5, trans_delta 4, recv_delta 9
P: seq 22896, size 1147, send_delta 6, trans_delta 3, recv_delta 9
P: seq 22897, size 1147, send_delta 6, trans_delta 3, recv_delta 9
P: seq 22898, size 1148, send_delta 6, trans_delta 4, recv_delta 10
P: seq 22899, size 1148, send_delta 6, trans_delta 4, recv_delta 10
P: seq 22900, size 1148, send_delta 6, trans_delta 4, recv_delta 10
P: seq 22901, size 1062, send_delta 7, trans_delta 4, recv_delta 11
P: seq 22902, size 1062, send_delta 7, trans_delta 4, recv_delta 11
P: seq 22903, size 1062, send_delta 7, trans_delta 5, recv_delta 12
P: seq 22904, size 1062, send_delta 7, trans_delta 5, recv_delta 12
P: seq 22905, size 1062, send_delta 7, trans_delta 5, recv_delta 12
P: seq 22906, size 1063, send_delta 7, trans_delta 6, recv_delta 13
P: seq 22907, size 1063, send_delta 9, trans_delta 4, recv_delta 13
P: seq 22908, size 1063, send_delta 9, trans_delta 4, recv_delta 13
P: seq 22909, size 967, send_delta 9, trans_delta 4, recv_delta 13
P: seq 22910, size 967, send_delta 9, trans_delta 5, recv_delta 14
P: seq 22911, size 968, send_delta 9, trans_delta 5, recv_delta 14
P: seq 22912, size 968, send_delta 10, trans_delta 4, recv_delta 14
RTP TS: 406615831, Frame Size: 34799, Encode 5, Net 13, Wait 22, Decode 6 E2E 46 
P: seq 22913, size 1065, send_delta 0, trans_delta 0, recv_delta 0
P: seq 22914, size 1066, send_delta 1, trans_delta 0, recv_delta 1
P: seq 22915, size 1066, send_delta 1, trans_delta 1, recv_delta 2
P: seq 22916, size 917, send_delta 1, trans_delta 1, recv_delta 2
P: seq 22917, size 917, send_delta 1, trans_delta 1, recv_delta 2
P: seq 22918, size 918, send_delta 1, trans_delta 2, recv_delta 3
P: seq 22919, size 918, send_delta 1, trans_delta 2, recv_delta 3
P: seq 22920, size 1056, send_delta 2, trans_delta 2, recv_delta 4
P: seq 22921, size 1057, send_delta 2, trans_delta 2, recv_delta 4
P: seq 22922, size 1057, send_delta 3, trans_delta 2, recv_delta 5
P: seq 22923, size 1057, send_delta 3, trans_delta 2, recv_delta 5
P: seq 22924, size 915, send_delta 3, trans_delta 2, recv_delta 5
P: seq 22925, size 915, send_delta 3, trans_delta 3, recv_delta 6
P: seq 22926, size 915, send_delta 4, trans_delta 2, recv_delta 6
P: seq 22927, size 915, send_delta 4, trans_delta 2, recv_delta 6
P: seq 22928, size 1100, send_delta 4, trans_delta 2, recv_delta 6
P: seq 22929, size 1100, send_delta 4, trans_delta 3, recv_delta 7
P: seq 22930, size 1101, send_delta 4, trans_delta 3, recv_delta 7
P: seq 22931, size 1101, send_delta 4, trans_delta 3, recv_delta 7
P: seq 22932, size 1035, send_delta 5, trans_delta 3, recv_delta 8
P: seq 22933, size 1036, send_delta 5, trans_delta 3, recv_delta 8
P: seq 22934, size 1036, send_delta 5, trans_delta 3, recv_delta 8
P: seq 22935, size 1036, send_delta 5, trans_delta 4, recv_delta 9
P: seq 22936, size 1075, send_delta 5, trans_delta 4, recv_delta 9
P: seq 22937, size 1075, send_delta 5, trans_delta 5, recv_delta 10
P: seq 22938, size 1075, send_delta 6, trans_delta 4, recv_delta 10
P: seq 22939, size 1075, send_delta 6, trans_delta 4, recv_delta 10
P: seq 22940, size 1075, send_delta 7, trans_delta 3, recv_delta 10
P: seq 22941, size 1075, send_delta 7, trans_delta 3, recv_delta 10
P: seq 22942, size 1076, send_delta 7, trans_delta 4, recv_delta 11
P: seq 22943, size 1076, send_delta 7, trans_delta 4, recv_delta 11
P: seq 22944, size 943, send_delta 7, trans_delta 5, recv_delta 12
P: seq 22945, size 944, send_delta 8, trans_delta 4, recv_delta 12
P: seq 22946, size 944, send_delta 8, trans_delta 4, recv_delta 12
P: seq 22947, size 944, send_delta 8, trans_delta 5, recv_delta 13
RTP TS: 406617451, Frame Size: 39304, Encode 4, Net 15, Wait 21, Decode 6 E2E 46 
P: seq 22948, size 1016, send_delta 0, trans_delta 1, recv_delta 1
P: seq 22949, size 1017, send_delta 2, trans_delta 1, recv_delta 3
P: seq 22950, size 1017, send_delta 2, trans_delta 1, recv_delta 3
P: seq 22951, size 1103, send_delta 2, trans_delta 1, recv_delta 3
P: seq 22952, size 1103, send_delta 2, trans_delta 1, recv_delta 3
P: seq 22953, size 1103, send_delta 2, trans_delta 1, recv_delta 3
P: seq 22954, size 1104, send_delta 2, trans_delta 3, recv_delta 5
P: seq 22955, size 1104, send_delta 3, trans_delta 2, recv_delta 5
P: seq 22956, size 1026, send_delta 3, trans_delta 2, recv_delta 5
P: seq 22957, size 1026, send_delta 3, trans_delta 2, recv_delta 5
P: seq 22958, size 1026, send_delta 3, trans_delta 3, recv_delta 6
P: seq 22959, size 1027, send_delta 3, trans_delta 3, recv_delta 6
P: seq 22960, size 1027, send_delta 3, trans_delta 3, recv_delta 6
P: seq 22961, size 1027, send_delta 4, trans_delta 2, recv_delta 6
P: seq 22962, size 1187, send_delta 4, trans_delta 3, recv_delta 7
P: seq 22963, size 1187, send_delta 4, trans_delta 3, recv_delta 7
P: seq 22964, size 1188, send_delta 4, trans_delta 3, recv_delta 7
P: seq 22965, size 1027, send_delta 4, trans_delta 4, recv_delta 8
P: seq 22966, size 1028, send_delta 4, trans_delta 5, recv_delta 9
P: seq 22967, size 1028, send_delta 6, trans_delta 3, recv_delta 9
P: seq 22968, size 1028, send_delta 6, trans_delta 3, recv_delta 9
P: seq 22969, size 1010, send_delta 6, trans_delta 3, recv_delta 9
P: seq 22970, size 1010, send_delta 6, trans_delta 4, recv_delta 10
P: seq 22971, size 1010, send_delta 6, trans_delta 4, recv_delta 10
P: seq 22972, size 1010, send_delta 6, trans_delta 4, recv_delta 10
P: seq 22973, size 1109, send_delta 7, trans_delta 4, recv_delta 11
P: seq 22974, size 1109, send_delta 7, trans_delta 4, recv_delta 11
P: seq 22975, size 1109, send_delta 7, trans_delta 4, recv_delta 11
P: seq 22976, size 1109, send_delta 7, trans_delta 4, recv_delta 11
P: seq 22977, size 1110, send_delta 7, trans_delta 4, recv_delta 11
P: seq 22978, size 1110, send_delta 8, trans_delta 4, recv_delta 12
P: seq 22979, size 1110, send_delta 8, trans_delta 4, recv_delta 12
P: seq 22980, size 1110, send_delta 8, trans_delta 5, recv_delta 13
P: seq 22981, size 1110, send_delta 8, trans_delta 5, recv_delta 13
P: seq 22982, size 958, send_delta 8, trans_delta 6, recv_delta 14
P: seq 22983, size 958, send_delta 8, trans_delta 6, recv_delta 14
P: seq 22984, size 959, send_delta 8, trans_delta 6, recv_delta 14
P: seq 22985, size 959, send_delta 9, trans_delta 6, recv_delta 15
RTP TS: 406619071, Frame Size: 35800, Encode 4, Net 15, Wait 22, Decode 6 E2E 47 
P: seq 22986, size 934, send_delta 0, trans_delta 2, recv_delta 2
P: seq 22987, size 934, send_delta 2, trans_delta 1, recv_delta 3
P: seq 22988, size 935, send_delta 3, trans_delta 0, recv_delta 3
P: seq 22989, size 1092, send_delta 3, trans_delta 1, recv_delta 4
P: seq 22990, size 1092, send_delta 3, trans_delta 2, recv_delta 5
P: seq 22991, size 1092, send_delta 3, trans_delta 2, recv_delta 5
P: seq 22992, size 1092, send_delta 3, trans_delta 3, recv_delta 6
P: seq 22993, size 1092, send_delta 3, trans_delta 3, recv_delta 6
P: seq 22994, size 1126, send_delta 3, trans_delta 3, recv_delta 6
P: seq 22995, size 1127, send_delta 3, trans_delta 4, recv_delta 7
P: seq 22996, size 1127, send_delta 3, trans_delta 4, recv_delta 7
P: seq 22997, size 1127, send_delta 3, trans_delta 4, recv_delta 7
P: seq 22998, size 1127, send_delta 3, trans_delta 5, recv_delta 8
P: seq 22999, size 912, send_delta 4, trans_delta 4, recv_delta 8
P: seq 23000, size 912, send_delta 4, trans_delta 5, recv_delta 9
P: seq 23001, size 912, send_delta 4, trans_delta 5, recv_delta 9
P: seq 23002, size 913, send_delta 4, trans_delta 5, recv_delta 9
P: seq 23003, size 1057, send_delta 4, trans_delta 6, recv_delta 10
P: seq 23004, size 1057, send_delta 6, trans_delta 4, recv_delta 10
P: seq 23005, size 1058, send_delta 6, trans_delta 4, recv_delta 10
P: seq 23006, size 1058, send_delta 6, trans_delta 5, recv_delta 11
P: seq 23007, size 876, send_delta 6, trans_delta 5, recv_delta 11
P: seq 23008, size 876, send_delta 6, trans_delta 5, recv_delta 11
P: seq 23009, size 877, send_delta 6, trans_delta 6, recv_delta 12
P: seq 23010, size 1130, send_delta 7, trans_delta 5, recv_delta 12
P: seq 23011, size 1130, send_delta 7, trans_delta 5, recv_delta 12
P: seq 23012, size 1130, send_delta 7, trans_delta 6, recv_delta 13
P: seq 23013, size 1130, send_delta 7, trans_delta 6, recv_delta 13
P: seq 23014, size 1131, send_delta 7, trans_delta 7, recv_delta 14
P: seq 23015, size 1131, send_delta 7, trans_delta 7, recv_delta 14
P: seq 23016, size 1131, send_delta 8, trans_delta 6, recv_delta 14
P: seq 23017, size 1131, send_delta 8, trans_delta 6, recv_delta 14
P: seq 23018, size 1076, send_delta 8, trans_delta 7, recv_delta 15
P: seq 23019, size 1076, send_delta 8, trans_delta 7, recv_delta 15
P: seq 23020, size 1076, send_delta 8, trans_delta 7, recv_delta 15
RTP TS: 406620601, Frame Size: 37695, Encode 5, Net 15, Wait 19, Decode 6 E2E 45 
P: seq 23021, size 883, send_delta 1, trans_delta 1, recv_delta 2
P: seq 23022, size 883, send_delta 1, trans_delta 1, recv_delta 2
P: seq 23023, size 883, send_delta 2, trans_delta 1, recv_delta 3
P: seq 23024, size 1090, send_delta 2, trans_delta 1, recv_delta 3
P: seq 23025, size 1090, send_delta 2, trans_delta 1, recv_delta 3
P: seq 23026, size 1090, send_delta 2, trans_delta 1, recv_delta 3
P: seq 23027, size 1090, send_delta 2, trans_delta 1, recv_delta 3
P: seq 23028, size 1090, send_delta 3, trans_delta 1, recv_delta 4
P: seq 23029, size 1090, send_delta 3, trans_delta 2, recv_delta 5
P: seq 23030, size 1177, send_delta 3, trans_delta 3, recv_delta 6
P: seq 23031, size 1177, send_delta 3, trans_delta 3, recv_delta 6
P: seq 23032, size 1178, send_delta 3, trans_delta 4, recv_delta 7
P: seq 23033, size 1178, send_delta 4, trans_delta 3, recv_delta 7
P: seq 23034, size 968, send_delta 5, trans_delta 2, recv_delta 7
P: seq 23035, size 969, send_delta 5, trans_delta 2, recv_delta 7
P: seq 23036, size 969, send_delta 5, trans_delta 2, recv_delta 7
P: seq 23037, size 969, send_delta 5, trans_delta 3, recv_delta 8
P: seq 23038, size 1099, send_delta 5, trans_delta 3, recv_delta 8
P: seq 23039, size 1100, send_delta 5, trans_delta 4, recv_delta 9
P: seq 23040, size 1100, send_delta 7, trans_delta 2, recv_delta 9
P: seq 23041, size 823, send_delta 7, trans_delta 2, recv_delta 9
P: seq 23042, size 824, send_delta 7, trans_delta 2, recv_delta 9
P: seq 23043, size 824, send_delta 7, trans_delta 3, recv_delta 10
P: seq 23044, size 1082, send_delta 7, trans_delta 3, recv_delta 10
P: seq 23045, size 1082, send_delta 7, trans_delta 4, recv_delta 11
P: seq 23046, size 1082, send_delta 7, trans_delta 4, recv_delta 11
P: seq 23047, size 1082, send_delta 7, trans_delta 4, recv_delta 11
P: seq 23048, size 1082, send_delta 7, trans_delta 5, recv_delta 12
P: seq 23049, size 1082, send_delta 7, trans_delta 5, recv_delta 12
P: seq 23050, size 1083, send_delta 8, trans_delta 4, recv_delta 12
P: seq 23051, size 1083, send_delta 8, trans_delta 4, recv_delta 12
P: seq 23052, size 1083, send_delta 8, trans_delta 4, recv_delta 12
P: seq 23053, size 1083, send_delta 8, trans_delta 4, recv_delta 12
P: seq 23054, size 1064, send_delta 8, trans_delta 6, recv_delta 14
P: seq 23055, size 1064, send_delta 9, trans_delta 5, recv_delta 14
P: seq 23056, size 1064, send_delta 9, trans_delta 6, recv_delta 15
P: seq 23057, size 1064, send_delta 9, trans_delta 6, recv_delta 15
RTP TS: 406622221, Frame Size: 32194, Encode 4, Net 13, Wait 23, Decode 5 E2E 45 
P: seq 23058, size 1122, send_delta 0, trans_delta 2, recv_delta 2
P: seq 23059, size 1122, send_delta 1, trans_delta 1, recv_delta 2
P: seq 23060, size 1006, send_delta 2, trans_delta 1, recv_delta 3
P: seq 23061, size 1006, send_delta 2, trans_delta 1, recv_delta 3
P: seq 23062, size 1007, send_delta 2, trans_delta 1, recv_delta 3
P: seq 23063, size 1007, send_delta 2, trans_delta 1, recv_delta 3
P: seq 23064, size 1117, send_delta 2, trans_delta 2, recv_delta 4
P: seq 23065, size 1118, send_delta 3, trans_delta 1, recv_delta 4
P: seq 23066, size 1118, send_delta 3, trans_delta 1, recv_delta 4
P: seq 23067, size 1007, send_delta 3, trans_delta 2, recv_delta 5
P: seq 23068, size 1007, send_delta 3, trans_delta 3, recv_delta 6
P: seq 23069, size 1008, send_delta 3, trans_delta 3, recv_delta 6
P: seq 23070, size 1128, send_delta 3, trans_delta 3, recv_delta 6
P: seq 23071, size 1128, send_delta 4, trans_delta 3, recv_delta 7
P: seq 23072, size 1129, send_delta 4, trans_delta 3, recv_delta 7
P: seq 23073, size 938, send_delta 4, trans_delta 4, recv_delta 8
P: seq 23074, size 938, send_delta 4, trans_delta 4, recv_delta 8
P: seq 23075, size 939, send_delta 4, trans_delta 4, recv_delta 8
P: seq 23076, size 1072, send_delta 5, trans_delta 4, recv_delta 9
P: seq 23077, size 1072, send_delta 6, trans_delta 3, recv_delta 9
P: seq 23078, size 1072, send_delta 6, trans_delta 3, recv_delta 9
P: seq 23079, size 1072, send_delta 6, trans_delta 4, recv_delta 10
P: seq 23080, size 1072, send_delta 6, trans_delta 4, recv_delta 10
P: seq 23081, size 1072, send_delta 6, trans_delta 4, recv_delta 10
P: seq 23082, size 1072, send_delta 7, trans_delta 4, recv_delta 11
P: seq 23083, size 1073, send_delta 7, trans_delta 4, recv_delta 11
P: seq 23084, size 1073, send_delta 7, trans_delta 5, recv_delta 12
P: seq 23085, size 1118, send_delta 7, trans_delta 5, recv_delta 12
P: seq 23086, size 1118, send_delta 7, trans_delta 5, recv_delta 12
P: seq 23087, size 1118, send_delta 7, trans_delta 6, recv_delta 13
P: seq 23088, size 1118, send_delta 7, trans_delta 6, recv_delta 13
RTP TS: 406623841, Frame Size: 28133, Encode 4, Net 11, Wait 23, Decode 5 E2E 43 
P: seq 23089, size 1001, send_delta 0, trans_delta 1, recv_delta 1
P: seq 23090, size 1001, send_delta 1, trans_delta 0, recv_delta 1
P: seq 23091, size 1045, send_delta 1, trans_delta 1, recv_delta 2
P: seq 23092, size 1046, send_delta 1, trans_delta 2, recv_delta 3
P: seq 23093, size 1046, send_delta 1, trans_delta 2, recv_delta 3
P: seq 23094, size 1046, send_delta 1, trans_delta 2, recv_delta 3
P: seq 23095, size 1046, send_delta 2, trans_delta 2, recv_delta 4
P: seq 23096, size 905, send_delta 2, trans_delta 2, recv_delta 4
P: seq 23097, size 905, send_delta 2, trans_delta 2, recv_delta 4
P: seq 23098, size 906, send_delta 2, trans_delta 3, recv_delta 5
P: seq 23099, size 906, send_delta 3, trans_delta 2, recv_delta 5
P: seq 23100, size 803, send_delta 3, trans_delta 2, recv_delta 5
P: seq 23101, size 804, send_delta 4, trans_delta 2, recv_delta 6
P: seq 23102, size 813, send_delta 4, trans_delta 2, recv_delta 6
P: seq 23103, size 814, send_delta 4, trans_delta 2, recv_delta 6
P: seq 23104, size 1149, send_delta 4, trans_delta 3, recv_delta 7
P: seq 23105, size 1134, send_delta 4, trans_delta 3, recv_delta 7
P: seq 23106, size 1134, send_delta 4, trans_delta 3, recv_delta 7
P: seq 23107, size 1134, send_delta 4, trans_delta 4, recv_delta 8
P: seq 23108, size 1134, send_delta 5, trans_delta 3, recv_delta 8
P: seq 23109, size 1135, send_delta 5, trans_delta 4, recv_delta 9
P: seq 23110, size 1135, send_delta 5, trans_delta 4, recv_delta 9
P: seq 23111, size 1135, send_delta 5, trans_delta 4, recv_delta 9
P: seq 23112, size 1135, send_delta 5, trans_delta 4, recv_delta 9
P: seq 23113, size 1128, send_delta 6, trans_delta 4, recv_delta 10
P: seq 23114, size 1129, send_delta 6, trans_delta 4, recv_delta 10
P: seq 23115, size 1129, send_delta 6, trans_delta 4, recv_delta 10
P: seq 23116, size 1129, send_delta 6, trans_delta 5, recv_delta 11
RTP TS: 406625461, Frame Size: 21873, Encode 4, Net 8, Wait 28, Decode 4 E2E 44 
P: seq 23117, size 1043, send_delta 0, trans_delta 0, recv_delta 0
P: seq 23118, size 1043, send_delta 1, trans_delta 1, recv_delta 2
P: seq 23119, size 917, send_delta 1, trans_delta 1, recv_delta 2
P: seq 23120, size 917, send_delta 1, trans_delta 1, recv_delta 2
P: seq 23121, size 854, send_delta 1, trans_delta 2, recv_delta 3
P: seq 23122, size 741, send_delta 1, trans_delta 2, recv_delta 3
P: seq 23123, size 1096, send_delta 1, trans_delta 2, recv_delta 3
P: seq 23124, size 668, send_delta 1, trans_delta 2, recv_delta 3
P: seq 23125, size 668, send_delta 1, trans_delta 2, recv_delta 3
P: seq 23126, size 1129, send_delta 2, trans_delta 2, recv_delta 4
P: seq 23127, size 1129, send_delta 3, trans_delta 1, recv_delta 4
P: seq 23128, size 1129, send_delta 3, trans_delta 2, recv_delta 5
P: seq 23129, size 1129, send_delta 3, trans_delta 2, recv_delta 5
P: seq 23130, size 1129, send_delta 3, trans_delta 2, recv_delta 5
P: seq 23131, size 1129, send_delta 3, trans_delta 3, recv_delta 6
P: seq 23132, size 1130, send_delta 3, trans_delta 3, recv_delta 6
P: seq 23133, size 1130, send_delta 4, trans_delta 3, recv_delta 7
P: seq 23134, size 1085, send_delta 4, trans_delta 3, recv_delta 7
P: seq 23135, size 1085, send_delta 4, trans_delta 3, recv_delta 7
P: seq 23136, size 1086, send_delta 4, trans_delta 4, recv_delta 8
P: seq 23137, size 1086, send_delta 4, trans_delta 4, recv_delta 8
P: seq 23138, size 1086, send_delta 5, trans_delta 3, recv_delta 8
RTP TS: 406627081, Frame Size: 28396, Encode 4, Net 11, Wait 25, Decode 4 E2E 44 
P: seq 23139, size 1022, send_delta 0, trans_delta 0, recv_delta 0
P: seq 23140, size 1023, send_delta 1, trans_delta 1, recv_delta 2
P: seq 23141, size 733, send_delta 1, trans_delta 1, recv_delta 2
P: seq 23142, size 733, send_delta 1, trans_delta 1, recv_delta 2
P: seq 23143, size 884, send_delta 1, trans_delta 2, recv_delta 3
P: seq 23144, size 884, send_delta 1, trans_delta 2, recv_delta 3
P: seq 23145, size 751, send_delta 1, trans_delta 2, recv_delta 3
P: seq 23146, size 751, send_delta 1, trans_delta 3, recv_delta 4
P: seq 23147, size 841, send_delta 3, trans_delta 1, recv_delta 4
P: seq 23148, size 842, send_delta 3, trans_delta 1, recv_delta 4
P: seq 23149, size 1113, send_delta 3, trans_delta 2, recv_delta 5
P: seq 23150, size 1114, send_delta 3, trans_delta 2, recv_delta 5
P: seq 23151, size 1183, send_delta 3, trans_delta 2, recv_delta 5
P: seq 23152, size 1183, send_delta 3, trans_delta 3, recv_delta 6
P: seq 23153, size 1183, send_delta 4, trans_delta 2, recv_delta 6
P: seq 23154, size 1183, send_delta 4, trans_delta 3, recv_delta 7
P: seq 23155, size 1183, send_delta 4, trans_delta 3, recv_delta 7
P: seq 23156, size 1183, send_delta 4, trans_delta 3, recv_delta 7
P: seq 23157, size 1183, send_delta 4, trans_delta 4, recv_delta 8
P: seq 23158, size 1184, send_delta 4, trans_delta 4, recv_delta 8
P: seq 23159, size 1184, send_delta 5, trans_delta 4, recv_delta 9
P: seq 23160, size 1184, send_delta 5, trans_delta 4, recv_delta 9
P: seq 23161, size 1094, send_delta 5, trans_delta 4, recv_delta 9
P: seq 23162, size 1094, send_delta 5, trans_delta 5, recv_delta 10
P: seq 23163, size 1094, send_delta 5, trans_delta 5, recv_delta 10
P: seq 23164, size 1095, send_delta 7, trans_delta 3, recv_delta 10
P: seq 23165, size 1095, send_delta 7, trans_delta 3, recv_delta 10
P: seq 23166, size 1095, send_delta 7, trans_delta 4, recv_delta 11
RTP TS: 406628701, Frame Size: 29732, Encode 4, Net 12, Wait 23, Decode 5 E2E 44 
P: seq 23167, size 786, send_delta 0, trans_delta 1, recv_delta 1
P: seq 23168, size 786, send_delta 0, trans_delta 1, recv_delta 1
P: seq 23169, size 853, send_delta 1, trans_delta 1, recv_delta 2
P: seq 23170, size 854, send_delta 1, trans_delta 1, recv_delta 2
P: seq 23171, size 854, send_delta 1, trans_delta 2, recv_delta 3
P: seq 23172, size 700, send_delta 1, trans_delta 2, recv_delta 3
P: seq 23173, size 701, send_delta 1, trans_delta 2, recv_delta 3
P: seq 23174, size 709, send_delta 1, trans_delta 3, recv_delta 4
P: seq 23175, size 709, send_delta 1, trans_delta 3, recv_delta 4
P: seq 23176, size 1045, send_delta 3, trans_delta 1, recv_delta 4
P: seq 23177, size 1045, send_delta 3, trans_delta 1, recv_delta 4
P: seq 23178, size 1046, send_delta 3, trans_delta 2, recv_delta 5
P: seq 23179, size 970, send_delta 3, trans_delta 2, recv_delta 5
P: seq 23180, size 971, send_delta 3, trans_delta 3, recv_delta 6
P: seq 23181, size 1142, send_delta 3, trans_delta 3, recv_delta 6
P: seq 23182, size 1142, send_delta 3, trans_delta 3, recv_delta 6
P: seq 23183, size 1143, send_delta 3, trans_delta 4, recv_delta 7
P: seq 23184, size 1143, send_delta 4, trans_delta 3, recv_delta 7
P: seq 23185, size 1143, send_delta 4, trans_delta 4, recv_delta 8
P: seq 23186, size 1143, send_delta 4, trans_delta 4, recv_delta 8
P: seq 23187, size 1143, send_delta 5, trans_delta 3, recv_delta 8
P: seq 23188, size 1143, send_delta 5, trans_delta 4, recv_delta 9
P: seq 23189, size 1143, send_delta 5, trans_delta 4, recv_delta 9
P: seq 23190, size 1143, send_delta 5, trans_delta 4, recv_delta 9
P: seq 23191, size 1143, send_delta 6, trans_delta 4, recv_delta 10
P: seq 23192, size 1175, send_delta 6, trans_delta 4, recv_delta 10
P: seq 23193, size 1176, send_delta 6, trans_delta 5, recv_delta 11
P: seq 23194, size 1176, send_delta 6, trans_delta 5, recv_delta 11
P: seq 23195, size 1176, send_delta 6, trans_delta 5, recv_delta 11
P: seq 23196, size 1176, send_delta 6, trans_delta 6, recv_delta 12
RTP TS: 406630231, Frame Size: 26679, Encode 3, Net 11, Wait 23, Decode 4 E2E 41 
P: seq 23197, size 815, send_delta 0, trans_delta 0, recv_delta 0
P: seq 23198, size 679, send_delta 1, trans_delta 1, recv_delta 2
P: seq 23199, size 679, send_delta 1, trans_delta 2, recv_delta 3
P: seq 23200, size 1109, send_delta 1, trans_delta 2, recv_delta 3
P: seq 23201, size 1110, send_delta 1, trans_delta 3, recv_delta 4
P: seq 23202, size 1164, send_delta 1, trans_delta 3, recv_delta 4
P: seq 23203, size 1164, send_delta 1, trans_delta 3, recv_delta 4
P: seq 23204, size 1165, send_delta 2, trans_delta 3, recv_delta 5
P: seq 23205, size 981, send_delta 3, trans_delta 2, recv_delta 5
P: seq 23206, size 981, send_delta 3, trans_delta 2, recv_delta 5
P: seq 23207, size 982, send_delta 3, trans_delta 3, recv_delta 6
P: seq 23208, size 982, send_delta 3, trans_delta 3, recv_delta 6
P: seq 23209, size 1089, send_delta 3, trans_delta 3, recv_delta 6
P: seq 23210, size 1090, send_delta 3, trans_delta 4, recv_delta 7
P: seq 23211, size 1059, send_delta 4, trans_delta 3, recv_delta 7
P: seq 23212, size 1059, send_delta 4, trans_delta 4, recv_delta 8
P: seq 23213, size 1059, send_delta 4, trans_delta 4, recv_delta 8
P: seq 23214, size 1059, send_delta 4, trans_delta 4, recv_delta 8
P: seq 23215, size 1059, send_delta 4, trans_delta 5, recv_delta 9
P: seq 23216, size 1059, send_delta 4, trans_delta 5, recv_delta 9
P: seq 23217, size 1060, send_delta 5, trans_delta 4, recv_delta 9
P: seq 23218, size 1060, send_delta 6, trans_delta 4, recv_delta 10
P: seq 23219, size 976, send_delta 6, trans_delta 4, recv_delta 10
P: seq 23220, size 976, send_delta 6, trans_delta 4, recv_delta 10
P: seq 23221, size 977, send_delta 6, trans_delta 4, recv_delta 10
P: seq 23222, size 977, send_delta 6, trans_delta 5, recv_delta 11
P: seq 23223, size 977, send_delta 7, trans_delta 4, recv_delta 11
RTP TS: 406631851, Frame Size: 40222, Encode 4, Net 16, Wait 20, Decode 6 E2E 46 
P: seq 23224, size 1104, send_delta 0, trans_delta 2, recv_delta 2
P: seq 23225, size 1094, send_delta 1, trans_delta 1, recv_delta 2
P: seq 23226, size 1094, send_delta 2, trans_delta 1, recv_delta 3
P: seq 23227, size 1094, send_delta 2, trans_delta 1, recv_delta 3
P: seq 23228, size 1094, send_delta 2, trans_delta 2, recv_delta 4
P: seq 23229, size 1104, send_delta 2, trans_delta 2, recv_delta 4
P: seq 23230, size 1104, send_delta 2, trans_delta 2, recv_delta 4
P: seq 23231, size 1105, send_delta 3, trans_delta 2, recv_delta 5
P: seq 23232, size 1105, send_delta 3, trans_delta 2, recv_delta 5
P: seq 23233, size 1105, send_delta 3, trans_delta 3, recv_delta 6
P: seq 23234, size 1032, send_delta 3, trans_delta 3, recv_delta 6
P: seq 23235, size 1032, send_delta 3, trans_delta 3, recv_delta 6
P: seq 23236, size 1033, send_delta 4, trans_delta 2, recv_delta 6
P: seq 23237, size 1033, send_delta 4, trans_delta 3, recv_delta 7
P: seq 23238, size 1033, send_delta 4, trans_delta 3, recv_delta 7
P: seq 23239, size 1040, send_delta 4, trans_delta 3, recv_delta 7
P: seq 23240, size 1041, send_delta 5, trans_delta 3, recv_delta 8
P: seq 23241, size 1041, send_delta 5, trans_delta 3, recv_delta 8
P: seq 23242, size 1041, send_delta 6, trans_delta 2, recv_delta 8
P: seq 23243, size 1041, send_delta 6, trans_delta 3, recv_delta 9
P: seq 23244, size 1041, send_delta 6, trans_delta 3, recv_delta 9
P: seq 23245, size 985, send_delta 6, trans_delta 3, recv_delta 9
P: seq 23246, size 986, send_delta 6, trans_delta 4, recv_delta 10
P: seq 23247, size 986, send_delta 6, trans_delta 4, recv_delta 10
P: seq 23248, size 986, send_delta 8, trans_delta 3, recv_delta 11
P: seq 23249, size 1095, send_delta 8, trans_delta 3, recv_delta 11
P: seq 23250, size 1095, send_delta 8, trans_delta 3, recv_delta 11
P: seq 23251, size 1095, send_delta 8, trans_delta 3, recv_delta 11
P: seq 23252, size 1095, send_delta 8, trans_delta 4, recv_delta 12
P: seq 23253, size 1095, send_delta 8, trans_delta 4, recv_delta 12
P: seq 23254, size 1096, send_delta 8, trans_delta 5, recv_delta 13
P: seq 23255, size 1096, send_delta 8, trans_delta 5, recv_delta 13
P: seq 23256, size 1096, send_delta 8, trans_delta 5, recv_delta 13
P: seq 23257, size 1096, send_delta 8, trans_delta 6, recv_delta 14
P: seq 23258, size 997, send_delta 10, trans_delta 4, recv_delta 14
P: seq 23259, size 998, send_delta 10, trans_delta 4, recv_delta 14
P: seq 23260, size 998, send_delta 10, trans_delta 4, recv_delta 14
P: seq 23261, size 998, send_delta 10, trans_delta 4, recv_delta 14
P: seq 23262, size 998, send_delta 10, trans_delta 6, recv_delta 16
RTP TS: 406633471, Frame Size: 34939, Encode 3, Net 14, Wait 21, Decode 5 E2E 43 
P: seq 23263, size 626, send_delta 0, trans_delta 0, recv_delta 0
P: seq 23264, size 626, send_delta 0, trans_delta 1, recv_delta 1
P: seq 23265, size 1061, send_delta 1, trans_delta 1, recv_delta 2
P: seq 23266, size 1061, send_delta 1, trans_delta 2, recv_delta 3
P: seq 23267, size 1061, send_delta 1, trans_delta 2, recv_delta 3
P: seq 23268, size 1061, send_delta 1, trans_delta 3, recv_delta 4
P: seq 23269, size 1148, send_delta 1, trans_delta 3, recv_delta 4
P: seq 23270, size 1148, send_delta 1, trans_delta 3, recv_delta 4
P: seq 23271, size 1148, send_delta 2, trans_delta 3, recv_delta 5
P: seq 23272, size 1148, send_delta 3, trans_delta 2, recv_delta 5
P: seq 23273, size 1149, send_delta 3, trans_delta 3, recv_delta 6
P: seq 23274, size 962, send_delta 3, trans_delta 3, recv_delta 6
P: seq 23275, size 962, send_delta 3, trans_delta 3, recv_delta 6
P: seq 23276, size 962, send_delta 3, trans_delta 4, recv_delta 7
P: seq 23277, size 963, send_delta 4, trans_delta 3, recv_delta 7
P: seq 23278, size 1122, send_delta 4, trans_delta 3, recv_delta 7
P: seq 23279, size 1122, send_delta 4, trans_delta 4, recv_delta 8
P: seq 23280, size 1122, send_delta 4, trans_delta 4, recv_delta 8
P: seq 23281, size 1122, send_delta 4, trans_delta 4, recv_delta 8
P: seq 23282, size 1123, send_delta 4, trans_delta 5, recv_delta 9
P: seq 23283, size 975, send_delta 5, trans_delta 4, recv_delta 9
P: seq 23284, size 975, send_delta 5, trans_delta 4, recv_delta 9
P: seq 23285, size 976, send_delta 5, trans_delta 5, recv_delta 10
P: seq 23286, size 976, send_delta 5, trans_delta 5, recv_delta 10
P: seq 23287, size 1035, send_delta 5, trans_delta 6, recv_delta 11
P: seq 23288, size 1035, send_delta 6, trans_delta 5, recv_delta 11
P: seq 23289, size 1035, send_delta 7, trans_delta 4, recv_delta 11
P: seq 23290, size 1035, send_delta 7, trans_delta 5, recv_delta 12
P: seq 23291, size 1035, send_delta 7, trans_delta 5, recv_delta 12
P: seq 23292, size 1035, send_delta 7, trans_delta 5, recv_delta 12
P: seq 23293, size 1036, send_delta 7, trans_delta 5, recv_delta 12
P: seq 23294, size 992, send_delta 7, trans_delta 6, recv_delta 13
P: seq 23295, size 993, send_delta 8, trans_delta 5, recv_delta 13
P: seq 23296, size 993, send_delta 8, trans_delta 5, recv_delta 13
P: seq 23297, size 993, send_delta 8, trans_delta 6, recv_delta 14
RTP TS: 406635091, Frame Size: 36885, Encode 3, Net 15, Wait 20, Decode 6 E2E 44 
P: seq 23298, size 778, send_delta 1, trans_delta 1, recv_delta 2
P: seq 23299, size 779, send_delta 2, trans_delta 0, recv_delta 2
P: seq 23300, size 986, send_delta 2, trans_delta 0, recv_delta 2
P: seq 23301, size 986, send_delta 2, trans_delta 1, recv_delta 3
P: seq 23302, size 986, send_delta 2, trans_delta 2, recv_delta 4
P: seq 23303, size 987, send_delta 2, trans_delta 2, recv_delta 4
P: seq 23304, size 987, send_delta 2, trans_delta 2, recv_delta 4
P: seq 23305, size 1056, send_delta 3, trans_delta 2, recv_delta 5
P: seq 23306, size 1057, send_delta 3, trans_delta 2, recv_delta 5
P: seq 23307, size 1057, send_delta 3, trans_delta 3, recv_delta 6
P: seq 23308, size 1057, send_delta 3, trans_delta 3, recv_delta 6
P: seq 23309, size 1057, send_delta 3, trans_delta 3, recv_delta 6
P: seq 23310, size 1057, send_delta 3, trans_delta 4, recv_delta 7
P: seq 23311, size 1183, send_delta 4, trans_delta 3, recv_delta 7
P: seq 23312, size 1183, send_delta 4, trans_delta 3, recv_delta 7
P: seq 23313, size 1184, send_delta 4, trans_delta 3, recv_delta 7
P: seq 23314, size 1003, send_delta 4, trans_delta 4, recv_delta 8
P: seq 23315, size 1004, send_delta 5, trans_delta 3, recv_delta 8
P: seq 23316, size 1004, send_delta 6, trans_delta 2, recv_delta 8
P: seq 23317, size 1004, send_delta 6, trans_delta 3, recv_delta 9
P: seq 23318, size 1004, send_delta 6, trans_delta 3, recv_delta 9
P: seq 23319, size 1004, send_delta 6, trans_delta 3, recv_delta 9
P: seq 23320, size 1014, send_delta 6, trans_delta 4, recv_delta 10
P: seq 23321, size 1014, send_delta 6, trans_delta 4, recv_delta 10
P: seq 23322, size 1015, send_delta 7, trans_delta 3, recv_delta 10
P: seq 23323, size 1015, send_delta 7, trans_delta 4, recv_delta 11
P: seq 23324, size 1031, send_delta 7, trans_delta 4, recv_delta 11
P: seq 23325, size 1032, send_delta 7, trans_delta 5, recv_delta 12
P: seq 23326, size 1032, send_delta 7, trans_delta 5, recv_delta 12
P: seq 23327, size 1032, send_delta 7, trans_delta 5, recv_delta 12
P: seq 23328, size 1032, send_delta 8, trans_delta 5, recv_delta 13
P: seq 23329, size 1032, send_delta 8, trans_delta 5, recv_delta 13
P: seq 23330, size 1032, send_delta 8, trans_delta 5, recv_delta 13
P: seq 23331, size 1032, send_delta 8, trans_delta 6, recv_delta 14
P: seq 23332, size 1032, send_delta 9, trans_delta 5, recv_delta 14
P: seq 23333, size 1033, send_delta 9, trans_delta 5, recv_delta 14
P: seq 23334, size 1033, send_delta 9, trans_delta 5, recv_delta 14
RTP TS: 406636711, Frame Size: 33445, Encode 3, Net 17, Wait 18, Decode 5 E2E 43 
P: seq 23335, size 795, send_delta 0, trans_delta 0, recv_delta 0
P: seq 23336, size 796, send_delta 0, trans_delta 0, recv_delta 0
P: seq 23337, size 1029, send_delta 1, trans_delta 2, recv_delta 3
P: seq 23338, size 1029, send_delta 1, trans_delta 2, recv_delta 3
P: seq 23339, size 1030, send_delta 1, trans_delta 2, recv_delta 3
P: seq 23340, size 1030, send_delta 1, trans_delta 2, recv_delta 3
P: seq 23341, size 1030, send_delta 1, trans_delta 2, recv_delta 3
P: seq 23342, size 1161, send_delta 2, trans_delta 1, recv_delta 3
P: seq 23343, size 1161, send_delta 3, trans_delta 2, recv_delta 5
P: seq 23344, size 1161, send_delta 3, trans_delta 2, recv_delta 5
P: seq 23345, size 1162, send_delta 3, trans_delta 3, recv_delta 6
P: seq 23346, size 1162, send_delta 3, trans_delta 3, recv_delta 6
P: seq 23347, size 1114, send_delta 3, trans_delta 4, recv_delta 7
P: seq 23348, size 1114, send_delta 4, trans_delta 4, recv_delta 8
P: seq 23349, size 1114, send_delta 4, trans_delta 4, recv_delta 8
P: seq 23350, size 1114, send_delta 4, trans_delta 5, recv_delta 9
P: seq 23351, size 1013, send_delta 4, trans_delta 5, recv_delta 9
P: seq 23352, size 1013, send_delta 4, trans_delta 6, recv_delta 10
P: seq 23353, size 1014, send_delta 4, trans_delta 6, recv_delta 10
P: seq 23354, size 1014, send_delta 4, trans_delta 7, recv_delta 11
P: seq 23355, size 1014, send_delta 5, trans_delta 6, recv_delta 11
P: seq 23356, size 1047, send_delta 5, trans_delta 6, recv_delta 11
P: seq 23357, size 1047, send_delta 5, trans_delta 7, recv_delta 12
P: seq 23358, size 1047, send_delta 6, trans_delta 7, recv_delta 13
P: seq 23359, size 1110, send_delta 6, trans_delta 7, recv_delta 13
P: seq 23360, size 1110, send_delta 7, trans_delta 6, recv_delta 13
P: seq 23361, size 1110, send_delta 7, trans_delta 7, recv_delta 14
P: seq 23362, size 1110, send_delta 7, trans_delta 7, recv_delta 14
P: seq 23363, size 1110, send_delta 7, trans_delta 7, recv_delta 14
P: seq 23364, size 1161, send_delta 7, trans_delta 9, recv_delta 16
P: seq 23365, size 1161, send_delta 7, trans_delta 9, recv_delta 16
P: seq 23366, size 1161, send_delta 8, trans_delta 9, recv_delta 17
RTP TS: 406638331, Frame Size: 28776, Encode 3, Net 15, Wait 19, Decode 5 E2E 42 
P: seq 23367, size 751, send_delta 0, trans_delta 0, recv_delta 0
P: seq 23368, size 751, send_delta 0, trans_delta 0, recv_delta 0
P: seq 23369, size 970, send_delta 1, trans_delta 1, recv_delta 2
P: seq 23370, size 970, send_delta 1, trans_delta 2, recv_delta 3
P: seq 23371, size 970, send_delta 1, trans_delta 2, recv_delta 3
P: seq 23372, size 970, send_delta 1, trans_delta 2, recv_delta 3
P: seq 23373, size 970, send_delta 1, trans_delta 3, recv_delta 4
P: seq 23374, size 1066, send_delta 1, trans_delta 4, recv_delta 5
P: seq 23375, size 1066, send_delta 3, trans_delta 2, recv_delta 5
P: seq 23376, size 1066, send_delta 3, trans_delta 2, recv_delta 5
P: seq 23377, size 1067, send_delta 3, trans_delta 3, recv_delta 6
P: seq 23378, size 1067, send_delta 3, trans_delta 4, recv_delta 7
P: seq 23379, size 1067, send_delta 3, trans_delta 4, recv_delta 7
P: seq 23380, size 1124, send_delta 3, trans_delta 4, recv_delta 7
P: seq 23381, size 1124, send_delta 4, trans_delta 4, recv_delta 8
P: seq 23382, size 1122, send_delta 4, trans_delta 4, recv_delta 8
P: seq 23383, size 1123, send_delta 4, trans_delta 5, recv_delta 9
P: seq 23384, size 1061, send_delta 4, trans_delta 6, recv_delta 10
P: seq 23385, size 1062, send_delta 4, trans_delta 7, recv_delta 11
P: seq 23386, size 1162, send_delta 5, trans_delta 6, recv_delta 11
P: seq 23387, size 1163, send_delta 5, trans_delta 6, recv_delta 11
P: seq 23388, size 1163, send_delta 5, trans_delta 7, recv_delta 12
P: seq 23389, size 1163, send_delta 5, trans_delta 7, recv_delta 12
P: seq 23390, size 1163, send_delta 5, trans_delta 8, recv_delta 13
P: seq 23391, size 1072, send_delta 5, trans_delta 9, recv_delta 14
P: seq 23392, size 1072, send_delta 6, trans_delta 8, recv_delta 14
P: seq 23393, size 1073, send_delta 6, trans_delta 8, recv_delta 14
P: seq 23394, size 1073, send_delta 6, trans_delta 9, recv_delta 15
RTP TS: 406639951, Frame Size: 26827, Encode 3, Net 15, Wait 21, Decode 4 E2E 43 
P: seq 23395, size 1020, send_delta 1, trans_delta 1, recv_delta 2
P: seq 23396, size 1021, send_delta 2, trans_delta 1, recv_delta 3
P: seq 23397, size 993, send_delta 2, trans_delta 1, recv_delta 3
P: seq 23398, size 993, send_delta 2, trans_delta 1, recv_delta 3
P: seq 23399, size 1175, send_delta 2, trans_delta 2, recv_delta 4
P: seq 23400, size 1175, send_delta 2, trans_delta 2, recv_delta 4
P: seq 23401, size 1176, send_delta 2, trans_delta 2, recv_delta 4
P: seq 23402, size 1030, send_delta 3, trans_delta 3, recv_delta 6
P: seq 23403, size 1031, send_delta 3, trans_delta 3, recv_delta 6
P: seq 23404, size 1031, send_delta 3, trans_delta 4, recv_delta 7
P: seq 23405, size 985, send_delta 3, trans_delta 5, recv_delta 8
P: seq 23406, size 985, send_delta 3, trans_delta 5, recv_delta 8
P: seq 23407, size 985, send_delta 3, trans_delta 5, recv_delta 8
P: seq 23408, size 985, send_delta 5, trans_delta 4, recv_delta 9
P: seq 23409, size 986, send_delta 5, trans_delta 5, recv_delta 10
P: seq 23410, size 897, send_delta 5, trans_delta 5, recv_delta 10
P: seq 23411, size 898, send_delta 5, trans_delta 5, recv_delta 10
P: seq 23412, size 898, send_delta 5, trans_delta 5, recv_delta 10
P: seq 23413, size 1063, send_delta 5, trans_delta 5, recv_delta 10
P: seq 23414, size 1063, send_delta 6, trans_delta 5, recv_delta 11
P: seq 23415, size 1063, send_delta 6, trans_delta 6, recv_delta 12
P: seq 23416, size 1063, send_delta 6, trans_delta 6, recv_delta 12
P: seq 23417, size 1063, send_delta 6, trans_delta 7, recv_delta 13
P: seq 23418, size 979, send_delta 6, trans_delta 7, recv_delta 13
P: seq 23419, size 979, send_delta 6, trans_delta 8, recv_delta 14
P: seq 23420, size 979, send_delta 7, trans_delta 7, recv_delta 14
P: seq 23421, size 980, send_delta 7, trans_delta 8, recv_delta 15
RTP TS: 406641481, Frame Size: 24727, Encode 3, Net 14, Wait 21, Decode 4 E2E 42 
P: seq 23422, size 898, send_delta 0, trans_delta 1, recv_delta 1
P: seq 23423, size 898, send_delta 1, trans_delta 1, recv_delta 2
P: seq 23424, size 910, send_delta 2, trans_delta 1, recv_delta 3
P: seq 23425, size 911, send_delta 2, trans_delta 2, recv_delta 4
P: seq 23426, size 911, send_delta 2, trans_delta 2, recv_delta 4
P: seq 23427, size 1034, send_delta 2, trans_delta 3, recv_delta 5
P: seq 23428, size 1035, send_delta 2, trans_delta 3, recv_delta 5
P: seq 23429, size 1035, send_delta 3, trans_delta 3, recv_delta 6
P: seq 23430, size 892, send_delta 3, trans_delta 3, recv_delta 6
P: seq 23431, size 892, send_delta 3, trans_delta 4, recv_delta 7
P: seq 23432, size 893, send_delta 3, trans_delta 4, recv_delta 7
P: seq 23433, size 984, send_delta 3, trans_delta 4, recv_delta 7
P: seq 23434, size 984, send_delta 3, trans_delta 5, recv_delta 8
P: seq 23435, size 984, send_delta 3, trans_delta 5, recv_delta 8
P: seq 23436, size 984, send_delta 4, trans_delta 5, recv_delta 9
P: seq 23437, size 1117, send_delta 4, trans_delta 5, recv_delta 9
P: seq 23438, size 1117, send_delta 4, trans_delta 6, recv_delta 10
P: seq 23439, size 1117, send_delta 5, trans_delta 6, recv_delta 11
P: seq 23440, size 1085, send_delta 5, trans_delta 6, recv_delta 11
P: seq 23441, size 1085, send_delta 5, trans_delta 7, recv_delta 12
P: seq 23442, size 1085, send_delta 6, trans_delta 6, recv_delta 12
P: seq 23443, size 1085, send_delta 6, trans_delta 6, recv_delta 12
P: seq 23444, size 1136, send_delta 6, trans_delta 7, recv_delta 13
P: seq 23445, size 1136, send_delta 7, trans_delta 6, recv_delta 13
P: seq 23446, size 1136, send_delta 7, trans_delta 7, recv_delta 14
RTP TS: 406643101, Frame Size: 23895, Encode 3, Net 13, Wait 21, Decode 4 E2E 41 
P: seq 23447, size 910, send_delta 1, trans_delta 1, recv_delta 2
P: seq 23448, size 911, send_delta 1, trans_delta 2, recv_delta 3
P: seq 23449, size 700, send_delta 2, trans_delta 1, recv_delta 3
P: seq 23450, size 700, send_delta 2, trans_delta 1, recv_delta 3
P: seq 23451, size 1049, send_delta 2, trans_delta 2, recv_delta 4
P: seq 23452, size 1049, send_delta 2, trans_delta 2, recv_delta 4
P: seq 23453, size 911, send_delta 2, trans_delta 2, recv_delta 4
P: seq 23454, size 911, send_delta 2, trans_delta 3, recv_delta 5
P: seq 23455, size 863, send_delta 3, trans_delta 3, recv_delta 6
P: seq 23456, size 864, send_delta 3, trans_delta 3, recv_delta 6
P: seq 23457, size 864, send_delta 3, trans_delta 3, recv_delta 6
P: seq 23458, size 1076, send_delta 3, trans_delta 4, recv_delta 7
P: seq 23459, size 1077, send_delta 3, trans_delta 5, recv_delta 8
P: seq 23460, size 1181, send_delta 4, trans_delta 4, recv_delta 8
P: seq 23461, size 1181, send_delta 4, trans_delta 4, recv_delta 8
P: seq 23462, size 1182, send_delta 5, trans_delta 4, recv_delta 9
P: seq 23463, size 1182, send_delta 5, trans_delta 5, recv_delta 10
P: seq 23464, size 1182, send_delta 5, trans_delta 5, recv_delta 10
P: seq 23465, size 1182, send_delta 5, trans_delta 6, recv_delta 11
P: seq 23466, size 1182, send_delta 5, trans_delta 6, recv_delta 11
P: seq 23467, size 1082, send_delta 6, trans_delta 6, recv_delta 12
P: seq 23468, size 1082, send_delta 6, trans_delta 6, recv_delta 12
P: seq 23469, size 1082, send_delta 6, trans_delta 7, recv_delta 13
P: seq 23470, size 1083, send_delta 6, trans_delta 7, recv_delta 13
RTP TS: 406644721, Frame Size: 28812, Encode 3, Net 15, Wait 20, Decode 4 E2E 42 
P: seq 23471, size 1081, send_delta 0, trans_delta 0, recv_delta 0
P: seq 23472, size 1081, send_delta 1, trans_delta 1, recv_delta 2
P: seq 23473, size 860, send_delta 1, trans_delta 2, recv_delta 3
P: seq 23474, size 860, send_delta 1, trans_delta 2, recv_delta 3
P: seq 23475, size 860, send_delta 1, trans_delta 2, recv_delta 3
P: seq 23476, size 1109, send_delta 1, trans_delta 3, recv_delta 4
P: seq 23477, size 1109, send_delta 1, trans_delta 4, recv_delta 5
P: seq 23478, size 1057, send_delta 2, trans_delta 3, recv_delta 5
P: seq 23479, size 927, send_delta 3, trans_delta 2, recv_delta 5
P: seq 23480, size 927, send_delta 3, trans_delta 3, recv_delta 6
P: seq 23481, size 928, send_delta 3, trans_delta 3, recv_delta 6
P: seq 23482, size 928, send_delta 3, trans_delta 4, recv_delta 7
P: seq 23483, size 1075, send_delta 3, trans_delta 4, recv_delta 7
P: seq 23484, size 1075, send_delta 4, trans_delta 3, recv_delta 7
P: seq 23485, size 1075, send_delta 4, trans_delta 4, recv_delta 8
P: seq 23486, size 1076, send_delta 4, trans_delta 5, recv_delta 9
P: seq 23487, size 1164, send_delta 4, trans_delta 5, recv_delta 9
P: seq 23488, size 1164, send_delta 4, trans_delta 5, recv_delta 9
P: seq 23489, size 1164, send_delta 4, trans_delta 6, recv_delta 10
P: seq 23490, size 1164, send_delta 5, trans_delta 6, recv_delta 11
P: seq 23491, size 1164, send_delta 5, trans_delta 6, recv_delta 11
P: seq 23492, size 1164, send_delta 5, trans_delta 7, recv_delta 12
P: seq 23493, size 1082, send_delta 5, trans_delta 7, recv_delta 12
P: seq 23494, size 1082, send_delta 5, trans_delta 7, recv_delta 12
P: seq 23495, size 1082, send_delta 7, trans_delta 6, recv_delta 13
P: seq 23496, size 1082, send_delta 7, trans_delta 7, recv_delta 14
P: seq 23497, size 1083, send_delta 7, trans_delta 7, recv_delta 14
P: seq 23498, size 1083, send_delta 7, trans_delta 8, recv_delta 15
RTP TS: 406646341, Frame Size: 20960, Encode 2, Net 13, Wait 24, Decode 3 E2E 42 
P: seq 23499, size 1116, send_delta 0, trans_delta 2, recv_delta 2
P: seq 23500, size 1116, send_delta 2, trans_delta 2, recv_delta 4
P: seq 23501, size 1063, send_delta 3, trans_delta 2, recv_delta 5
P: seq 23502, size 1063, send_delta 3, trans_delta 2, recv_delta 5
P: seq 23503, size 1063, send_delta 3, trans_delta 2, recv_delta 5
P: seq 23504, size 827, send_delta 3, trans_delta 3, recv_delta 6
P: seq 23505, size 827, send_delta 3, trans_delta 4, recv_delta 7
P: seq 23506, size 828, send_delta 3, trans_delta 4, recv_delta 7
P: seq 23507, size 912, send_delta 3, trans_delta 4, recv_delta 7
P: seq 23508, size 912, send_delta 3, trans_delta 4, recv_delta 7
P: seq 23509, size 1188, send_delta 3, trans_delta 5, recv_delta 8
P: seq 23510, size 1189, send_delta 3, trans_delta 6, recv_delta 9
P: seq 23511, size 884, send_delta 3, trans_delta 6, recv_delta 9
P: seq 23512, size 884, send_delta 4, trans_delta 5, recv_delta 9
P: seq 23513, size 1089, send_delta 4, trans_delta 6, recv_delta 10
P: seq 23514, size 1090, send_delta 4, trans_delta 7, recv_delta 11
P: seq 23515, size 1090, send_delta 4, trans_delta 7, recv_delta 11
P: seq 23516, size 1083, send_delta 4, trans_delta 7, recv_delta 11
P: seq 23517, size 1083, send_delta 5, trans_delta 7, recv_delta 12
P: seq 23518, size 1083, send_delta 5, trans_delta 8, recv_delta 13
P: seq 23519, size 1083, send_delta 5, trans_delta 8, recv_delta 13
RTP TS: 406647961, Frame Size: 20307, Encode 3, Net 11, Wait 25, Decode 3 E2E 42 
P: seq 23520, size 1184, send_delta 0, trans_delta 2, recv_delta 2
P: seq 23521, size 1184, send_delta 1, trans_delta 1, recv_delta 2
P: seq 23522, size 947, send_delta 2, trans_delta 1, recv_delta 3
P: seq 23523, size 948, send_delta 2, trans_delta 2, recv_delta 4
P: seq 23524, size 948, send_delta 2, trans_delta 2, recv_delta 4
P: seq 23525, size 880, send_delta 2, trans_delta 2, recv_delta 4
P: seq 23526, size 880, send_delta 2, trans_delta 3, recv_delta 5
P: seq 23527, size 880, send_delta 3, trans_delta 2, recv_delta 5
P: seq 23528, size 917, send_delta 3, trans_delta 3, recv_delta 6
P: seq 23529, size 917, send_delta 3, trans_delta 3, recv_delta 6
P: seq 23530, size 1160, send_delta 3, trans_delta 3, recv_delta 6
P: seq 23531, size 1160, send_delta 3, trans_delta 4, recv_delta 7
P: seq 23532, size 1099, send_delta 3, trans_delta 5, recv_delta 8
P: seq 23533, size 976, send_delta 4, trans_delta 4, recv_delta 8
P: seq 23534, size 976, send_delta 4, trans_delta 4, recv_delta 8
P: seq 23535, size 976, send_delta 4, trans_delta 5, recv_delta 9
P: seq 23536, size 976, send_delta 4, trans_delta 6, recv_delta 10
P: seq 23537, size 976, send_delta 4, trans_delta 6, recv_delta 10
P: seq 23538, size 945, send_delta 5, trans_delta 5, recv_delta 10
P: seq 23539, size 945, send_delta 5, trans_delta 6, recv_delta 11
P: seq 23540, size 945, send_delta 5, trans_delta 6, recv_delta 11
RTP TS: 406649581, Frame Size: 21332, Encode 3, Net 11, Wait 24, Decode 3 E2E 41 
P: seq 23541, size 1158, send_delta 0, trans_delta 1, recv_delta 1
P: seq 23542, size 1159, send_delta 1, trans_delta 1, recv_delta 2
P: seq 23543, size 1031, send_delta 1, trans_delta 1, recv_delta 2
P: seq 23544, size 1031, send_delta 1, trans_delta 1, recv_delta 2
P: seq 23545, size 1031, send_delta 1, trans_delta 2, recv_delta 3
P: seq 23546, size 997, send_delta 1, trans_delta 2, recv_delta 3
P: seq 23547, size 997, send_delta 1, trans_delta 3, recv_delta 4
P: seq 23548, size 1133, send_delta 2, trans_delta 3, recv_delta 5
P: seq 23549, size 1134, send_delta 2, trans_delta 3, recv_delta 5
P: seq 23550, size 1134, send_delta 2, trans_delta 4, recv_delta 6
P: seq 23551, size 989, send_delta 2, trans_delta 4, recv_delta 6
P: seq 23552, size 989, send_delta 3, trans_delta 4, recv_delta 7
P: seq 23553, size 989, send_delta 3, trans_delta 4, recv_delta 7
P: seq 23554, size 964, send_delta 4, trans_delta 4, recv_delta 8
P: seq 23555, size 965, send_delta 4, trans_delta 4, recv_delta 8
P: seq 23556, size 832, send_delta 4, trans_delta 4, recv_delta 8
P: seq 23557, size 832, send_delta 4, trans_delta 5, recv_delta 9
P: seq 23558, size 833, send_delta 4, trans_delta 5, recv_delta 9
P: seq 23559, size 918, send_delta 4, trans_delta 6, recv_delta 10
P: seq 23560, size 918, send_delta 4, trans_delta 6, recv_delta 10
P: seq 23561, size 918, send_delta 5, trans_delta 5, recv_delta 10
P: seq 23562, size 919, send_delta 5, trans_delta 6, recv_delta 11
RTP TS: 406651111, Frame Size: 20421, Encode 3, Net 13, Wait 22, Decode 3 E2E 41 
P: seq 23563, size 1069, send_delta 1, trans_delta 1, recv_delta 2
P: seq 23564, size 1069, send_delta 2, trans_delta 2, recv_delta 4
P: seq 23565, size 1070, send_delta 2, trans_delta 2, recv_delta 4
P: seq 23566, size 1071, send_delta 2, trans_delta 3, recv_delta 5
P: seq 23567, size 821, send_delta 3, trans_delta 2, recv_delta 5
P: seq 23568, size 978, send_delta 3, trans_delta 3, recv_delta 6
P: seq 23569, size 978, send_delta 4, trans_delta 2, recv_delta 6
P: seq 23570, size 1191, send_delta 4, trans_delta 2, recv_delta 6
P: seq 23571, size 1191, send_delta 4, trans_delta 3, recv_delta 7
P: seq 23572, size 1055, send_delta 4, trans_delta 4, recv_delta 8
P: seq 23573, size 1056, send_delta 4, trans_delta 4, recv_delta 8
P: seq 23574, size 1056, send_delta 4, trans_delta 4, recv_delta 8
P: seq 23575, size 985, send_delta 5, trans_delta 4, recv_delta 9
P: seq 23576, size 985, send_delta 5, trans_delta 5, recv_delta 10
P: seq 23577, size 985, send_delta 6, trans_delta 4, recv_delta 10
P: seq 23578, size 986, send_delta 6, trans_delta 4, recv_delta 10
P: seq 23579, size 1090, send_delta 6, trans_delta 5, recv_delta 11
P: seq 23580, size 1090, send_delta 6, trans_delta 6, recv_delta 12
P: seq 23581, size 1090, send_delta 6, trans_delta 6, recv_delta 12
P: seq 23582, size 1091, send_delta 6, trans_delta 7, recv_delta 13
RTP TS: 406652731, Frame Size: 28628, Encode 3, Net 15, Wait 19, Decode 4 E2E 41 
P: seq 23583, size 838, send_delta 0, trans_delta 0, recv_delta 0
P: seq 23584, size 839, send_delta 1, trans_delta 0, recv_delta 1
P: seq 23585, size 876, send_delta 1, trans_delta 0, recv_delta 1
P: seq 23586, size 876, send_delta 1, trans_delta 1, recv_delta 2
P: seq 23587, size 1156, send_delta 1, trans_delta 2, recv_delta 3
P: seq 23588, size 1156, send_delta 1, trans_delta 3, recv_delta 4
P: seq 23589, size 1156, send_delta 2, trans_delta 2, recv_delta 4
P: seq 23590, size 923, send_delta 2, trans_delta 2, recv_delta 4
P: seq 23591, size 923, send_delta 2, trans_delta 3, recv_delta 5
P: seq 23592, size 924, send_delta 3, trans_delta 3, recv_delta 6
P: seq 23593, size 924, send_delta 3, trans_delta 3, recv_delta 6
P: seq 23594, size 1159, send_delta 3, trans_delta 3, recv_delta 6
P: seq 23595, size 1159, send_delta 3, trans_delta 4, recv_delta 7
P: seq 23596, size 1160, send_delta 4, trans_delta 4, recv_delta 8
P: seq 23597, size 1160, send_delta 4, trans_delta 4, recv_delta 8
P: seq 23598, size 1160, send_delta 4, trans_delta 5, recv_delta 9
P: seq 23599, size 1160, send_delta 4, trans_delta 5, recv_delta 9
P: seq 23600, size 986, send_delta 4, trans_delta 6, recv_delta 10
P: seq 23601, size 986, send_delta 4, trans_delta 6, recv_delta 10
P: seq 23602, size 986, send_delta 5, trans_delta 6, recv_delta 11
P: seq 23603, size 986, send_delta 5, trans_delta 6, recv_delta 11
P: seq 23604, size 975, send_delta 5, trans_delta 6, recv_delta 11
P: seq 23605, size 975, send_delta 5, trans_delta 7, recv_delta 12
P: seq 23606, size 976, send_delta 5, trans_delta 8, recv_delta 13
P: seq 23607, size 976, send_delta 5, trans_delta 8, recv_delta 13
P: seq 23608, size 976, send_delta 6, trans_delta 7, recv_delta 13
P: seq 23609, size 992, send_delta 6, trans_delta 8, recv_delta 14
P: seq 23610, size 993, send_delta 6, trans_delta 9, recv_delta 15
P: seq 23611, size 993, send_delta 6, trans_delta 9, recv_delta 15
RTP TS: 406654351, Frame Size: 33155, Encode 3, Net 14, Wait 21, Decode 5 E2E 43 
P: seq 23612, size 898, send_delta 1, trans_delta 1, recv_delta 2
P: seq 23613, size 919, send_delta 1, trans_delta 1, recv_delta 2
P: seq 23614, size 919, send_delta 2, trans_delta 1, recv_delta 3
P: seq 23615, size 1035, send_delta 2, trans_delta 2, recv_delta 4
P: seq 23616, size 1035, send_delta 2, trans_delta 2, recv_delta 4
P: seq 23617, size 1035, send_delta 2, trans_delta 2, recv_delta 4
P: seq 23618, size 1035, send_delta 2, trans_delta 3, recv_delta 5
P: seq 23619, size 1035, send_delta 2, trans_delta 4, recv_delta 6
P: seq 23620, size 1056, send_delta 3, trans_delta 3, recv_delta 6
P: seq 23621, size 1056, send_delta 3, trans_delta 3, recv_delta 6
P: seq 23622, size 1057, send_delta 3, trans_delta 4, recv_delta 7
P: seq 23623, size 1057, send_delta 3, trans_delta 5, recv_delta 8
P: seq 23624, size 1107, send_delta 3, trans_delta 5, recv_delta 8
P: seq 23625, size 1108, send_delta 4, trans_delta 4, recv_delta 8
P: seq 23626, size 1108, send_delta 5, trans_delta 3, recv_delta 8
P: seq 23627, size 1108, send_delta 5, trans_delta 3, recv_delta 8
P: seq 23628, size 1108, send_delta 5, trans_delta 4, recv_delta 9
P: seq 23629, size 1108, send_delta 5, trans_delta 4, recv_delta 9
P: seq 23630, size 1108, send_delta 5, trans_delta 4, recv_delta 9
P: seq 23631, size 993, send_delta 6, trans_delta 4, recv_delta 10
P: seq 23632, size 993, send_delta 6, trans_delta 4, recv_delta 10
P: seq 23633, size 994, send_delta 6, trans_delta 4, recv_delta 10
P: seq 23634, size 994, send_delta 6, trans_delta 5, recv_delta 11
P: seq 23635, size 994, send_delta 6, trans_delta 5, recv_delta 11
P: seq 23636, size 1069, send_delta 6, trans_delta 5, recv_delta 11
P: seq 23637, size 1069, send_delta 6, trans_delta 6, recv_delta 12
P: seq 23638, size 1070, send_delta 7, trans_delta 5, recv_delta 12
P: seq 23639, size 1070, send_delta 7, trans_delta 5, recv_delta 12
P: seq 23640, size 1070, send_delta 7, trans_delta 6, recv_delta 13
P: seq 23641, size 942, send_delta 7, trans_delta 6, recv_delta 13
P: seq 23642, size 943, send_delta 7, trans_delta 7, recv_delta 14
P: seq 23643, size 943, send_delta 8, trans_delta 6, recv_delta 14
P: seq 23644, size 943, send_delta 8, trans_delta 6, recv_delta 14
RTP TS: 406655971, Frame Size: 36499, Encode 4, Net 14, Wait 21, Decode 5 E2E 44 
P: seq 23645, size 1004, send_delta 0, trans_delta 0, recv_delta 0
P: seq 23646, size 956, send_delta 1, trans_delta 1, recv_delta 2
P: seq 23647, size 956, send_delta 1, trans_delta 1, recv_delta 2
P: seq 23648, size 957, send_delta 1, trans_delta 2, recv_delta 3
P: seq 23649, size 1167, send_delta 1, trans_delta 3, recv_delta 4
P: seq 23650, size 1167, send_delta 1, trans_delta 3, recv_delta 4
P: seq 23651, size 1167, send_delta 3, trans_delta 1, recv_delta 4
P: seq 23652, size 1168, send_delta 3, trans_delta 1, recv_delta 4
P: seq 23653, size 1168, send_delta 3, trans_delta 2, recv_delta 5
P: seq 23654, size 1152, send_delta 3, trans_delta 2, recv_delta 5
P: seq 23655, size 1153, send_delta 3, trans_delta 2, recv_delta 5
P: seq 23656, size 1153, send_delta 4, trans_delta 2, recv_delta 6
P: seq 23657, size 1153, send_delta 4, trans_delta 2, recv_delta 6
P: seq 23658, size 1153, send_delta 4, trans_delta 3, recv_delta 7
P: seq 23659, size 1044, send_delta 4, trans_delta 3, recv_delta 7
P: seq 23660, size 1044, send_delta 4, trans_delta 3, recv_delta 7
P: seq 23661, size 1044, send_delta 4, trans_delta 4, recv_delta 8
P: seq 23662, size 1044, send_delta 5, trans_delta 3, recv_delta 8
P: seq 23663, size 1044, send_delta 5, trans_delta 3, recv_delta 8
P: seq 23664, size 1045, send_delta 5, trans_delta 4, recv_delta 9
P: seq 23665, size 1045, send_delta 5, trans_delta 4, recv_delta 9
P: seq 23666, size 1005, send_delta 5, trans_delta 5, recv_delta 10
P: seq 23667, size 1005, send_delta 5, trans_delta 5, recv_delta 10
P: seq 23668, size 1006, send_delta 6, trans_delta 4, recv_delta 10
P: seq 23669, size 1006, send_delta 6, trans_delta 5, recv_delta 11
P: seq 23670, size 1006, send_delta 6, trans_delta 5, recv_delta 11
P: seq 23671, size 1080, send_delta 6, trans_delta 5, recv_delta 11
P: seq 23672, size 1080, send_delta 6, trans_delta 6, recv_delta 12
P: seq 23673, size 1080, send_delta 7, trans_delta 5, recv_delta 12
P: seq 23674, size 1080, send_delta 7, trans_delta 5, recv_delta 12
P: seq 23675, size 1081, send_delta 7, trans_delta 5, recv_delta 12
P: seq 23676, size 1040, send_delta 7, trans_delta 6, recv_delta 13
P: seq 23677, size 1040, send_delta 8, trans_delta 5, recv_delta 13
P: seq 23678, size 1041, send_delta 9, trans_delta 4, recv_delta 13
P: seq 23679, size 1041, send_delta 9, trans_delta 5, recv_delta 14
RTP TS: 406657591, Frame Size: 39273, Encode 4, Net 15, Wait 19, Decode 5 E2E 43 
P: seq 23680, size 1031, send_delta 0, trans_delta 0, recv_delta 0
P: seq 23681, size 1032, send_delta 1, trans_delta 2, recv_delta 3
P: seq 23682, size 1188, send_delta 1, trans_delta 2, recv_delta 3
P: seq 23683, size 1188, send_delta 1, trans_delta 3, recv_delta 4
P: seq 23684, size 1189, send_delta 1, trans_delta 3, recv_delta 4
P: seq 23685, size 1128, send_delta 2, trans_delta 2, recv_delta 4
P: seq 23686, size 1128, send_delta 3, trans_delta 1, recv_delta 4
P: seq 23687, size 1128, send_delta 3, trans_delta 1, recv_delta 4
P: seq 23688, size 1128, send_delta 3, trans_delta 2, recv_delta 5
P: seq 23689, size 1129, send_delta 3, trans_delta 2, recv_delta 5
P: seq 23690, size 1129, send_delta 3, trans_delta 3, recv_delta 6
P: seq 23691, size 1014, send_delta 3, trans_delta 4, recv_delta 7
P: seq 23692, size 1014, send_delta 4, trans_delta 3, recv_delta 7
P: seq 23693, size 1015, send_delta 4, trans_delta 3, recv_delta 7
P: seq 23694, size 1015, send_delta 4, trans_delta 4, recv_delta 8
P: seq 23695, size 1015, send_delta 4, trans_delta 4, recv_delta 8
P: seq 23696, size 1015, send_delta 4, trans_delta 4, recv_delta 8
P: seq 23697, size 1148, send_delta 4, trans_delta 4, recv_delta 8
P: seq 23698, size 1148, send_delta 5, trans_delta 4, recv_delta 9
P: seq 23699, size 1148, send_delta 5, trans_delta 4, recv_delta 9
P: seq 23700, size 1148, send_delta 5, trans_delta 5, recv_delta 10
P: seq 23701, size 1148, send_delta 5, trans_delta 5, recv_delta 10
P: seq 23702, size 1149, send_delta 5, trans_delta 5, recv_delta 10
P: seq 23703, size 1149, send_delta 6, trans_delta 5, recv_delta 11
P: seq 23704, size 1188, send_delta 7, trans_delta 4, recv_delta 11
P: seq 23705, size 1188, send_delta 7, trans_delta 5, recv_delta 12
P: seq 23706, size 1188, send_delta 7, trans_delta 5, recv_delta 12
P: seq 23707, size 1189, send_delta 7, trans_delta 5, recv_delta 12
P: seq 23708, size 1159, send_delta 7, trans_delta 6, recv_delta 13
P: seq 23709, size 1159, send_delta 8, trans_delta 5, recv_delta 13
P: seq 23710, size 1159, send_delta 8, trans_delta 6, recv_delta 14
P: seq 23711, size 1159, send_delta 8, trans_delta 6, recv_delta 14
P: seq 23712, size 1065, send_delta 8, trans_delta 6, recv_delta 14
P: seq 23713, size 1066, send_delta 8, trans_delta 7, recv_delta 15
P: seq 23714, size 1066, send_delta 9, trans_delta 6, recv_delta 15
P: seq 23715, size 1066, send_delta 9, trans_delta 6, recv_delta 15
RTP TS: 406659211, Frame Size: 36672, Encode 3, Net 14, Wait 20, Decode 5 E2E 42 
P: seq 23716, size 1132, send_delta 0, trans_delta 1, recv_delta 1
P: seq 23717, size 1132, send_delta 2, trans_delta 1, recv_delta 3
P: seq 23718, size 1032, send_delta 2, trans_delta 1, recv_delta 3
P: seq 23719, size 1032, send_delta 2, trans_delta 1, recv_delta 3
P: seq 23720, size 1032, send_delta 2, trans_delta 1, recv_delta 3
P: seq 23721, size 1032, send_delta 2, trans_delta 1, recv_delta 3
P: seq 23722, size 1084, send_delta 2, trans_delta 3, recv_delta 5
P: seq 23723, size 1084, send_delta 3, trans_delta 2, recv_delta 5
P: seq 23724, size 1084, send_delta 3, trans_delta 2, recv_delta 5
P: seq 23725, size 1084, send_delta 3, trans_delta 3, recv_delta 6
P: seq 23726, size 1085, send_delta 3, trans_delta 3, recv_delta 6
P: seq 23727, size 1085, send_delta 3, trans_delta 3, recv_delta 6
P: seq 23728, size 1068, send_delta 3, trans_delta 3, recv_delta 6
P: seq 23729, size 1068, send_delta 4, trans_delta 3, recv_delta 7
P: seq 23730, size 1068, send_delta 4, trans_delta 3, recv_delta 7
P: seq 23731, size 1068, send_delta 4, trans_delta 4, recv_delta 8
P: seq 23732, size 1101, send_delta 4, trans_delta 4, recv_delta 8
P: seq 23733, size 1102, send_delta 4, trans_delta 4, recv_delta 8
P: seq 23734, size 1102, send_delta 4, trans_delta 5, recv_delta 9
P: seq 23735, size 1102, send_delta 5, trans_delta 4, recv_delta 9
P: seq 23736, size 1102, send_delta 6, trans_delta 3, recv_delta 9
P: seq 23737, size 1102, send_delta 6, trans_delta 4, recv_delta 10
P: seq 23738, size 996, send_delta 6, trans_delta 4, recv_delta 10
P: seq 23739, size 996, send_delta 6, trans_delta 5, recv_delta 11
P: seq 23740, size 997, send_delta 6, trans_delta 5, recv_delta 11
P: seq 23741, size 997, send_delta 7, trans_delta 4, recv_delta 11
P: seq 23742, size 997, send_delta 7, trans_delta 5, recv_delta 12
P: seq 23743, size 1047, send_delta 7, trans_delta 5, recv_delta 12
P: seq 23744, size 1047, send_delta 7, trans_delta 5, recv_delta 12
P: seq 23745, size 1048, send_delta 7, trans_delta 6, recv_delta 13
P: seq 23746, size 1048, send_delta 7, trans_delta 6, recv_delta 13
P: seq 23747, size 1048, send_delta 8, trans_delta 5, recv_delta 13
P: seq 23748, size 1182, send_delta 8, trans_delta 5, recv_delta 13
P: seq 23749, size 1182, send_delta 8, trans_delta 5, recv_delta 13
P: seq 23750, size 1183, send_delta 8, trans_delta 5, recv_delta 13
RTP TS: 406660831, Frame Size: 36475, Encode 3, Net 15, Wait 19, Decode 5 E2E 42 
P: seq 23751, size 727, send_delta 0, trans_delta 2, recv_delta 2
P: seq 23752, size 728, send_delta 1, trans_delta 2, recv_delta 3
P: seq 23753, size 1122, send_delta 1, trans_delta 2, recv_delta 3
P: seq 23754, size 1123, send_delta 1, trans_delta 2, recv_delta 3
P: seq 23755, size 1123, send_delta 1, trans_delta 2, recv_delta 3
P: seq 23756, size 1004, send_delta 1, trans_delta 3, recv_delta 4
P: seq 23757, size 1004, send_delta 2, trans_delta 3, recv_delta 5
P: seq 23758, size 1004, send_delta 3, trans_delta 2, recv_delta 5
P: seq 23759, size 1005, send_delta 3, trans_delta 2, recv_delta 5
P: seq 23760, size 1005, send_delta 3, trans_delta 2, recv_delta 5
P: seq 23761, size 1005, send_delta 3, trans_delta 2, recv_delta 5
P: seq 23762, size 1080, send_delta 3, trans_delta 3, recv_delta 6
P: seq 23763, size 1081, send_delta 3, trans_delta 3, recv_delta 6
P: seq 23764, size 1081, send_delta 4, trans_delta 3, recv_delta 7
P: seq 23765, size 1081, send_delta 4, trans_delta 3, recv_delta 7
P: seq 23766, size 1057, send_delta 4, trans_delta 3, recv_delta 7
P: seq 23767, size 1057, send_delta 4, trans_delta 4, recv_delta 8
P: seq 23768, size 1057, send_delta 4, trans_delta 4, recv_delta 8
P: seq 23769, size 1058, send_delta 4, trans_delta 4, recv_delta 8
P: seq 23770, size 1058, send_delta 5, trans_delta 4, recv_delta 9
P: seq 23771, size 1058, send_delta 6, trans_delta 3, recv_delta 9
P: seq 23772, size 1058, send_delta 6, trans_delta 4, recv_delta 10
P: seq 23773, size 1059, send_delta 6, trans_delta 4, recv_delta 10
P: seq 23774, size 1059, send_delta 6, trans_delta 4, recv_delta 10
P: seq 23775, size 1059, send_delta 6, trans_delta 4, recv_delta 10
P: seq 23776, size 1160, send_delta 7, trans_delta 4, recv_delta 11
P: seq 23777, size 1160, send_delta 7, trans_delta 4, recv_delta 11
P: seq 23778, size 1160, send_delta 7, trans_delta 4, recv_delta 11
P: seq 23779, size 1160, send_delta 7, trans_delta 5, recv_delta 12
P: seq 23780, size 1160, send_delta 7, trans_delta 5, recv_delta 12
P: seq 23781, size 1160, send_delta 8, trans_delta 5, recv_delta 13
P: seq 23782, size 1159, send_delta 8, trans_delta 5, recv_delta 13
P: seq 23783, size 1160, send_delta 8, trans_delta 5, recv_delta 13
P: seq 23784, size 1160, send_delta 8, trans_delta 6, recv_delta 14
P: seq 23785, size 1160, send_delta 8, trans_delta 6, recv_delta 14
RTP TS: 406662451, Frame Size: 32812, Encode 3, Net 13, Wait 20, Decode 5 E2E 41 
P: seq 23786, size 972, send_delta 0, trans_delta 1, recv_delta 1
P: seq 23787, size 972, send_delta 2, trans_delta 1, recv_delta 3
P: seq 23788, size 984, send_delta 2, trans_delta 1, recv_delta 3
P: seq 23789, size 984, send_delta 2, trans_delta 2, recv_delta 4
P: seq 23790, size 985, send_delta 2, trans_delta 2, recv_delta 4
P: seq 23791, size 985, send_delta 2, trans_delta 3, recv_delta 5
P: seq 23792, size 1156, send_delta 2, trans_delta 3, recv_delta 5
P: seq 23793, size 1156, send_delta 3, trans_delta 2, recv_delta 5
P: seq 23794, size 1156, send_delta 3, trans_delta 2, recv_delta 5
P: seq 23795, size 1157, send_delta 3, trans_delta 2, recv_delta 5
P: seq 23796, size 1157, send_delta 3, trans_delta 3, recv_delta 6
P: seq 23797, size 931, send_delta 3, trans_delta 4, recv_delta 7
P: seq 23798, size 931, send_delta 3, trans_delta 4, recv_delta 7
P: seq 23799, size 931, send_delta 4, trans_delta 3, recv_delta 7
P: seq 23800, size 932, send_delta 4, trans_delta 3, recv_delta 7
P: seq 23801, size 1131, send_delta 4, trans_delta 3, recv_delta 7
P: seq 23802, size 1131, send_delta 4, trans_delta 4, recv_delta 8
P: seq 23803, size 1132, send_delta 4, trans_delta 4, recv_delta 8
P: seq 23804, size 1132, send_delta 4, trans_delta 5, recv_delta 9
P: seq 23805, size 1132, send_delta 6, trans_delta 3, recv_delta 9
P: seq 23806, size 909, send_delta 6, trans_delta 3, recv_delta 9
P: seq 23807, size 909, send_delta 6, trans_delta 4, recv_delta 10
P: seq 23808, size 909, send_delta 6, trans_delta 4, recv_delta 10
P: seq 23809, size 910, send_delta 6, trans_delta 4, recv_delta 10
P: seq 23810, size 1044, send_delta 6, trans_delta 5, recv_delta 11
P: seq 23811, size 1045, send_delta 7, trans_delta 4, recv_delta 11
P: seq 23812, size 1045, send_delta 7, trans_delta 4, recv_delta 11
P: seq 23813, size 1045, send_delta 7, trans_delta 5, recv_delta 12
P: seq 23814, size 1045, send_delta 7, trans_delta 5, recv_delta 12
P: seq 23815, size 932, send_delta 7, trans_delta 5, recv_delta 12
P: seq 23816, size 932, send_delta 7, trans_delta 6, recv_delta 13
P: seq 23817, size 932, send_delta 7, trans_delta 6, recv_delta 13
P: seq 23818, size 933, send_delta 8, trans_delta 5, recv_delta 13
RTP TS: 406664071, Frame Size: 36052, Encode 3, Net 13, Wait 19, Decode 5 E2E 40 
P: seq 23819, size 783, send_delta 0, trans_delta 0, recv_delta 0
P: seq 23820, size 783, send_delta 1, trans_delta 0, recv_delta 1
P: seq 23821, size 1039, send_delta 1, trans_delta 1, recv_delta 2
P: seq 23822, size 1039, send_delta 1, trans_delta 1, recv_delta 2
P: seq 23823, size 1039, send_delta 1, trans_delta 2, recv_delta 3
P: seq 23824, size 1157, send_delta 1, trans_delta 2, recv_delta 3
P: seq 23825, size 1157, send_delta 2, trans_delta 2, recv_delta 4
P: seq 23826, size 1157, send_delta 2, trans_delta 2, recv_delta 4
P: seq 23827, size 1158, send_delta 2, trans_delta 2, recv_delta 4
P: seq 23828, size 1158, send_delta 3, trans_delta 2, recv_delta 5
P: seq 23829, size 1158, send_delta 3, trans_delta 2, recv_delta 5
P: seq 23830, size 1047, send_delta 3, trans_delta 2, recv_delta 5
P: seq 23831, size 1047, send_delta 4, trans_delta 2, recv_delta 6
P: seq 23832, size 1048, send_delta 4, trans_delta 2, recv_delta 6
P: seq 23833, size 1048, send_delta 4, trans_delta 2, recv_delta 6
P: seq 23834, size 1028, send_delta 4, trans_delta 3, recv_delta 7
P: seq 23835, size 1028, send_delta 4, trans_delta 3, recv_delta 7
P: seq 23836, size 1028, send_delta 4, trans_delta 4, recv_delta 8
P: seq 23837, size 1028, send_delta 5, trans_delta 3, recv_delta 8
P: seq 23838, size 1028, send_delta 5, trans_delta 3, recv_delta 8
P: seq 23839, size 1028, send_delta 5, trans_delta 4, recv_delta 9
P: seq 23840, size 911, send_delta 5, trans_delta 4, recv_delta 9
P: seq 23841, size 912, send_delta 5, trans_delta 4, recv_delta 9
P: seq 23842, size 912, send_delta 5, trans_delta 4, recv_delta 9
P: seq 23843, size 912, send_delta 5, trans_delta 5, recv_delta 10
P: seq 23844, size 1049, send_delta 6, trans_delta 4, recv_delta 10
P: seq 23845, size 1049, send_delta 6, trans_delta 5, recv_delta 11
P: seq 23846, size 1049, send_delta 7, trans_delta 4, recv_delta 11
P: seq 23847, size 1049, send_delta 7, trans_delta 4, recv_delta 11
P: seq 23848, size 1049, send_delta 7, trans_delta 5, recv_delta 12
P: seq 23849, size 1049, send_delta 7, trans_delta 5, recv_delta 12
P: seq 23850, size 1005, send_delta 8, trans_delta 4, recv_delta 12
P: seq 23851, size 1005, send_delta 8, trans_delta 4, recv_delta 12
P: seq 23852, size 1006, send_delta 8, trans_delta 4, recv_delta 12
P: seq 23853, size 1006, send_delta 8, trans_delta 4, recv_delta 12
P: seq 23854, size 1006, send_delta 8, trans_delta 4, recv_delta 12
RTP TS: 406665691, Frame Size: 32530, Encode 3, Net 12, Wait 21, Decode 5 E2E 41 
P: seq 23855, size 734, send_delta 0, trans_delta 1, recv_delta 1
P: seq 23856, size 734, send_delta 0, trans_delta 1, recv_delta 1
P: seq 23857, size 1111, send_delta 1, trans_delta 0, recv_delta 1
P: seq 23858, size 1111, send_delta 1, trans_delta 1, recv_delta 2
P: seq 23859, size 1112, send_delta 1, trans_delta 2, recv_delta 3
P: seq 23860, size 1068, send_delta 1, trans_delta 2, recv_delta 3
P: seq 23861, size 1068, send_delta 1, trans_delta 2, recv_delta 3
P: seq 23862, size 1068, send_delta 2, trans_delta 2, recv_delta 4
P: seq 23863, size 1068, send_delta 2, trans_delta 2, recv_delta 4
P: seq 23864, size 1069, send_delta 2, trans_delta 2, recv_delta 4
P: seq 23865, size 1069, send_delta 2, trans_delta 3, recv_delta 5
P: seq 23866, size 977, send_delta 2, trans_delta 3, recv_delta 5
P: seq 23867, size 978, send_delta 2, trans_delta 4, recv_delta 6
P: seq 23868, size 978, send_delta 3, trans_delta 3, recv_delta 6
P: seq 23869, size 978, send_delta 4, trans_delta 2, recv_delta 6
P: seq 23870, size 1122, send_delta 4, trans_delta 3, recv_delta 7
P: seq 23871, size 1122, send_delta 4, trans_delta 3, recv_delta 7
P: seq 23872, size 1122, send_delta 4, trans_delta 3, recv_delta 7
P: seq 23873, size 1122, send_delta 4, trans_delta 4, recv_delta 8
P: seq 23874, size 1123, send_delta 5, trans_delta 3, recv_delta 8
P: seq 23875, size 950, send_delta 5, trans_delta 3, recv_delta 8
P: seq 23876, size 951, send_delta 5, trans_delta 3, recv_delta 8
P: seq 23877, size 951, send_delta 5, trans_delta 4, recv_delta 9
P: seq 23878, size 951, send_delta 5, trans_delta 4, recv_delta 9
P: seq 23879, size 1000, send_delta 5, trans_delta 4, recv_delta 9
P: seq 23880, size 1000, send_delta 6, trans_delta 4, recv_delta 10
P: seq 23881, size 1000, send_delta 6, trans_delta 4, recv_delta 10
P: seq 23882, size 1000, send_delta 6, trans_delta 4, recv_delta 10
P: seq 23883, size 1001, send_delta 6, trans_delta 5, recv_delta 11
P: seq 23884, size 954, send_delta 6, trans_delta 5, recv_delta 11
P: seq 23885, size 954, send_delta 7, trans_delta 4, recv_delta 11
P: seq 23886, size 954, send_delta 7, trans_delta 5, recv_delta 12
P: seq 23887, size 955, send_delta 7, trans_delta 5, recv_delta 12
RTP TS: 406667221, Frame Size: 33277, Encode 3, Net 13, Wait 19, Decode 5 E2E 40 
P: seq 23888, size 1171, send_delta 0, trans_delta 1, recv_delta 1
P: seq 23889, size 949, send_delta 1, trans_delta 0, recv_delta 1
P: seq 23890, size 949, send_delta 1, trans_delta 0, recv_delta 1
P: seq 23891, size 949, send_delta 1, trans_delta 0, recv_delta 1
P: seq 23892, size 1053, send_delta 1, trans_delta 2, recv_delta 3
P: seq 23893, size 1053, send_delta 1, trans_delta 2, recv_delta 3
P: seq 23894, size 1053, send_delta 1, trans_delta 3, recv_delta 4
P: seq 23895, size 1054, send_delta 2, trans_delta 2, recv_delta 4
P: seq 23896, size 1054, send_delta 2, trans_delta 2, recv_delta 4
P: seq 23897, size 1054, send_delta 2, trans_delta 3, recv_delta 5
P: seq 23898, size 1137, send_delta 2, trans_delta 3, recv_delta 5
P: seq 23899, size 1137, send_delta 2, trans_delta 3, recv_delta 5
P: seq 23900, size 1137, send_delta 3, trans_delta 2, recv_delta 5
P: seq 23901, size 1137, send_delta 4, trans_delta 2, recv_delta 6
P: seq 23902, size 1150, send_delta 4, trans_delta 2, recv_delta 6
P: seq 23903, size 1151, send_delta 4, trans_delta 3, recv_delta 7
P: seq 23904, size 1151, send_delta 4, trans_delta 3, recv_delta 7
P: seq 23905, size 1151, send_delta 4, trans_delta 3, recv_delta 7
P: seq 23906, size 1151, send_delta 5, trans_delta 3, recv_delta 8
P: seq 23907, size 1186, send_delta 5, trans_delta 3, recv_delta 8
P: seq 23908, size 1187, send_delta 5, trans_delta 4, recv_delta 9
P: seq 23909, size 1187, send_delta 5, trans_delta 4, recv_delta 9
P: seq 23910, size 1187, send_delta 5, trans_delta 4, recv_delta 9
P: seq 23911, size 1057, send_delta 5, trans_delta 5, recv_delta 10
P: seq 23912, size 1057, send_delta 6, trans_delta 4, recv_delta 10
P: seq 23913, size 1058, send_delta 6, trans_delta 4, recv_delta 10
P: seq 23914, size 1058, send_delta 6, trans_delta 5, recv_delta 11
P: seq 23915, size 1107, send_delta 6, trans_delta 6, recv_delta 12
P: seq 23916, size 1108, send_delta 6, trans_delta 6, recv_delta 12
P: seq 23917, size 1108, send_delta 6, trans_delta 6, recv_delta 12
P: seq 23918, size 1108, send_delta 7, trans_delta 5, recv_delta 12
RTP TS: 406668841, Frame Size: 32447, Encode 3, Net 13, Wait 20, Decode 5 E2E 41 
P: seq 23919, size 754, send_delta 1, trans_delta 1, recv_delta 2
P: seq 23920, size 755, send_delta 1, trans_delta 1, recv_delta 2
P: seq 23921, size 1087, send_delta 2, trans_delta 0, recv_delta 2
P: seq 23922, size 1087, send_delta 2, trans_delta 0, recv_delta 2
P: seq 23923, size 1088, send_delta 2, trans_delta 0, recv_delta 2
P: seq 23924, size 1099, send_delta 2, trans_delta 2, recv_delta 4
P: seq 23925, size 1099, send_delta 2, trans_delta 2, recv_delta 4
P: seq 23926, size 1099, send_delta 3, trans_delta 1, recv_delta 4
P: seq 23927, size 1100, send_delta 3, trans_delta 2, recv_delta 5
P: seq 23928, size 1100, send_delta 3, trans_delta 2, recv_delta 5
P: seq 23929, size 1100, send_delta 3, trans_delta 2, recv_delta 5
P: seq 23930, size 1079, send_delta 3, trans_delta 3, recv_delta 6
P: seq 23931, size 1079, send_delta 4, trans_delta 2, recv_delta 6
P: seq 23932, size 1080, send_delta 4, trans_delta 3, recv_delta 7
P: seq 23933, size 1080, send_delta 4, trans_delta 3, recv_delta 7
P: seq 23934, size 1148, send_delta 4, trans_delta 3, recv_delta 7
P: seq 23935, size 1148, send_delta 4, trans_delta 4, recv_delta 8
P: seq 23936, size 1148, send_delta 4, trans_delta 4, recv_delta 8
P: seq 23937, size 1148, send_delta 6, trans_delta 3, recv_delta 9
P: seq 23938, size 1149, send_delta 6, trans_delta 3, recv_delta 9
P: seq 23939, size 1053, send_delta 6, trans_delta 3, recv_delta 9
P: seq 23940, size 1053, send_delta 6, trans_delta 4, recv_delta 10
P: seq 23941, size 1053, send_delta 6, trans_delta 4, recv_delta 10
P: seq 23942, size 1054, send_delta 7, trans_delta 3, recv_delta 10
P: seq 23943, size 989, send_delta 7, trans_delta 4, recv_delta 11
P: seq 23944, size 989, send_delta 7, trans_delta 4, recv_delta 11
P: seq 23945, size 989, send_delta 7, trans_delta 4, recv_delta 11
P: seq 23946, size 990, send_delta 7, trans_delta 4, recv_delta 11
P: seq 23947, size 912, send_delta 7, trans_delta 5, recv_delta 12
P: seq 23948, size 912, send_delta 7, trans_delta 5, recv_delta 12
P: seq 23949, size 912, send_delta 7, trans_delta 5, recv_delta 12
P: seq 23950, size 913, send_delta 8, trans_delta 5, recv_delta 13
RTP TS: 406670461, Frame Size: 34952, Encode 3, Net 14, Wait 19, Decode 5 E2E 41 
P: seq 23951, size 1129, send_delta 0, trans_delta 2, recv_delta 2
P: seq 23952, size 1104, send_delta 1, trans_delta 1, recv_delta 2
P: seq 23953, size 1104, send_delta 2, trans_delta 1, recv_delta 3
P: seq 23954, size 1105, send_delta 2, trans_delta 1, recv_delta 3
P: seq 23955, size 1017, send_delta 2, trans_delta 2, recv_delta 4
P: seq 23956, size 1017, send_delta 2, trans_delta 2, recv_delta 4
P: seq 23957, size 1017, send_delta 2, trans_delta 2, recv_delta 4
P: seq 23958, size 1018, send_delta 2, trans_delta 3, recv_delta 5
P: seq 23959, size 1018, send_delta 3, trans_delta 2, recv_delta 5
P: seq 23960, size 1018, send_delta 3, trans_delta 2, recv_delta 5
P: seq 23961, size 1097, send_delta 3, trans_delta 2, recv_delta 5
P: seq 23962, size 1097, send_delta 3, trans_delta 2, recv_delta 5
P: seq 23963, size 1097, send_delta 3, trans_delta 3, recv_delta 6
P: seq 23964, size 1098, send_delta 3, trans_delta 4, recv_delta 7
P: seq 23965, size 1131, send_delta 5, trans_delta 2, recv_delta 7
P: seq 23966, size 1131, send_delta 5, trans_delta 3, recv_delta 8
P: seq 23967, size 1132, send_delta 5, trans_delta 3, recv_delta 8
P: seq 23968, size 1132, send_delta 5, trans_delta 3, recv_delta 8
P: seq 23969, size 1132, send_delta 5, trans_delta 3, recv_delta 8
P: seq 23970, size 950, send_delta 5, trans_delta 4, recv_delta 9
P: seq 23971, size 950, send_delta 5, trans_delta 4, recv_delta 9
P: seq 23972, size 950, send_delta 6, trans_delta 3, recv_delta 9
P: seq 23973, size 951, send_delta 6, trans_delta 4, recv_delta 10
P: seq 23974, size 1030, send_delta 6, trans_delta 4, recv_delta 10
P: seq 23975, size 1030, send_delta 7, trans_delta 3, recv_delta 10
P: seq 23976, size 1030, send_delta 7, trans_delta 4, recv_delta 11
P: seq 23977, size 1031, send_delta 7, trans_delta 4, recv_delta 11
P: seq 23978, size 1031, send_delta 7, trans_delta 4, recv_delta 11
P: seq 23979, size 1031, send_delta 7, trans_delta 5, recv_delta 12
P: seq 23980, size 1044, send_delta 7, trans_delta 5, recv_delta 12
P: seq 23981, size 1045, send_delta 8, trans_delta 5, recv_delta 13
P: seq 23982, size 1045, send_delta 8, trans_delta 5, recv_delta 13
P: seq 23983, size 1045, send_delta 8, trans_delta 5, recv_delta 13
P: seq 23984, size 1045, send_delta 8, trans_delta 6, recv_delta 14
RTP TS: 406672081, Frame Size: 35410, Encode 3, Net 13, Wait 20, Decode 5 E2E 41 
P: seq 23985, size 746, send_delta 0, trans_delta 2, recv_delta 2
P: seq 23986, size 746, send_delta 1, trans_delta 1, recv_delta 2
P: seq 23987, size 1107, send_delta 2, trans_delta 1, recv_delta 3
P: seq 23988, size 1108, send_delta 2, trans_delta 1, recv_delta 3
P: seq 23989, size 1108, send_delta 2, trans_delta 1, recv_delta 3
P: seq 23990, size 1042, send_delta 2, trans_delta 1, recv_delta 3
P: seq 23991, size 1042, send_delta 2, trans_delta 2, recv_delta 4
P: seq 23992, size 1042, send_delta 3, trans_delta 2, recv_delta 5
P: seq 23993, size 1042, send_delta 3, trans_delta 2, recv_delta 5
P: seq 23994, size 1042, send_delta 3, trans_delta 2, recv_delta 5
P: seq 23995, size 1043, send_delta 3, trans_delta 2, recv_delta 5
P: seq 23996, size 1023, send_delta 3, trans_delta 3, recv_delta 6
P: seq 23997, size 1023, send_delta 3, trans_delta 3, recv_delta 6
P: seq 23998, size 1024, send_delta 4, trans_delta 2, recv_delta 6
P: seq 23999, size 1024, send_delta 4, trans_delta 3, recv_delta 7
P: seq 24000, size 1041, send_delta 4, trans_delta 3, recv_delta 7
P: seq 24001, size 1042, send_delta 4, trans_delta 3, recv_delta 7
P: seq 24002, size 1042, send_delta 4, trans_delta 4, recv_delta 8
P: seq 24003, size 1042, send_delta 4, trans_delta 4, recv_delta 8
P: seq 24004, size 1042, send_delta 6, trans_delta 3, recv_delta 9
P: seq 24005, size 992, send_delta 6, trans_delta 3, recv_delta 9
P: seq 24006, size 992, send_delta 6, trans_delta 3, recv_delta 9
P: seq 24007, size 993, send_delta 6, trans_delta 4, recv_delta 10
P: seq 24008, size 993, send_delta 6, trans_delta 4, recv_delta 10
P: seq 24009, size 1106, send_delta 6, trans_delta 4, recv_delta 10
P: seq 24010, size 1107, send_delta 7, trans_delta 4, recv_delta 11
P: seq 24011, size 1107, send_delta 7, trans_delta 4, recv_delta 11
P: seq 24012, size 1107, send_delta 7, trans_delta 4, recv_delta 11
P: seq 24013, size 1107, send_delta 7, trans_delta 5, recv_delta 12
P: seq 24014, size 1107, send_delta 7, trans_delta 5, recv_delta 12
P: seq 24015, size 1061, send_delta 7, trans_delta 5, recv_delta 12
P: seq 24016, size 1061, send_delta 8, trans_delta 4, recv_delta 12
P: seq 24017, size 1061, send_delta 8, trans_delta 4, recv_delta 12
P: seq 24018, size 1061, send_delta 8, trans_delta 5, recv_delta 13
P: seq 24019, size 1061, send_delta 8, trans_delta 5, recv_delta 13
RTP TS: 406673701, Frame Size: 37325, Encode 3, Net 18, Wait 16, Decode 5 E2E 42 
P: seq 24020, size 879, send_delta 1, trans_delta 1, recv_delta 2
P: seq 24021, size 880, send_delta 1, trans_delta 2, recv_delta 3
P: seq 24022, size 943, send_delta 2, trans_delta 1, recv_delta 3
P: seq 24023, size 943, send_delta 2, trans_delta 1, recv_delta 3
P: seq 24024, size 944, send_delta 2, trans_delta 2, recv_delta 4
P: seq 24025, size 1008, send_delta 2, trans_delta 2, recv_delta 4
P: seq 24026, size 1008, send_delta 2, trans_delta 2, recv_delta 4
P: seq 24027, size 1008, send_delta 4, trans_delta 0, recv_delta 4
P: seq 24028, size 1008, send_delta 4, trans_delta 1, recv_delta 5
P: seq 24029, size 1008, send_delta 4, trans_delta 1, recv_delta 5
P: seq 24030, size 1009, send_delta 4, trans_delta 2, recv_delta 6
P: seq 24031, size 1101, send_delta 4, trans_delta 3, recv_delta 7
P: seq 24032, size 1102, send_delta 4, trans_delta 4, recv_delta 8
P: seq 24033, size 1102, send_delta 4, trans_delta 4, recv_delta 8
P: seq 24034, size 1102, send_delta 4, trans_delta 4, recv_delta 8
P: seq 24035, size 1008, send_delta 4, trans_delta 5, recv_delta 9
P: seq 24036, size 1008, send_delta 4, trans_delta 5, recv_delta 9
P: seq 24037, size 1008, send_delta 4, trans_delta 5, recv_delta 9
P: seq 24038, size 1008, send_delta 4, trans_delta 6, recv_delta 10
P: seq 24039, size 1008, send_delta 5, trans_delta 6, recv_delta 11
P: seq 24040, size 1009, send_delta 5, trans_delta 6, recv_delta 11
P: seq 24041, size 1123, send_delta 5, trans_delta 6, recv_delta 11
P: seq 24042, size 1123, send_delta 5, trans_delta 7, recv_delta 12
P: seq 24043, size 1124, send_delta 6, trans_delta 6, recv_delta 12
P: seq 24044, size 1124, send_delta 7, trans_delta 6, recv_delta 13
P: seq 24045, size 1155, send_delta 7, trans_delta 6, recv_delta 13
P: seq 24046, size 1155, send_delta 7, trans_delta 7, recv_delta 14
P: seq 24047, size 1155, send_delta 7, trans_delta 7, recv_delta 14
P: seq 24048, size 1155, send_delta 7, trans_delta 7, recv_delta 14
P: seq 24049, size 1155, send_delta 7, trans_delta 7, recv_delta 14
P: seq 24050, size 1156, send_delta 7, trans_delta 7, recv_delta 14
P: seq 24051, size 1141, send_delta 8, trans_delta 8, recv_delta 16
P: seq 24052, size 1142, send_delta 8, trans_delta 9, recv_delta 17
P: seq 24053, size 1142, send_delta 8, trans_delta 9, recv_delta 17
P: seq 24054, size 1142, send_delta 8, trans_delta 10, recv_delta 18
P: seq 24055, size 1142, send_delta 9, trans_delta 9, recv_delta 18
RTP TS: 406675321, Frame Size: 33690, Encode 3, Net 17, Wait 16, Decode 5 E2E 41 
P: seq 24056, size 884, send_delta 0, trans_delta 1, recv_delta 1
P: seq 24057, size 884, send_delta 1, trans_delta 2, recv_delta 3
P: seq 24058, size 1061, send_delta 1, trans_delta 3, recv_delta 4
P: seq 24059, size 1061, send_delta 1, trans_delta 3, recv_delta 4
P: seq 24060, size 1062, send_delta 1, trans_delta 3, recv_delta 4
P: seq 24061, size 1175, send_delta 1, trans_delta 4, recv_delta 5
P: seq 24062, size 1176, send_delta 2, trans_delta 3, recv_delta 5
P: seq 24063, size 1176, send_delta 3, trans_delta 3, recv_delta 6
P: seq 24064, size 1176, send_delta 3, trans_delta 4, recv_delta 7
P: seq 24065, size 1124, send_delta 3, trans_delta 4, recv_delta 7
P: seq 24066, size 1124, send_delta 3, trans_delta 4, recv_delta 7
P: seq 24067, size 1125, send_delta 3, trans_delta 5, recv_delta 8
P: seq 24068, size 971, send_delta 4, trans_delta 4, recv_delta 8
P: seq 24069, size 971, send_delta 4, trans_delta 4, recv_delta 8
P: seq 24070, size 971, send_delta 4, trans_delta 5, recv_delta 9
P: seq 24071, size 971, send_delta 4, trans_delta 5, recv_delta 9
P: seq 24072, size 972, send_delta 4, trans_delta 5, recv_delta 9
P: seq 24073, size 1154, send_delta 4, trans_delta 6, recv_delta 10
P: seq 24074, size 1155, send_delta 5, trans_delta 6, recv_delta 11
P: seq 24075, size 1155, send_delta 5, trans_delta 7, recv_delta 12
P: seq 24076, size 1035, send_delta 5, trans_delta 7, recv_delta 12
P: seq 24077, size 1035, send_delta 5, trans_delta 7, recv_delta 12
P: seq 24078, size 1035, send_delta 5, trans_delta 8, recv_delta 13
P: seq 24079, size 1035, send_delta 5, trans_delta 8, recv_delta 13
P: seq 24080, size 1035, send_delta 6, trans_delta 7, recv_delta 13
P: seq 24081, size 1035, send_delta 7, trans_delta 7, recv_delta 14
P: seq 24082, size 1036, send_delta 7, trans_delta 8, recv_delta 15
P: seq 24083, size 1179, send_delta 7, trans_delta 8, recv_delta 15
P: seq 24084, size 1179, send_delta 7, trans_delta 8, recv_delta 15
P: seq 24085, size 1179, send_delta 7, trans_delta 8, recv_delta 15
P: seq 24086, size 1179, send_delta 8, trans_delta 7, recv_delta 15
P: seq 24087, size 1179, send_delta 8, trans_delta 8, recv_delta 16
RTP TS: 406676941, Frame Size: 34534, Encode 4, Net 15, Wait 17, Decode 6 E2E 42 
P: seq 24088, size 907, send_delta 0, trans_delta 0, recv_delta 0
P: seq 24089, size 907, send_delta 0, trans_delta 0, recv_delta 0
P: seq 24090, size 861, send_delta 1, trans_delta 0, recv_delta 1
P: seq 24091, size 861, send_delta 1, trans_delta 1, recv_delta 2
P: seq 24092, size 861, send_delta 1, trans_delta 1, recv_delta 2
P: seq 24093, size 906, send_delta 1, trans_delta 2, recv_delta 3
P: seq 24094, size 907, send_delta 1, trans_delta 2, recv_delta 3
P: seq 24095, size 907, send_delta 1, trans_delta 3, recv_delta 4
P: seq 24096, size 907, send_delta 2, trans_delta 2, recv_delta 4
P: seq 24097, size 1022, send_delta 2, trans_delta 3, recv_delta 5
P: seq 24098, size 1022, send_delta 2, trans_delta 3, recv_delta 5
P: seq 24099, size 1022, send_delta 3, trans_delta 2, recv_delta 5
P: seq 24100, size 1009, send_delta 3, trans_delta 3, recv_delta 6
P: seq 24101, size 1010, send_delta 3, trans_delta 3, recv_delta 6
P: seq 24102, size 1010, send_delta 3, trans_delta 4, recv_delta 7
P: seq 24103, size 1010, send_delta 4, trans_delta 3, recv_delta 7
P: seq 24104, size 947, send_delta 4, trans_delta 3, recv_delta 7
P: seq 24105, size 948, send_delta 4, trans_delta 4, recv_delta 8
P: seq 24106, size 1193, send_delta 4, trans_delta 4, recv_delta 8
P: seq 24107, size 1193, send_delta 4, trans_delta 5, recv_delta 9
P: seq 24108, size 1193, send_delta 4, trans_delta 6, recv_delta 10
P: seq 24109, size 1193, send_delta 5, trans_delta 5, recv_delta 10
P: seq 24110, size 1193, send_delta 5, trans_delta 5, recv_delta 10
P: seq 24111, size 1193, send_delta 5, trans_delta 6, recv_delta 11
P: seq 24112, size 1193, send_delta 5, trans_delta 7, recv_delta 12
P: seq 24113, size 1194, send_delta 5, trans_delta 7, recv_delta 12
P: seq 24114, size 1194, send_delta 5, trans_delta 8, recv_delta 13
P: seq 24115, size 1088, send_delta 7, trans_delta 6, recv_delta 13
P: seq 24116, size 1089, send_delta 7, trans_delta 6, recv_delta 13
P: seq 24117, size 1089, send_delta 7, trans_delta 7, recv_delta 14
P: seq 24118, size 1089, send_delta 7, trans_delta 8, recv_delta 15
P: seq 24119, size 1089, send_delta 7, trans_delta 8, recv_delta 15
P: seq 24120, size 1089, send_delta 7, trans_delta 8, recv_delta 15
P: seq 24121, size 1089, send_delta 8, trans_delta 7, recv_delta 15
RTP TS: 406678561, Frame Size: 29000, Encode 3, Net 15, Wait 18, Decode 4 E2E 40 
P: seq 24122, size 797, send_delta 1, trans_delta 1, recv_delta 2
P: seq 24123, size 798, send_delta 2, trans_delta 1, recv_delta 3
P: seq 24124, size 800, send_delta 2, trans_delta 1, recv_delta 3
P: seq 24125, size 801, send_delta 2, trans_delta 1, recv_delta 3
P: seq 24126, size 1015, send_delta 2, trans_delta 2, recv_delta 4
P: seq 24127, size 1015, send_delta 2, trans_delta 2, recv_delta 4
P: seq 24128, size 1016, send_delta 2, trans_delta 2, recv_delta 4
P: seq 24129, size 1039, send_delta 3, trans_delta 3, recv_delta 6
P: seq 24130, size 1040, send_delta 3, trans_delta 3, recv_delta 6
P: seq 24131, size 827, send_delta 3, trans_delta 3, recv_delta 6
P: seq 24132, size 827, send_delta 3, trans_delta 4, recv_delta 7
P: seq 24133, size 828, send_delta 3, trans_delta 4, recv_delta 7
P: seq 24134, size 782, send_delta 3, trans_delta 4, recv_delta 7
P: seq 24135, size 782, send_delta 3, trans_delta 5, recv_delta 8
P: seq 24136, size 1150, send_delta 3, trans_delta 5, recv_delta 8
P: seq 24137, size 1150, send_delta 4, trans_delta 5, recv_delta 9
P: seq 24138, size 1150, send_delta 5, trans_delta 4, recv_delta 9
P: seq 24139, size 1151, send_delta 5, trans_delta 5, recv_delta 10
P: seq 24140, size 1151, send_delta 5, trans_delta 5, recv_delta 10
P: seq 24141, size 1151, send_delta 5, trans_delta 5, recv_delta 10
P: seq 24142, size 1151, send_delta 5, trans_delta 6, recv_delta 11
P: seq 24143, size 1151, send_delta 6, trans_delta 6, recv_delta 12
P: seq 24144, size 1164, send_delta 6, trans_delta 6, recv_delta 12
P: seq 24145, size 1164, send_delta 6, trans_delta 7, recv_delta 13
P: seq 24146, size 1164, send_delta 6, trans_delta 7, recv_delta 13
P: seq 24147, size 1164, send_delta 6, trans_delta 7, recv_delta 13
P: seq 24148, size 1164, send_delta 7, trans_delta 6, recv_delta 13
P: seq 24149, size 1164, send_delta 7, trans_delta 7, recv_delta 14
P: seq 24150, size 1165, send_delta 7, trans_delta 8, recv_delta 15
RTP TS: 406680091, Frame Size: 29243, Encode 4, Net 15, Wait 17, Decode 4 E2E 40 
P: seq 24151, size 860, send_delta 0, trans_delta 2, recv_delta 2
P: seq 24152, size 861, send_delta 1, trans_delta 2, recv_delta 3
P: seq 24153, size 635, send_delta 2, trans_delta 1, recv_delta 3
P: seq 24154, size 635, send_delta 2, trans_delta 1, recv_delta 3
P: seq 24155, size 1157, send_delta 2, trans_delta 2, recv_delta 4
P: seq 24156, size 1158, send_delta 2, trans_delta 2, recv_delta 4
P: seq 24157, size 1144, send_delta 2, trans_delta 2, recv_delta 4
P: seq 24158, size 993, send_delta 3, trans_delta 2, recv_delta 5
P: seq 24159, size 994, send_delta 3, trans_delta 2, recv_delta 5
P: seq 24160, size 781, send_delta 3, trans_delta 2, recv_delta 5
P: seq 24161, size 781, send_delta 3, trans_delta 4, recv_delta 7
P: seq 24162, size 1176, send_delta 3, trans_delta 4, recv_delta 7
P: seq 24163, size 1176, send_delta 3, trans_delta 5, recv_delta 8
P: seq 24164, size 1176, send_delta 3, trans_delta 5, recv_delta 8
P: seq 24165, size 1176, send_delta 4, trans_delta 4, recv_delta 8
P: seq 24166, size 1176, send_delta 4, trans_delta 5, recv_delta 9
P: seq 24167, size 1177, send_delta 4, trans_delta 6, recv_delta 10
P: seq 24168, size 1177, send_delta 4, trans_delta 6, recv_delta 10
P: seq 24169, size 1177, send_delta 4, trans_delta 6, recv_delta 10
P: seq 24170, size 1177, send_delta 5, trans_delta 6, recv_delta 11
P: seq 24171, size 1177, send_delta 5, trans_delta 6, recv_delta 11
P: seq 24172, size 1167, send_delta 6, trans_delta 6, recv_delta 12
P: seq 24173, size 1167, send_delta 6, trans_delta 7, recv_delta 13
P: seq 24174, size 1167, send_delta 6, trans_delta 7, recv_delta 13
P: seq 24175, size 1168, send_delta 6, trans_delta 7, recv_delta 13
P: seq 24176, size 1168, send_delta 6, trans_delta 8, recv_delta 14
P: seq 24177, size 1168, send_delta 7, trans_delta 7, recv_delta 14
P: seq 24178, size 1168, send_delta 7, trans_delta 8, recv_delta 15
RTP TS: 406681711, Frame Size: 32329, Encode 3, Net 15, Wait 17, Decode 5 E2E 40 
P: seq 24179, size 898, send_delta 0, trans_delta 1, recv_delta 1
P: seq 24180, size 899, send_delta 0, trans_delta 1, recv_delta 1
P: seq 24181, size 1061, send_delta 2, trans_delta 1, recv_delta 3
P: seq 24182, size 1061, send_delta 2, trans_delta 1, recv_delta 3
P: seq 24183, size 1062, send_delta 2, trans_delta 1, recv_delta 3
P: seq 24184, size 997, send_delta 2, trans_delta 1, recv_delta 3
P: seq 24185, size 997, send_delta 2, trans_delta 2, recv_delta 4
P: seq 24186, size 787, send_delta 2, trans_delta 2, recv_delta 4
P: seq 24187, size 787, send_delta 2, trans_delta 3, recv_delta 5
P: seq 24188, size 1074, send_delta 2, trans_delta 4, recv_delta 6
P: seq 24189, size 1074, send_delta 3, trans_delta 3, recv_delta 6
P: seq 24190, size 1074, send_delta 3, trans_delta 3, recv_delta 6
P: seq 24191, size 902, send_delta 3, trans_delta 4, recv_delta 7
P: seq 24192, size 902, send_delta 3, trans_delta 4, recv_delta 7
P: seq 24193, size 903, send_delta 3, trans_delta 4, recv_delta 7
P: seq 24194, size 1093, send_delta 4, trans_delta 4, recv_delta 8
P: seq 24195, size 1093, send_delta 4, trans_delta 5, recv_delta 9
P: seq 24196, size 1093, send_delta 4, trans_delta 5, recv_delta 9
P: seq 24197, size 1093, send_delta 4, trans_delta 5, recv_delta 9
P: seq 24198, size 1093, send_delta 4, trans_delta 6, recv_delta 10
P: seq 24199, size 1093, send_delta 5, trans_delta 6, recv_delta 11
P: seq 24200, size 1093, send_delta 6, trans_delta 5, recv_delta 11
P: seq 24201, size 1094, send_delta 6, trans_delta 5, recv_delta 11
P: seq 24202, size 1094, send_delta 6, trans_delta 6, recv_delta 12
P: seq 24203, size 1094, send_delta 6, trans_delta 6, recv_delta 12
P: seq 24204, size 1102, send_delta 6, trans_delta 7, recv_delta 13
P: seq 24205, size 1102, send_delta 6, trans_delta 7, recv_delta 13
P: seq 24206, size 1102, send_delta 6, trans_delta 8, recv_delta 14
P: seq 24207, size 1102, send_delta 7, trans_delta 7, recv_delta 14
P: seq 24208, size 1103, send_delta 7, trans_delta 7, recv_delta 14
P: seq 24209, size 1103, send_delta 7, trans_delta 7, recv_delta 14
P: seq 24210, size 1103, send_delta 7, trans_delta 7, recv_delta 14
RTP TS: 406683331, Frame Size: 28113, Encode 4, Net 15, Wait 17, Decode 5 E2E 41 
P: seq 24211, size 1067, send_delta 0, trans_delta 0, recv_delta 0
P: seq 24212, size 1067, send_delta 1, trans_delta 2, recv_delta 3
P: seq 24213, size 999, send_delta 1, trans_delta 3, recv_delta 4
P: seq 24214, size 1000, send_delta 1, trans_delta 3, recv_delta 4
P: seq 24215, size 1000, send_delta 1, trans_delta 3, recv_delta 4
P: seq 24216, size 1175, send_delta 1, trans_delta 4, recv_delta 5
P: seq 24217, size 1030, send_delta 2, trans_delta 3, recv_delta 5
P: seq 24218, size 840, send_delta 3, trans_delta 2, recv_delta 5
P: seq 24219, size 1089, send_delta 3, trans_delta 3, recv_delta 6
P: seq 24220, size 1194, send_delta 3, trans_delta 4, recv_delta 7
P: seq 24221, size 1194, send_delta 3, trans_delta 4, recv_delta 7
P: seq 24222, size 1194, send_delta 3, trans_delta 5, recv_delta 8
P: seq 24223, size 1194, send_delta 4, trans_delta 4, recv_delta 8
P: seq 24224, size 1194, send_delta 4, trans_delta 4, recv_delta 8
P: seq 24225, size 1195, send_delta 4, trans_delta 5, recv_delta 9
P: seq 24226, size 1195, send_delta 4, trans_delta 6, recv_delta 10
P: seq 24227, size 1195, send_delta 4, trans_delta 6, recv_delta 10
P: seq 24228, size 1195, send_delta 5, trans_delta 6, recv_delta 11
P: seq 24229, size 1195, send_delta 5, trans_delta 6, recv_delta 11
P: seq 24230, size 1077, send_delta 5, trans_delta 6, recv_delta 11
P: seq 24231, size 1077, send_delta 5, trans_delta 7, recv_delta 12
P: seq 24232, size 1077, send_delta 5, trans_delta 8, recv_delta 13
P: seq 24233, size 1077, send_delta 5, trans_delta 8, recv_delta 13
P: seq 24234, size 1077, send_delta 5, trans_delta 8, recv_delta 13
P: seq 24235, size 1077, send_delta 7, trans_delta 7, recv_delta 14
P: seq 24236, size 1078, send_delta 7, trans_delta 7, recv_delta 14
RTP TS: 406684951, Frame Size: 28312, Encode 4, Net 14, Wait 17, Decode 5 E2E 40 
P: seq 24237, size 836, send_delta 0, trans_delta 0, recv_delta 0
P: seq 24238, size 837, send_delta 0, trans_delta 1, recv_delta 1
P: seq 24239, size 837, send_delta 1, trans_delta 2, recv_delta 3
P: seq 24240, size 1031, send_delta 1, trans_delta 2, recv_delta 3
P: seq 24241, size 1031, send_delta 1, trans_delta 3, recv_delta 4
P: seq 24242, size 816, send_delta 2, trans_delta 2, recv_delta 4
P: seq 24243, size 817, send_delta 2, trans_delta 3, recv_delta 5
P: seq 24244, size 1018, send_delta 2, trans_delta 3, recv_delta 5
P: seq 24245, size 761, send_delta 3, trans_delta 2, recv_delta 5
P: seq 24246, size 762, send_delta 3, trans_delta 2, recv_delta 5
P: seq 24247, size 837, send_delta 3, trans_delta 3, recv_delta 6
P: seq 24248, size 1184, send_delta 3, trans_delta 3, recv_delta 6
P: seq 24249, size 1185, send_delta 3, trans_delta 4, recv_delta 7
P: seq 24250, size 1185, send_delta 3, trans_delta 4, recv_delta 7
P: seq 24251, size 1185, send_delta 4, trans_delta 4, recv_delta 8
P: seq 24252, size 1185, send_delta 4, trans_delta 4, recv_delta 8
P: seq 24253, size 1185, send_delta 4, trans_delta 5, recv_delta 9
P: seq 24254, size 1185, send_delta 4, trans_delta 5, recv_delta 9
P: seq 24255, size 1185, send_delta 4, trans_delta 6, recv_delta 10
P: seq 24256, size 1185, send_delta 4, trans_delta 6, recv_delta 10
P: seq 24257, size 1185, send_delta 4, trans_delta 7, recv_delta 11
P: seq 24258, size 1081, send_delta 5, trans_delta 6, recv_delta 11
P: seq 24259, size 1082, send_delta 5, trans_delta 7, recv_delta 12
P: seq 24260, size 1082, send_delta 6, trans_delta 6, recv_delta 12
P: seq 24261, size 1082, send_delta 6, trans_delta 6, recv_delta 12
P: seq 24262, size 1082, send_delta 6, trans_delta 7, recv_delta 13
P: seq 24263, size 1082, send_delta 7, trans_delta 7, recv_delta 14
P: seq 24264, size 1082, send_delta 7, trans_delta 7, recv_delta 14
RTP TS: 406686571, Frame Size: 31187, Encode 4, Net 15, Wait 16, Decode 4 E2E 39 
P: seq 24265, size 1004, send_delta 0, trans_delta 0, recv_delta 0
P: seq 24266, size 1004, send_delta 1, trans_delta 1, recv_delta 2
P: seq 24267, size 692, send_delta 1, trans_delta 2, recv_delta 3
P: seq 24268, size 693, send_delta 1, trans_delta 2, recv_delta 3
P: seq 24269, size 1064, send_delta 1, trans_delta 2, recv_delta 3
P: seq 24270, size 733, send_delta 1, trans_delta 2, recv_delta 3
P: seq 24271, size 870, send_delta 1, trans_delta 3, recv_delta 4
P: seq 24272, size 896, send_delta 2, trans_delta 2, recv_delta 4
P: seq 24273, size 896, send_delta 3, trans_delta 1, recv_delta 4
P: seq 24274, size 1168, send_delta 3, trans_delta 2, recv_delta 5
P: seq 24275, size 1168, send_delta 3, trans_delta 2, recv_delta 5
P: seq 24276, size 1168, send_delta 3, trans_delta 2, recv_delta 5
P: seq 24277, size 1169, send_delta 3, trans_delta 3, recv_delta 6
P: seq 24278, size 1169, send_delta 3, trans_delta 3, recv_delta 6
P: seq 24279, size 1169, send_delta 4, trans_delta 4, recv_delta 8
P: seq 24280, size 1169, send_delta 4, trans_delta 4, recv_delta 8
P: seq 24281, size 1169, send_delta 4, trans_delta 5, recv_delta 9
P: seq 24282, size 1169, send_delta 4, trans_delta 5, recv_delta 9
P: seq 24283, size 1169, send_delta 4, trans_delta 5, recv_delta 9
P: seq 24284, size 1169, send_delta 5, trans_delta 5, recv_delta 10
P: seq 24285, size 1122, send_delta 5, trans_delta 6, recv_delta 11
P: seq 24286, size 1122, send_delta 5, trans_delta 6, recv_delta 11
P: seq 24287, size 1122, send_delta 5, trans_delta 7, recv_delta 12
P: seq 24288, size 1122, send_delta 5, trans_delta 7, recv_delta 12
P: seq 24289, size 1122, send_delta 5, trans_delta 7, recv_delta 12
P: seq 24290, size 1122, send_delta 6, trans_delta 6, recv_delta 12
P: seq 24291, size 1122, send_delta 6, trans_delta 8, recv_delta 14
P: seq 24292, size 1123, send_delta 7, trans_delta 7, recv_delta 14
P: seq 24293, size 1123, send_delta 7, trans_delta 7, recv_delta 14
P: seq 24294, size 1123, send_delta 7, trans_delta 7, recv_delta 14
RTP TS: 406688191, Frame Size: 33393, Encode 4, Net 16, Wait 15, Decode 5 E2E 40 
P: seq 24295, size 761, send_delta 0, trans_delta 0, recv_delta 0
P: seq 24296, size 762, send_delta 1, trans_delta 1, recv_delta 2
P: seq 24297, size 671, send_delta 1, trans_delta 1, recv_delta 2
P: seq 24298, size 671, send_delta 1, trans_delta 1, recv_delta 2
P: seq 24299, size 484, send_delta 1, trans_delta 1, recv_delta 2
P: seq 24300, size 1022, send_delta 1, trans_delta 2, recv_delta 3
P: seq 24301, size 1023, send_delta 1, trans_delta 3, recv_delta 4
P: seq 24302, size 1040, send_delta 1, trans_delta 3, recv_delta 4
P: seq 24303, size 1040, send_delta 1, trans_delta 3, recv_delta 4
P: seq 24304, size 1040, send_delta 1, trans_delta 4, recv_delta 5
P: seq 24305, size 1040, send_delta 3, trans_delta 2, recv_delta 5
P: seq 24306, size 1040, send_delta 3, trans_delta 2, recv_delta 5
P: seq 24307, size 1040, send_delta 3, trans_delta 3, recv_delta 6
P: seq 24308, size 1140, send_delta 3, trans_delta 4, recv_delta 7
P: seq 24309, size 1140, send_delta 3, trans_delta 4, recv_delta 7
P: seq 24310, size 1140, send_delta 3, trans_delta 4, recv_delta 7
P: seq 24311, size 1141, send_delta 3, trans_delta 5, recv_delta 8
P: seq 24312, size 1141, send_delta 4, trans_delta 5, recv_delta 9
P: seq 24313, size 1141, send_delta 4, trans_delta 5, recv_delta 9
P: seq 24314, size 1141, send_delta 4, trans_delta 6, recv_delta 10
P: seq 24315, size 1141, send_delta 4, trans_delta 6, recv_delta 10
P: seq 24316, size 1141, send_delta 4, trans_delta 6, recv_delta 10
P: seq 24317, size 1141, send_delta 5, trans_delta 5, recv_delta 10
P: seq 24318, size 1118, send_delta 5, trans_delta 7, recv_delta 12
P: seq 24319, size 1118, send_delta 5, trans_delta 7, recv_delta 12
P: seq 24320, size 1118, send_delta 5, trans_delta 7, recv_delta 12
P: seq 24321, size 1118, send_delta 5, trans_delta 8, recv_delta 13
P: seq 24322, size 1118, send_delta 5, trans_delta 8, recv_delta 13
P: seq 24323, size 1118, send_delta 6, trans_delta 8, recv_delta 14
P: seq 24324, size 1118, send_delta 7, trans_delta 7, recv_delta 14
P: seq 24325, size 1118, send_delta 7, trans_delta 7, recv_delta 14
P: seq 24326, size 1119, send_delta 7, trans_delta 7, recv_delta 14
P: seq 24327, size 1119, send_delta 7, trans_delta 9, recv_delta 16
RTP TS: 406689811, Frame Size: 36447, Encode 4, Net 16, Wait 15, Decode 5 E2E 40 
P: seq 24328, size 1086, send_delta 0, trans_delta 1, recv_delta 1
P: seq 24329, size 618, send_delta 1, trans_delta 1, recv_delta 2
P: seq 24330, size 618, send_delta 1, trans_delta 1, recv_delta 2
P: seq 24331, size 1028, send_delta 1, trans_delta 1, recv_delta 2
P: seq 24332, size 767, send_delta 1, trans_delta 2, recv_delta 3
P: seq 24333, size 1114, send_delta 1, trans_delta 2, recv_delta 3
P: seq 24334, size 1114, send_delta 1, trans_delta 2, recv_delta 3
P: seq 24335, size 1114, send_delta 1, trans_delta 3, recv_delta 4
P: seq 24336, size 1115, send_delta 2, trans_delta 3, recv_delta 5
P: seq 24337, size 1092, send_delta 2, trans_delta 3, recv_delta 5
P: seq 24338, size 1092, send_delta 2, trans_delta 3, recv_delta 5
P: seq 24339, size 1092, send_delta 2, trans_delta 4, recv_delta 6
P: seq 24340, size 1092, send_delta 3, trans_delta 3, recv_delta 6
P: seq 24341, size 1092, send_delta 3, trans_delta 4, recv_delta 7
P: seq 24342, size 1116, send_delta 3, trans_delta 4, recv_delta 7
P: seq 24343, size 1116, send_delta 3, trans_delta 5, recv_delta 8
P: seq 24344, size 1116, send_delta 3, trans_delta 5, recv_delta 8
P: seq 24345, size 1116, send_delta 5, trans_delta 4, recv_delta 9
P: seq 24346, size 1116, send_delta 5, trans_delta 4, recv_delta 9
P: seq 24347, size 1116, send_delta 5, trans_delta 4, recv_delta 9
P: seq 24348, size 1116, send_delta 5, trans_delta 5, recv_delta 10
P: seq 24349, size 1116, send_delta 5, trans_delta 6, recv_delta 11
P: seq 24350, size 1116, send_delta 5, trans_delta 6, recv_delta 11
P: seq 24351, size 1116, send_delta 5, trans_delta 6, recv_delta 11
P: seq 24352, size 1102, send_delta 6, trans_delta 6, recv_delta 12
P: seq 24353, size 1102, send_delta 6, trans_delta 7, recv_delta 13
P: seq 24354, size 1102, send_delta 6, trans_delta 7, recv_delta 13
P: seq 24355, size 1102, send_delta 6, trans_delta 7, recv_delta 13
P: seq 24356, size 1102, send_delta 6, trans_delta 7, recv_delta 13
P: seq 24357, size 1102, send_delta 6, trans_delta 7, recv_delta 13
P: seq 24358, size 1103, send_delta 7, trans_delta 7, recv_delta 14
P: seq 24359, size 1103, send_delta 7, trans_delta 7, recv_delta 14
P: seq 24360, size 1103, send_delta 8, trans_delta 6, recv_delta 14
P: seq 24361, size 1103, send_delta 8, trans_delta 7, recv_delta 15
P: seq 24362, size 1103, send_delta 8, trans_delta 7, recv_delta 15
RTP TS: 406691431, Frame Size: 41009, Encode 4, Net 16, Wait 17, Decode 6 E2E 43 
P: seq 24363, size 1151, send_delta 1, trans_delta 0, recv_delta 1
P: seq 24364, size 1134, send_delta 2, trans_delta 0, recv_delta 2
P: seq 24365, size 1134, send_delta 2, trans_delta 1, recv_delta 3
P: seq 24366, size 1134, send_delta 2, trans_delta 2, recv_delta 4
P: seq 24367, size 1105, send_delta 2, trans_delta 2, recv_delta 4
P: seq 24368, size 1106, send_delta 2, trans_delta 2, recv_delta 4
P: seq 24369, size 1106, send_delta 2, trans_delta 3, recv_delta 5
P: seq 24370, size 1106, send_delta 2, trans_delta 3, recv_delta 5
P: seq 24371, size 1051, send_delta 3, trans_delta 3, recv_delta 6
P: seq 24372, size 1051, send_delta 3, trans_delta 3, recv_delta 6
P: seq 24373, size 1051, send_delta 4, trans_delta 2, recv_delta 6
P: seq 24374, size 1079, send_delta 4, trans_delta 3, recv_delta 7
P: seq 24375, size 1079, send_delta 4, trans_delta 3, recv_delta 7
P: seq 24376, size 1080, send_delta 4, trans_delta 3, recv_delta 7
P: seq 24377, size 1080, send_delta 4, trans_delta 4, recv_delta 8
P: seq 24378, size 1080, send_delta 5, trans_delta 3, recv_delta 8
P: seq 24379, size 1080, send_delta 5, trans_delta 3, recv_delta 8
P: seq 24380, size 1100, send_delta 5, trans_delta 3, recv_delta 8
P: seq 24381, size 1100, send_delta 5, trans_delta 4, recv_delta 9
P: seq 24382, size 1100, send_delta 5, trans_delta 5, recv_delta 10
P: seq 24383, size 1101, send_delta 6, trans_delta 4, recv_delta 10
P: seq 24384, size 1101, send_delta 6, trans_delta 4, recv_delta 10
P: seq 24385, size 1108, send_delta 6, trans_delta 5, recv_delta 11
P: seq 24386, size 1108, send_delta 6, trans_delta 5, recv_delta 11
P: seq 24387, size 1108, send_delta 6, trans_delta 6, recv_delta 12
P: seq 24388, size 1108, send_delta 6, trans_delta 6, recv_delta 12
P: seq 24389, size 1108, send_delta 8, trans_delta 4, recv_delta 12
P: seq 24390, size 1109, send_delta 9, trans_delta 4, recv_delta 13
P: seq 24391, size 1109, send_delta 9, trans_delta 4, recv_delta 13
P: seq 24392, size 1109, send_delta 9, trans_delta 5, recv_delta 14
P: seq 24393, size 1123, send_delta 9, trans_delta 5, recv_delta 14
P: seq 24394, size 1123, send_delta 9, trans_delta 5, recv_delta 14
P: seq 24395, size 1123, send_delta 9, trans_delta 6, recv_delta 15
P: seq 24396, size 1123, send_delta 9, trans_delta 6, recv_delta 15
P: seq 24397, size 1123, send_delta 9, trans_delta 6, recv_delta 15
P: seq 24398, size 1124, send_delta 9, trans_delta 6, recv_delta 15
P: seq 24399, size 1124, send_delta 9, trans_delta 6, recv_delta 15
P: seq 24400, size 1124, send_delta 9, trans_delta 6, recv_delta 15
RTP TS: 406693051, Frame Size: 45022, Encode 4, Net 17, Wait 14, Decode 7 E2E 42 
P: seq 24401, size 1142, send_delta 0, trans_delta 0, recv_delta 0
P: seq 24402, size 1142, send_delta 1, trans_delta 1, recv_delta 2
P: seq 24403, size 1146, send_delta 1, trans_delta 1, recv_delta 2
P: seq 24404, size 1146, send_delta 1, trans_delta 1, recv_delta 2
P: seq 24405, size 1146, send_delta 1, trans_delta 1, recv_delta 2
P: seq 24406, size 1147, send_delta 1, trans_delta 1, recv_delta 2
P: seq 24407, size 988, send_delta 1, trans_delta 2, recv_delta 3
P: seq 24408, size 988, send_delta 1, trans_delta 3, recv_delta 4
P: seq 24409, size 988, send_delta 2, trans_delta 3, recv_delta 5
P: seq 24410, size 988, send_delta 3, trans_delta 2, recv_delta 5
P: seq 24411, size 988, send_delta 3, trans_delta 2, recv_delta 5
P: seq 24412, size 1103, send_delta 3, trans_delta 3, recv_delta 6
P: seq 24413, size 1103, send_delta 3, trans_delta 3, recv_delta 6
P: seq 24414, size 1103, send_delta 3, trans_delta 3, recv_delta 6
P: seq 24415, size 1104, send_delta 4, trans_delta 3, recv_delta 7
P: seq 24416, size 1093, send_delta 4, trans_delta 3, recv_delta 7
P: seq 24417, size 1093, send_delta 4, trans_delta 3, recv_delta 7
P: seq 24418, size 1093, send_delta 4, trans_delta 4, recv_delta 8
P: seq 24419, size 1093, send_delta 4, trans_delta 4, recv_delta 8
P: seq 24420, size 1093, send_delta 4, trans_delta 5, recv_delta 9
P: seq 24421, size 1094, send_delta 5, trans_delta 4, recv_delta 9
P: seq 24422, size 1094, send_delta 5, trans_delta 4, recv_delta 9
P: seq 24423, size 1193, send_delta 5, trans_delta 5, recv_delta 10
P: seq 24424, size 1193, send_delta 5, trans_delta 5, recv_delta 10
P: seq 24425, size 1193, send_delta 5, trans_delta 6, recv_delta 11
P: seq 24426, size 1194, send_delta 6, trans_delta 5, recv_delta 11
P: seq 24427, size 1194, send_delta 6, trans_delta 5, recv_delta 11
P: seq 24428, size 1061, send_delta 6, trans_delta 6, recv_delta 12
P: seq 24429, size 1061, send_delta 6, trans_delta 6, recv_delta 12
P: seq 24430, size 1061, send_delta 7, trans_delta 5, recv_delta 12
P: seq 24431, size 1061, send_delta 7, trans_delta 5, recv_delta 12
P: seq 24432, size 1062, send_delta 7, trans_delta 5, recv_delta 12
P: seq 24433, size 1062, send_delta 7, trans_delta 6, recv_delta 13
P: seq 24434, size 1062, send_delta 7, trans_delta 7, recv_delta 14
P: seq 24435, size 1062, send_delta 8, trans_delta 6, recv_delta 14
P: seq 24436, size 1106, send_delta 8, trans_delta 6, recv_delta 14
P: seq 24437, size 1106, send_delta 9, trans_delta 6, recv_delta 15
P: seq 24438, size 1107, send_delta 9, trans_delta 6, recv_delta 15
P: seq 24439, size 1107, send_delta 9, trans_delta 6, recv_delta 15
P: seq 24440, size 1107, send_delta 9, trans_delta 7, recv_delta 16
P: seq 24441, size 1107, send_delta 10, trans_delta 6, recv_delta 16
P: seq 24442, size 1107, send_delta 10, trans_delta 6, recv_delta 16
RTP TS: 406694671, Frame Size: 49817, Encode 5, Net 19, Wait 13, Decode 7 E2E 44 
P: seq 24443, size 1052, send_delta 0, trans_delta 2, recv_delta 2
P: seq 24444, size 1052, send_delta 1, trans_delta 1, recv_delta 2
P: seq 24445, size 1053, send_delta 2, trans_delta 1, recv_delta 3
P: seq 24446, size 1053, send_delta 2, trans_delta 1, recv_delta 3
P: seq 24447, size 1072, send_delta 2, trans_delta 1, recv_delta 3
P: seq 24448, size 1072, send_delta 2, trans_delta 1, recv_delta 3
P: seq 24449, size 1072, send_delta 2, trans_delta 1, recv_delta 3
P: seq 24450, size 1072, send_delta 3, trans_delta 1, recv_delta 4
P: seq 24451, size 1072, send_delta 3, trans_delta 1, recv_delta 4
P: seq 24452, size 1079, send_delta 3, trans_delta 2, recv_delta 5
P: seq 24453, size 1079, send_delta 3, trans_delta 3, recv_delta 6
P: seq 24454, size 1079, send_delta 3, trans_delta 3, recv_delta 6
P: seq 24455, size 1079, send_delta 3, trans_delta 3, recv_delta 6
P: seq 24456, size 1079, send_delta 4, trans_delta 2, recv_delta 6
P: seq 24457, size 972, send_delta 4, trans_delta 3, recv_delta 7
P: seq 24458, size 972, send_delta 4, trans_delta 3, recv_delta 7
P: seq 24459, size 972, send_delta 4, trans_delta 3, recv_delta 7
P: seq 24460, size 972, send_delta 4, trans_delta 4, recv_delta 8
P: seq 24461, size 973, send_delta 5, trans_delta 3, recv_delta 8
P: seq 24462, size 1165, send_delta 5, trans_delta 4, recv_delta 9
P: seq 24463, size 1165, send_delta 5, trans_delta 4, recv_delta 9
P: seq 24464, size 1165, send_delta 5, trans_delta 4, recv_delta 9
P: seq 24465, size 1165, send_delta 6, trans_delta 4, recv_delta 10
P: seq 24466, size 1165, send_delta 7, trans_delta 3, recv_delta 10
P: seq 24467, size 1166, send_delta 7, trans_delta 4, recv_delta 11
P: seq 24468, size 1171, send_delta 7, trans_delta 4, recv_delta 11
P: seq 24469, size 1171, send_delta 7, trans_delta 4, recv_delta 11
P: seq 24470, size 1171, send_delta 7, trans_delta 5, recv_delta 12
P: seq 24471, size 1171, send_delta 7, trans_delta 5, recv_delta 12
P: seq 24472, size 1171, send_delta 8, trans_delta 5, recv_delta 13
P: seq 24473, size 1171, send_delta 8, trans_delta 5, recv_delta 13
P: seq 24474, size 1180, send_delta 8, trans_delta 5, recv_delta 13
P: seq 24475, size 1180, send_delta 8, trans_delta 5, recv_delta 13
P: seq 24476, size 1180, send_delta 8, trans_delta 5, recv_delta 13
P: seq 24477, size 1180, send_delta 8, trans_delta 7, recv_delta 15
P: seq 24478, size 1180, send_delta 8, trans_delta 7, recv_delta 15
P: seq 24479, size 1180, send_delta 9, trans_delta 6, recv_delta 15
P: seq 24480, size 1180, send_delta 9, trans_delta 7, recv_delta 16
P: seq 24481, size 1181, send_delta 9, trans_delta 7, recv_delta 16
P: seq 24482, size 1099, send_delta 10, trans_delta 7, recv_delta 17
P: seq 24483, size 1099, send_delta 10, trans_delta 7, recv_delta 17
P: seq 24484, size 1099, send_delta 11, trans_delta 6, recv_delta 17
P: seq 24485, size 1099, send_delta 11, trans_delta 6, recv_delta 17
P: seq 24486, size 1100, send_delta 11, trans_delta 6, recv_delta 17
P: seq 24487, size 1100, send_delta 11, trans_delta 8, recv_delta 19
P: seq 24488, size 1100, send_delta 11, trans_delta 8, recv_delta 19
RTP TS: 406696291, Frame Size: 53955, Encode 5, Net 20, Wait 11, Decode 8 E2E 44 
P: seq 24489, size 923, send_delta 0, trans_delta 2, recv_delta 2
P: seq 24490, size 923, send_delta 0, trans_delta 2, recv_delta 2
P: seq 24491, size 923, send_delta 1, trans_delta 1, recv_delta 2
P: seq 24492, size 923, send_delta 2, trans_delta 0, recv_delta 2
P: seq 24493, size 1086, send_delta 2, trans_delta 0, recv_delta 2
P: seq 24494, size 1086, send_delta 2, trans_delta 0, recv_delta 2
P: seq 24495, size 1086, send_delta 2, trans_delta 1, recv_delta 3
P: seq 24496, size 1086, send_delta 2, trans_delta 2, recv_delta 4
P: seq 24497, size 1087, send_delta 2, trans_delta 2, recv_delta 4
P: seq 24498, size 1074, send_delta 4, trans_delta 1, recv_delta 5
P: seq 24499, size 1074, send_delta 4, trans_delta 1, recv_delta 5
P: seq 24500, size 1074, send_delta 4, trans_delta 2, recv_delta 6
P: seq 24501, size 1074, send_delta 4, trans_delta 2, recv_delta 6
P: seq 24502, size 1075, send_delta 4, trans_delta 2, recv_delta 6
P: seq 24503, size 1183, send_delta 4, trans_delta 2, recv_delta 6
P: seq 24504, size 1183, send_delta 4, trans_delta 2, recv_delta 6
P: seq 24505, size 1183, send_delta 4, trans_delta 3, recv_delta 7
P: seq 24506, size 1183, send_delta 4, trans_delta 3, recv_delta 7
P: seq 24507, size 1183, send_delta 4, trans_delta 4, recv_delta 8
P: seq 24508, size 1183, send_delta 4, trans_delta 5, recv_delta 9
P: seq 24509, size 1056, send_delta 6, trans_delta 3, recv_delta 9
P: seq 24510, size 1057, send_delta 6, trans_delta 4, recv_delta 10
P: seq 24511, size 1057, send_delta 6, trans_delta 4, recv_delta 10
P: seq 24512, size 1057, send_delta 6, trans_delta 4, recv_delta 10
P: seq 24513, size 1057, send_delta 6, trans_delta 5, recv_delta 11
P: seq 24514, size 1057, send_delta 6, trans_delta 5, recv_delta 11
P: seq 24515, size 1094, send_delta 6, trans_delta 5, recv_delta 11
P: seq 24516, size 1094, send_delta 7, trans_delta 5, recv_delta 12
P: seq 24517, size 1095, send_delta 7, trans_delta 5, recv_delta 12
P: seq 24518, size 1095, send_delta 7, trans_delta 6, recv_delta 13
P: seq 24519, size 1095, send_delta 7, trans_delta 6, recv_delta 13
P: seq 24520, size 1095, send_delta 7, trans_delta 6, recv_delta 13
P: seq 24521, size 1124, send_delta 7, trans_delta 7, recv_delta 14
P: seq 24522, size 1124, send_delta 9, trans_delta 5, recv_delta 14
P: seq 24523, size 1124, send_delta 9, trans_delta 5, recv_delta 14
P: seq 24524, size 1124, send_delta 9, trans_delta 6, recv_delta 15
P: seq 24525, size 1124, send_delta 9, trans_delta 6, recv_delta 15
P: seq 24526, size 1124, send_delta 9, trans_delta 6, recv_delta 15
P: seq 24527, size 1125, send_delta 10, trans_delta 6, recv_delta 16
P: seq 24528, size 1125, send_delta 10, trans_delta 6, recv_delta 16
P: seq 24529, size 1125, send_delta 10, trans_delta 7, recv_delta 17
P: seq 24530, size 1125, send_delta 10, trans_delta 7, recv_delta 17
P: seq 24531, size 1184, send_delta 10, trans_delta 7, recv_delta 17
P: seq 24532, size 1184, send_delta 10, trans_delta 7, recv_delta 17
P: seq 24533, size 1184, send_delta 11, trans_delta 7, recv_delta 18
P: seq 24534, size 1185, send_delta 11, trans_delta 7, recv_delta 18
P: seq 24535, size 1185, send_delta 11, trans_delta 7, recv_delta 18
P: seq 24536, size 1185, send_delta 11, trans_delta 7, recv_delta 18
P: seq 24537, size 1185, send_delta 11, trans_delta 9, recv_delta 20
P: seq 24538, size 1185, send_delta 12, trans_delta 8, recv_delta 20
RTP TS: 406697911, Frame Size: 59124, Encode 5, Net 22, Wait 10, Decode 8 E2E 45 
P: seq 24539, size 1042, send_delta 0, trans_delta 2, recv_delta 2
P: seq 24540, size 1043, send_delta 1, trans_delta 2, recv_delta 3
P: seq 24541, size 1043, send_delta 1, trans_delta 2, recv_delta 3
P: seq 24542, size 1043, send_delta 1, trans_delta 2, recv_delta 3
P: seq 24543, size 1130, send_delta 1, trans_delta 2, recv_delta 3
P: seq 24544, size 1130, send_delta 1, trans_delta 2, recv_delta 3
P: seq 24545, size 1130, send_delta 2, trans_delta 2, recv_delta 4
P: seq 24546, size 1131, send_delta 2, trans_delta 2, recv_delta 4
P: seq 24547, size 1131, send_delta 2, trans_delta 3, recv_delta 5
P: seq 24548, size 1069, send_delta 2, trans_delta 4, recv_delta 6
P: seq 24549, size 1069, send_delta 3, trans_delta 3, recv_delta 6
P: seq 24550, size 1070, send_delta 3, trans_delta 3, recv_delta 6
P: seq 24551, size 1070, send_delta 4, trans_delta 3, recv_delta 7
P: seq 24552, size 1070, send_delta 4, trans_delta 3, recv_delta 7
P: seq 24553, size 1070, send_delta 4, trans_delta 4, recv_delta 8
P: seq 24554, size 1070, send_delta 4, trans_delta 4, recv_delta 8
P: seq 24555, size 1070, send_delta 4, trans_delta 4, recv_delta 8
P: seq 24556, size 1070, send_delta 4, trans_delta 4, recv_delta 8
P: seq 24557, size 1144, send_delta 4, trans_delta 5, recv_delta 9
P: seq 24558, size 1144, send_delta 5, trans_delta 4, recv_delta 9
P: seq 24559, size 1144, send_delta 5, trans_delta 5, recv_delta 10
P: seq 24560, size 1145, send_delta 5, trans_delta 5, recv_delta 10
P: seq 24561, size 1145, send_delta 6, trans_delta 5, recv_delta 11
P: seq 24562, size 1145, send_delta 6, trans_delta 5, recv_delta 11
P: seq 24563, size 1196, send_delta 6, trans_delta 5, recv_delta 11
P: seq 24564, size 1196, send_delta 6, trans_delta 6, recv_delta 12
P: seq 24565, size 1196, send_delta 6, trans_delta 6, recv_delta 12
P: seq 24566, size 1197, send_delta 7, trans_delta 5, recv_delta 12
P: seq 24567, size 1197, send_delta 7, trans_delta 6, recv_delta 13
P: seq 24568, size 1197, send_delta 7, trans_delta 6, recv_delta 13
P: seq 24569, size 1197, send_delta 7, trans_delta 6, recv_delta 13
P: seq 24570, size 1067, send_delta 7, trans_delta 6, recv_delta 13
P: seq 24571, size 1067, send_delta 8, trans_delta 6, recv_delta 14
P: seq 24572, size 1067, send_delta 8, trans_delta 7, recv_delta 15
P: seq 24573, size 1067, send_delta 8, trans_delta 7, recv_delta 15
P: seq 24574, size 1067, send_delta 8, trans_delta 7, recv_delta 15
P: seq 24575, size 1068, send_delta 8, trans_delta 8, recv_delta 16
P: seq 24576, size 1068, send_delta 9, trans_delta 7, recv_delta 16
P: seq 24577, size 1174, send_delta 9, trans_delta 7, recv_delta 16
P: seq 24578, size 1174, send_delta 9, trans_delta 7, recv_delta 16
P: seq 24579, size 1174, send_delta 10, trans_delta 7, recv_delta 17
P: seq 24580, size 1174, send_delta 10, trans_delta 8, recv_delta 18
P: seq 24581, size 1175, send_delta 10, trans_delta 8, recv_delta 18
P: seq 24582, size 1175, send_delta 11, trans_delta 7, recv_delta 18
P: seq 24583, size 1175, send_delta 11, trans_delta 8, recv_delta 19
P: seq 24584, size 1175, send_delta 11, trans_delta 8, recv_delta 19
P: seq 24585, size 1175, send_delta 11, trans_delta 8, recv_delta 19
P: seq 24586, size 1175, send_delta 11, trans_delta 8, recv_delta 19
P: seq 24587, size 1097, send_delta 12, trans_delta 7, recv_delta 19
P: seq 24588, size 1097, send_delta 12, trans_delta 9, recv_delta 21
P: seq 24589, size 1097, send_delta 12, trans_delta 9, recv_delta 21
P: seq 24590, size 1097, send_delta 12, trans_delta 10, recv_delta 22
P: seq 24591, size 1098, send_delta 12, trans_delta 10, recv_delta 22
P: seq 24592, size 1098, send_delta 12, trans_delta 10, recv_delta 22
RTP TS: 406699531, Frame Size: 50074, Encode 4, Net 23, Wait 11, Decode 7 E2E 45 
P: seq 24593, size 1078, send_delta 0, trans_delta 6, recv_delta 6
P: seq 24594, size 1078, send_delta 2, trans_delta 4, recv_delta 6
P: seq 24595, size 1078, send_delta 2, trans_delta 5, recv_delta 7
P: seq 24596, size 1078, send_delta 2, trans_delta 5, recv_delta 7
P: seq 24597, size 1079, send_delta 2, trans_delta 5, recv_delta 7
P: seq 24598, size 1080, send_delta 2, trans_delta 6, recv_delta 8
P: seq 24599, size 1080, send_delta 3, trans_delta 5, recv_delta 8
P: seq 24600, size 1080, send_delta 3, trans_delta 5, recv_delta 8
P: seq 24601, size 1080, send_delta 3, trans_delta 5, recv_delta 8
P: seq 24602, size 1080, send_delta 3, trans_delta 6, recv_delta 9
P: seq 24603, size 1081, send_delta 3, trans_delta 6, recv_delta 9
P: seq 24604, size 1081, send_delta 3, trans_delta 7, recv_delta 10
P: seq 24605, size 1081, send_delta 3, trans_delta 7, recv_delta 10
P: seq 24606, size 1177, send_delta 3, trans_delta 7, recv_delta 10
P: seq 24607, size 1177, send_delta 4, trans_delta 7, recv_delta 11
P: seq 24608, size 1177, send_delta 5, trans_delta 6, recv_delta 11
P: seq 24609, size 1177, send_delta 5, trans_delta 6, recv_delta 11
P: seq 24610, size 1177, send_delta 5, trans_delta 7, recv_delta 12
P: seq 24611, size 1177, send_delta 5, trans_delta 7, recv_delta 12
P: seq 24612, size 1177, send_delta 5, trans_delta 8, recv_delta 13
P: seq 24613, size 1177, send_delta 5, trans_delta 8, recv_delta 13
P: seq 24614, size 1146, send_delta 6, trans_delta 7, recv_delta 13
P: seq 24615, size 1146, send_delta 6, trans_delta 8, recv_delta 14
P: seq 24616, size 1146, send_delta 6, trans_delta 8, recv_delta 14
P: seq 24617, size 1146, send_delta 6, trans_delta 9, recv_delta 15
P: seq 24618, size 1147, send_delta 7, trans_delta 8, recv_delta 15
P: seq 24619, size 1158, send_delta 7, trans_delta 8, recv_delta 15
P: seq 24620, size 1159, send_delta 7, trans_delta 9, recv_delta 16
P: seq 24621, size 1159, send_delta 7, trans_delta 9, recv_delta 16
P: seq 24622, size 1159, send_delta 7, trans_delta 10, recv_delta 17
P: seq 24623, size 1159, send_delta 7, trans_delta 10, recv_delta 17
P: seq 24624, size 1119, send_delta 8, trans_delta 9, recv_delta 17
P: seq 24625, size 1120, send_delta 9, trans_delta 9, recv_delta 18
P: seq 24626, size 1120, send_delta 9, trans_delta 9, recv_delta 18
P: seq 24627, size 1120, send_delta 9, trans_delta 9, recv_delta 18
P: seq 24628, size 1120, send_delta 9, trans_delta 9, recv_delta 18
P: seq 24629, size 1120, send_delta 9, trans_delta 10, recv_delta 19
P: seq 24630, size 1120, send_delta 10, trans_delta 10, recv_delta 20
P: seq 24631, size 1120, send_delta 10, trans_delta 10, recv_delta 20
P: seq 24632, size 1120, send_delta 10, trans_delta 10, recv_delta 20
P: seq 24633, size 1043, send_delta 10, trans_delta 11, recv_delta 21
P: seq 24634, size 1043, send_delta 10, trans_delta 11, recv_delta 21
P: seq 24635, size 1043, send_delta 10, trans_delta 12, recv_delta 22
P: seq 24636, size 1043, send_delta 11, trans_delta 11, recv_delta 22
P: seq 24637, size 1043, send_delta 11, trans_delta 11, recv_delta 22
P: seq 24638, size 967, send_delta 11, trans_delta 11, recv_delta 22
RTP TS: 406701151, Frame Size: 43560, Encode 4, Net 20, Wait 16, Decode 6 E2E 46 
P: seq 24639, size 1115, send_delta 2, trans_delta 3, recv_delta 5
P: seq 24640, size 1115, send_delta 3, trans_delta 2, recv_delta 5
P: seq 24641, size 1115, send_delta 3, trans_delta 3, recv_delta 6
P: seq 24642, size 1115, send_delta 3, trans_delta 3, recv_delta 6
P: seq 24643, size 1115, send_delta 3, trans_delta 3, recv_delta 6
P: seq 24644, size 1116, send_delta 3, trans_delta 3, recv_delta 6
P: seq 24645, size 1107, send_delta 4, trans_delta 3, recv_delta 7
P: seq 24646, size 1107, send_delta 4, trans_delta 3, recv_delta 7
P: seq 24647, size 1108, send_delta 4, trans_delta 4, recv_delta 8
P: seq 24648, size 1108, send_delta 4, trans_delta 4, recv_delta 8
P: seq 24649, size 1108, send_delta 4, trans_delta 4, recv_delta 8
P: seq 24650, size 1108, send_delta 4, trans_delta 5, recv_delta 9
P: seq 24651, size 1108, send_delta 5, trans_delta 4, recv_delta 9
P: seq 24652, size 1108, send_delta 5, trans_delta 5, recv_delta 10
P: seq 24653, size 1108, send_delta 5, trans_delta 5, recv_delta 10
P: seq 24654, size 1194, send_delta 5, trans_delta 5, recv_delta 10
P: seq 24655, size 1194, send_delta 5, trans_delta 6, recv_delta 11
P: seq 24656, size 1194, send_delta 6, trans_delta 5, recv_delta 11
P: seq 24657, size 1194, send_delta 6, trans_delta 6, recv_delta 12
P: seq 24658, size 1194, send_delta 7, trans_delta 5, recv_delta 12
P: seq 24659, size 1195, send_delta 7, trans_delta 6, recv_delta 13
P: seq 24660, size 1195, send_delta 7, trans_delta 6, recv_delta 13
P: seq 24661, size 1195, send_delta 7, trans_delta 6, recv_delta 13
P: seq 24662, size 1195, send_delta 8, trans_delta 6, recv_delta 14
P: seq 24663, size 1024, send_delta 8, trans_delta 6, recv_delta 14
P: seq 24664, size 1024, send_delta 8, trans_delta 6, recv_delta 14
P: seq 24665, size 1024, send_delta 8, trans_delta 6, recv_delta 14
P: seq 24666, size 1025, send_delta 8, trans_delta 6, recv_delta 14
P: seq 24667, size 1094, send_delta 8, trans_delta 7, recv_delta 15
P: seq 24668, size 1094, send_delta 9, trans_delta 7, recv_delta 16
P: seq 24669, size 1094, send_delta 9, trans_delta 7, recv_delta 16
P: seq 24670, size 1094, send_delta 9, trans_delta 8, recv_delta 17
P: seq 24671, size 1095, send_delta 9, trans_delta 8, recv_delta 17
P: seq 24672, size 1095, send_delta 9, trans_delta 8, recv_delta 17
P: seq 24673, size 1014, send_delta 9, trans_delta 9, recv_delta 18
P: seq 24674, size 1015, send_delta 10, trans_delta 8, recv_delta 18
P: seq 24675, size 1015, send_delta 10, trans_delta 8, recv_delta 18
P: seq 24676, size 1015, send_delta 11, trans_delta 7, recv_delta 18
P: seq 24677, size 969, send_delta 11, trans_delta 8, recv_delta 19
P: seq 24678, size 969, send_delta 11, trans_delta 8, recv_delta 19
P: seq 24679, size 521, send_delta 11, trans_delta 9, recv_delta 20
RTP TS: 406702681, Frame Size: 35291, Encode 4, Net 15, Wait 20, Decode 5 E2E 44 
P: seq 24680, size 1075, send_delta 0, trans_delta 2, recv_delta 2
P: seq 24681, size 1075, send_delta 1, trans_delta 2, recv_delta 3
P: seq 24682, size 1076, send_delta 1, trans_delta 2, recv_delta 3
P: seq 24683, size 1076, send_delta 1, trans_delta 3, recv_delta 4
P: seq 24684, size 1135, send_delta 1, trans_delta 3, recv_delta 4
P: seq 24685, size 1135, send_delta 1, trans_delta 3, recv_delta 4
P: seq 24686, size 1136, send_delta 2, trans_delta 3, recv_delta 5
P: seq 24687, size 1136, send_delta 3, trans_delta 2, recv_delta 5
P: seq 24688, size 1136, send_delta 3, trans_delta 2, recv_delta 5
P: seq 24689, size 1136, send_delta 3, trans_delta 2, recv_delta 5
P: seq 24690, size 1136, send_delta 3, trans_delta 3, recv_delta 6
P: seq 24691, size 1136, send_delta 3, trans_delta 4, recv_delta 7
P: seq 24692, size 1136, send_delta 3, trans_delta 4, recv_delta 7
P: seq 24693, size 1073, send_delta 4, trans_delta 4, recv_delta 8
P: seq 24694, size 1073, send_delta 4, trans_delta 4, recv_delta 8
P: seq 24695, size 1073, send_delta 4, trans_delta 4, recv_delta 8
P: seq 24696, size 1073, send_delta 4, trans_delta 5, recv_delta 9
P: seq 24697, size 1073, send_delta 4, trans_delta 5, recv_delta 9
P: seq 24698, size 1073, send_delta 4, trans_delta 5, recv_delta 9
P: seq 24699, size 1073, send_delta 5, trans_delta 5, recv_delta 10
P: seq 24700, size 1073, send_delta 5, trans_delta 5, recv_delta 10
P: seq 24701, size 1073, send_delta 5, trans_delta 5, recv_delta 10
P: seq 24702, size 1168, send_delta 5, trans_delta 5, recv_delta 10
P: seq 24703, size 1169, send_delta 5, trans_delta 6, recv_delta 11
P: seq 24704, size 1169, send_delta 6, trans_delta 5, recv_delta 11
P: seq 24705, size 1169, send_delta 6, trans_delta 6, recv_delta 12
P: seq 24706, size 1166, send_delta 7, trans_delta 5, recv_delta 12
P: seq 24707, size 1167, send_delta 7, trans_delta 6, recv_delta 13
P: seq 24708, size 1167, send_delta 7, trans_delta 6, recv_delta 13
P: seq 24709, size 1020, send_delta 7, trans_delta 6, recv_delta 13
P: seq 24710, size 940, send_delta 7, trans_delta 6, recv_delta 13
P: seq 24711, size 940, send_delta 7, trans_delta 7, recv_delta 14
P: seq 24712, size 858, send_delta 8, trans_delta 7, recv_delta 15
RTP TS: 406704301, Frame Size: 25934, Encode 3, Net 11, Wait 25, Decode 4 E2E 43 
P: seq 24713, size 984, send_delta 0, trans_delta 0, recv_delta 0
P: seq 24714, size 984, send_delta 1, trans_delta 2, recv_delta 3
P: seq 24715, size 984, send_delta 1, trans_delta 2, recv_delta 3
P: seq 24716, size 984, send_delta 1, trans_delta 3, recv_delta 4
P: seq 24717, size 985, send_delta 1, trans_delta 3, recv_delta 4
P: seq 24718, size 1121, send_delta 1, trans_delta 3, recv_delta 4
P: seq 24719, size 1121, send_delta 1, trans_delta 4, recv_delta 5
P: seq 24720, size 1122, send_delta 2, trans_delta 3, recv_delta 5
P: seq 24721, size 1122, send_delta 2, trans_delta 3, recv_delta 5
P: seq 24722, size 1122, send_delta 3, trans_delta 3, recv_delta 6
P: seq 24723, size 1074, send_delta 3, trans_delta 3, recv_delta 6
P: seq 24724, size 1075, send_delta 3, trans_delta 4, recv_delta 7
P: seq 24725, size 1075, send_delta 3, trans_delta 4, recv_delta 7
P: seq 24726, size 1075, send_delta 3, trans_delta 4, recv_delta 7
P: seq 24727, size 1075, send_delta 4, trans_delta 4, recv_delta 8
P: seq 24728, size 1139, send_delta 4, trans_delta 4, recv_delta 8
P: seq 24729, size 1140, send_delta 4, trans_delta 4, recv_delta 8
P: seq 24730, size 1140, send_delta 4, trans_delta 5, recv_delta 9
P: seq 24731, size 1140, send_delta 4, trans_delta 5, recv_delta 9
P: seq 24732, size 777, send_delta 4, trans_delta 5, recv_delta 9
P: seq 24733, size 893, send_delta 5, trans_delta 4, recv_delta 9
P: seq 24734, size 1033, send_delta 5, trans_delta 4, recv_delta 9
P: seq 24735, size 1033, send_delta 5, trans_delta 5, recv_delta 10
P: seq 24736, size 1034, send_delta 5, trans_delta 6, recv_delta 11
P: seq 24737, size 671, send_delta 6, trans_delta 5, recv_delta 11
P: seq 24738, size 672, send_delta 6, trans_delta 5, recv_delta 11
RTP TS: 406705921, Frame Size: 27292, Encode 3, Net 11, Wait 26, Decode 4 E2E 44 
P: seq 24739, size 1032, send_delta 0, trans_delta 0, recv_delta 0
P: seq 24740, size 1032, send_delta 1, trans_delta 1, recv_delta 2
P: seq 24741, size 1032, send_delta 1, trans_delta 1, recv_delta 2
P: seq 24742, size 1032, send_delta 1, trans_delta 2, recv_delta 3
P: seq 24743, size 1032, send_delta 1, trans_delta 2, recv_delta 3
P: seq 24744, size 1033, send_delta 1, trans_delta 2, recv_delta 3
P: seq 24745, size 1109, send_delta 2, trans_delta 2, recv_delta 4
P: seq 24746, size 1109, send_delta 2, trans_delta 2, recv_delta 4
P: seq 24747, size 1109, send_delta 2, trans_delta 3, recv_delta 5
P: seq 24748, size 1109, send_delta 2, trans_delta 3, recv_delta 5
P: seq 24749, size 1109, send_delta 2, trans_delta 3, recv_delta 5
P: seq 24750, size 1109, send_delta 3, trans_delta 3, recv_delta 6
P: seq 24751, size 1109, send_delta 4, trans_delta 2, recv_delta 6
P: seq 24752, size 1152, send_delta 4, trans_delta 3, recv_delta 7
P: seq 24753, size 1152, send_delta 4, trans_delta 3, recv_delta 7
P: seq 24754, size 1152, send_delta 4, trans_delta 3, recv_delta 7
P: seq 24755, size 1152, send_delta 4, trans_delta 4, recv_delta 8
P: seq 24756, size 1152, send_delta 4, trans_delta 4, recv_delta 8
P: seq 24757, size 895, send_delta 5, trans_delta 3, recv_delta 8
P: seq 24758, size 895, send_delta 5, trans_delta 4, recv_delta 9
P: seq 24759, size 741, send_delta 5, trans_delta 4, recv_delta 9
P: seq 24760, size 931, send_delta 6, trans_delta 4, recv_delta 10
P: seq 24761, size 969, send_delta 6, trans_delta 4, recv_delta 10
P: seq 24762, size 970, send_delta 6, trans_delta 4, recv_delta 10
P: seq 24763, size 970, send_delta 6, trans_delta 4, recv_delta 10
P: seq 24764, size 936, send_delta 6, trans_delta 4, recv_delta 10
P: seq 24765, size 936, send_delta 6, trans_delta 4, recv_delta 10
RTP TS: 406707541, Frame Size: 30210, Encode 3, Net 11, Wait 25, Decode 5 E2E 44 
P: seq 24766, size 1108, send_delta 0, trans_delta 1, recv_delta 1
P: seq 24767, size 1108, send_delta 1, trans_delta 1, recv_delta 2
P: seq 24768, size 1108, send_delta 1, trans_delta 1, recv_delta 2
P: seq 24769, size 1108, send_delta 1, trans_delta 2, recv_delta 3
P: seq 24770, size 1109, send_delta 1, trans_delta 2, recv_delta 3
P: seq 24771, size 1109, send_delta 1, trans_delta 2, recv_delta 3
P: seq 24772, size 1067, send_delta 1, trans_delta 3, recv_delta 4
P: seq 24773, size 1067, send_delta 2, trans_delta 2, recv_delta 4
P: seq 24774, size 1067, send_delta 2, trans_delta 3, recv_delta 5
P: seq 24775, size 1067, send_delta 2, trans_delta 3, recv_delta 5
P: seq 24776, size 1068, send_delta 2, trans_delta 3, recv_delta 5
P: seq 24777, size 1068, send_delta 3, trans_delta 2, recv_delta 5
P: seq 24778, size 1068, send_delta 3, trans_delta 2, recv_delta 5
P: seq 24779, size 1100, send_delta 4, trans_delta 2, recv_delta 6
P: seq 24780, size 1101, send_delta 4, trans_delta 2, recv_delta 6
P: seq 24781, size 1101, send_delta 4, trans_delta 3, recv_delta 7
P: seq 24782, size 1101, send_delta 4, trans_delta 3, recv_delta 7
P: seq 24783, size 1101, send_delta 4, trans_delta 3, recv_delta 7
P: seq 24784, size 774, send_delta 4, trans_delta 4, recv_delta 8
P: seq 24785, size 906, send_delta 5, trans_delta 3, recv_delta 8
P: seq 24786, size 987, send_delta 5, trans_delta 3, recv_delta 8
P: seq 24787, size 1190, send_delta 5, trans_delta 4, recv_delta 9
P: seq 24788, size 1190, send_delta 5, trans_delta 4, recv_delta 9
P: seq 24789, size 1190, send_delta 5, trans_delta 5, recv_delta 10
P: seq 24790, size 1191, send_delta 5, trans_delta 5, recv_delta 10
P: seq 24791, size 968, send_delta 5, trans_delta 5, recv_delta 10
P: seq 24792, size 968, send_delta 5, trans_delta 6, recv_delta 11
P: seq 24793, size 969, send_delta 6, trans_delta 5, recv_delta 11
P: seq 24794, size 969, send_delta 7, trans_delta 4, recv_delta 11
RTP TS: 406709161, Frame Size: 29165, Encode 4, Net 11, Wait 24, Decode 4 E2E 43 
P: seq 24795, size 1075, send_delta 0, trans_delta 1, recv_delta 1
P: seq 24796, size 1075, send_delta 1, trans_delta 1, recv_delta 2
P: seq 24797, size 1075, send_delta 1, trans_delta 1, recv_delta 2
P: seq 24798, size 1075, send_delta 1, trans_delta 2, recv_delta 3
P: seq 24799, size 1075, send_delta 1, trans_delta 2, recv_delta 3
P: seq 24800, size 1075, send_delta 1, trans_delta 2, recv_delta 3
P: seq 24801, size 1075, send_delta 2, trans_delta 2, recv_delta 4
P: seq 24802, size 1076, send_delta 2, trans_delta 2, recv_delta 4
P: seq 24803, size 1076, send_delta 2, trans_delta 2, recv_delta 4
P: seq 24804, size 1072, send_delta 2, trans_delta 3, recv_delta 5
P: seq 24805, size 1072, send_delta 3, trans_delta 2, recv_delta 5
P: seq 24806, size 1073, send_delta 3, trans_delta 3, recv_delta 6
P: seq 24807, size 1073, send_delta 3, trans_delta 3, recv_delta 6
P: seq 24808, size 934, send_delta 3, trans_delta 3, recv_delta 6
P: seq 24809, size 935, send_delta 3, trans_delta 4, recv_delta 7
P: seq 24810, size 935, send_delta 3, trans_delta 4, recv_delta 7
P: seq 24811, size 695, send_delta 4, trans_delta 3, recv_delta 7
P: seq 24812, size 696, send_delta 4, trans_delta 3, recv_delta 7
P: seq 24813, size 742, send_delta 4, trans_delta 3, recv_delta 7
P: seq 24814, size 651, send_delta 4, trans_delta 3, recv_delta 7
P: seq 24815, size 1081, send_delta 4, trans_delta 3, recv_delta 7
P: seq 24816, size 1081, send_delta 5, trans_delta 2, recv_delta 7
P: seq 24817, size 1081, send_delta 5, trans_delta 3, recv_delta 8
P: seq 24818, size 1081, send_delta 6, trans_delta 2, recv_delta 8
P: seq 24819, size 1081, send_delta 6, trans_delta 3, recv_delta 9
P: seq 24820, size 1082, send_delta 6, trans_delta 4, recv_delta 10
P: seq 24821, size 967, send_delta 6, trans_delta 4, recv_delta 10
P: seq 24822, size 967, send_delta 6, trans_delta 4, recv_delta 10
P: seq 24823, size 967, send_delta 6, trans_delta 5, recv_delta 11
P: seq 24824, size 967, send_delta 6, trans_delta 5, recv_delta 11
RTP TS: 406710781, Frame Size: 31330, Encode 4, Net 14, Wait 20, Decode 5 E2E 43 
P: seq 24825, size 1111, send_delta 0, trans_delta 1, recv_delta 1
P: seq 24826, size 1111, send_delta 1, trans_delta 2, recv_delta 3
P: seq 24827, size 1111, send_delta 2, trans_delta 1, recv_delta 3
P: seq 24828, size 1111, send_delta 2, trans_delta 1, recv_delta 3
P: seq 24829, size 1111, send_delta 2, trans_delta 1, recv_delta 3
P: seq 24830, size 1111, send_delta 2, trans_delta 2, recv_delta 4
P: seq 24831, size 1111, send_delta 2, trans_delta 2, recv_delta 4
P: seq 24832, size 1111, send_delta 2, trans_delta 2, recv_delta 4
P: seq 24833, size 1111, send_delta 2, trans_delta 4, recv_delta 6
P: seq 24834, size 1124, send_delta 2, trans_delta 4, recv_delta 6
P: seq 24835, size 1124, send_delta 3, trans_delta 4, recv_delta 7
P: seq 24836, size 1124, send_delta 3, trans_delta 4, recv_delta 7
P: seq 24837, size 1124, send_delta 3, trans_delta 5, recv_delta 8
P: seq 24838, size 1125, send_delta 3, trans_delta 5, recv_delta 8
P: seq 24839, size 922, send_delta 3, trans_delta 5, recv_delta 8
P: seq 24840, size 922, send_delta 3, trans_delta 6, recv_delta 9
P: seq 24841, size 922, send_delta 4, trans_delta 5, recv_delta 9
P: seq 24842, size 702, send_delta 4, trans_delta 5, recv_delta 9
P: seq 24843, size 699, send_delta 4, trans_delta 5, recv_delta 9
P: seq 24844, size 700, send_delta 5, trans_delta 5, recv_delta 10
P: seq 24845, size 759, send_delta 5, trans_delta 6, recv_delta 11
P: seq 24846, size 1108, send_delta 5, trans_delta 6, recv_delta 11
P: seq 24847, size 1108, send_delta 5, trans_delta 6, recv_delta 11
P: seq 24848, size 1108, send_delta 5, trans_delta 7, recv_delta 12
P: seq 24849, size 1108, send_delta 5, trans_delta 7, recv_delta 12
P: seq 24850, size 1108, send_delta 6, trans_delta 6, recv_delta 12
P: seq 24851, size 1108, send_delta 6, trans_delta 7, recv_delta 13
P: seq 24852, size 1051, send_delta 6, trans_delta 7, recv_delta 13
P: seq 24853, size 1052, send_delta 6, trans_delta 8, recv_delta 14
P: seq 24854, size 1052, send_delta 6, trans_delta 8, recv_delta 14
P: seq 24855, size 1052, send_delta 7, trans_delta 7, recv_delta 14
RTP TS: 406712401, Frame Size: 34974, Encode 4, Net 16, Wait 19, Decode 5 E2E 44 
P: seq 24856, size 1194, send_delta 0, trans_delta 2, recv_delta 2
P: seq 24857, size 1194, send_delta 1, trans_delta 1, recv_delta 2
P: seq 24858, size 1194, send_delta 2, trans_delta 0, recv_delta 2
P: seq 24859, size 1194, send_delta 2, trans_delta 2, recv_delta 4
P: seq 24860, size 1194, send_delta 2, trans_delta 2, recv_delta 4
P: seq 24861, size 1195, send_delta 2, trans_delta 3, recv_delta 5
P: seq 24862, size 1195, send_delta 3, trans_delta 2, recv_delta 5
P: seq 24863, size 1039, send_delta 3, trans_delta 2, recv_delta 5
P: seq 24864, size 1040, send_delta 3, trans_delta 3, recv_delta 6
P: seq 24865, size 1040, send_delta 3, trans_delta 3, recv_delta 6
P: seq 24866, size 1040, send_delta 3, trans_delta 3, recv_delta 6
P: seq 24867, size 1040, send_delta 3, trans_delta 4, recv_delta 7
P: seq 24868, size 1063, send_delta 4, trans_delta 3, recv_delta 7
P: seq 24869, size 1063, send_delta 4, trans_delta 4, recv_delta 8
P: seq 24870, size 1064, send_delta 4, trans_delta 4, recv_delta 8
P: seq 24871, size 1064, send_delta 4, trans_delta 5, recv_delta 9
P: seq 24872, size 1169, send_delta 5, trans_delta 4, recv_delta 9
P: seq 24873, size 1169, send_delta 5, trans_delta 5, recv_delta 10
P: seq 24874, size 1170, send_delta 5, trans_delta 5, recv_delta 10
P: seq 24875, size 1039, send_delta 5, trans_delta 5, recv_delta 10
P: seq 24876, size 1039, send_delta 6, trans_delta 5, recv_delta 11
P: seq 24877, size 1039, send_delta 6, trans_delta 5, recv_delta 11
P: seq 24878, size 1039, send_delta 6, trans_delta 5, recv_delta 11
P: seq 24879, size 1040, send_delta 6, trans_delta 6, recv_delta 12
P: seq 24880, size 955, send_delta 6, trans_delta 6, recv_delta 12
P: seq 24881, size 956, send_delta 6, trans_delta 6, recv_delta 12
P: seq 24882, size 956, send_delta 6, trans_delta 7, recv_delta 13
P: seq 24883, size 1133, send_delta 7, trans_delta 7, recv_delta 14
P: seq 24884, size 1134, send_delta 7, trans_delta 7, recv_delta 14
P: seq 24885, size 1134, send_delta 7, trans_delta 7, recv_delta 14
P: seq 24886, size 1134, send_delta 7, trans_delta 8, recv_delta 15
P: seq 24887, size 940, send_delta 7, trans_delta 8, recv_delta 15
P: seq 24888, size 940, send_delta 9, trans_delta 7, recv_delta 16
RTP TS: 406713931, Frame Size: 47537, Encode 4, Net 22, Wait 13, Decode 7 E2E 46 
P: seq 24889, size 1137, send_delta 1, trans_delta 1, recv_delta 2
P: seq 24890, size 1137, send_delta 2, trans_delta 1, recv_delta 3
P: seq 24891, size 1137, send_delta 3, trans_delta 0, recv_delta 3
P: seq 24892, size 1138, send_delta 3, trans_delta 2, recv_delta 5
P: seq 24893, size 1138, send_delta 3, trans_delta 2, recv_delta 5
P: seq 24894, size 1138, send_delta 3, trans_delta 2, recv_delta 5
P: seq 24895, size 1138, send_delta 3, trans_delta 2, recv_delta 5
P: seq 24896, size 1065, send_delta 3, trans_delta 4, recv_delta 7
P: seq 24897, size 1065, send_delta 3, trans_delta 4, recv_delta 7
P: seq 24898, size 1065, send_delta 3, trans_delta 4, recv_delta 7
P: seq 24899, size 1066, send_delta 3, trans_delta 5, recv_delta 8
P: seq 24900, size 1066, send_delta 3, trans_delta 5, recv_delta 8
P: seq 24901, size 1066, send_delta 4, trans_delta 5, recv_delta 9
P: seq 24902, size 1066, send_delta 4, trans_delta 5, recv_delta 9
P: seq 24903, size 1112, send_delta 4, trans_delta 5, recv_delta 9
P: seq 24904, size 1112, send_delta 4, trans_delta 6, recv_delta 10
P: seq 24905, size 1112, send_delta 4, trans_delta 7, recv_delta 11
P: seq 24906, size 1113, send_delta 6, trans_delta 5, recv_delta 11
P: seq 24907, size 1113, send_delta 6, trans_delta 5, recv_delta 11
P: seq 24908, size 1113, send_delta 6, trans_delta 6, recv_delta 12
P: seq 24909, size 1113, send_delta 6, trans_delta 6, recv_delta 12
P: seq 24910, size 1113, send_delta 6, trans_delta 7, recv_delta 13
P: seq 24911, size 1113, send_delta 6, trans_delta 7, recv_delta 13
P: seq 24912, size 1113, send_delta 6, trans_delta 7, recv_delta 13
P: seq 24913, size 1113, send_delta 7, trans_delta 7, recv_delta 14
P: seq 24914, size 1114, send_delta 7, trans_delta 7, recv_delta 14
P: seq 24915, size 1118, send_delta 7, trans_delta 7, recv_delta 14
P: seq 24916, size 1118, send_delta 7, trans_delta 8, recv_delta 15
P: seq 24917, size 1118, send_delta 7, trans_delta 9, recv_delta 16
P: seq 24918, size 1118, send_delta 7, trans_delta 9, recv_delta 16
P: seq 24919, size 1118, send_delta 8, trans_delta 8, recv_delta 16
P: seq 24920, size 1118, send_delta 8, trans_delta 9, recv_delta 17
P: seq 24921, size 1118, send_delta 8, trans_delta 9, recv_delta 17
P: seq 24922, size 1014, send_delta 8, trans_delta 10, recv_delta 18
P: seq 24923, size 1015, send_delta 8, trans_delta 10, recv_delta 18
P: seq 24924, size 1015, send_delta 8, trans_delta 10, recv_delta 18
P: seq 24925, size 1015, send_delta 9, trans_delta 10, recv_delta 19
P: seq 24926, size 1015, send_delta 10, trans_delta 9, recv_delta 19
P: seq 24927, size 988, send_delta 10, trans_delta 9, recv_delta 19
P: seq 24928, size 988, send_delta 10, trans_delta 9, recv_delta 19
P: seq 24929, size 988, send_delta 10, trans_delta 11, recv_delta 21
P: seq 24930, size 988, send_delta 10, trans_delta 11, recv_delta 21
P: seq 24931, size 1015, send_delta 11, trans_delta 10, recv_delta 21
P: seq 24932, size 1015, send_delta 11, trans_delta 11, recv_delta 22
P: seq 24933, size 1016, send_delta 11, trans_delta 11, recv_delta 22
RTP TS: 406715551, Frame Size: 50443, Encode 3, Net 23, Wait 12, Decode 7 E2E 45 
P: seq 24934, size 1148, send_delta 0, trans_delta 4, recv_delta 4
P: seq 24935, size 1148, send_delta 0, trans_delta 5, recv_delta 5
P: seq 24936, size 1148, send_delta 1, trans_delta 4, recv_delta 5
P: seq 24937, size 1148, send_delta 1, trans_delta 4, recv_delta 5
P: seq 24938, size 1148, send_delta 1, trans_delta 4, recv_delta 5
P: seq 24939, size 1148, send_delta 2, trans_delta 3, recv_delta 5
P: seq 24940, size 1167, send_delta 2, trans_delta 5, recv_delta 7
P: seq 24941, size 1167, send_delta 2, trans_delta 6, recv_delta 8
P: seq 24942, size 1167, send_delta 3, trans_delta 5, recv_delta 8
P: seq 24943, size 1167, send_delta 3, trans_delta 5, recv_delta 8
P: seq 24944, size 1167, send_delta 3, trans_delta 6, recv_delta 9
P: seq 24945, size 1167, send_delta 3, trans_delta 6, recv_delta 9
P: seq 24946, size 1167, send_delta 3, trans_delta 7, recv_delta 10
P: seq 24947, size 1167, send_delta 4, trans_delta 6, recv_delta 10
P: seq 24948, size 1161, send_delta 4, trans_delta 6, recv_delta 10
P: seq 24949, size 1161, send_delta 4, trans_delta 7, recv_delta 11
P: seq 24950, size 1161, send_delta 4, trans_delta 7, recv_delta 11
P: seq 24951, size 1162, send_delta 5, trans_delta 7, recv_delta 12
P: seq 24952, size 1162, send_delta 5, trans_delta 8, recv_delta 13
P: seq 24953, size 1162, send_delta 5, trans_delta 8, recv_delta 13
P: seq 24954, size 1162, send_delta 5, trans_delta 8, recv_delta 13
P: seq 24955, size 1081, send_delta 5, trans_delta 9, recv_delta 14
P: seq 24956, size 1081, send_delta 6, trans_delta 8, recv_delta 14
P: seq 24957, size 1081, send_delta 6, trans_delta 8, recv_delta 14
P: seq 24958, size 1082, send_delta 6, trans_delta 8, recv_delta 14
P: seq 24959, size 1082, send_delta 6, trans_delta 8, recv_delta 14
P: seq 24960, size 1103, send_delta 6, trans_delta 9, recv_delta 15
P: seq 24961, size 1103, send_delta 6, trans_delta 10, recv_delta 16
P: seq 24962, size 1104, send_delta 7, trans_delta 9, recv_delta 16
P: seq 24963, size 1104, send_delta 8, trans_delta 9, recv_delta 17
P: seq 24964, size 1104, send_delta 8, trans_delta 10, recv_delta 18
P: seq 24965, size 1104, send_delta 8, trans_delta 10, recv_delta 18
P: seq 24966, size 1104, send_delta 8, trans_delta 10, recv_delta 18
P: seq 24967, size 1086, send_delta 8, trans_delta 11, recv_delta 19
P: seq 24968, size 1086, send_delta 8, trans_delta 11, recv_delta 19
P: seq 24969, size 1086, send_delta 9, trans_delta 10, recv_delta 19
P: seq 24970, size 1086, send_delta 9, trans_delta 10, recv_delta 19
P: seq 24971, size 1087, send_delta 9, trans_delta 10, recv_delta 19
P: seq 24972, size 1087, send_delta 9, trans_delta 11, recv_delta 20
P: seq 24973, size 1042, send_delta 9, trans_delta 12, recv_delta 21
P: seq 24974, size 1042, send_delta 9, trans_delta 12, recv_delta 21
P: seq 24975, size 1043, send_delta 10, trans_delta 12, recv_delta 22
P: seq 24976, size 1043, send_delta 10, trans_delta 13, recv_delta 23
P: seq 24977, size 1043, send_delta 10, trans_delta 13, recv_delta 23
P: seq 24978, size 1193, send_delta 10, trans_delta 13, recv_delta 23
P: seq 24979, size 1194, send_delta 10, trans_delta 13, recv_delta 23
RTP TS: 406717171, Frame Size: 49027, Encode 3, Net 25, Wait 10, Decode 7 E2E 45 
P: seq 24980, size 1081, send_delta 0, trans_delta 6, recv_delta 6
P: seq 24981, size 1082, send_delta 0, trans_delta 6, recv_delta 6
P: seq 24982, size 1082, send_delta 1, trans_delta 5, recv_delta 6
P: seq 24983, size 1082, send_delta 1, trans_delta 6, recv_delta 7
P: seq 24984, size 1082, send_delta 1, trans_delta 7, recv_delta 8
P: seq 24985, size 1082, send_delta 1, trans_delta 7, recv_delta 8
P: seq 24986, size 1074, send_delta 1, trans_delta 7, recv_delta 8
P: seq 24987, size 1074, send_delta 2, trans_delta 7, recv_delta 9
P: seq 24988, size 1074, send_delta 3, trans_delta 7, recv_delta 10
P: seq 24989, size 1074, send_delta 3, trans_delta 7, recv_delta 10
P: seq 24990, size 1074, send_delta 3, trans_delta 7, recv_delta 10
P: seq 24991, size 1074, send_delta 3, trans_delta 8, recv_delta 11
P: seq 24992, size 1074, send_delta 3, trans_delta 8, recv_delta 11
P: seq 24993, size 1075, send_delta 3, trans_delta 9, recv_delta 12
P: seq 24994, size 1190, send_delta 4, trans_delta 8, recv_delta 12
P: seq 24995, size 1190, send_delta 4, trans_delta 8, recv_delta 12
P: seq 24996, size 1191, send_delta 5, trans_delta 8, recv_delta 13
P: seq 24997, size 1191, send_delta 5, trans_delta 8, recv_delta 13
P: seq 24998, size 1191, send_delta 5, trans_delta 9, recv_delta 14
P: seq 24999, size 1191, send_delta 5, trans_delta 9, recv_delta 14
P: seq 25000, size 1060, send_delta 5, trans_delta 9, recv_delta 14
P: seq 25001, size 1060, send_delta 5, trans_delta 9, recv_delta 14
P: seq 25002, size 1060, send_delta 5, trans_delta 11, recv_delta 16
P: seq 25003, size 1061, send_delta 5, trans_delta 11, recv_delta 16
P: seq 25004, size 1061, send_delta 6, trans_delta 10, recv_delta 16
P: seq 25005, size 1088, send_delta 6, trans_delta 11, recv_delta 17
P: seq 25006, size 1089, send_delta 6, trans_delta 11, recv_delta 17
P: seq 25007, size 1089, send_delta 6, trans_delta 11, recv_delta 17
P: seq 25008, size 1089, send_delta 6, trans_delta 11, recv_delta 17
P: seq 25009, size 1089, send_delta 6, trans_delta 11, recv_delta 17
P: seq 25010, size 1089, send_delta 6, trans_delta 13, recv_delta 19
P: seq 25011, size 1089, send_delta 7, trans_delta 13, recv_delta 20
P: seq 25012, size 1039, send_delta 7, trans_delta 13, recv_delta 20
P: seq 25013, size 1039, send_delta 8, trans_delta 12, recv_delta 20
P: seq 25014, size 1039, send_delta 8, trans_delta 12, recv_delta 20
P: seq 25015, size 1040, send_delta 8, trans_delta 12, recv_delta 20
P: seq 25016, size 1040, send_delta 9, trans_delta 11, recv_delta 20
P: seq 25017, size 1040, send_delta 9, trans_delta 12, recv_delta 21
P: seq 25018, size 1040, send_delta 9, trans_delta 13, recv_delta 22
P: seq 25019, size 1103, send_delta 9, trans_delta 13, recv_delta 22
P: seq 25020, size 1103, send_delta 9, trans_delta 14, recv_delta 23
P: seq 25021, size 1103, send_delta 9, trans_delta 15, recv_delta 24
P: seq 25022, size 1103, send_delta 9, trans_delta 15, recv_delta 24
P: seq 25023, size 1104, send_delta 10, trans_delta 14, recv_delta 24
P: seq 25024, size 1122, send_delta 10, trans_delta 15, recv_delta 25
P: seq 25025, size 1123, send_delta 10, trans_delta 15, recv_delta 25
RTP TS: 406718791, Frame Size: 46402, Encode 3, Net 27, Wait 9, Decode 7 E2E 46 
P: seq 25026, size 1088, send_delta 1, trans_delta 8, recv_delta 9
P: seq 25027, size 1088, send_delta 2, trans_delta 7, recv_delta 9
P: seq 25028, size 1089, send_delta 2, trans_delta 7, recv_delta 9
P: seq 25029, size 1089, send_delta 2, trans_delta 8, recv_delta 10
P: seq 25030, size 1089, send_delta 2, trans_delta 8, recv_delta 10
P: seq 25031, size 1089, send_delta 2, trans_delta 9, recv_delta 11
P: seq 25032, size 1074, send_delta 2, trans_delta 9, recv_delta 11
P: seq 25033, size 1074, send_delta 2, trans_delta 10, recv_delta 12
P: seq 25034, size 1074, send_delta 3, trans_delta 9, recv_delta 12
P: seq 25035, size 1074, send_delta 3, trans_delta 10, recv_delta 13
P: seq 25036, size 1074, send_delta 4, trans_delta 9, recv_delta 13
P: seq 25037, size 1074, send_delta 4, trans_delta 9, recv_delta 13
P: seq 25038, size 1075, send_delta 4, trans_delta 9, recv_delta 13
P: seq 25039, size 1075, send_delta 4, trans_delta 10, recv_delta 14
P: seq 25040, size 1135, send_delta 4, trans_delta 10, recv_delta 14
P: seq 25041, size 1135, send_delta 4, trans_delta 11, recv_delta 15
P: seq 25042, size 1135, send_delta 5, trans_delta 10, recv_delta 15
P: seq 25043, size 1135, send_delta 5, trans_delta 11, recv_delta 16
P: seq 25044, size 1135, send_delta 5, trans_delta 11, recv_delta 16
P: seq 25045, size 1135, send_delta 5, trans_delta 12, recv_delta 17
P: seq 25046, size 1120, send_delta 5, trans_delta 12, recv_delta 17
P: seq 25047, size 1120, send_delta 5, trans_delta 12, recv_delta 17
P: seq 25048, size 1120, send_delta 8, trans_delta 9, recv_delta 17
P: seq 25049, size 1121, send_delta 8, trans_delta 9, recv_delta 17
P: seq 25050, size 1121, send_delta 8, trans_delta 11, recv_delta 19
P: seq 25051, size 1121, send_delta 8, trans_delta 11, recv_delta 19
P: seq 25052, size 1045, send_delta 8, trans_delta 11, recv_delta 19
P: seq 25053, size 1045, send_delta 8, trans_delta 12, recv_delta 20
P: seq 25054, size 1046, send_delta 8, trans_delta 12, recv_delta 20
P: seq 25055, size 1046, send_delta 8, trans_delta 13, recv_delta 21
P: seq 25056, size 1046, send_delta 8, trans_delta 13, recv_delta 21
P: seq 25057, size 1046, send_delta 8, trans_delta 14, recv_delta 22
P: seq 25058, size 1046, send_delta 8, trans_delta 14, recv_delta 22
P: seq 25059, size 1195, send_delta 8, trans_delta 15, recv_delta 23
P: seq 25060, size 1195, send_delta 8, trans_delta 15, recv_delta 23
P: seq 25061, size 1195, send_delta 8, trans_delta 15, recv_delta 23
P: seq 25062, size 1195, send_delta 9, trans_delta 15, recv_delta 24
P: seq 25063, size 1078, send_delta 10, trans_delta 14, recv_delta 24
P: seq 25064, size 1078, send_delta 10, trans_delta 15, recv_delta 25
P: seq 25065, size 1078, send_delta 10, trans_delta 15, recv_delta 25
P: seq 25066, size 1078, send_delta 10, trans_delta 15, recv_delta 25
P: seq 25067, size 1078, send_delta 11, trans_delta 15, recv_delta 26
P: seq 25068, size 682, send_delta 11, trans_delta 15, recv_delta 26
P: seq 25069, size 682, send_delta 11, trans_delta 15, recv_delta 26
RTP TS: 406720411, Frame Size: 36493, Encode 3, Net 23, Wait 15, Decode 5 E2E 46 
P: seq 25070, size 1129, send_delta 0, trans_delta 9, recv_delta 9
P: seq 25071, size 1130, send_delta 2, trans_delta 7, recv_delta 9
P: seq 25072, size 1130, send_delta 2, trans_delta 7, recv_delta 9
P: seq 25073, size 1130, send_delta 2, trans_delta 8, recv_delta 10
P: seq 25074, size 1130, send_delta 2, trans_delta 9, recv_delta 11
P: seq 25075, size 1185, send_delta 2, trans_delta 9, recv_delta 11
P: seq 25076, size 1185, send_delta 3, trans_delta 8, recv_delta 11
P: seq 25077, size 1185, send_delta 3, trans_delta 9, recv_delta 12
P: seq 25078, size 1185, send_delta 3, trans_delta 9, recv_delta 12
P: seq 25079, size 1185, send_delta 3, trans_delta 10, recv_delta 13
P: seq 25080, size 1185, send_delta 3, trans_delta 11, recv_delta 14
P: seq 25081, size 1185, send_delta 3, trans_delta 11, recv_delta 14
P: seq 25082, size 1090, send_delta 4, trans_delta 10, recv_delta 14
P: seq 25083, size 1090, send_delta 4, trans_delta 10, recv_delta 14
P: seq 25084, size 1090, send_delta 4, trans_delta 10, recv_delta 14
P: seq 25085, size 1090, send_delta 4, trans_delta 12, recv_delta 16
P: seq 25086, size 1090, send_delta 4, trans_delta 12, recv_delta 16
P: seq 25087, size 969, send_delta 4, trans_delta 12, recv_delta 16
P: seq 25088, size 969, send_delta 5, trans_delta 12, recv_delta 17
P: seq 25089, size 969, send_delta 6, trans_delta 11, recv_delta 17
P: seq 25090, size 969, send_delta 6, trans_delta 11, recv_delta 17
P: seq 25091, size 1116, send_delta 6, trans_delta 12, recv_delta 18
P: seq 25092, size 1116, send_delta 6, trans_delta 12, recv_delta 18
P: seq 25093, size 1117, send_delta 6, trans_delta 12, recv_delta 18
P: seq 25094, size 825, send_delta 7, trans_delta 12, recv_delta 19
P: seq 25095, size 826, send_delta 7, trans_delta 12, recv_delta 19
P: seq 25096, size 1014, send_delta 7, trans_delta 13, recv_delta 20
P: seq 25097, size 1014, send_delta 7, trans_delta 13, recv_delta 20
P: seq 25098, size 1014, send_delta 7, trans_delta 14, recv_delta 21
P: seq 25099, size 1015, send_delta 7, trans_delta 14, recv_delta 21
P: seq 25100, size 1015, send_delta 7, trans_delta 14, recv_delta 21
P: seq 25101, size 1015, send_delta 7, trans_delta 15, recv_delta 22
P: seq 25102, size 1004, send_delta 7, trans_delta 15, recv_delta 22
P: seq 25103, size 1004, send_delta 8, trans_delta 14, recv_delta 22
P: seq 25104, size 1005, send_delta 8, trans_delta 14, recv_delta 22
RTP TS: 406722031, Frame Size: 26851, Encode 3, Net 16, Wait 21, Decode 4 E2E 44 
P: seq 25105, size 1039, send_delta 0, trans_delta 6, recv_delta 6
P: seq 25106, size 1039, send_delta 1, trans_delta 5, recv_delta 6
P: seq 25107, size 1039, send_delta 1, trans_delta 5, recv_delta 6
P: seq 25108, size 1040, send_delta 1, trans_delta 6, recv_delta 7
P: seq 25109, size 1040, send_delta 1, trans_delta 6, recv_delta 7
P: seq 25110, size 1135, send_delta 1, trans_delta 6, recv_delta 7
P: seq 25111, size 1135, send_delta 1, trans_delta 7, recv_delta 8
P: seq 25112, size 1135, send_delta 3, trans_delta 5, recv_delta 8
P: seq 25113, size 1135, send_delta 3, trans_delta 6, recv_delta 9
P: seq 25114, size 1135, send_delta 3, trans_delta 6, recv_delta 9
P: seq 25115, size 895, send_delta 3, trans_delta 6, recv_delta 9
P: seq 25116, size 896, send_delta 3, trans_delta 7, recv_delta 10
P: seq 25117, size 947, send_delta 3, trans_delta 7, recv_delta 10
P: seq 25118, size 693, send_delta 3, trans_delta 8, recv_delta 11
P: seq 25119, size 694, send_delta 4, trans_delta 7, recv_delta 11
P: seq 25120, size 988, send_delta 4, trans_delta 7, recv_delta 11
P: seq 25121, size 989, send_delta 4, trans_delta 8, recv_delta 12
P: seq 25122, size 1149, send_delta 4, trans_delta 8, recv_delta 12
P: seq 25123, size 1149, send_delta 4, trans_delta 8, recv_delta 12
P: seq 25124, size 1149, send_delta 4, trans_delta 9, recv_delta 13
P: seq 25125, size 1149, send_delta 4, trans_delta 9, recv_delta 13
P: seq 25126, size 1149, send_delta 5, trans_delta 9, recv_delta 14
P: seq 25127, size 1149, send_delta 5, trans_delta 9, recv_delta 14
P: seq 25128, size 912, send_delta 5, trans_delta 9, recv_delta 14
P: seq 25129, size 913, send_delta 5, trans_delta 10, recv_delta 15
P: seq 25130, size 913, send_delta 6, trans_delta 9, recv_delta 15
P: seq 25131, size 913, send_delta 6, trans_delta 10, recv_delta 16
RTP TS: 406723651, Frame Size: 30470, Encode 4, Net 15, Wait 22, Decode 4 E2E 45 
P: seq 25132, size 1007, send_delta 0, trans_delta 1, recv_delta 1
P: seq 25133, size 1007, send_delta 0, trans_delta 2, recv_delta 2
P: seq 25134, size 1007, send_delta 3, trans_delta 1, recv_delta 4
P: seq 25135, size 1007, send_delta 3, trans_delta 1, recv_delta 4
P: seq 25136, size 1007, send_delta 3, trans_delta 2, recv_delta 5
P: seq 25137, size 1100, send_delta 3, trans_delta 2, recv_delta 5
P: seq 25138, size 1100, send_delta 3, trans_delta 2, recv_delta 5
P: seq 25139, size 1100, send_delta 3, trans_delta 3, recv_delta 6
P: seq 25140, size 1100, send_delta 3, trans_delta 4, recv_delta 7
P: seq 25141, size 1100, send_delta 3, trans_delta 4, recv_delta 7
P: seq 25142, size 1100, send_delta 3, trans_delta 4, recv_delta 7
P: seq 25143, size 1101, send_delta 3, trans_delta 5, recv_delta 8
P: seq 25144, size 673, send_delta 3, trans_delta 5, recv_delta 8
P: seq 25145, size 674, send_delta 3, trans_delta 5, recv_delta 8
P: seq 25146, size 939, send_delta 3, trans_delta 6, recv_delta 9
P: seq 25147, size 781, send_delta 3, trans_delta 6, recv_delta 9
P: seq 25148, size 781, send_delta 3, trans_delta 6, recv_delta 9
P: seq 25149, size 1148, send_delta 3, trans_delta 6, recv_delta 9
P: seq 25150, size 1149, send_delta 5, trans_delta 5, recv_delta 10
P: seq 25151, size 1129, send_delta 5, trans_delta 5, recv_delta 10
P: seq 25152, size 1129, send_delta 5, trans_delta 6, recv_delta 11
P: seq 25153, size 1129, send_delta 5, trans_delta 7, recv_delta 12
P: seq 25154, size 1129, send_delta 5, trans_delta 7, recv_delta 12
P: seq 25155, size 1129, send_delta 5, trans_delta 7, recv_delta 12
P: seq 25156, size 1129, send_delta 5, trans_delta 8, recv_delta 13
P: seq 25157, size 1129, send_delta 6, trans_delta 7, recv_delta 13
P: seq 25158, size 1130, send_delta 7, trans_delta 6, recv_delta 13
P: seq 25159, size 1100, send_delta 7, trans_delta 7, recv_delta 14
P: seq 25160, size 1101, send_delta 7, trans_delta 7, recv_delta 14
P: seq 25161, size 1101, send_delta 7, trans_delta 8, recv_delta 15
RTP TS: 406725181, Frame Size: 28743, Encode 3, Net 13, Wait 24, Decode 4 E2E 44 
P: seq 25162, size 1144, send_delta 0, trans_delta 1, recv_delta 1
P: seq 25163, size 1144, send_delta 2, trans_delta 1, recv_delta 3
P: seq 25164, size 1144, send_delta 2, trans_delta 1, recv_delta 3
P: seq 25165, size 1144, send_delta 2, trans_delta 2, recv_delta 4
P: seq 25166, size 1144, send_delta 2, trans_delta 2, recv_delta 4
P: seq 25167, size 1018, send_delta 2, trans_delta 2, recv_delta 4
P: seq 25168, size 1018, send_delta 3, trans_delta 2, recv_delta 5
P: seq 25169, size 1018, send_delta 3, trans_delta 3, recv_delta 6
P: seq 25170, size 1018, send_delta 3, trans_delta 3, recv_delta 6
P: seq 25171, size 1018, send_delta 3, trans_delta 3, recv_delta 6
P: seq 25172, size 1019, send_delta 3, trans_delta 4, recv_delta 7
P: seq 25173, size 963, send_delta 3, trans_delta 4, recv_delta 7
P: seq 25174, size 963, send_delta 4, trans_delta 3, recv_delta 7
P: seq 25175, size 964, send_delta 4, trans_delta 4, recv_delta 8
P: seq 25176, size 1126, send_delta 4, trans_delta 4, recv_delta 8
P: seq 25177, size 940, send_delta 4, trans_delta 4, recv_delta 8
P: seq 25178, size 1143, send_delta 4, trans_delta 5, recv_delta 9
P: seq 25179, size 1143, send_delta 5, trans_delta 4, recv_delta 9
P: seq 25180, size 1143, send_delta 5, trans_delta 5, recv_delta 10
P: seq 25181, size 1147, send_delta 5, trans_delta 5, recv_delta 10
P: seq 25182, size 1147, send_delta 5, trans_delta 6, recv_delta 11
P: seq 25183, size 1147, send_delta 5, trans_delta 6, recv_delta 11
P: seq 25184, size 1147, send_delta 5, trans_delta 7, recv_delta 12
P: seq 25185, size 1147, send_delta 6, trans_delta 6, recv_delta 12
P: seq 25186, size 1147, send_delta 7, trans_delta 5, recv_delta 12
P: seq 25187, size 1157, send_delta 7, trans_delta 6, recv_delta 13
P: seq 25188, size 1157, send_delta 7, trans_delta 6, recv_delta 13
RTP TS: 406726801, Frame Size: 32093, Encode 3, Net 13, Wait 24, Decode 5 E2E 45 
P: seq 25189, size 1035, send_delta 0, trans_delta 2, recv_delta 2
P: seq 25190, size 1035, send_delta 1, trans_delta 1, recv_delta 2
P: seq 25191, size 1035, send_delta 2, trans_delta 0, recv_delta 2
P: seq 25192, size 1036, send_delta 2, trans_delta 0, recv_delta 2
P: seq 25193, size 1036, send_delta 2, trans_delta 2, recv_delta 4
P: seq 25194, size 1036, send_delta 2, trans_delta 2, recv_delta 4
P: seq 25195, size 1113, send_delta 2, trans_delta 2, recv_delta 4
P: seq 25196, size 1113, send_delta 3, trans_delta 2, recv_delta 5
P: seq 25197, size 1113, send_delta 3, trans_delta 2, recv_delta 5
P: seq 25198, size 1113, send_delta 3, trans_delta 2, recv_delta 5
P: seq 25199, size 1113, send_delta 3, trans_delta 3, recv_delta 6
P: seq 25200, size 1114, send_delta 3, trans_delta 4, recv_delta 7
P: seq 25201, size 1114, send_delta 3, trans_delta 4, recv_delta 7
P: seq 25202, size 816, send_delta 3, trans_delta 4, recv_delta 7
P: seq 25203, size 816, send_delta 3, trans_delta 5, recv_delta 8
P: seq 25204, size 817, send_delta 4, trans_delta 4, recv_delta 8
P: seq 25205, size 862, send_delta 5, trans_delta 3, recv_delta 8
P: seq 25206, size 862, send_delta 5, trans_delta 4, recv_delta 9
P: seq 25207, size 710, send_delta 5, trans_delta 4, recv_delta 9
P: seq 25208, size 710, send_delta 5, trans_delta 4, recv_delta 9
P: seq 25209, size 1051, send_delta 5, trans_delta 4, recv_delta 9
P: seq 25210, size 1051, send_delta 5, trans_delta 5, recv_delta 10
P: seq 25211, size 1051, send_delta 6, trans_delta 4, recv_delta 10
P: seq 25212, size 1050, send_delta 6, trans_delta 5, recv_delta 11
P: seq 25213, size 1051, send_delta 6, trans_delta 5, recv_delta 11
P: seq 25214, size 1051, send_delta 6, trans_delta 6, recv_delta 12
P: seq 25215, size 1051, send_delta 6, trans_delta 6, recv_delta 12
P: seq 25216, size 1051, send_delta 6, trans_delta 6, recv_delta 12
P: seq 25217, size 1051, send_delta 7, trans_delta 6, recv_delta 13
P: seq 25218, size 1051, send_delta 7, trans_delta 6, recv_delta 13
P: seq 25219, size 936, send_delta 7, trans_delta 6, recv_delta 13
P: seq 25220, size 937, send_delta 7, trans_delta 6, recv_delta 13
P: seq 25221, size 937, send_delta 7, trans_delta 6, recv_delta 13
RTP TS: 406728421, Frame Size: 33662, Encode 3, Net 16, Wait 21, Decode 5 E2E 45 
P: seq 25222, size 1004, send_delta 0, trans_delta 1, recv_delta 1
P: seq 25223, size 1004, send_delta 0, trans_delta 2, recv_delta 2
P: seq 25224, size 1004, send_delta 2, trans_delta 1, recv_delta 3
P: seq 25225, size 1004, send_delta 2, trans_delta 1, recv_delta 3
P: seq 25226, size 1004, send_delta 2, trans_delta 1, recv_delta 3
P: seq 25227, size 1005, send_delta 2, trans_delta 2, recv_delta 4
P: seq 25228, size 1044, send_delta 2, trans_delta 2, recv_delta 4
P: seq 25229, size 1044, send_delta 2, trans_delta 3, recv_delta 5
P: seq 25230, size 1044, send_delta 2, trans_delta 3, recv_delta 5
P: seq 25231, size 1044, send_delta 3, trans_delta 3, recv_delta 6
P: seq 25232, size 1045, send_delta 3, trans_delta 4, recv_delta 7
P: seq 25233, size 1045, send_delta 3, trans_delta 4, recv_delta 7
P: seq 25234, size 1045, send_delta 3, trans_delta 4, recv_delta 7
P: seq 25235, size 1126, send_delta 3, trans_delta 5, recv_delta 8
P: seq 25236, size 1126, send_delta 3, trans_delta 5, recv_delta 8
P: seq 25237, size 1126, send_delta 4, trans_delta 5, recv_delta 9
P: seq 25238, size 708, send_delta 4, trans_delta 5, recv_delta 9
P: seq 25239, size 709, send_delta 4, trans_delta 6, recv_delta 10
P: seq 25240, size 871, send_delta 4, trans_delta 6, recv_delta 10
P: seq 25241, size 871, send_delta 4, trans_delta 6, recv_delta 10
P: seq 25242, size 871, send_delta 5, trans_delta 5, recv_delta 10
P: seq 25243, size 975, send_delta 5, trans_delta 6, recv_delta 11
P: seq 25244, size 975, send_delta 6, trans_delta 6, recv_delta 12
P: seq 25245, size 975, send_delta 6, trans_delta 6, recv_delta 12
P: seq 25246, size 976, send_delta 6, trans_delta 6, recv_delta 12
P: seq 25247, size 976, send_delta 6, trans_delta 6, recv_delta 12
P: seq 25248, size 1003, send_delta 6, trans_delta 6, recv_delta 12
P: seq 25249, size 1003, send_delta 6, trans_delta 7, recv_delta 13
P: seq 25250, size 1003, send_delta 6, trans_delta 8, recv_delta 14
P: seq 25251, size 1003, send_delta 7, trans_delta 7, recv_delta 14
P: seq 25252, size 1003, send_delta 7, trans_delta 7, recv_delta 14
P: seq 25253, size 1003, send_delta 7, trans_delta 8, recv_delta 15
P: seq 25254, size 966, send_delta 7, trans_delta 8, recv_delta 15
P: seq 25255, size 967, send_delta 7, trans_delta 8, recv_delta 15
P: seq 25256, size 967, send_delta 7, trans_delta 9, recv_delta 16
RTP TS: 406730041, Frame Size: 34676, Encode 3, Net 16, Wait 22, Decode 5 E2E 46 
P: seq 25257, size 1080, send_delta 0, trans_delta 1, recv_delta 1
P: seq 25258, size 1080, send_delta 2, trans_delta 1, recv_delta 3
P: seq 25259, size 1080, send_delta 2, trans_delta 1, recv_delta 3
P: seq 25260, size 1119, send_delta 2, trans_delta 2, recv_delta 4
P: seq 25261, size 1119, send_delta 2, trans_delta 3, recv_delta 5
P: seq 25262, size 1119, send_delta 2, trans_delta 3, recv_delta 5
P: seq 25263, size 1119, send_delta 3, trans_delta 2, recv_delta 5
P: seq 25264, size 1119, send_delta 3, trans_delta 3, recv_delta 6
P: seq 25265, size 1120, send_delta 3, trans_delta 3, recv_delta 6
P: seq 25266, size 1147, send_delta 3, trans_delta 3, recv_delta 6
P: seq 25267, size 1147, send_delta 3, trans_delta 4, recv_delta 7
P: seq 25268, size 1148, send_delta 3, trans_delta 4, recv_delta 7
P: seq 25269, size 622, send_delta 4, trans_delta 4, recv_delta 8
P: seq 25270, size 623, send_delta 4, trans_delta 4, recv_delta 8
P: seq 25271, size 1039, send_delta 4, trans_delta 4, recv_delta 8
P: seq 25272, size 1039, send_delta 4, trans_delta 5, recv_delta 9
P: seq 25273, size 1040, send_delta 4, trans_delta 5, recv_delta 9
P: seq 25274, size 1092, send_delta 4, trans_delta 5, recv_delta 9
P: seq 25275, size 1092, send_delta 5, trans_delta 5, recv_delta 10
P: seq 25276, size 1093, send_delta 6, trans_delta 4, recv_delta 10
P: seq 25277, size 1093, send_delta 6, trans_delta 5, recv_delta 11
P: seq 25278, size 1176, send_delta 6, trans_delta 6, recv_delta 12
P: seq 25279, size 1176, send_delta 6, trans_delta 6, recv_delta 12
P: seq 25280, size 1176, send_delta 7, trans_delta 6, recv_delta 13
P: seq 25281, size 1177, send_delta 7, trans_delta 6, recv_delta 13
P: seq 25282, size 1177, send_delta 7, trans_delta 6, recv_delta 13
P: seq 25283, size 1177, send_delta 7, trans_delta 7, recv_delta 14
P: seq 25284, size 1177, send_delta 7, trans_delta 8, recv_delta 15
P: seq 25285, size 1027, send_delta 7, trans_delta 8, recv_delta 15
P: seq 25286, size 1027, send_delta 7, trans_delta 8, recv_delta 15
P: seq 25287, size 1027, send_delta 7, trans_delta 9, recv_delta 16
P: seq 25288, size 1027, send_delta 8, trans_delta 8, recv_delta 16
P: seq 25289, size 1027, send_delta 8, trans_delta 8, recv_delta 16
RTP TS: 406731661, Frame Size: 36483, Encode 3, Net 17, Wait 21, Decode 5 E2E 46 
P: seq 25290, size 934, send_delta 1, trans_delta 1, recv_delta 2
P: seq 25291, size 934, send_delta 2, trans_delta 0, recv_delta 2
P: seq 25292, size 935, send_delta 2, trans_delta 0, recv_delta 2
P: seq 25293, size 1047, send_delta 2, trans_delta 1, recv_delta 3
P: seq 25294, size 1047, send_delta 2, trans_delta 2, recv_delta 4
P: seq 25295, size 1048, send_delta 2, trans_delta 2, recv_delta 4
P: seq 25296, size 1048, send_delta 2, trans_delta 3, recv_delta 5
P: seq 25297, size 1048, send_delta 3, trans_delta 2, recv_delta 5
P: seq 25298, size 1076, send_delta 3, trans_delta 2, recv_delta 5
P: seq 25299, size 1076, send_delta 3, trans_delta 3, recv_delta 6
P: seq 25300, size 1077, send_delta 3, trans_delta 4, recv_delta 7
P: seq 25301, size 1089, send_delta 3, trans_delta 4, recv_delta 7
P: seq 25302, size 1089, send_delta 3, trans_delta 4, recv_delta 7
P: seq 25303, size 1089, send_delta 4, trans_delta 4, recv_delta 8
P: seq 25304, size 1018, send_delta 4, trans_delta 4, recv_delta 8
P: seq 25305, size 1018, send_delta 4, trans_delta 4, recv_delta 8
P: seq 25306, size 1018, send_delta 4, trans_delta 5, recv_delta 9
P: seq 25307, size 858, send_delta 5, trans_delta 5, recv_delta 10
P: seq 25308, size 858, send_delta 5, trans_delta 5, recv_delta 10
P: seq 25309, size 859, send_delta 5, trans_delta 5, recv_delta 10
P: seq 25310, size 1142, send_delta 6, trans_delta 5, recv_delta 11
P: seq 25311, size 1142, send_delta 6, trans_delta 5, recv_delta 11
P: seq 25312, size 1142, send_delta 6, trans_delta 5, recv_delta 11
P: seq 25313, size 1142, send_delta 6, trans_delta 5, recv_delta 11
P: seq 25314, size 1142, send_delta 6, trans_delta 6, recv_delta 12
P: seq 25315, size 1142, send_delta 6, trans_delta 7, recv_delta 13
P: seq 25316, size 1143, send_delta 7, trans_delta 6, recv_delta 13
P: seq 25317, size 1143, send_delta 7, trans_delta 7, recv_delta 14
P: seq 25318, size 1143, send_delta 7, trans_delta 7, recv_delta 14
P: seq 25319, size 1143, send_delta 7, trans_delta 7, recv_delta 14
P: seq 25320, size 1143, send_delta 7, trans_delta 9, recv_delta 16
P: seq 25321, size 1156, send_delta 7, trans_delta 9, recv_delta 16
P: seq 25322, size 1157, send_delta 8, trans_delta 8, recv_delta 16
P: seq 25323, size 1157, send_delta 8, trans_delta 9, recv_delta 17
P: seq 25324, size 1157, send_delta 8, trans_delta 9, recv_delta 17
RTP TS: 406733281, Frame Size: 36291, Encode 3, Net 17, Wait 21, Decode 5 E2E 46 
P: seq 25325, size 1027, send_delta 0, trans_delta 0, recv_delta 0
P: seq 25326, size 1028, send_delta 1, trans_delta 2, recv_delta 3
P: seq 25327, size 1050, send_delta 1, trans_delta 2, recv_delta 3
P: seq 25328, size 1050, send_delta 1, trans_delta 3, recv_delta 4
P: seq 25329, size 1050, send_delta 1, trans_delta 3, recv_delta 4
P: seq 25330, size 1050, send_delta 1, trans_delta 4, recv_delta 5
P: seq 25331, size 1050, send_delta 3, trans_delta 2, recv_delta 5
P: seq 25332, size 1050, send_delta 3, trans_delta 2, recv_delta 5
P: seq 25333, size 1050, send_delta 3, trans_delta 3, recv_delta 6
P: seq 25334, size 924, send_delta 3, trans_delta 3, recv_delta 6
P: seq 25335, size 924, send_delta 3, trans_delta 3, recv_delta 6
P: seq 25336, size 925, send_delta 3, trans_delta 3, recv_delta 6
P: seq 25337, size 925, send_delta 3, trans_delta 5, recv_delta 8
P: seq 25338, size 861, send_delta 4, trans_delta 4, recv_delta 8
P: seq 25339, size 861, send_delta 4, trans_delta 4, recv_delta 8
P: seq 25340, size 861, send_delta 4, trans_delta 4, recv_delta 8
P: seq 25341, size 1141, send_delta 4, trans_delta 4, recv_delta 8
P: seq 25342, size 1141, send_delta 4, trans_delta 5, recv_delta 9
P: seq 25343, size 1061, send_delta 4, trans_delta 5, recv_delta 9
P: seq 25344, size 1061, send_delta 4, trans_delta 7, recv_delta 11
P: seq 25345, size 1062, send_delta 5, trans_delta 6, recv_delta 11
P: seq 25346, size 1062, send_delta 5, trans_delta 6, recv_delta 11
P: seq 25347, size 1136, send_delta 5, trans_delta 7, recv_delta 12
P: seq 25348, size 1136, send_delta 5, trans_delta 7, recv_delta 12
P: seq 25349, size 1136, send_delta 5, trans_delta 8, recv_delta 13
P: seq 25350, size 1136, send_delta 6, trans_delta 7, recv_delta 13
P: seq 25351, size 1136, send_delta 6, trans_delta 7, recv_delta 13
P: seq 25352, size 1136, send_delta 6, trans_delta 8, recv_delta 14
P: seq 25353, size 1136, send_delta 7, trans_delta 7, recv_delta 14
P: seq 25354, size 1136, send_delta 7, trans_delta 8, recv_delta 15
P: seq 25355, size 1136, send_delta 7, trans_delta 8, recv_delta 15
P: seq 25356, size 1136, send_delta 7, trans_delta 9, recv_delta 16
P: seq 25357, size 1198, send_delta 7, trans_delta 9, recv_delta 16
P: seq 25358, size 1198, send_delta 8, trans_delta 9, recv_delta 17
P: seq 25359, size 1198, send_delta 8, trans_delta 9, recv_delta 17
RTP TS: 406734901, Frame Size: 35587, Encode 3, Net 17, Wait 21, Decode 5 E2E 46 
P: seq 25360, size 689, send_delta 0, trans_delta 0, recv_delta 0
P: seq 25361, size 690, send_delta 0, trans_delta 1, recv_delta 1
P: seq 25362, size 1160, send_delta 1, trans_delta 2, recv_delta 3
P: seq 25363, size 1160, send_delta 1, trans_delta 2, recv_delta 3
P: seq 25364, size 1160, send_delta 1, trans_delta 3, recv_delta 4
P: seq 25365, size 1161, send_delta 2, trans_delta 2, recv_delta 4
P: seq 25366, size 1161, send_delta 2, trans_delta 2, recv_delta 4
P: seq 25367, size 1161, send_delta 2, trans_delta 3, recv_delta 5
P: seq 25368, size 1153, send_delta 3, trans_delta 3, recv_delta 6
P: seq 25369, size 1154, send_delta 3, trans_delta 3, recv_delta 6
P: seq 25370, size 1154, send_delta 3, trans_delta 4, recv_delta 7
P: seq 25371, size 1154, send_delta 3, trans_delta 4, recv_delta 7
P: seq 25372, size 954, send_delta 3, trans_delta 4, recv_delta 7
P: seq 25373, size 954, send_delta 3, trans_delta 4, recv_delta 7
P: seq 25374, size 955, send_delta 4, trans_delta 4, recv_delta 8
P: seq 25375, size 1127, send_delta 4, trans_delta 4, recv_delta 8
P: seq 25376, size 1127, send_delta 4, trans_delta 5, recv_delta 9
P: seq 25377, size 1127, send_delta 4, trans_delta 6, recv_delta 10
P: seq 25378, size 1098, send_delta 4, trans_delta 6, recv_delta 10
P: seq 25379, size 1098, send_delta 4, trans_delta 6, recv_delta 10
P: seq 25380, size 1098, send_delta 5, trans_delta 6, recv_delta 11
P: seq 25381, size 1185, send_delta 5, trans_delta 6, recv_delta 11
P: seq 25382, size 1185, send_delta 5, trans_delta 7, recv_delta 12
P: seq 25383, size 1185, send_delta 6, trans_delta 7, recv_delta 13
P: seq 25384, size 1185, send_delta 6, trans_delta 7, recv_delta 13
P: seq 25385, size 1185, send_delta 6, trans_delta 7, recv_delta 13
P: seq 25386, size 1185, send_delta 7, trans_delta 7, recv_delta 14
P: seq 25387, size 1185, send_delta 7, trans_delta 7, recv_delta 14
P: seq 25388, size 1185, send_delta 7, trans_delta 8, recv_delta 15
P: seq 25389, size 1185, send_delta 7, trans_delta 8, recv_delta 15
P: seq 25390, size 1084, send_delta 7, trans_delta 8, recv_delta 15
P: seq 25391, size 1084, send_delta 7, trans_delta 9, recv_delta 16
P: seq 25392, size 1084, send_delta 8, trans_delta 9, recv_delta 17
RTP TS: 406736431, Frame Size: 34440, Encode 3, Net 15, Wait 22, Decode 5 E2E 45 
P: seq 25393, size 870, send_delta 0, trans_delta 1, recv_delta 1
P: seq 25394, size 1141, send_delta 0, trans_delta 1, recv_delta 1
P: seq 25395, size 1141, send_delta 1, trans_delta 1, recv_delta 2
P: seq 25396, size 1141, send_delta 1, trans_delta 1, recv_delta 2
P: seq 25397, size 1141, send_delta 1, trans_delta 2, recv_delta 3
P: seq 25398, size 1141, send_delta 1, trans_delta 2, recv_delta 3
P: seq 25399, size 1141, send_delta 1, trans_delta 2, recv_delta 3
P: seq 25400, size 1142, send_delta 2, trans_delta 2, recv_delta 4
P: seq 25401, size 1142, send_delta 2, trans_delta 3, recv_delta 5
P: seq 25402, size 1142, send_delta 2, trans_delta 3, recv_delta 5
P: seq 25403, size 1143, send_delta 2, trans_delta 4, recv_delta 6
P: seq 25404, size 1143, send_delta 3, trans_delta 3, recv_delta 6
P: seq 25405, size 1143, send_delta 3, trans_delta 3, recv_delta 6
P: seq 25406, size 1189, send_delta 4, trans_delta 3, recv_delta 7
P: seq 25407, size 1189, send_delta 4, trans_delta 4, recv_delta 8
P: seq 25408, size 872, send_delta 4, trans_delta 4, recv_delta 8
P: seq 25409, size 872, send_delta 4, trans_delta 4, recv_delta 8
P: seq 25410, size 872, send_delta 4, trans_delta 5, recv_delta 9
P: seq 25411, size 1114, send_delta 4, trans_delta 5, recv_delta 9
P: seq 25412, size 1114, send_delta 4, trans_delta 5, recv_delta 9
P: seq 25413, size 1114, send_delta 5, trans_delta 5, recv_delta 10
P: seq 25414, size 1149, send_delta 5, trans_delta 6, recv_delta 11
P: seq 25415, size 1150, send_delta 5, trans_delta 6, recv_delta 11
P: seq 25416, size 1150, send_delta 5, trans_delta 6, recv_delta 11
P: seq 25417, size 1150, send_delta 5, trans_delta 7, recv_delta 12
P: seq 25418, size 1150, send_delta 5, trans_delta 7, recv_delta 12
P: seq 25419, size 1150, send_delta 6, trans_delta 6, recv_delta 12
P: seq 25420, size 1150, send_delta 6, trans_delta 8, recv_delta 14
P: seq 25421, size 1150, send_delta 6, trans_delta 8, recv_delta 14
P: seq 25422, size 1044, send_delta 7, trans_delta 7, recv_delta 14
P: seq 25423, size 1044, send_delta 7, trans_delta 8, recv_delta 15
P: seq 25424, size 1044, send_delta 7, trans_delta 8, recv_delta 15
RTP TS: 406738051, Frame Size: 36337, Encode 3, Net 18, Wait 20, Decode 5 E2E 46 
P: seq 25425, size 644, send_delta 0, trans_delta 2, recv_delta 2
P: seq 25426, size 645, send_delta 2, trans_delta 1, recv_delta 3
P: seq 25427, size 1106, send_delta 2, trans_delta 2, recv_delta 4
P: seq 25428, size 1106, send_delta 2, trans_delta 2, recv_delta 4
P: seq 25429, size 1106, send_delta 2, trans_delta 2, recv_delta 4
P: seq 25430, size 1106, send_delta 2, trans_delta 3, recv_delta 5
P: seq 25431, size 1106, send_delta 2, trans_delta 3, recv_delta 5
P: seq 25432, size 1106, send_delta 4, trans_delta 2, recv_delta 6
P: seq 25433, size 1106, send_delta 4, trans_delta 2, recv_delta 6
P: seq 25434, size 1181, send_delta 4, trans_delta 3, recv_delta 7
P: seq 25435, size 1181, send_delta 4, trans_delta 3, recv_delta 7
P: seq 25436, size 1181, send_delta 4, trans_delta 4, recv_delta 8
P: seq 25437, size 1181, send_delta 4, trans_delta 4, recv_delta 8
P: seq 25438, size 1181, send_delta 4, trans_delta 5, recv_delta 9
P: seq 25439, size 1182, send_delta 4, trans_delta 5, recv_delta 9
P: seq 25440, size 964, send_delta 4, trans_delta 5, recv_delta 9
P: seq 25441, size 964, send_delta 4, trans_delta 6, recv_delta 10
P: seq 25442, size 965, send_delta 4, trans_delta 6, recv_delta 10
P: seq 25443, size 1136, send_delta 5, trans_delta 6, recv_delta 11
P: seq 25444, size 1136, send_delta 5, trans_delta 6, recv_delta 11
P: seq 25445, size 1137, send_delta 5, trans_delta 7, recv_delta 12
P: seq 25446, size 1111, send_delta 5, trans_delta 7, recv_delta 12
P: seq 25447, size 1111, send_delta 5, trans_delta 7, recv_delta 12
P: seq 25448, size 1111, send_delta 5, trans_delta 8, recv_delta 13
P: seq 25449, size 1111, send_delta 6, trans_delta 8, recv_delta 14
P: seq 25450, size 1166, send_delta 7, trans_delta 7, recv_delta 14
P: seq 25451, size 1166, send_delta 7, trans_delta 7, recv_delta 14
P: seq 25452, size 1166, send_delta 7, trans_delta 8, recv_delta 15
P: seq 25453, size 1166, send_delta 7, trans_delta 8, recv_delta 15
P: seq 25454, size 1166, send_delta 7, trans_delta 8, recv_delta 15
P: seq 25455, size 1167, send_delta 8, trans_delta 7, recv_delta 15
P: seq 25456, size 1109, send_delta 8, trans_delta 9, recv_delta 17
P: seq 25457, size 1109, send_delta 8, trans_delta 9, recv_delta 17
P: seq 25458, size 1109, send_delta 8, trans_delta 10, recv_delta 18
RTP TS: 406739671, Frame Size: 47413, Encode 3, Net 21, Wait 16, Decode 6 E2E 46 
P: seq 25459, size 841, send_delta 0, trans_delta 0, recv_delta 0
P: seq 25460, size 1166, send_delta 0, trans_delta 0, recv_delta 0
P: seq 25461, size 1166, send_delta 1, trans_delta 1, recv_delta 2
P: seq 25462, size 1167, send_delta 1, trans_delta 1, recv_delta 2
P: seq 25463, size 1167, send_delta 1, trans_delta 2, recv_delta 3
P: seq 25464, size 1167, send_delta 1, trans_delta 3, recv_delta 4
P: seq 25465, size 1167, send_delta 1, trans_delta 3, recv_delta 4
P: seq 25466, size 1168, send_delta 3, trans_delta 1, recv_delta 4
P: seq 25467, size 1168, send_delta 3, trans_delta 1, recv_delta 4
P: seq 25468, size 1168, send_delta 3, trans_delta 1, recv_delta 4
P: seq 25469, size 1168, send_delta 3, trans_delta 3, recv_delta 6
P: seq 25470, size 1168, send_delta 3, trans_delta 3, recv_delta 6
P: seq 25471, size 1168, send_delta 3, trans_delta 4, recv_delta 7
P: seq 25472, size 1168, send_delta 4, trans_delta 4, recv_delta 8
P: seq 25473, size 1169, send_delta 4, trans_delta 4, recv_delta 8
P: seq 25474, size 1044, send_delta 4, trans_delta 4, recv_delta 8
P: seq 25475, size 1044, send_delta 4, trans_delta 5, recv_delta 9
P: seq 25476, size 1044, send_delta 4, trans_delta 5, recv_delta 9
P: seq 25477, size 1044, send_delta 4, trans_delta 5, recv_delta 9
P: seq 25478, size 1044, send_delta 5, trans_delta 5, recv_delta 10
P: seq 25479, size 1044, send_delta 5, trans_delta 6, recv_delta 11
P: seq 25480, size 1196, send_delta 5, trans_delta 6, recv_delta 11
P: seq 25481, size 1196, send_delta 5, trans_delta 6, recv_delta 11
P: seq 25482, size 1196, send_delta 5, trans_delta 7, recv_delta 12
P: seq 25483, size 1197, send_delta 5, trans_delta 7, recv_delta 12
P: seq 25484, size 1197, send_delta 7, trans_delta 6, recv_delta 13
P: seq 25485, size 1197, send_delta 7, trans_delta 7, recv_delta 14
P: seq 25486, size 1197, send_delta 7, trans_delta 7, recv_delta 14
P: seq 25487, size 1054, send_delta 7, trans_delta 7, recv_delta 14
P: seq 25488, size 1055, send_delta 7, trans_delta 8, recv_delta 15
P: seq 25489, size 1055, send_delta 7, trans_delta 8, recv_delta 15
P: seq 25490, size 1055, send_delta 8, trans_delta 7, recv_delta 15
P: seq 25491, size 1055, send_delta 8, trans_delta 7, recv_delta 15
P: seq 25492, size 1055, send_delta 8, trans_delta 8, recv_delta 16
P: seq 25493, size 1055, send_delta 8, trans_delta 9, recv_delta 17
P: seq 25494, size 1090, send_delta 8, trans_delta 9, recv_delta 17
P: seq 25495, size 1091, send_delta 8, trans_delta 10, recv_delta 18
P: seq 25496, size 1091, send_delta 8, trans_delta 10, recv_delta 18
P: seq 25497, size 1091, send_delta 9, trans_delta 10, recv_delta 19
P: seq 25498, size 1091, send_delta 9, trans_delta 10, recv_delta 19
P: seq 25499, size 1091, send_delta 9, trans_delta 10, recv_delta 19
P: seq 25500, size 922, send_delta 9, trans_delta 11, recv_delta 20
P: seq 25501, size 923, send_delta 9, trans_delta 11, recv_delta 20
P: seq 25502, size 923, send_delta 9, trans_delta 12, recv_delta 21
RTP TS: 406741291, Frame Size: 47827, Encode 3, Net 24, Wait 15, Decode 6 E2E 48 
P: seq 25503, size 739, send_delta 1, trans_delta 3, recv_delta 4
P: seq 25504, size 740, send_delta 2, trans_delta 2, recv_delta 4
P: seq 25505, size 1142, send_delta 2, trans_delta 3, recv_delta 5
P: seq 25506, size 1142, send_delta 2, trans_delta 3, recv_delta 5
P: seq 25507, size 1142, send_delta 2, trans_delta 3, recv_delta 5
P: seq 25508, size 1142, send_delta 2, trans_delta 3, recv_delta 5
P: seq 25509, size 1142, send_delta 2, trans_delta 4, recv_delta 6
P: seq 25510, size 1143, send_delta 3, trans_delta 3, recv_delta 6
P: seq 25511, size 1143, send_delta 3, trans_delta 5, recv_delta 8
P: seq 25512, size 1143, send_delta 3, trans_delta 5, recv_delta 8
P: seq 25513, size 1164, send_delta 3, trans_delta 5, recv_delta 8
P: seq 25514, size 1164, send_delta 3, trans_delta 6, recv_delta 9
P: seq 25515, size 1164, send_delta 3, trans_delta 7, recv_delta 10
P: seq 25516, size 1164, send_delta 4, trans_delta 6, recv_delta 10
P: seq 25517, size 1164, send_delta 4, trans_delta 7, recv_delta 11
P: seq 25518, size 1165, send_delta 5, trans_delta 6, recv_delta 11
P: seq 25519, size 1165, send_delta 5, trans_delta 6, recv_delta 11
P: seq 25520, size 1165, send_delta 5, trans_delta 7, recv_delta 12
P: seq 25521, size 1150, send_delta 6, trans_delta 7, recv_delta 13
P: seq 25522, size 1150, send_delta 6, trans_delta 7, recv_delta 13
P: seq 25523, size 1150, send_delta 6, trans_delta 7, recv_delta 13
P: seq 25524, size 1151, send_delta 6, trans_delta 8, recv_delta 14
P: seq 25525, size 1151, send_delta 6, trans_delta 8, recv_delta 14
P: seq 25526, size 1188, send_delta 6, trans_delta 9, recv_delta 15
P: seq 25527, size 1188, send_delta 7, trans_delta 9, recv_delta 16
P: seq 25528, size 1188, send_delta 8, trans_delta 8, recv_delta 16
P: seq 25529, size 1189, send_delta 8, trans_delta 8, recv_delta 16
P: seq 25530, size 1189, send_delta 8, trans_delta 8, recv_delta 16
P: seq 25531, size 1189, send_delta 8, trans_delta 8, recv_delta 16
P: seq 25532, size 1189, send_delta 8, trans_delta 10, recv_delta 18
P: seq 25533, size 1045, send_delta 8, trans_delta 10, recv_delta 18
P: seq 25534, size 1045, send_delta 8, trans_delta 10, recv_delta 18
P: seq 25535, size 1045, send_delta 8, trans_delta 11, recv_delta 19
P: seq 25536, size 1045, send_delta 8, trans_delta 11, recv_delta 19
P: seq 25537, size 1045, send_delta 10, trans_delta 9, recv_delta 19
P: seq 25538, size 1045, send_delta 10, trans_delta 9, recv_delta 19
P: seq 25539, size 1004, send_delta 10, trans_delta 11, recv_delta 21
P: seq 25540, size 1004, send_delta 10, trans_delta 11, recv_delta 21
P: seq 25541, size 1004, send_delta 10, trans_delta 11, recv_delta 21
P: seq 25542, size 1004, send_delta 10, trans_delta 12, recv_delta 22
P: seq 25543, size 1004, send_delta 10, trans_delta 12, recv_delta 22
P: seq 25544, size 1005, send_delta 10, trans_delta 13, recv_delta 23
P: seq 25545, size 888, send_delta 10, trans_delta 13, recv_delta 23
P: seq 25546, size 888, send_delta 10, trans_delta 13, recv_delta 23
P: seq 25547, size 888, send_delta 10, trans_delta 13, recv_delta 23
RTP TS: 406742911, Frame Size: 51647, Encode 4, Net 27, Wait 10, Decode 7 E2E 48 
P: seq 25548, size 980, send_delta 0, trans_delta 5, recv_delta 5
P: seq 25549, size 980, send_delta 2, trans_delta 3, recv_delta 5
P: seq 25550, size 980, send_delta 2, trans_delta 4, recv_delta 6
P: seq 25551, size 1195, send_delta 2, trans_delta 5, recv_delta 7
P: seq 25552, size 1195, send_delta 2, trans_delta 5, recv_delta 7
P: seq 25553, size 1195, send_delta 2, trans_delta 6, recv_delta 8
P: seq 25554, size 1196, send_delta 2, trans_delta 6, recv_delta 8
P: seq 25555, size 1196, send_delta 2, trans_delta 6, recv_delta 8
P: seq 25556, size 1196, send_delta 3, trans_delta 6, recv_delta 9
P: seq 25557, size 1196, send_delta 3, trans_delta 7, recv_delta 10
P: seq 25558, size 1196, send_delta 3, trans_delta 7, recv_delta 10
P: seq 25559, size 1094, send_delta 4, trans_delta 6, recv_delta 10
P: seq 25560, size 1094, send_delta 4, trans_delta 7, recv_delta 11
P: seq 25561, size 1094, send_delta 4, trans_delta 7, recv_delta 11
P: seq 25562, size 1094, send_delta 4, trans_delta 8, recv_delta 12
P: seq 25563, size 1094, send_delta 4, trans_delta 8, recv_delta 12
P: seq 25564, size 1095, send_delta 4, trans_delta 8, recv_delta 12
P: seq 25565, size 1095, send_delta 5, trans_delta 8, recv_delta 13
P: seq 25566, size 1095, send_delta 5, trans_delta 9, recv_delta 14
P: seq 25567, size 1095, send_delta 5, trans_delta 9, recv_delta 14
P: seq 25568, size 1074, send_delta 5, trans_delta 9, recv_delta 14
P: seq 25569, size 1074, send_delta 5, trans_delta 9, recv_delta 14
P: seq 25570, size 1075, send_delta 5, trans_delta 10, recv_delta 15
P: seq 25571, size 1075, send_delta 7, trans_delta 9, recv_delta 16
P: seq 25572, size 1075, send_delta 7, trans_delta 9, recv_delta 16
P: seq 25573, size 1075, send_delta 7, trans_delta 10, recv_delta 17
P: seq 25574, size 1137, send_delta 7, trans_delta 10, recv_delta 17
P: seq 25575, size 1137, send_delta 7, trans_delta 11, recv_delta 18
P: seq 25576, size 1137, send_delta 7, trans_delta 11, recv_delta 18
P: seq 25577, size 1137, send_delta 8, trans_delta 10, recv_delta 18
P: seq 25578, size 1137, send_delta 8, trans_delta 10, recv_delta 18
P: seq 25579, size 1138, send_delta 8, trans_delta 12, recv_delta 20
P: seq 25580, size 1138, send_delta 8, trans_delta 12, recv_delta 20
P: seq 25581, size 1138, send_delta 8, trans_delta 12, recv_delta 20
P: seq 25582, size 1167, send_delta 8, trans_delta 13, recv_delta 21
P: seq 25583, size 1168, send_delta 9, trans_delta 12, recv_delta 21
P: seq 25584, size 1168, send_delta 9, trans_delta 13, recv_delta 22
P: seq 25585, size 1168, send_delta 9, trans_delta 13, recv_delta 22
P: seq 25586, size 1168, send_delta 9, trans_delta 13, recv_delta 22
P: seq 25587, size 1061, send_delta 9, trans_delta 14, recv_delta 23
P: seq 25588, size 1061, send_delta 9, trans_delta 15, recv_delta 24
P: seq 25589, size 1061, send_delta 11, trans_delta 13, recv_delta 24
P: seq 25590, size 1061, send_delta 11, trans_delta 13, recv_delta 24
P: seq 25591, size 1061, send_delta 11, trans_delta 14, recv_delta 25
P: seq 25592, size 1061, send_delta 11, trans_delta 14, recv_delta 25
P: seq 25593, size 918, send_delta 11, trans_delta 14, recv_delta 25
P: seq 25594, size 918, send_delta 11, trans_delta 15, recv_delta 26
P: seq 25595, size 919, send_delta 11, trans_delta 16, recv_delta 27
RTP TS: 406744531, Frame Size: 43462, Encode 4, Net 28, Wait 11, Decode 6 E2E 49 
P: seq 25596, size 953, send_delta 0, trans_delta 9, recv_delta 9
P: seq 25597, size 953, send_delta 0, trans_delta 9, recv_delta 9
P: seq 25598, size 1151, send_delta 1, trans_delta 9, recv_delta 10
P: seq 25599, size 1151, send_delta 1, trans_delta 9, recv_delta 10
P: seq 25600, size 1151, send_delta 1, trans_delta 9, recv_delta 10
P: seq 25601, size 1151, send_delta 1, trans_delta 10, recv_delta 11
P: seq 25602, size 1152, send_delta 1, trans_delta 11, recv_delta 12
P: seq 25603, size 1152, send_delta 3, trans_delta 9, recv_delta 12
P: seq 25604, size 1152, send_delta 3, trans_delta 10, recv_delta 13
P: seq 25605, size 1186, send_delta 3, trans_delta 10, recv_delta 13
P: seq 25606, size 1186, send_delta 3, trans_delta 10, recv_delta 13
P: seq 25607, size 1186, send_delta 3, trans_delta 11, recv_delta 14
P: seq 25608, size 1187, send_delta 3, trans_delta 11, recv_delta 14
P: seq 25609, size 1187, send_delta 4, trans_delta 10, recv_delta 14
P: seq 25610, size 1187, send_delta 4, trans_delta 12, recv_delta 16
P: seq 25611, size 1187, send_delta 4, trans_delta 12, recv_delta 16
P: seq 25612, size 1055, send_delta 4, trans_delta 12, recv_delta 16
P: seq 25613, size 1056, send_delta 4, trans_delta 13, recv_delta 17
P: seq 25614, size 1056, send_delta 4, trans_delta 13, recv_delta 17
P: seq 25615, size 1056, send_delta 4, trans_delta 13, recv_delta 17
P: seq 25616, size 1056, send_delta 5, trans_delta 12, recv_delta 17
P: seq 25617, size 1108, send_delta 5, trans_delta 13, recv_delta 18
P: seq 25618, size 1109, send_delta 5, trans_delta 13, recv_delta 18
P: seq 25619, size 1109, send_delta 5, trans_delta 14, recv_delta 19
P: seq 25620, size 1109, send_delta 6, trans_delta 13, recv_delta 19
P: seq 25621, size 1109, send_delta 7, trans_delta 13, recv_delta 20
P: seq 25622, size 1109, send_delta 7, trans_delta 13, recv_delta 20
P: seq 25623, size 1109, send_delta 7, trans_delta 13, recv_delta 20
P: seq 25624, size 1061, send_delta 7, trans_delta 15, recv_delta 22
P: seq 25625, size 1061, send_delta 7, trans_delta 15, recv_delta 22
P: seq 25626, size 1061, send_delta 7, trans_delta 16, recv_delta 23
P: seq 25627, size 1061, send_delta 8, trans_delta 15, recv_delta 23
P: seq 25628, size 1061, send_delta 8, trans_delta 16, recv_delta 24
P: seq 25629, size 1062, send_delta 8, trans_delta 17, recv_delta 25
P: seq 25630, size 1157, send_delta 8, trans_delta 17, recv_delta 25
P: seq 25631, size 1157, send_delta 8, trans_delta 17, recv_delta 25
P: seq 25632, size 1157, send_delta 8, trans_delta 18, recv_delta 26
P: seq 25633, size 1157, send_delta 8, trans_delta 19, recv_delta 27
P: seq 25634, size 1080, send_delta 9, trans_delta 18, recv_delta 27
P: seq 25635, size 1081, send_delta 9, trans_delta 19, recv_delta 28
RTP TS: 406746151, Frame Size: 45877, Encode 4, Net 34, Wait 4, Decode 6 E2E 48 
P: seq 25636, size 882, send_delta 0, trans_delta 10, recv_delta 10
P: seq 25637, size 882, send_delta 0, trans_delta 10, recv_delta 10
P: seq 25638, size 1137, send_delta 1, trans_delta 11, recv_delta 12
P: seq 25639, size 1137, send_delta 1, trans_delta 11, recv_delta 12
P: seq 25640, size 1137, send_delta 1, trans_delta 12, recv_delta 13
P: seq 25641, size 1137, send_delta 1, trans_delta 12, recv_delta 13
P: seq 25642, size 1137, send_delta 1, trans_delta 13, recv_delta 14
P: seq 25643, size 1137, send_delta 2, trans_delta 12, recv_delta 14
P: seq 25644, size 1137, send_delta 3, trans_delta 12, recv_delta 15
P: seq 25645, size 1138, send_delta 3, trans_delta 12, recv_delta 15
P: seq 25646, size 1138, send_delta 3, trans_delta 12, recv_delta 15
P: seq 25647, size 1091, send_delta 3, trans_delta 14, recv_delta 17
P: seq 25648, size 1092, send_delta 3, trans_delta 14, recv_delta 17
P: seq 25649, size 1092, send_delta 3, trans_delta 15, recv_delta 18
P: seq 25650, size 1092, send_delta 5, trans_delta 13, recv_delta 18
P: seq 25651, size 1092, send_delta 5, trans_delta 14, recv_delta 19
P: seq 25652, size 1092, send_delta 5, trans_delta 14, recv_delta 19
P: seq 25653, size 1092, send_delta 6, trans_delta 13, recv_delta 19
P: seq 25654, size 1092, send_delta 6, trans_delta 15, recv_delta 21
P: seq 25655, size 1112, send_delta 6, trans_delta 15, recv_delta 21
P: seq 25656, size 1112, send_delta 6, trans_delta 15, recv_delta 21
P: seq 25657, size 1113, send_delta 6, trans_delta 16, recv_delta 22
P: seq 25658, size 1113, send_delta 6, trans_delta 16, recv_delta 22
P: seq 25659, size 1170, send_delta 6, trans_delta 17, recv_delta 23
P: seq 25660, size 1171, send_delta 6, trans_delta 17, recv_delta 23
P: seq 25661, size 1171, send_delta 6, trans_delta 18, recv_delta 24
P: seq 25662, size 1171, send_delta 6, trans_delta 19, recv_delta 25
P: seq 25663, size 1171, send_delta 6, trans_delta 20, recv_delta 26
P: seq 25664, size 1171, send_delta 6, trans_delta 21, recv_delta 27
P: seq 25665, size 1171, send_delta 6, trans_delta 21, recv_delta 27
P: seq 25666, size 1104, send_delta 7, trans_delta 20, recv_delta 27
P: seq 25667, size 1104, send_delta 7, trans_delta 21, recv_delta 28
P: seq 25668, size 1104, send_delta 7, trans_delta 22, recv_delta 29
P: seq 25669, size 1104, send_delta 8, trans_delta 22, recv_delta 30
P: seq 25670, size 1105, send_delta 8, trans_delta 22, recv_delta 30
P: seq 25671, size 1105, send_delta 8, trans_delta 22, recv_delta 30
P: seq 25672, size 1086, send_delta 9, trans_delta 22, recv_delta 31
P: seq 25673, size 1086, send_delta 9, trans_delta 23, recv_delta 32
P: seq 25674, size 1086, send_delta 9, trans_delta 23, recv_delta 32
P: seq 25675, size 1087, send_delta 9, trans_delta 23, recv_delta 32
P: seq 25676, size 870, send_delta 9, trans_delta 23, recv_delta 32
P: seq 25677, size 870, send_delta 9, trans_delta 23, recv_delta 32
P: seq 25678, size 871, send_delta 10, trans_delta 23, recv_delta 33
RTP TS: 406747771, Frame Size: 52017, Encode 4, Net 43, Wait 0, Decode 7 E2E 54 
P: seq 25679, size 958, send_delta 0, trans_delta 17, recv_delta 17
P: seq 25680, size 958, send_delta 1, trans_delta 16, recv_delta 17
P: seq 25681, size 959, send_delta 1, trans_delta 16, recv_delta 17
P: seq 25682, size 959, send_delta 1, trans_delta 17, recv_delta 18
P: seq 25683, size 1084, send_delta 1, trans_delta 17, recv_delta 18
P: seq 25684, size 1084, send_delta 1, trans_delta 17, recv_delta 18
P: seq 25685, size 1084, send_delta 1, trans_delta 19, recv_delta 20
P: seq 25686, size 1084, send_delta 2, trans_delta 18, recv_delta 20
P: seq 25687, size 1085, send_delta 2, trans_delta 18, recv_delta 20
P: seq 25688, size 1085, send_delta 2, trans_delta 19, recv_delta 21
P: seq 25689, size 1085, send_delta 2, trans_delta 20, recv_delta 22
P: seq 25690, size 1085, send_delta 2, trans_delta 20, recv_delta 22
P: seq 25691, size 1085, send_delta 2, trans_delta 20, recv_delta 22
P: seq 25692, size 1085, send_delta 4, trans_delta 18, recv_delta 22
P: seq 25693, size 1061, send_delta 4, trans_delta 19, recv_delta 23
P: seq 25694, size 1062, send_delta 4, trans_delta 21, recv_delta 25
P: seq 25695, size 1062, send_delta 4, trans_delta 21, recv_delta 25
P: seq 25696, size 1062, send_delta 4, trans_delta 22, recv_delta 26
P: seq 25697, size 1062, send_delta 4, trans_delta 22, recv_delta 26
P: seq 25698, size 1062, send_delta 4, trans_delta 23, recv_delta 27
P: seq 25699, size 1062, send_delta 5, trans_delta 22, recv_delta 27
P: seq 25700, size 1062, send_delta 5, trans_delta 23, recv_delta 28
P: seq 25701, size 1065, send_delta 5, trans_delta 24, recv_delta 29
P: seq 25702, size 1065, send_delta 5, trans_delta 24, recv_delta 29
P: seq 25703, size 1065, send_delta 5, trans_delta 24, recv_delta 29
P: seq 25704, size 1065, send_delta 5, trans_delta 25, recv_delta 30
P: seq 25705, size 1065, send_delta 5, trans_delta 26, recv_delta 31
P: seq 25706, size 1066, send_delta 6, trans_delta 25, recv_delta 31
P: seq 25707, size 1137, send_delta 6, trans_delta 25, recv_delta 31
P: seq 25708, size 1138, send_delta 6, trans_delta 26, recv_delta 32
P: seq 25709, size 1138, send_delta 6, trans_delta 27, recv_delta 33
P: seq 25710, size 1138, send_delta 6, trans_delta 27, recv_delta 33
P: seq 25711, size 1138, send_delta 6, trans_delta 28, recv_delta 34
P: seq 25712, size 1138, send_delta 7, trans_delta 27, recv_delta 34
P: seq 25713, size 1138, send_delta 8, trans_delta 27, recv_delta 35
P: seq 25714, size 1138, send_delta 8, trans_delta 28, recv_delta 36
P: seq 25715, size 1147, send_delta 8, trans_delta 28, recv_delta 36
P: seq 25716, size 1148, send_delta 8, trans_delta 28, recv_delta 36
P: seq 25717, size 1148, send_delta 8, trans_delta 28, recv_delta 36
P: seq 25718, size 1148, send_delta 9, trans_delta 29, recv_delta 38
P: seq 25719, size 1148, send_delta 9, trans_delta 30, recv_delta 39
P: seq 25720, size 1009, send_delta 9, trans_delta 30, recv_delta 39
P: seq 25721, size 1009, send_delta 9, trans_delta 31, recv_delta 40
P: seq 25722, size 1009, send_delta 9, trans_delta 31, recv_delta 40
P: seq 25723, size 1009, send_delta 9, trans_delta 31, recv_delta 40
P: seq 25724, size 1009, send_delta 10, trans_delta 31, recv_delta 41
P: seq 25725, size 957, send_delta 10, trans_delta 31, recv_delta 41
P: seq 25726, size 958, send_delta 10, trans_delta 33, recv_delta 43
P: seq 25727, size 958, send_delta 11, trans_delta 32, recv_delta 43
P: seq 25728, size 958, send_delta 11, trans_delta 32, recv_delta 43
RTP TS: 406749301, Frame Size: 46031, Encode 4, Net 50, Wait 2, Decode 6 E2E 62 
P: seq 25729, size 1113, send_delta 1, trans_delta 26, recv_delta 27
P: seq 25730, size 1113, send_delta 1, trans_delta 27, recv_delta 28
P: seq 25731, size 1114, send_delta 2, trans_delta 26, recv_delta 28
P: seq 25732, size 1114, send_delta 2, trans_delta 27, recv_delta 29
P: seq 25733, size 1093, send_delta 2, trans_delta 27, recv_delta 29
P: seq 25734, size 1093, send_delta 2, trans_delta 28, recv_delta 30
P: seq 25735, size 1093, send_delta 2, trans_delta 28, recv_delta 30
P: seq 25736, size 1093, send_delta 2, trans_delta 29, recv_delta 31
P: seq 25737, size 1093, send_delta 2, trans_delta 29, recv_delta 31
P: seq 25738, size 1094, send_delta 3, trans_delta 29, recv_delta 32
P: seq 25739, size 1094, send_delta 3, trans_delta 29, recv_delta 32
P: seq 25740, size 1094, send_delta 4, trans_delta 29, recv_delta 33
P: seq 25741, size 1094, send_delta 4, trans_delta 29, recv_delta 33
P: seq 25742, size 1094, send_delta 4, trans_delta 29, recv_delta 33
P: seq 25743, size 1042, send_delta 4, trans_delta 30, recv_delta 34
P: seq 25744, size 1042, send_delta 5, trans_delta 29, recv_delta 34
P: seq 25745, size 1042, send_delta 5, trans_delta 31, recv_delta 36
P: seq 25746, size 1043, send_delta 5, trans_delta 32, recv_delta 37
P: seq 25747, size 1043, send_delta 5, trans_delta 32, recv_delta 37
P: seq 25748, size 1043, send_delta 5, trans_delta 32, recv_delta 37
P: seq 25749, size 1043, send_delta 5, trans_delta 32, recv_delta 37
P: seq 25750, size 1157, send_delta 6, trans_delta 31, recv_delta 37
P: seq 25751, size 1158, send_delta 6, trans_delta 32, recv_delta 38
P: seq 25752, size 1158, send_delta 6, trans_delta 34, recv_delta 40
P: seq 25753, size 1158, send_delta 6, trans_delta 34, recv_delta 40
P: seq 25754, size 1158, send_delta 6, trans_delta 35, recv_delta 41
P: seq 25755, size 1088, send_delta 6, trans_delta 35, recv_delta 41
P: seq 25756, size 1088, send_delta 6, trans_delta 36, recv_delta 42
P: seq 25757, size 1088, send_delta 7, trans_delta 36, recv_delta 43
P: seq 25758, size 1088, send_delta 8, trans_delta 35, recv_delta 43
P: seq 25759, size 1089, send_delta 8, trans_delta 35, recv_delta 43
P: seq 25760, size 1089, send_delta 8, trans_delta 36, recv_delta 44
P: seq 25761, size 1143, send_delta 8, trans_delta 37, recv_delta 45
P: seq 25762, size 1144, send_delta 8, trans_delta 37, recv_delta 45
P: seq 25763, size 1144, send_delta 9, trans_delta 36, recv_delta 45
P: seq 25764, size 1144, send_delta 9, trans_delta 36, recv_delta 45
P: seq 25765, size 1018, send_delta 9, trans_delta 37, recv_delta 46
P: seq 25766, size 1018, send_delta 9, trans_delta 39, recv_delta 48
P: seq 25767, size 1018, send_delta 9, trans_delta 39, recv_delta 48
P: seq 25768, size 1019, send_delta 9, trans_delta 39, recv_delta 48
P: seq 25769, size 1154, send_delta 10, trans_delta 39, recv_delta 49
P: seq 25770, size 1154, send_delta 10, trans_delta 40, recv_delta 50
P: seq 25771, size 1154, send_delta 10, trans_delta 40, recv_delta 50
RTP TS: 406750921, Frame Size: 44312, Encode 4, Net 56, Wait 1, Decode 6 E2E 67 
P: seq 25772, size 1001, send_delta 0, trans_delta 33, recv_delta 33
P: seq 25773, size 1001, send_delta 1, trans_delta 32, recv_delta 33
P: seq 25774, size 1001, send_delta 2, trans_delta 31, recv_delta 33
P: seq 25775, size 1084, send_delta 2, trans_delta 33, recv_delta 35
P: seq 25776, size 1084, send_delta 2, trans_delta 33, recv_delta 35
P: seq 25777, size 1084, send_delta 2, trans_delta 34, recv_delta 36
P: seq 25778, size 1085, send_delta 2, trans_delta 34, recv_delta 36
P: seq 25779, size 1085, send_delta 2, trans_delta 34, recv_delta 36
P: seq 25780, size 1085, send_delta 3, trans_delta 33, recv_delta 36
P: seq 25781, size 1085, send_delta 3, trans_delta 34, recv_delta 37
P: seq 25782, size 1085, send_delta 3, trans_delta 36, recv_delta 39
P: seq 25783, size 1085, send_delta 4, trans_delta 35, recv_delta 39
P: seq 25784, size 1085, send_delta 4, trans_delta 35, recv_delta 39
P: seq 25785, size 1146, send_delta 4, trans_delta 35, recv_delta 39
P: seq 25786, size 1146, send_delta 4, trans_delta 37, recv_delta 41
P: seq 25787, size 1146, send_delta 4, trans_delta 38, recv_delta 42
P: seq 25788, size 1146, send_delta 4, trans_delta 38, recv_delta 42
P: seq 25789, size 1147, send_delta 5, trans_delta 37, recv_delta 42
P: seq 25790, size 1147, send_delta 5, trans_delta 38, recv_delta 43
P: seq 25791, size 1147, send_delta 5, trans_delta 39, recv_delta 44
P: seq 25792, size 1045, send_delta 5, trans_delta 39, recv_delta 44
P: seq 25793, size 1045, send_delta 5, trans_delta 39, recv_delta 44
P: seq 25794, size 1045, send_delta 6, trans_delta 39, recv_delta 45
P: seq 25795, size 1045, send_delta 6, trans_delta 40, recv_delta 46
P: seq 25796, size 1046, send_delta 6, trans_delta 40, recv_delta 46
P: seq 25797, size 1046, send_delta 6, trans_delta 41, recv_delta 47
P: seq 25798, size 1115, send_delta 6, trans_delta 41, recv_delta 47
P: seq 25799, size 1115, send_delta 6, trans_delta 42, recv_delta 48
P: seq 25800, size 1115, send_delta 6, trans_delta 42, recv_delta 48
P: seq 25801, size 1115, send_delta 7, trans_delta 42, recv_delta 49
P: seq 25802, size 1115, send_delta 8, trans_delta 42, recv_delta 50
P: seq 25803, size 1116, send_delta 8, trans_delta 42, recv_delta 50
P: seq 25804, size 1116, send_delta 8, trans_delta 42, recv_delta 50
P: seq 25805, size 1024, send_delta 8, trans_delta 43, recv_delta 51
P: seq 25806, size 1024, send_delta 8, trans_delta 44, recv_delta 52
P: seq 25807, size 1024, send_delta 9, trans_delta 44, recv_delta 53
P: seq 25808, size 1025, send_delta 9, trans_delta 44, recv_delta 53
P: seq 25809, size 1028, send_delta 9, trans_delta 44, recv_delta 53
P: seq 25810, size 1028, send_delta 9, trans_delta 44, recv_delta 53
P: seq 25811, size 1028, send_delta 9, trans_delta 44, recv_delta 53
P: seq 25812, size 1118, send_delta 9, trans_delta 46, recv_delta 55
P: seq 25813, size 1118, send_delta 9, trans_delta 47, recv_delta 56
RTP TS: 406752541, Frame Size: 44715, Encode 3, Net 62, Wait 1, Decode 6 E2E 72 
P: seq 25814, size 1057, send_delta 1, trans_delta 38, recv_delta 39
P: seq 25815, size 1057, send_delta 1, trans_delta 39, recv_delta 40
P: seq 25816, size 1058, send_delta 2, trans_delta 38, recv_delta 40
P: seq 25817, size 1177, send_delta 2, trans_delta 39, recv_delta 41
P: seq 25818, size 1177, send_delta 2, trans_delta 40, recv_delta 42
P: seq 25819, size 1177, send_delta 2, trans_delta 40, recv_delta 42
P: seq 25820, size 1177, send_delta 2, trans_delta 41, recv_delta 43
P: seq 25821, size 1177, send_delta 3, trans_delta 40, recv_delta 43
P: seq 25822, size 1177, send_delta 3, trans_delta 41, recv_delta 44
P: seq 25823, size 1177, send_delta 3, trans_delta 41, recv_delta 44
P: seq 25824, size 1177, send_delta 3, trans_delta 42, recv_delta 45
P: seq 25825, size 1177, send_delta 3, trans_delta 42, recv_delta 45
P: seq 25826, size 1177, send_delta 3, trans_delta 42, recv_delta 45
P: seq 25827, size 1189, send_delta 4, trans_delta 42, recv_delta 46
P: seq 25828, size 1189, send_delta 4, trans_delta 43, recv_delta 47
P: seq 25829, size 1189, send_delta 4, trans_delta 44, recv_delta 48
P: seq 25830, size 1189, send_delta 4, trans_delta 45, recv_delta 49
P: seq 25831, size 1189, send_delta 4, trans_delta 45, recv_delta 49
P: seq 25832, size 1190, send_delta 5, trans_delta 45, recv_delta 50
P: seq 25833, size 1190, send_delta 6, trans_delta 44, recv_delta 50
P: seq 25834, size 1190, send_delta 6, trans_delta 44, recv_delta 50
P: seq 25835, size 1064, send_delta 6, trans_delta 46, recv_delta 52
P: seq 25836, size 1064, send_delta 6, trans_delta 46, recv_delta 52
P: seq 25837, size 1065, send_delta 6, trans_delta 47, recv_delta 53
P: seq 25838, size 1065, send_delta 7, trans_delta 46, recv_delta 53
P: seq 25839, size 1014, send_delta 7, trans_delta 46, recv_delta 53
P: seq 25840, size 1014, send_delta 7, trans_delta 46, recv_delta 53
P: seq 25841, size 1014, send_delta 7, trans_delta 48, recv_delta 55
P: seq 25842, size 1014, send_delta 7, trans_delta 49, recv_delta 56
P: seq 25843, size 1015, send_delta 7, trans_delta 49, recv_delta 56
P: seq 25844, size 1036, send_delta 7, trans_delta 49, recv_delta 56
P: seq 25845, size 1037, send_delta 7, trans_delta 50, recv_delta 57
P: seq 25846, size 1037, send_delta 8, trans_delta 50, recv_delta 58
P: seq 25847, size 1037, send_delta 8, trans_delta 50, recv_delta 58
P: seq 25848, size 1188, send_delta 9, trans_delta 49, recv_delta 58
P: seq 25849, size 1188, send_delta 9, trans_delta 50, recv_delta 59
P: seq 25850, size 1188, send_delta 9, trans_delta 51, recv_delta 60
P: seq 25851, size 1189, send_delta 10, trans_delta 51, recv_delta 61
P: seq 25852, size 1020, send_delta 10, trans_delta 51, recv_delta 61
P: seq 25853, size 1021, send_delta 10, trans_delta 51, recv_delta 61
P: seq 25854, size 1021, send_delta 10, trans_delta 52, recv_delta 62
RTP TS: 406754161, Frame Size: 36485, Encode 4, Net 62, Wait 1, Decode 5 E2E 72 
P: seq 25855, size 1110, send_delta 0, trans_delta 43, recv_delta 43
P: seq 25856, size 1110, send_delta 1, trans_delta 43, recv_delta 44
P: seq 25857, size 1111, send_delta 1, trans_delta 44, recv_delta 45
P: seq 25858, size 1123, send_delta 1, trans_delta 44, recv_delta 45
P: seq 25859, size 1124, send_delta 1, trans_delta 45, recv_delta 46
P: seq 25860, size 1124, send_delta 1, trans_delta 45, recv_delta 46
P: seq 25861, size 1124, send_delta 2, trans_delta 45, recv_delta 47
P: seq 25862, size 1124, send_delta 3, trans_delta 45, recv_delta 48
P: seq 25863, size 1124, send_delta 3, trans_delta 45, recv_delta 48
P: seq 25864, size 1124, send_delta 3, trans_delta 46, recv_delta 49
P: seq 25865, size 1192, send_delta 3, trans_delta 46, recv_delta 49
P: seq 25866, size 1192, send_delta 3, trans_delta 47, recv_delta 50
P: seq 25867, size 1193, send_delta 4, trans_delta 47, recv_delta 51
P: seq 25868, size 1193, send_delta 4, trans_delta 47, recv_delta 51
P: seq 25869, size 1193, send_delta 4, trans_delta 47, recv_delta 51
P: seq 25870, size 1193, send_delta 4, trans_delta 47, recv_delta 51
P: seq 25871, size 1025, send_delta 4, trans_delta 49, recv_delta 53
P: seq 25872, size 1025, send_delta 4, trans_delta 50, recv_delta 54
P: seq 25873, size 1026, send_delta 5, trans_delta 49, recv_delta 54
P: seq 25874, size 1026, send_delta 5, trans_delta 49, recv_delta 54
P: seq 25875, size 1105, send_delta 5, trans_delta 50, recv_delta 55
P: seq 25876, size 1105, send_delta 5, trans_delta 51, recv_delta 56
P: seq 25877, size 1105, send_delta 5, trans_delta 51, recv_delta 56
P: seq 25878, size 1105, send_delta 5, trans_delta 51, recv_delta 56
P: seq 25879, size 1128, send_delta 6, trans_delta 51, recv_delta 57
P: seq 25880, size 1128, send_delta 6, trans_delta 51, recv_delta 57
P: seq 25881, size 1128, send_delta 7, trans_delta 51, recv_delta 58
P: seq 25882, size 1161, send_delta 7, trans_delta 51, recv_delta 58
P: seq 25883, size 1161, send_delta 7, trans_delta 52, recv_delta 59
P: seq 25884, size 1161, send_delta 7, trans_delta 53, recv_delta 60
P: seq 25885, size 1162, send_delta 7, trans_delta 54, recv_delta 61
P: seq 25886, size 810, send_delta 8, trans_delta 53, recv_delta 61
P: seq 25887, size 810, send_delta 8, trans_delta 54, recv_delta 62
P: seq 25888, size 811, send_delta 8, trans_delta 54, recv_delta 62
RTP TS: 406755781, Frame Size: 34464, Encode 3, Net 63, Wait 0, Decode 5 E2E 71 
P: seq 25889, size 930, send_delta 1, trans_delta 44, recv_delta 45
P: seq 25890, size 931, send_delta 2, trans_delta 44, recv_delta 46
P: seq 25891, size 931, send_delta 2, trans_delta 45, recv_delta 47
P: seq 25892, size 931, send_delta 2, trans_delta 45, recv_delta 47
P: seq 25893, size 1099, send_delta 2, trans_delta 46, recv_delta 48
P: seq 25894, size 1100, send_delta 2, trans_delta 46, recv_delta 48
P: seq 25895, size 1100, send_delta 2, trans_delta 46, recv_delta 48
P: seq 25896, size 1100, send_delta 3, trans_delta 45, recv_delta 48
P: seq 25897, size 1100, send_delta 4, trans_delta 46, recv_delta 50
P: seq 25898, size 1100, send_delta 4, trans_delta 47, recv_delta 51
P: seq 25899, size 1100, send_delta 4, trans_delta 47, recv_delta 51
P: seq 25900, size 1117, send_delta 4, trans_delta 47, recv_delta 51
P: seq 25901, size 1117, send_delta 4, trans_delta 47, recv_delta 51
P: seq 25902, size 1118, send_delta 4, trans_delta 48, recv_delta 52
P: seq 25903, size 1118, send_delta 4, trans_delta 50, recv_delta 54
P: seq 25904, size 1118, send_delta 4, trans_delta 50, recv_delta 54
P: seq 25905, size 1118, send_delta 4, trans_delta 50, recv_delta 54
P: seq 25906, size 1118, send_delta 5, trans_delta 50, recv_delta 55
P: seq 25907, size 945, send_delta 5, trans_delta 51, recv_delta 56
P: seq 25908, size 945, send_delta 5, trans_delta 51, recv_delta 56
P: seq 25909, size 946, send_delta 5, trans_delta 51, recv_delta 56
P: seq 25910, size 1167, send_delta 5, trans_delta 52, recv_delta 57
P: seq 25911, size 1167, send_delta 5, trans_delta 52, recv_delta 57
P: seq 25912, size 1168, send_delta 5, trans_delta 53, recv_delta 58
P: seq 25913, size 1033, send_delta 7, trans_delta 51, recv_delta 58
P: seq 25914, size 1033, send_delta 7, trans_delta 52, recv_delta 59
P: seq 25915, size 1034, send_delta 7, trans_delta 52, recv_delta 59
P: seq 25916, size 1142, send_delta 7, trans_delta 52, recv_delta 59
P: seq 25917, size 1142, send_delta 7, trans_delta 53, recv_delta 60
P: seq 25918, size 1142, send_delta 7, trans_delta 55, recv_delta 62
P: seq 25919, size 1143, send_delta 7, trans_delta 55, recv_delta 62
P: seq 25920, size 1018, send_delta 8, trans_delta 54, recv_delta 62
P: seq 25921, size 1018, send_delta 8, trans_delta 55, recv_delta 63
RTP TS: 406757401, Frame Size: 30998, Encode 3, Net 61, Wait 1, Decode 4 E2E 69 
P: seq 25922, size 1006, send_delta 0, trans_delta 46, recv_delta 46
P: seq 25923, size 1006, send_delta 1, trans_delta 46, recv_delta 47
P: seq 25924, size 1007, send_delta 1, trans_delta 46, recv_delta 47
P: seq 25925, size 1007, send_delta 1, trans_delta 46, recv_delta 47
P: seq 25926, size 1033, send_delta 1, trans_delta 47, recv_delta 48
P: seq 25927, size 1033, send_delta 1, trans_delta 47, recv_delta 48
P: seq 25928, size 1034, send_delta 2, trans_delta 47, recv_delta 49
P: seq 25929, size 1034, send_delta 2, trans_delta 47, recv_delta 49
P: seq 25930, size 1087, send_delta 3, trans_delta 46, recv_delta 49
P: seq 25931, size 1088, send_delta 3, trans_delta 47, recv_delta 50
P: seq 25932, size 1088, send_delta 3, trans_delta 48, recv_delta 51
P: seq 25933, size 1069, send_delta 3, trans_delta 49, recv_delta 52
P: seq 25934, size 1069, send_delta 3, trans_delta 49, recv_delta 52
P: seq 25935, size 1136, send_delta 3, trans_delta 49, recv_delta 52
P: seq 25936, size 1137, send_delta 3, trans_delta 50, recv_delta 53
P: seq 25937, size 1137, send_delta 3, trans_delta 50, recv_delta 53
P: seq 25938, size 1008, send_delta 4, trans_delta 51, recv_delta 55
P: seq 25939, size 1009, send_delta 4, trans_delta 51, recv_delta 55
P: seq 25940, size 1009, send_delta 4, trans_delta 51, recv_delta 55
P: seq 25941, size 1009, send_delta 4, trans_delta 52, recv_delta 56
P: seq 25942, size 1009, send_delta 4, trans_delta 52, recv_delta 56
P: seq 25943, size 1138, send_delta 4, trans_delta 53, recv_delta 57
P: seq 25944, size 1138, send_delta 6, trans_delta 52, recv_delta 58
P: seq 25945, size 1138, send_delta 6, trans_delta 52, recv_delta 58
P: seq 25946, size 1138, send_delta 6, trans_delta 53, recv_delta 59
P: seq 25947, size 1138, send_delta 6, trans_delta 53, recv_delta 59
P: seq 25948, size 1139, send_delta 6, trans_delta 54, recv_delta 60
P: seq 25949, size 967, send_delta 6, trans_delta 55, recv_delta 61
P: seq 25950, size 967, send_delta 7, trans_delta 54, recv_delta 61
P: seq 25951, size 967, send_delta 7, trans_delta 54, recv_delta 61
RTP TS: 406759021, Frame Size: 27619, Encode 3, Net 58, Wait 0, Decode 4 E2E 65 
P: seq 25952, size 999, send_delta 0, trans_delta 45, recv_delta 45
P: seq 25953, size 999, send_delta 2, trans_delta 44, recv_delta 46
P: seq 25954, size 999, send_delta 2, trans_delta 44, recv_delta 46
P: seq 25955, size 999, send_delta 2, trans_delta 45, recv_delta 47
P: seq 25956, size 986, send_delta 2, trans_delta 45, recv_delta 47
P: seq 25957, size 986, send_delta 2, trans_delta 45, recv_delta 47
P: seq 25958, size 987, send_delta 2, trans_delta 46, recv_delta 48
P: seq 25959, size 987, send_delta 3, trans_delta 46, recv_delta 49
P: seq 25960, size 987, send_delta 3, trans_delta 46, recv_delta 49
P: seq 25961, size 1067, send_delta 3, trans_delta 47, recv_delta 50
P: seq 25962, size 1067, send_delta 3, trans_delta 47, recv_delta 50
P: seq 25963, size 1067, send_delta 3, trans_delta 48, recv_delta 51
P: seq 25964, size 694, send_delta 3, trans_delta 48, recv_delta 51
P: seq 25965, size 694, send_delta 3, trans_delta 49, recv_delta 52
P: seq 25966, size 1046, send_delta 4, trans_delta 48, recv_delta 52
P: seq 25967, size 1046, send_delta 4, trans_delta 48, recv_delta 52
P: seq 25968, size 1047, send_delta 4, trans_delta 48, recv_delta 52
P: seq 25969, size 898, send_delta 4, trans_delta 48, recv_delta 52
P: seq 25970, size 899, send_delta 5, trans_delta 49, recv_delta 54
P: seq 25971, size 899, send_delta 5, trans_delta 50, recv_delta 55
P: seq 25972, size 1018, send_delta 5, trans_delta 50, recv_delta 55
P: seq 25973, size 1018, send_delta 5, trans_delta 50, recv_delta 55
P: seq 25974, size 1018, send_delta 6, trans_delta 50, recv_delta 56
P: seq 25975, size 1019, send_delta 6, trans_delta 50, recv_delta 56
P: seq 25976, size 1019, send_delta 6, trans_delta 50, recv_delta 56
P: seq 25977, size 973, send_delta 6, trans_delta 51, recv_delta 57
P: seq 25978, size 974, send_delta 6, trans_delta 52, recv_delta 58
P: seq 25979, size 974, send_delta 6, trans_delta 52, recv_delta 58
P: seq 25980, size 974, send_delta 6, trans_delta 52, recv_delta 58
RTP TS: 406760641, Frame Size: 33556, Encode 3, Net 51, Wait 1, Decode 5 E2E 60 
P: seq 25981, size 814, send_delta 0, trans_delta 40, recv_delta 40
P: seq 25982, size 814, send_delta 0, trans_delta 40, recv_delta 40
P: seq 25983, size 814, send_delta 2, trans_delta 39, recv_delta 41
P: seq 25984, size 1040, send_delta 2, trans_delta 39, recv_delta 41
P: seq 25985, size 1040, send_delta 2, trans_delta 39, recv_delta 41
P: seq 25986, size 1040, send_delta 2, trans_delta 40, recv_delta 42
P: seq 25987, size 1041, send_delta 2, trans_delta 40, recv_delta 42
P: seq 25988, size 1041, send_delta 2, trans_delta 40, recv_delta 42
P: seq 25989, size 1041, send_delta 2, trans_delta 41, recv_delta 43
P: seq 25990, size 1149, send_delta 2, trans_delta 41, recv_delta 43
P: seq 25991, size 1150, send_delta 3, trans_delta 41, recv_delta 44
P: seq 25992, size 869, send_delta 3, trans_delta 41, recv_delta 44
P: seq 25993, size 869, send_delta 3, trans_delta 41, recv_delta 44
P: seq 25994, size 869, send_delta 3, trans_delta 41, recv_delta 44
P: seq 25995, size 1079, send_delta 3, trans_delta 41, recv_delta 44
P: seq 25996, size 1080, send_delta 3, trans_delta 42, recv_delta 45
P: seq 25997, size 1080, send_delta 4, trans_delta 41, recv_delta 45
P: seq 25998, size 1080, send_delta 4, trans_delta 41, recv_delta 45
P: seq 25999, size 1080, send_delta 4, trans_delta 42, recv_delta 46
P: seq 26000, size 1110, send_delta 4, trans_delta 42, recv_delta 46
P: seq 26001, size 1110, send_delta 4, trans_delta 43, recv_delta 47
P: seq 26002, size 1110, send_delta 5, trans_delta 42, recv_delta 47
P: seq 26003, size 1110, send_delta 5, trans_delta 42, recv_delta 47
P: seq 26004, size 1111, send_delta 6, trans_delta 42, recv_delta 48
P: seq 26005, size 1011, send_delta 6, trans_delta 42, recv_delta 48
P: seq 26006, size 1011, send_delta 6, trans_delta 42, recv_delta 48
P: seq 26007, size 1011, send_delta 6, trans_delta 43, recv_delta 49
P: seq 26008, size 1011, send_delta 6, trans_delta 43, recv_delta 49
P: seq 26009, size 1012, send_delta 7, trans_delta 42, recv_delta 49
P: seq 26010, size 1012, send_delta 7, trans_delta 42, recv_delta 49
P: seq 26011, size 949, send_delta 7, trans_delta 43, recv_delta 50
P: seq 26012, size 949, send_delta 7, trans_delta 43, recv_delta 50
P: seq 26013, size 950, send_delta 7, trans_delta 43, recv_delta 50
P: seq 26014, size 950, send_delta 7, trans_delta 44, recv_delta 51
RTP TS: 406762171, Frame Size: 29062, Encode 3, Net 42, Wait 4, Decode 4 E2E 53 
P: seq 26015, size 708, send_delta 0, trans_delta 33, recv_delta 33
P: seq 26016, size 708, send_delta 1, trans_delta 32, recv_delta 33
P: seq 26017, size 1183, send_delta 1, trans_delta 33, recv_delta 34
P: seq 26018, size 1183, send_delta 1, trans_delta 33, recv_delta 34
P: seq 26019, size 777, send_delta 1, trans_delta 33, recv_delta 34
P: seq 26020, size 777, send_delta 1, trans_delta 34, recv_delta 35
P: seq 26021, size 1072, send_delta 1, trans_delta 34, recv_delta 35
P: seq 26022, size 1072, send_delta 3, trans_delta 32, recv_delta 35
P: seq 26023, size 1073, send_delta 3, trans_delta 33, recv_delta 36
P: seq 26024, size 1156, send_delta 3, trans_delta 33, recv_delta 36
P: seq 26025, size 1157, send_delta 3, trans_delta 33, recv_delta 36
P: seq 26026, size 1157, send_delta 3, trans_delta 33, recv_delta 36
P: seq 26027, size 1157, send_delta 3, trans_delta 34, recv_delta 37
P: seq 26028, size 1133, send_delta 3, trans_delta 34, recv_delta 37
P: seq 26029, size 1133, send_delta 4, trans_delta 34, recv_delta 38
P: seq 26030, size 1133, send_delta 4, trans_delta 34, recv_delta 38
P: seq 26031, size 1134, send_delta 4, trans_delta 34, recv_delta 38
P: seq 26032, size 1134, send_delta 4, trans_delta 35, recv_delta 39
P: seq 26033, size 1134, send_delta 4, trans_delta 35, recv_delta 39
P: seq 26034, size 1024, send_delta 4, trans_delta 36, recv_delta 40
P: seq 26035, size 1024, send_delta 5, trans_delta 35, recv_delta 40
P: seq 26036, size 1025, send_delta 5, trans_delta 35, recv_delta 40
P: seq 26037, size 1025, send_delta 5, trans_delta 36, recv_delta 41
P: seq 26038, size 1025, send_delta 5, trans_delta 36, recv_delta 41
P: seq 26039, size 1025, send_delta 6, trans_delta 35, recv_delta 41
P: seq 26040, size 913, send_delta 6, trans_delta 35, recv_delta 41
P: seq 26041, size 913, send_delta 6, trans_delta 36, recv_delta 42
P: seq 26042, size 914, send_delta 8, trans_delta 34, recv_delta 42
P: seq 26043, size 914, send_delta 8, trans_delta 34, recv_delta 42
RTP TS: 406763791, Frame Size: 33448, Encode 3, Net 35, Wait 11, Decode 5 E2E 54 
P: seq 26044, size 895, send_delta 0, trans_delta 24, recv_delta 24
P: seq 26045, size 896, send_delta 2, trans_delta 22, recv_delta 24
P: seq 26046, size 872, send_delta 2, trans_delta 22, recv_delta 24
P: seq 26047, size 873, send_delta 2, trans_delta 23, recv_delta 25
P: seq 26048, size 955, send_delta 2, trans_delta 24, recv_delta 26
P: seq 26049, size 955, send_delta 2, trans_delta 24, recv_delta 26
P: seq 26050, size 955, send_delta 2, trans_delta 24, recv_delta 26
P: seq 26051, size 956, send_delta 2, trans_delta 24, recv_delta 26
P: seq 26052, size 1046, send_delta 2, trans_delta 24, recv_delta 26
P: seq 26053, size 1046, send_delta 2, trans_delta 25, recv_delta 27
P: seq 26054, size 1041, send_delta 3, trans_delta 25, recv_delta 28
P: seq 26055, size 1042, send_delta 3, trans_delta 25, recv_delta 28
P: seq 26056, size 1042, send_delta 3, trans_delta 25, recv_delta 28
P: seq 26057, size 1054, send_delta 3, trans_delta 25, recv_delta 28
P: seq 26058, size 1054, send_delta 3, trans_delta 26, recv_delta 29
P: seq 26059, size 1054, send_delta 3, trans_delta 26, recv_delta 29
P: seq 26060, size 1054, send_delta 3, trans_delta 26, recv_delta 29
P: seq 26061, size 1054, send_delta 4, trans_delta 26, recv_delta 30
P: seq 26062, size 1054, send_delta 5, trans_delta 25, recv_delta 30
P: seq 26063, size 1182, send_delta 5, trans_delta 26, recv_delta 31
P: seq 26064, size 1182, send_delta 5, trans_delta 26, recv_delta 31
P: seq 26065, size 1182, send_delta 5, trans_delta 26, recv_delta 31
P: seq 26066, size 1182, send_delta 5, trans_delta 27, recv_delta 32
P: seq 26067, size 1182, send_delta 6, trans_delta 26, recv_delta 32
P: seq 26068, size 1182, send_delta 6, trans_delta 27, recv_delta 33
P: seq 26069, size 1182, send_delta 6, trans_delta 27, recv_delta 33
P: seq 26070, size 1182, send_delta 6, trans_delta 27, recv_delta 33
P: seq 26071, size 1178, send_delta 6, trans_delta 27, recv_delta 33
P: seq 26072, size 1178, send_delta 6, trans_delta 28, recv_delta 34
P: seq 26073, size 1179, send_delta 7, trans_delta 27, recv_delta 34
P: seq 26074, size 1179, send_delta 7, trans_delta 28, recv_delta 35
P: seq 26075, size 1179, send_delta 7, trans_delta 28, recv_delta 35
RTP TS: 406765411, Frame Size: 17106, Encode 3, Net 23, Wait 23, Decode 3 E2E 52 
P: seq 26076, size 559, send_delta 0, trans_delta 17, recv_delta 17
P: seq 26077, size 1070, send_delta 1, trans_delta 17, recv_delta 18
P: seq 26078, size 906, send_delta 1, trans_delta 17, recv_delta 18
P: seq 26079, size 907, send_delta 1, trans_delta 17, recv_delta 18
P: seq 26080, size 846, send_delta 1, trans_delta 17, recv_delta 18
P: seq 26081, size 1129, send_delta 1, trans_delta 18, recv_delta 19
P: seq 26082, size 1129, send_delta 2, trans_delta 17, recv_delta 19
P: seq 26083, size 880, send_delta 2, trans_delta 18, recv_delta 20
P: seq 26084, size 881, send_delta 2, trans_delta 18, recv_delta 20
P: seq 26085, size 881, send_delta 2, trans_delta 18, recv_delta 20
P: seq 26086, size 1115, send_delta 3, trans_delta 17, recv_delta 20
P: seq 26087, size 1116, send_delta 3, trans_delta 18, recv_delta 21
P: seq 26088, size 1116, send_delta 3, trans_delta 18, recv_delta 21
P: seq 26089, size 1116, send_delta 3, trans_delta 18, recv_delta 21
P: seq 26090, size 1116, send_delta 4, trans_delta 18, recv_delta 22
P: seq 26091, size 923, send_delta 5, trans_delta 17, recv_delta 22
P: seq 26092, size 924, send_delta 5, trans_delta 17, recv_delta 22
P: seq 26093, size 924, send_delta 5, trans_delta 18, recv_delta 23
RTP TS: 406767031, Frame Size: 41583, Encode 7, Net 16, Wait 26, Decode 6 E2E 55 
P: seq 26094, size 835, send_delta 0, trans_delta 1, recv_delta 1
P: seq 26095, size 835, send_delta 0, trans_delta 1, recv_delta 1
P: seq 26096, size 835, send_delta 1, trans_delta 2, recv_delta 3
P: seq 26097, size 905, send_delta 1, trans_delta 2, recv_delta 3
P: seq 26098, size 905, send_delta 2, trans_delta 2, recv_delta 4
P: seq 26099, size 906, send_delta 2, trans_delta 2, recv_delta 4
P: seq 26100, size 906, send_delta 2, trans_delta 2, recv_delta 4
P: seq 26101, size 1170, send_delta 2, trans_delta 2, recv_delta 4
P: seq 26102, size 1170, send_delta 3, trans_delta 1, recv_delta 4
P: seq 26103, size 1171, send_delta 3, trans_delta 2, recv_delta 5
P: seq 26104, size 1103, send_delta 3, trans_delta 2, recv_delta 5
P: seq 26105, size 1103, send_delta 4, trans_delta 2, recv_delta 6
P: seq 26106, size 1103, send_delta 4, trans_delta 2, recv_delta 6
P: seq 26107, size 1129, send_delta 5, trans_delta 2, recv_delta 7
P: seq 26108, size 1130, send_delta 5, trans_delta 2, recv_delta 7
P: seq 26109, size 1130, send_delta 5, trans_delta 2, recv_delta 7
P: seq 26110, size 1130, send_delta 5, trans_delta 3, recv_delta 8
P: seq 26111, size 1130, send_delta 6, trans_delta 2, recv_delta 8
P: seq 26112, size 1039, send_delta 6, trans_delta 3, recv_delta 9
P: seq 26113, size 1039, send_delta 6, trans_delta 4, recv_delta 10
P: seq 26114, size 1039, send_delta 6, trans_delta 4, recv_delta 10
P: seq 26115, size 1040, send_delta 7, trans_delta 3, recv_delta 10
P: seq 26116, size 1040, send_delta 7, trans_delta 3, recv_delta 10
P: seq 26117, size 1183, send_delta 7, trans_delta 3, recv_delta 10
P: seq 26118, size 1183, send_delta 7, trans_delta 3, recv_delta 10
P: seq 26119, size 1183, send_delta 8, trans_delta 2, recv_delta 10
P: seq 26120, size 1183, send_delta 8, trans_delta 3, recv_delta 11
P: seq 26121, size 1183, send_delta 8, trans_delta 4, recv_delta 12
P: seq 26122, size 1184, send_delta 8, trans_delta 4, recv_delta 12
P: seq 26123, size 1184, send_delta 10, trans_delta 2, recv_delta 12
P: seq 26124, size 1184, send_delta 10, trans_delta 3, recv_delta 13
P: seq 26125, size 1184, send_delta 10, trans_delta 3, recv_delta 13
P: seq 26126, size 1160, send_delta 10, trans_delta 3, recv_delta 13
P: seq 26127, size 1160, send_delta 11, trans_delta 2, recv_delta 13
P: seq 26128, size 1160, send_delta 11, trans_delta 3, recv_delta 14
P: seq 26129, size 1160, send_delta 11, trans_delta 3, recv_delta 14
P: seq 26130, size 1160, send_delta 12, trans_delta 2, recv_delta 14
P: seq 26131, size 1160, send_delta 12, trans_delta 2, recv_delta 14
P: seq 26132, size 1160, send_delta 12, trans_delta 4, recv_delta 16
RTP TS: 406768651, Frame Size: 32960, Encode 6, Net 13, Wait 28, Decode 5 E2E 52 
P: seq 26133, size 894, send_delta 0, trans_delta 0, recv_delta 0
P: seq 26134, size 895, send_delta 1, trans_delta 1, recv_delta 2
P: seq 26135, size 895, send_delta 1, trans_delta 1, recv_delta 2
P: seq 26136, size 1043, send_delta 1, trans_delta 1, recv_delta 2
P: seq 26137, size 1043, send_delta 1, trans_delta 1, recv_delta 2
P: seq 26138, size 1043, send_delta 1, trans_delta 2, recv_delta 3
P: seq 26139, size 858, send_delta 2, trans_delta 2, recv_delta 4
P: seq 26140, size 858, send_delta 2, trans_delta 2, recv_delta 4
P: seq 26141, size 858, send_delta 2, trans_delta 2, recv_delta 4
P: seq 26142, size 1150, send_delta 3, trans_delta 1, recv_delta 4
P: seq 26143, size 1151, send_delta 3, trans_delta 1, recv_delta 4
P: seq 26144, size 921, send_delta 5, trans_delta 0, recv_delta 5
P: seq 26145, size 921, send_delta 5, trans_delta 1, recv_delta 6
P: seq 26146, size 922, send_delta 5, trans_delta 2, recv_delta 7
P: seq 26147, size 922, send_delta 5, trans_delta 2, recv_delta 7
P: seq 26148, size 1174, send_delta 5, trans_delta 2, recv_delta 7
P: seq 26149, size 1175, send_delta 5, trans_delta 2, recv_delta 7
P: seq 26150, size 1175, send_delta 5, trans_delta 3, recv_delta 8
P: seq 26151, size 1074, send_delta 5, trans_delta 3, recv_delta 8
P: seq 26152, size 1074, send_delta 6, trans_delta 3, recv_delta 9
P: seq 26153, size 1074, send_delta 6, trans_delta 3, recv_delta 9
P: seq 26154, size 1074, send_delta 6, trans_delta 3, recv_delta 9
P: seq 26155, size 1074, send_delta 7, trans_delta 3, recv_delta 10
P: seq 26156, size 1074, send_delta 7, trans_delta 3, recv_delta 10
P: seq 26157, size 1074, send_delta 7, trans_delta 3, recv_delta 10
P: seq 26158, size 1075, send_delta 8, trans_delta 2, recv_delta 10
P: seq 26159, size 1042, send_delta 8, trans_delta 3, recv_delta 11
P: seq 26160, size 1042, send_delta 8, trans_delta 4, recv_delta 12
P: seq 26161, size 1042, send_delta 8, trans_delta 4, recv_delta 12
P: seq 26162, size 1042, send_delta 9, trans_delta 3, recv_delta 12
P: seq 26163, size 1042, send_delta 9, trans_delta 3, recv_delta 12
P: seq 26164, size 1042, send_delta 9, trans_delta 3, recv_delta 12
P: seq 26165, size 1042, send_delta 9, trans_delta 4, recv_delta 13
RTP TS: 406770181, Frame Size: 27420, Encode 6, Net 11, Wait 31, Decode 4 E2E 52 
P: seq 26166, size 1032, send_delta 1, trans_delta 1, recv_delta 2
P: seq 26167, size 1033, send_delta 2, trans_delta 1, recv_delta 3
P: seq 26168, size 1018, send_delta 2, trans_delta 1, recv_delta 3
P: seq 26169, size 1018, send_delta 2, trans_delta 1, recv_delta 3
P: seq 26170, size 1018, send_delta 2, trans_delta 1, recv_delta 3
P: seq 26171, size 875, send_delta 3, trans_delta 0, recv_delta 3
P: seq 26172, size 876, send_delta 3, trans_delta 2, recv_delta 5
P: seq 26173, size 876, send_delta 3, trans_delta 2, recv_delta 5
P: seq 26174, size 820, send_delta 3, trans_delta 2, recv_delta 5
P: seq 26175, size 820, send_delta 3, trans_delta 2, recv_delta 5
P: seq 26176, size 820, send_delta 4, trans_delta 1, recv_delta 5
P: seq 26177, size 930, send_delta 4, trans_delta 2, recv_delta 6
P: seq 26178, size 930, send_delta 4, trans_delta 2, recv_delta 6
P: seq 26179, size 930, send_delta 4, trans_delta 2, recv_delta 6
P: seq 26180, size 931, send_delta 4, trans_delta 2, recv_delta 6
P: seq 26181, size 1123, send_delta 4, trans_delta 3, recv_delta 7
P: seq 26182, size 1123, send_delta 6, trans_delta 1, recv_delta 7
P: seq 26183, size 1123, send_delta 6, trans_delta 2, recv_delta 8
P: seq 26184, size 1090, send_delta 6, trans_delta 2, recv_delta 8
P: seq 26185, size 1090, send_delta 6, trans_delta 2, recv_delta 8
P: seq 26186, size 1090, send_delta 7, trans_delta 2, recv_delta 9
P: seq 26187, size 1090, send_delta 7, trans_delta 2, recv_delta 9
P: seq 26188, size 1091, send_delta 7, trans_delta 3, recv_delta 10
P: seq 26189, size 1073, send_delta 7, trans_delta 3, recv_delta 10
P: seq 26190, size 1073, send_delta 8, trans_delta 2, recv_delta 10
P: seq 26191, size 1074, send_delta 8, trans_delta 2, recv_delta 10
P: seq 26192, size 1074, send_delta 8, trans_delta 3, recv_delta 11
P: seq 26193, size 1074, send_delta 8, trans_delta 3, recv_delta 11
RTP TS: 406771801, Frame Size: 43783, Encode 7, Net 17, Wait 24, Decode 6 E2E 54 
P: seq 26194, size 1115, send_delta 0, trans_delta 2, recv_delta 2
P: seq 26195, size 1115, send_delta 2, trans_delta 1, recv_delta 3
P: seq 26196, size 1115, send_delta 2, trans_delta 1, recv_delta 3
P: seq 26197, size 1011, send_delta 2, trans_delta 2, recv_delta 4
P: seq 26198, size 1011, send_delta 2, trans_delta 2, recv_delta 4
P: seq 26199, size 1012, send_delta 3, trans_delta 1, recv_delta 4
P: seq 26200, size 1012, send_delta 3, trans_delta 1, recv_delta 4
P: seq 26201, size 1012, send_delta 3, trans_delta 1, recv_delta 4
P: seq 26202, size 1035, send_delta 3, trans_delta 2, recv_delta 5
P: seq 26203, size 1035, send_delta 3, trans_delta 3, recv_delta 6
P: seq 26204, size 1036, send_delta 4, trans_delta 2, recv_delta 6
P: seq 26205, size 1036, send_delta 4, trans_delta 2, recv_delta 6
P: seq 26206, size 1085, send_delta 4, trans_delta 3, recv_delta 7
P: seq 26207, size 1085, send_delta 5, trans_delta 2, recv_delta 7
P: seq 26208, size 1086, send_delta 5, trans_delta 2, recv_delta 7
P: seq 26209, size 1132, send_delta 5, trans_delta 3, recv_delta 8
P: seq 26210, size 1132, send_delta 5, trans_delta 3, recv_delta 8
P: seq 26211, size 1132, send_delta 6, trans_delta 2, recv_delta 8
P: seq 26212, size 1133, send_delta 7, trans_delta 2, recv_delta 9
P: seq 26213, size 1048, send_delta 7, trans_delta 2, recv_delta 9
P: seq 26214, size 1048, send_delta 7, trans_delta 2, recv_delta 9
P: seq 26215, size 1048, send_delta 7, trans_delta 3, recv_delta 10
P: seq 26216, size 1048, send_delta 8, trans_delta 3, recv_delta 11
P: seq 26217, size 1048, send_delta 8, trans_delta 3, recv_delta 11
P: seq 26218, size 1184, send_delta 8, trans_delta 3, recv_delta 11
P: seq 26219, size 1185, send_delta 8, trans_delta 3, recv_delta 11
P: seq 26220, size 1185, send_delta 9, trans_delta 2, recv_delta 11
P: seq 26221, size 1185, send_delta 9, trans_delta 3, recv_delta 12
P: seq 26222, size 1185, send_delta 9, trans_delta 3, recv_delta 12
P: seq 26223, size 1185, send_delta 9, trans_delta 3, recv_delta 12
P: seq 26224, size 1185, send_delta 11, trans_delta 2, recv_delta 13
P: seq 26225, size 1185, send_delta 11, trans_delta 2, recv_delta 13
P: seq 26226, size 1185, send_delta 11, trans_delta 3, recv_delta 14
P: seq 26227, size 1072, send_delta 11, trans_delta 3, recv_delta 14
P: seq 26228, size 1072, send_delta 12, trans_delta 2, recv_delta 14
P: seq 26229, size 1073, send_delta 12, trans_delta 3, recv_delta 15
P: seq 26230, size 1073, send_delta 12, trans_delta 3, recv_delta 15
P: seq 26231, size 1073, send_delta 12, trans_delta 4, recv_delta 16
P: seq 26232, size 1073, send_delta 13, trans_delta 3, recv_delta 16
P: seq 26233, size 1073, send_delta 13, trans_delta 3, recv_delta 16
P: seq 26234, size 1073, send_delta 13, trans_delta 4, recv_delta 17
RTP TS: 406773421, Frame Size: 46420, Encode 6, Net 17, Wait 24, Decode 7 E2E 54 
P: seq 26235, size 987, send_delta 0, trans_delta 1, recv_delta 1
P: seq 26236, size 988, send_delta 2, trans_delta 1, recv_delta 3
P: seq 26237, size 988, send_delta 2, trans_delta 1, recv_delta 3
P: seq 26238, size 1049, send_delta 2, trans_delta 2, recv_delta 4
P: seq 26239, size 1049, send_delta 2, trans_delta 2, recv_delta 4
P: seq 26240, size 1049, send_delta 2, trans_delta 2, recv_delta 4
P: seq 26241, size 1050, send_delta 2, trans_delta 2, recv_delta 4
P: seq 26242, size 1050, send_delta 2, trans_delta 2, recv_delta 4
P: seq 26243, size 1026, send_delta 2, trans_delta 3, recv_delta 5
P: seq 26244, size 1026, send_delta 3, trans_delta 2, recv_delta 5
P: seq 26245, size 1026, send_delta 3, trans_delta 3, recv_delta 6
P: seq 26246, size 1027, send_delta 3, trans_delta 3, recv_delta 6
P: seq 26247, size 1027, send_delta 3, trans_delta 3, recv_delta 6
P: seq 26248, size 1098, send_delta 5, trans_delta 2, recv_delta 7
P: seq 26249, size 1098, send_delta 5, trans_delta 2, recv_delta 7
P: seq 26250, size 1098, send_delta 5, trans_delta 2, recv_delta 7
P: seq 26251, size 1099, send_delta 5, trans_delta 3, recv_delta 8
P: seq 26252, size 1131, send_delta 5, trans_delta 3, recv_delta 8
P: seq 26253, size 1131, send_delta 5, trans_delta 4, recv_delta 9
P: seq 26254, size 1131, send_delta 6, trans_delta 3, recv_delta 9
P: seq 26255, size 1131, send_delta 6, trans_delta 3, recv_delta 9
P: seq 26256, size 1131, send_delta 6, trans_delta 3, recv_delta 9
P: seq 26257, size 1131, send_delta 6, trans_delta 4, recv_delta 10
P: seq 26258, size 1086, send_delta 8, trans_delta 2, recv_delta 10
P: seq 26259, size 1086, send_delta 8, trans_delta 2, recv_delta 10
P: seq 26260, size 1086, send_delta 8, trans_delta 3, recv_delta 11
P: seq 26261, size 1087, send_delta 9, trans_delta 2, recv_delta 11
P: seq 26262, size 1087, send_delta 9, trans_delta 3, recv_delta 12
P: seq 26263, size 1087, send_delta 9, trans_delta 3, recv_delta 12
P: seq 26264, size 1147, send_delta 9, trans_delta 3, recv_delta 12
P: seq 26265, size 1148, send_delta 10, trans_delta 3, recv_delta 13
P: seq 26266, size 1148, send_delta 10, trans_delta 3, recv_delta 13
P: seq 26267, size 1148, send_delta 10, trans_delta 4, recv_delta 14
P: seq 26268, size 1148, send_delta 10, trans_delta 4, recv_delta 14
P: seq 26269, size 1148, send_delta 11, trans_delta 3, recv_delta 14
P: seq 26270, size 1148, send_delta 11, trans_delta 3, recv_delta 14
P: seq 26271, size 1148, send_delta 11, trans_delta 4, recv_delta 15
P: seq 26272, size 1044, send_delta 11, trans_delta 4, recv_delta 15
P: seq 26273, size 1044, send_delta 13, trans_delta 3, recv_delta 16
P: seq 26274, size 1044, send_delta 13, trans_delta 3, recv_delta 16
P: seq 26275, size 1044, send_delta 13, trans_delta 3, recv_delta 16
P: seq 26276, size 1044, send_delta 13, trans_delta 3, recv_delta 16
P: seq 26277, size 1044, send_delta 13, trans_delta 4, recv_delta 17
P: seq 26278, size 1044, send_delta 14, trans_delta 3, recv_delta 17
RTP TS: 406775041, Frame Size: 46660, Encode 6, Net 16, Wait 25, Decode 7 E2E 54 
P: seq 26279, size 991, send_delta 0, trans_delta 1, recv_delta 1
P: seq 26280, size 992, send_delta 1, trans_delta 0, recv_delta 1
P: seq 26281, size 992, send_delta 1, trans_delta 0, recv_delta 1
P: seq 26282, size 1077, send_delta 1, trans_delta 2, recv_delta 3
P: seq 26283, size 1077, send_delta 1, trans_delta 2, recv_delta 3
P: seq 26284, size 1077, send_delta 1, trans_delta 2, recv_delta 3
P: seq 26285, size 1077, send_delta 2, trans_delta 2, recv_delta 4
P: seq 26286, size 1077, send_delta 3, trans_delta 1, recv_delta 4
P: seq 26287, size 1006, send_delta 3, trans_delta 2, recv_delta 5
P: seq 26288, size 1007, send_delta 3, trans_delta 2, recv_delta 5
P: seq 26289, size 1007, send_delta 4, trans_delta 1, recv_delta 5
P: seq 26290, size 1007, send_delta 4, trans_delta 2, recv_delta 6
P: seq 26291, size 1007, send_delta 4, trans_delta 2, recv_delta 6
P: seq 26292, size 1099, send_delta 4, trans_delta 2, recv_delta 6
P: seq 26293, size 1099, send_delta 4, trans_delta 2, recv_delta 6
P: seq 26294, size 1099, send_delta 5, trans_delta 2, recv_delta 7
P: seq 26295, size 1100, send_delta 5, trans_delta 2, recv_delta 7
P: seq 26296, size 1129, send_delta 5, trans_delta 2, recv_delta 7
P: seq 26297, size 1130, send_delta 5, trans_delta 3, recv_delta 8
P: seq 26298, size 1130, send_delta 6, trans_delta 2, recv_delta 8
P: seq 26299, size 1130, send_delta 6, trans_delta 3, recv_delta 9
P: seq 26300, size 1130, send_delta 6, trans_delta 3, recv_delta 9
P: seq 26301, size 1130, send_delta 7, trans_delta 2, recv_delta 9
P: seq 26302, size 1062, send_delta 8, trans_delta 2, recv_delta 10
P: seq 26303, size 1062, send_delta 8, trans_delta 2, recv_delta 10
P: seq 26304, size 1062, send_delta 8, trans_delta 2, recv_delta 10
P: seq 26305, size 1062, send_delta 9, trans_delta 2, recv_delta 11
P: seq 26306, size 1063, send_delta 9, trans_delta 2, recv_delta 11
P: seq 26307, size 1063, send_delta 9, trans_delta 2, recv_delta 11
P: seq 26308, size 1180, send_delta 9, trans_delta 2, recv_delta 11
P: seq 26309, size 1180, send_delta 10, trans_delta 2, recv_delta 12
P: seq 26310, size 1180, send_delta 10, trans_delta 2, recv_delta 12
P: seq 26311, size 1180, send_delta 10, trans_delta 2, recv_delta 12
P: seq 26312, size 1180, send_delta 10, trans_delta 2, recv_delta 12
P: seq 26313, size 1180, send_delta 12, trans_delta 1, recv_delta 13
P: seq 26314, size 1181, send_delta 12, trans_delta 2, recv_delta 14
P: seq 26315, size 1181, send_delta 12, trans_delta 2, recv_delta 14
P: seq 26316, size 1055, send_delta 12, trans_delta 2, recv_delta 14
P: seq 26317, size 1055, send_delta 12, trans_delta 3, recv_delta 15
P: seq 26318, size 1055, send_delta 12, trans_delta 3, recv_delta 15
P: seq 26319, size 1055, send_delta 13, trans_delta 3, recv_delta 16
P: seq 26320, size 1055, send_delta 13, trans_delta 3, recv_delta 16
P: seq 26321, size 1055, send_delta 13, trans_delta 3, recv_delta 16
P: seq 26322, size 1055, send_delta 13, trans_delta 3, recv_delta 16
RTP TS: 406776661, Frame Size: 53042, Encode 7, Net 19, Wait 22, Decode 8 E2E 56 
P: seq 26323, size 910, send_delta 0, trans_delta 0, recv_delta 0
P: seq 26324, size 911, send_delta 1, trans_delta 2, recv_delta 3
P: seq 26325, size 911, send_delta 1, trans_delta 2, recv_delta 3
P: seq 26326, size 911, send_delta 2, trans_delta 1, recv_delta 3
P: seq 26327, size 1033, send_delta 2, trans_delta 2, recv_delta 4
P: seq 26328, size 1034, send_delta 2, trans_delta 2, recv_delta 4
P: seq 26329, size 1034, send_delta 3, trans_delta 1, recv_delta 4
P: seq 26330, size 1034, send_delta 3, trans_delta 1, recv_delta 4
P: seq 26331, size 1034, send_delta 3, trans_delta 2, recv_delta 5
P: seq 26332, size 1034, send_delta 3, trans_delta 2, recv_delta 5
P: seq 26333, size 1125, send_delta 4, trans_delta 1, recv_delta 5
P: seq 26334, size 1126, send_delta 4, trans_delta 2, recv_delta 6
P: seq 26335, size 1126, send_delta 4, trans_delta 2, recv_delta 6
P: seq 26336, size 1126, send_delta 4, trans_delta 3, recv_delta 7
P: seq 26337, size 1126, send_delta 5, trans_delta 2, recv_delta 7
P: seq 26338, size 1154, send_delta 5, trans_delta 2, recv_delta 7
P: seq 26339, size 1154, send_delta 5, trans_delta 3, recv_delta 8
P: seq 26340, size 1154, send_delta 5, trans_delta 3, recv_delta 8
P: seq 26341, size 1155, send_delta 5, trans_delta 4, recv_delta 9
P: seq 26342, size 1163, send_delta 6, trans_delta 3, recv_delta 9
P: seq 26343, size 1163, send_delta 7, trans_delta 3, recv_delta 10
P: seq 26344, size 1163, send_delta 7, trans_delta 3, recv_delta 10
P: seq 26345, size 1164, send_delta 8, trans_delta 2, recv_delta 10
P: seq 26346, size 1164, send_delta 8, trans_delta 2, recv_delta 10
P: seq 26347, size 1164, send_delta 8, trans_delta 3, recv_delta 11
P: seq 26348, size 1173, send_delta 8, trans_delta 3, recv_delta 11
P: seq 26349, size 1173, send_delta 9, trans_delta 2, recv_delta 11
P: seq 26350, size 1173, send_delta 9, trans_delta 3, recv_delta 12
P: seq 26351, size 1173, send_delta 9, trans_delta 3, recv_delta 12
P: seq 26352, size 1173, send_delta 9, trans_delta 4, recv_delta 13
P: seq 26353, size 1174, send_delta 11, trans_delta 2, recv_delta 13
P: seq 26354, size 1162, send_delta 11, trans_delta 2, recv_delta 13
P: seq 26355, size 1162, send_delta 11, trans_delta 3, recv_delta 14
P: seq 26356, size 1162, send_delta 11, trans_delta 3, recv_delta 14
P: seq 26357, size 1162, send_delta 11, trans_delta 3, recv_delta 14
P: seq 26358, size 1162, send_delta 12, trans_delta 2, recv_delta 14
P: seq 26359, size 1162, send_delta 12, trans_delta 3, recv_delta 15
P: seq 26360, size 1162, send_delta 12, trans_delta 3, recv_delta 15
P: seq 26361, size 1162, send_delta 13, trans_delta 3, recv_delta 16
P: seq 26362, size 1162, send_delta 13, trans_delta 3, recv_delta 16
P: seq 26363, size 1162, send_delta 13, trans_delta 3, recv_delta 16
P: seq 26364, size 1068, send_delta 13, trans_delta 4, recv_delta 17
P: seq 26365, size 1069, send_delta 14, trans_delta 3, recv_delta 17
P: seq 26366, size 1069, send_delta 14, trans_delta 4, recv_delta 18
P: seq 26367, size 1069, send_delta 14, trans_delta 4, recv_delta 18
P: seq 26368, size 1069, send_delta 14, trans_delta 4, recv_delta 18
P: seq 26369, size 1069, send_delta 15, trans_delta 4, recv_delta 19
P: seq 26370, size 1069, send_delta 16, trans_delta 3, recv_delta 19
P: seq 26371, size 1069, send_delta 16, trans_delta 3, recv_delta 19
RTP TS: 406778281, Frame Size: 57040, Encode 7, Net 22, Wait 18, Decode 9 E2E 56 
P: seq 26372, size 1179, send_delta 0, trans_delta 2, recv_delta 2
P: seq 26373, size 1179, send_delta 2, trans_delta 1, recv_delta 3
P: seq 26374, size 1179, send_delta 2, trans_delta 1, recv_delta 3
P: seq 26375, size 1182, send_delta 2, trans_delta 1, recv_delta 3
P: seq 26376, size 1182, send_delta 2, trans_delta 1, recv_delta 3
P: seq 26377, size 1182, send_delta 3, trans_delta 2, recv_delta 5
P: seq 26378, size 1183, send_delta 3, trans_delta 2, recv_delta 5
P: seq 26379, size 1183, send_delta 3, trans_delta 2, recv_delta 5
P: seq 26380, size 1183, send_delta 3, trans_delta 3, recv_delta 6
P: seq 26381, size 1105, send_delta 4, trans_delta 2, recv_delta 6
P: seq 26382, size 1105, send_delta 4, trans_delta 2, recv_delta 6
P: seq 26383, size 1105, send_delta 4, trans_delta 2, recv_delta 6
P: seq 26384, size 1105, send_delta 5, trans_delta 2, recv_delta 7
P: seq 26385, size 1105, send_delta 5, trans_delta 2, recv_delta 7
P: seq 26386, size 1105, send_delta 5, trans_delta 2, recv_delta 7
P: seq 26387, size 1062, send_delta 5, trans_delta 2, recv_delta 7
P: seq 26388, size 1062, send_delta 6, trans_delta 1, recv_delta 7
P: seq 26389, size 1062, send_delta 7, trans_delta 2, recv_delta 9
P: seq 26390, size 1062, send_delta 7, trans_delta 2, recv_delta 9
P: seq 26391, size 1062, send_delta 7, trans_delta 2, recv_delta 9
P: seq 26392, size 1152, send_delta 8, trans_delta 2, recv_delta 10
P: seq 26393, size 1152, send_delta 8, trans_delta 2, recv_delta 10
P: seq 26394, size 1152, send_delta 8, trans_delta 2, recv_delta 10
P: seq 26395, size 1153, send_delta 8, trans_delta 3, recv_delta 11
P: seq 26396, size 1153, send_delta 8, trans_delta 3, recv_delta 11
P: seq 26397, size 1153, send_delta 8, trans_delta 3, recv_delta 11
P: seq 26398, size 1153, send_delta 9, trans_delta 3, recv_delta 12
P: seq 26399, size 1134, send_delta 10, trans_delta 2, recv_delta 12
P: seq 26400, size 1134, send_delta 10, trans_delta 3, recv_delta 13
P: seq 26401, size 1134, send_delta 10, trans_delta 3, recv_delta 13
P: seq 26402, size 1134, send_delta 11, trans_delta 2, recv_delta 13
P: seq 26403, size 1134, send_delta 11, trans_delta 3, recv_delta 14
P: seq 26404, size 1135, send_delta 11, trans_delta 3, recv_delta 14
P: seq 26405, size 1135, send_delta 11, trans_delta 4, recv_delta 15
P: seq 26406, size 1135, send_delta 12, trans_delta 3, recv_delta 15
P: seq 26407, size 1136, send_delta 12, trans_delta 3, recv_delta 15
P: seq 26408, size 1136, send_delta 12, trans_delta 4, recv_delta 16
P: seq 26409, size 1136, send_delta 12, trans_delta 4, recv_delta 16
P: seq 26410, size 1136, send_delta 13, trans_delta 3, recv_delta 16
P: seq 26411, size 1136, send_delta 14, trans_delta 3, recv_delta 17
P: seq 26412, size 1136, send_delta 14, trans_delta 3, recv_delta 17
P: seq 26413, size 1136, send_delta 14, trans_delta 3, recv_delta 17
P: seq 26414, size 1136, send_delta 15, trans_delta 3, recv_delta 18
P: seq 26415, size 1136, send_delta 15, trans_delta 3, recv_delta 18
P: seq 26416, size 1052, send_delta 15, trans_delta 3, recv_delta 18
P: seq 26417, size 1052, send_delta 16, trans_delta 3, recv_delta 19
P: seq 26418, size 1052, send_delta 16, trans_delta 3, recv_delta 19
P: seq 26419, size 1052, send_delta 16, trans_delta 3, recv_delta 19
P: seq 26420, size 1053, send_delta 16, trans_delta 4, recv_delta 20
P: seq 26421, size 1053, send_delta 17, trans_delta 3, recv_delta 20
P: seq 26422, size 1053, send_delta 17, trans_delta 4, recv_delta 21
P: seq 26423, size 1053, send_delta 17, trans_delta 4, recv_delta 21
RTP TS: 406779901, Frame Size: 58018, Encode 7, Net 22, Wait 19, Decode 8 E2E 56 
P: seq 26424, size 930, send_delta 0, trans_delta 4, recv_delta 4
P: seq 26425, size 930, send_delta 1, trans_delta 3, recv_delta 4
P: seq 26426, size 930, send_delta 1, trans_delta 3, recv_delta 4
P: seq 26427, size 931, send_delta 1, trans_delta 3, recv_delta 4
P: seq 26428, size 1177, send_delta 1, trans_delta 3, recv_delta 4
P: seq 26429, size 1177, send_delta 2, trans_delta 2, recv_delta 4
P: seq 26430, size 1177, send_delta 2, trans_delta 3, recv_delta 5
P: seq 26431, size 1177, send_delta 2, trans_delta 3, recv_delta 5
P: seq 26432, size 1178, send_delta 2, trans_delta 4, recv_delta 6
P: seq 26433, size 1178, send_delta 3, trans_delta 3, recv_delta 6
P: seq 26434, size 1101, send_delta 3, trans_delta 3, recv_delta 6
P: seq 26435, size 1101, send_delta 3, trans_delta 4, recv_delta 7
P: seq 26436, size 1101, send_delta 3, trans_delta 4, recv_delta 7
P: seq 26437, size 1101, send_delta 5, trans_delta 2, recv_delta 7
P: seq 26438, size 1102, send_delta 5, trans_delta 2, recv_delta 7
P: seq 26439, size 1102, send_delta 5, trans_delta 3, recv_delta 8
P: seq 26440, size 1013, send_delta 5, trans_delta 3, recv_delta 8
P: seq 26441, size 1013, send_delta 6, trans_delta 3, recv_delta 9
P: seq 26442, size 1013, send_delta 6, trans_delta 3, recv_delta 9
P: seq 26443, size 1013, send_delta 6, trans_delta 3, recv_delta 9
P: seq 26444, size 1014, send_delta 6, trans_delta 4, recv_delta 10
P: seq 26445, size 1131, send_delta 7, trans_delta 3, recv_delta 10
P: seq 26446, size 1131, send_delta 7, trans_delta 3, recv_delta 10
P: seq 26447, size 1131, send_delta 7, trans_delta 4, recv_delta 11
P: seq 26448, size 1131, send_delta 7, trans_delta 4, recv_delta 11
P: seq 26449, size 1131, send_delta 8, trans_delta 4, recv_delta 12
P: seq 26450, size 1131, send_delta 8, trans_delta 4, recv_delta 12
P: seq 26451, size 1131, send_delta 8, trans_delta 4, recv_delta 12
P: seq 26452, size 1179, send_delta 8, trans_delta 5, recv_delta 13
P: seq 26453, size 1179, send_delta 9, trans_delta 4, recv_delta 13
P: seq 26454, size 1179, send_delta 10, trans_delta 3, recv_delta 13
P: seq 26455, size 1179, send_delta 10, trans_delta 4, recv_delta 14
P: seq 26456, size 1179, send_delta 10, trans_delta 4, recv_delta 14
P: seq 26457, size 1180, send_delta 11, trans_delta 3, recv_delta 14
P: seq 26458, size 1180, send_delta 11, trans_delta 4, recv_delta 15
P: seq 26459, size 1173, send_delta 11, trans_delta 4, recv_delta 15
P: seq 26460, size 1173, send_delta 11, trans_delta 5, recv_delta 16
P: seq 26461, size 1173, send_delta 11, trans_delta 5, recv_delta 16
P: seq 26462, size 1173, send_delta 12, trans_delta 4, recv_delta 16
P: seq 26463, size 1173, send_delta 12, trans_delta 4, recv_delta 16
P: seq 26464, size 1174, send_delta 12, trans_delta 4, recv_delta 16
P: seq 26465, size 1174, send_delta 14, trans_delta 4, recv_delta 18
P: seq 26466, size 1174, send_delta 14, trans_delta 4, recv_delta 18
P: seq 26467, size 1174, send_delta 14, trans_delta 4, recv_delta 18
P: seq 26468, size 1174, send_delta 14, trans_delta 5, recv_delta 19
P: seq 26469, size 1124, send_delta 15, trans_delta 4, recv_delta 19
P: seq 26470, size 1124, send_delta 15, trans_delta 4, recv_delta 19
P: seq 26471, size 1124, send_delta 15, trans_delta 4, recv_delta 19
P: seq 26472, size 1125, send_delta 15, trans_delta 5, recv_delta 20
P: seq 26473, size 1125, send_delta 16, trans_delta 4, recv_delta 20
P: seq 26474, size 1125, send_delta 16, trans_delta 5, recv_delta 21
P: seq 26475, size 1125, send_delta 16, trans_delta 5, recv_delta 21
P: seq 26476, size 1125, send_delta 16, trans_delta 5, recv_delta 21
RTP TS: 406781521, Frame Size: 57976, Encode 7, Net 24, Wait 18, Decode 8 E2E 57 
P: seq 26477, size 1031, send_delta 1, trans_delta 4, recv_delta 5
P: seq 26478, size 1032, send_delta 2, trans_delta 3, recv_delta 5
P: seq 26479, size 1032, send_delta 2, trans_delta 3, recv_delta 5
P: seq 26480, size 1032, send_delta 2, trans_delta 3, recv_delta 5
P: seq 26481, size 1079, send_delta 2, trans_delta 3, recv_delta 5
P: seq 26482, size 1080, send_delta 3, trans_delta 2, recv_delta 5
P: seq 26483, size 1080, send_delta 3, trans_delta 3, recv_delta 6
P: seq 26484, size 1080, send_delta 3, trans_delta 3, recv_delta 6
P: seq 26485, size 1080, send_delta 3, trans_delta 4, recv_delta 7
P: seq 26486, size 1080, send_delta 4, trans_delta 3, recv_delta 7
P: seq 26487, size 1080, send_delta 4, trans_delta 3, recv_delta 7
P: seq 26488, size 1108, send_delta 4, trans_delta 4, recv_delta 8
P: seq 26489, size 1108, send_delta 4, trans_delta 4, recv_delta 8
P: seq 26490, size 1108, send_delta 4, trans_delta 4, recv_delta 8
P: seq 26491, size 1109, send_delta 5, trans_delta 4, recv_delta 9
P: seq 26492, size 1109, send_delta 6, trans_delta 3, recv_delta 9
P: seq 26493, size 1109, send_delta 6, trans_delta 3, recv_delta 9
P: seq 26494, size 1005, send_delta 7, trans_delta 3, recv_delta 10
P: seq 26495, size 1005, send_delta 7, trans_delta 3, recv_delta 10
P: seq 26496, size 1005, send_delta 7, trans_delta 3, recv_delta 10
P: seq 26497, size 1006, send_delta 7, trans_delta 4, recv_delta 11
P: seq 26498, size 1006, send_delta 8, trans_delta 3, recv_delta 11
P: seq 26499, size 1120, send_delta 8, trans_delta 3, recv_delta 11
P: seq 26500, size 1120, send_delta 8, trans_delta 3, recv_delta 11
P: seq 26501, size 1121, send_delta 8, trans_delta 3, recv_delta 11
P: seq 26502, size 1121, send_delta 9, trans_delta 4, recv_delta 13
P: seq 26503, size 1121, send_delta 9, trans_delta 4, recv_delta 13
P: seq 26504, size 1121, send_delta 9, trans_delta 4, recv_delta 13
P: seq 26505, size 1121, send_delta 9, trans_delta 5, recv_delta 14
P: seq 26506, size 1186, send_delta 10, trans_delta 4, recv_delta 14
P: seq 26507, size 1186, send_delta 10, trans_delta 4, recv_delta 14
P: seq 26508, size 1186, send_delta 11, trans_delta 4, recv_delta 15
P: seq 26509, size 1186, send_delta 11, trans_delta 4, recv_delta 15
P: seq 26510, size 1187, send_delta 12, trans_delta 4, recv_delta 16
P: seq 26511, size 1187, send_delta 12, trans_delta 4, recv_delta 16
P: seq 26512, size 1187, send_delta 12, trans_delta 5, recv_delta 17
P: seq 26513, size 1103, send_delta 12, trans_delta 5, recv_delta 17
P: seq 26514, size 1103, send_delta 13, trans_delta 4, recv_delta 17
P: seq 26515, size 1103, send_delta 13, trans_delta 5, recv_delta 18
P: seq 26516, size 1103, send_delta 13, trans_delta 5, recv_delta 18
P: seq 26517, size 1104, send_delta 14, trans_delta 4, recv_delta 18
P: seq 26518, size 1104, send_delta 14, trans_delta 5, recv_delta 19
P: seq 26519, size 1104, send_delta 14, trans_delta 5, recv_delta 19
P: seq 26520, size 1104, send_delta 14, trans_delta 5, recv_delta 19
P: seq 26521, size 1104, send_delta 16, trans_delta 3, recv_delta 19
P: seq 26522, size 1104, send_delta 16, trans_delta 3, recv_delta 19
P: seq 26523, size 1099, send_delta 16, trans_delta 5, recv_delta 21
P: seq 26524, size 1099, send_delta 16, trans_delta 5, recv_delta 21
P: seq 26525, size 1099, send_delta 16, trans_delta 6, recv_delta 22
P: seq 26526, size 1100, send_delta 16, trans_delta 6, recv_delta 22
P: seq 26527, size 1100, send_delta 17, trans_delta 5, recv_delta 22
P: seq 26528, size 1100, send_delta 17, trans_delta 6, recv_delta 23
P: seq 26529, size 1100, send_delta 17, trans_delta 6, recv_delta 23
P: seq 26530, size 1100, send_delta 18, trans_delta 5, recv_delta 23
RTP TS: 406783051, Frame Size: 54322, Encode 6, Net 24, Wait 17, Decode 7 E2E 54 
P: seq 26531, size 932, send_delta 0, trans_delta 6, recv_delta 6
P: seq 26532, size 932, send_delta 1, trans_delta 5, recv_delta 6
P: seq 26533, size 933, send_delta 1, trans_delta 5, recv_delta 6
P: seq 26534, size 933, send_delta 1, trans_delta 5, recv_delta 6
P: seq 26535, size 1038, send_delta 1, trans_delta 6, recv_delta 7
P: seq 26536, size 1038, send_delta 3, trans_delta 4, recv_delta 7
P: seq 26537, size 1038, send_delta 3, trans_delta 4, recv_delta 7
P: seq 26538, size 1038, send_delta 3, trans_delta 5, recv_delta 8
P: seq 26539, size 1038, send_delta 3, trans_delta 5, recv_delta 8
P: seq 26540, size 1039, send_delta 4, trans_delta 4, recv_delta 8
P: seq 26541, size 1039, send_delta 4, trans_delta 5, recv_delta 9
P: seq 26542, size 1191, send_delta 4, trans_delta 5, recv_delta 9
P: seq 26543, size 1192, send_delta 4, trans_delta 6, recv_delta 10
P: seq 26544, size 1192, send_delta 4, trans_delta 6, recv_delta 10
P: seq 26545, size 1192, send_delta 5, trans_delta 5, recv_delta 10
P: seq 26546, size 1192, send_delta 5, trans_delta 6, recv_delta 11
P: seq 26547, size 1134, send_delta 5, trans_delta 6, recv_delta 11
P: seq 26548, size 1135, send_delta 6, trans_delta 6, recv_delta 12
P: seq 26549, size 1135, send_delta 6, trans_delta 6, recv_delta 12
P: seq 26550, size 1135, send_delta 6, trans_delta 6, recv_delta 12
P: seq 26551, size 1197, send_delta 6, trans_delta 7, recv_delta 13
P: seq 26552, size 1197, send_delta 7, trans_delta 6, recv_delta 13
P: seq 26553, size 1197, send_delta 8, trans_delta 6, recv_delta 14
P: seq 26554, size 1198, send_delta 8, trans_delta 6, recv_delta 14
P: seq 26555, size 1198, send_delta 8, trans_delta 6, recv_delta 14
P: seq 26556, size 1198, send_delta 8, trans_delta 6, recv_delta 14
P: seq 26557, size 1094, send_delta 9, trans_delta 5, recv_delta 14
P: seq 26558, size 1094, send_delta 9, trans_delta 7, recv_delta 16
P: seq 26559, size 1094, send_delta 9, trans_delta 7, recv_delta 16
P: seq 26560, size 1095, send_delta 9, trans_delta 7, recv_delta 16
P: seq 26561, size 1095, send_delta 10, trans_delta 7, recv_delta 17
P: seq 26562, size 1095, send_delta 10, trans_delta 7, recv_delta 17
P: seq 26563, size 1095, send_delta 10, trans_delta 7, recv_delta 17
P: seq 26564, size 1190, send_delta 10, trans_delta 8, recv_delta 18
P: seq 26565, size 1190, send_delta 12, trans_delta 6, recv_delta 18
P: seq 26566, size 1190, send_delta 12, trans_delta 6, recv_delta 18
P: seq 26567, size 1191, send_delta 12, trans_delta 6, recv_delta 18
P: seq 26568, size 1191, send_delta 13, trans_delta 5, recv_delta 18
P: seq 26569, size 1191, send_delta 13, trans_delta 6, recv_delta 19
P: seq 26570, size 1191, send_delta 13, trans_delta 7, recv_delta 20
P: seq 26571, size 1191, send_delta 13, trans_delta 7, recv_delta 20
P: seq 26572, size 1191, send_delta 14, trans_delta 7, recv_delta 21
P: seq 26573, size 1066, send_delta 14, trans_delta 7, recv_delta 21
P: seq 26574, size 1066, send_delta 14, trans_delta 7, recv_delta 21
P: seq 26575, size 1066, send_delta 14, trans_delta 8, recv_delta 22
P: seq 26576, size 1066, send_delta 15, trans_delta 7, recv_delta 22
P: seq 26577, size 1066, send_delta 15, trans_delta 8, recv_delta 23
P: seq 26578, size 1066, send_delta 15, trans_delta 8, recv_delta 23
P: seq 26579, size 1067, send_delta 15, trans_delta 8, recv_delta 23
P: seq 26580, size 1067, send_delta 17, trans_delta 7, recv_delta 24
RTP TS: 406784671, Frame Size: 48961, Encode 6, Net 22, Wait 18, Decode 7 E2E 53 
P: seq 26581, size 1113, send_delta 0, trans_delta 6, recv_delta 6
P: seq 26582, size 1113, send_delta 1, trans_delta 5, recv_delta 6
P: seq 26583, size 1114, send_delta 1, trans_delta 6, recv_delta 7
P: seq 26584, size 1107, send_delta 1, trans_delta 6, recv_delta 7
P: seq 26585, size 1108, send_delta 1, trans_delta 7, recv_delta 8
P: seq 26586, size 1108, send_delta 3, trans_delta 5, recv_delta 8
P: seq 26587, size 1108, send_delta 3, trans_delta 5, recv_delta 8
P: seq 26588, size 1108, send_delta 3, trans_delta 6, recv_delta 9
P: seq 26589, size 1108, send_delta 3, trans_delta 6, recv_delta 9
P: seq 26590, size 1108, send_delta 4, trans_delta 6, recv_delta 10
P: seq 26591, size 1108, send_delta 4, trans_delta 6, recv_delta 10
P: seq 26592, size 1108, send_delta 4, trans_delta 7, recv_delta 11
P: seq 26593, size 1108, send_delta 4, trans_delta 7, recv_delta 11
P: seq 26594, size 1108, send_delta 5, trans_delta 6, recv_delta 11
P: seq 26595, size 1030, send_delta 5, trans_delta 6, recv_delta 11
P: seq 26596, size 1030, send_delta 5, trans_delta 6, recv_delta 11
P: seq 26597, size 1030, send_delta 5, trans_delta 6, recv_delta 11
P: seq 26598, size 1031, send_delta 7, trans_delta 5, recv_delta 12
P: seq 26599, size 1066, send_delta 7, trans_delta 6, recv_delta 13
P: seq 26600, size 1066, send_delta 7, trans_delta 6, recv_delta 13
P: seq 26601, size 1066, send_delta 7, trans_delta 7, recv_delta 14
P: seq 26602, size 1066, send_delta 7, trans_delta 7, recv_delta 14
P: seq 26603, size 1067, send_delta 7, trans_delta 7, recv_delta 14
P: seq 26604, size 1067, send_delta 8, trans_delta 7, recv_delta 15
P: seq 26605, size 1157, send_delta 8, trans_delta 7, recv_delta 15
P: seq 26606, size 1157, send_delta 8, trans_delta 7, recv_delta 15
P: seq 26607, size 1157, send_delta 9, trans_delta 7, recv_delta 16
P: seq 26608, size 1157, send_delta 9, trans_delta 7, recv_delta 16
P: seq 26609, size 1158, send_delta 9, trans_delta 7, recv_delta 16
P: seq 26610, size 1158, send_delta 9, trans_delta 8, recv_delta 17
P: seq 26611, size 1180, send_delta 10, trans_delta 7, recv_delta 17
P: seq 26612, size 1180, send_delta 10, trans_delta 7, recv_delta 17
P: seq 26613, size 1181, send_delta 10, trans_delta 8, recv_delta 18
P: seq 26614, size 1181, send_delta 10, trans_delta 8, recv_delta 18
P: seq 26615, size 1181, send_delta 12, trans_delta 6, recv_delta 18
P: seq 26616, size 1181, send_delta 12, trans_delta 6, recv_delta 18
P: seq 26617, size 1181, send_delta 12, trans_delta 6, recv_delta 18
P: seq 26618, size 1181, send_delta 13, trans_delta 7, recv_delta 20
P: seq 26619, size 1094, send_delta 13, trans_delta 7, recv_delta 20
P: seq 26620, size 1094, send_delta 13, trans_delta 8, recv_delta 21
P: seq 26621, size 1094, send_delta 13, trans_delta 8, recv_delta 21
P: seq 26622, size 1095, send_delta 14, trans_delta 7, recv_delta 21
P: seq 26623, size 1095, send_delta 14, trans_delta 8, recv_delta 22
P: seq 26624, size 1095, send_delta 14, trans_delta 8, recv_delta 22
P: seq 26625, size 1095, send_delta 14, trans_delta 8, recv_delta 22
RTP TS: 406786291, Frame Size: 41902, Encode 5, Net 21, Wait 20, Decode 6 E2E 52 
P: seq 26626, size 927, send_delta 0, trans_delta 7, recv_delta 7
P: seq 26627, size 927, send_delta 2, trans_delta 5, recv_delta 7
P: seq 26628, size 928, send_delta 2, trans_delta 5, recv_delta 7
P: seq 26629, size 1125, send_delta 2, trans_delta 5, recv_delta 7
P: seq 26630, size 1125, send_delta 2, trans_delta 6, recv_delta 8
P: seq 26631, size 1125, send_delta 3, trans_delta 6, recv_delta 9
P: seq 26632, size 1126, send_delta 3, trans_delta 6, recv_delta 9
P: seq 26633, size 1126, send_delta 3, trans_delta 6, recv_delta 9
P: seq 26634, size 971, send_delta 3, trans_delta 7, recv_delta 10
P: seq 26635, size 971, send_delta 4, trans_delta 6, recv_delta 10
P: seq 26636, size 971, send_delta 4, trans_delta 6, recv_delta 10
P: seq 26637, size 972, send_delta 5, trans_delta 6, recv_delta 11
P: seq 26638, size 972, send_delta 5, trans_delta 6, recv_delta 11
P: seq 26639, size 1118, send_delta 5, trans_delta 6, recv_delta 11
P: seq 26640, size 1118, send_delta 5, trans_delta 7, recv_delta 12
P: seq 26641, size 1119, send_delta 6, trans_delta 6, recv_delta 12
P: seq 26642, size 1049, send_delta 6, trans_delta 7, recv_delta 13
P: seq 26643, size 1050, send_delta 6, trans_delta 7, recv_delta 13
P: seq 26644, size 1050, send_delta 6, trans_delta 7, recv_delta 13
P: seq 26645, size 1050, send_delta 6, trans_delta 8, recv_delta 14
P: seq 26646, size 1050, send_delta 7, trans_delta 7, recv_delta 14
P: seq 26647, size 1165, send_delta 7, trans_delta 7, recv_delta 14
P: seq 26648, size 1165, send_delta 7, trans_delta 8, recv_delta 15
P: seq 26649, size 1165, send_delta 7, trans_delta 8, recv_delta 15
P: seq 26650, size 1166, send_delta 9, trans_delta 6, recv_delta 15
P: seq 26651, size 1166, send_delta 9, trans_delta 7, recv_delta 16
P: seq 26652, size 1184, send_delta 9, trans_delta 7, recv_delta 16
P: seq 26653, size 1184, send_delta 9, trans_delta 7, recv_delta 16
P: seq 26654, size 1184, send_delta 10, trans_delta 6, recv_delta 16
P: seq 26655, size 1184, send_delta 10, trans_delta 7, recv_delta 17
P: seq 26656, size 1184, send_delta 10, trans_delta 8, recv_delta 18
P: seq 26657, size 1184, send_delta 10, trans_delta 8, recv_delta 18
P: seq 26658, size 1184, send_delta 11, trans_delta 7, recv_delta 18
P: seq 26659, size 1149, send_delta 11, trans_delta 8, recv_delta 19
P: seq 26660, size 1149, send_delta 11, trans_delta 8, recv_delta 19
P: seq 26661, size 1150, send_delta 11, trans_delta 9, recv_delta 20
P: seq 26662, size 1150, send_delta 12, trans_delta 8, recv_delta 20
P: seq 26663, size 1150, send_delta 13, trans_delta 7, recv_delta 20
P: seq 26664, size 1150, send_delta 13, trans_delta 7, recv_delta 20
RTP TS: 406787911, Frame Size: 32443, Encode 4, Net 14, Wait 27, Decode 5 E2E 50 
P: seq 26665, size 917, send_delta 0, trans_delta 3, recv_delta 3
P: seq 26666, size 918, send_delta 1, trans_delta 3, recv_delta 4
P: seq 26667, size 1045, send_delta 1, trans_delta 3, recv_delta 4
P: seq 26668, size 1045, send_delta 1, trans_delta 3, recv_delta 4
P: seq 26669, size 1045, send_delta 1, trans_delta 4, recv_delta 5
P: seq 26670, size 1046, send_delta 2, trans_delta 3, recv_delta 5
P: seq 26671, size 970, send_delta 2, trans_delta 3, recv_delta 5
P: seq 26672, size 970, send_delta 2, trans_delta 4, recv_delta 6
P: seq 26673, size 971, send_delta 2, trans_delta 4, recv_delta 6
P: seq 26674, size 971, send_delta 3, trans_delta 3, recv_delta 6
P: seq 26675, size 921, send_delta 3, trans_delta 4, recv_delta 7
P: seq 26676, size 922, send_delta 3, trans_delta 4, recv_delta 7
P: seq 26677, size 922, send_delta 3, trans_delta 4, recv_delta 7
P: seq 26678, size 995, send_delta 3, trans_delta 5, recv_delta 8
P: seq 26679, size 995, send_delta 5, trans_delta 3, recv_delta 8
P: seq 26680, size 996, send_delta 5, trans_delta 3, recv_delta 8
P: seq 26681, size 996, send_delta 5, trans_delta 4, recv_delta 9
P: seq 26682, size 1182, send_delta 5, trans_delta 4, recv_delta 9
P: seq 26683, size 1182, send_delta 5, trans_delta 4, recv_delta 9
P: seq 26684, size 1183, send_delta 6, trans_delta 4, recv_delta 10
P: seq 26685, size 1183, send_delta 6, trans_delta 4, recv_delta 10
P: seq 26686, size 1059, send_delta 6, trans_delta 5, recv_delta 11
P: seq 26687, size 1059, send_delta 6, trans_delta 5, recv_delta 11
P: seq 26688, size 1059, send_delta 7, trans_delta 5, recv_delta 12
P: seq 26689, size 1060, send_delta 7, trans_delta 5, recv_delta 12
P: seq 26690, size 1060, send_delta 7, trans_delta 5, recv_delta 12
P: seq 26691, size 1060, send_delta 7, trans_delta 5, recv_delta 12
P: seq 26692, size 1102, send_delta 9, trans_delta 4, recv_delta 13
P: seq 26693, size 1102, send_delta 9, trans_delta 4, recv_delta 13
P: seq 26694, size 1102, send_delta 9, trans_delta 4, recv_delta 13
P: seq 26695, size 1102, send_delta 9, trans_delta 4, recv_delta 13
P: seq 26696, size 1102, send_delta 10, trans_delta 4, recv_delta 14
RTP TS: 406789531, Frame Size: 114625, Encode 7, Net 41, Wait 1, Decode 16 E2E 65 
P: seq 26697, size 1131, send_delta 0, trans_delta 0, recv_delta 0
P: seq 26698, size 1131, send_delta 0, trans_delta 2, recv_delta 2
P: seq 26699, size 1131, send_delta 2, trans_delta 1, recv_delta 3
P: seq 26700, size 1131, send_delta 2, trans_delta 1, recv_delta 3
P: seq 26701, size 1131, send_delta 2, trans_delta 2, recv_delta 4
P: seq 26702, size 1131, send_delta 2, trans_delta 2, recv_delta 4
P: seq 26703, size 1131, send_delta 3, trans_delta 1, recv_delta 4
P: seq 26704, size 1131, send_delta 3, trans_delta 2, recv_delta 5
P: seq 26705, size 1131, send_delta 3, trans_delta 2, recv_delta 5
P: seq 26706, size 1131, send_delta 3, trans_delta 2, recv_delta 5
P: seq 26707, size 1131, send_delta 4, trans_delta 1, recv_delta 5
P: seq 26708, size 1131, send_delta 4, trans_delta 1, recv_delta 5
P: seq 26709, size 1117, send_delta 4, trans_delta 2, recv_delta 6
P: seq 26710, size 1117, send_delta 4, trans_delta 2, recv_delta 6
P: seq 26711, size 1117, send_delta 5, trans_delta 2, recv_delta 7
P: seq 26712, size 1117, send_delta 5, trans_delta 2, recv_delta 7
P: seq 26713, size 1117, send_delta 6, trans_delta 2, recv_delta 8
P: seq 26714, size 1117, send_delta 6, trans_delta 2, recv_delta 8
P: seq 26715, size 1117, send_delta 7, trans_delta 2, recv_delta 9
P: seq 26716, size 1118, send_delta 7, trans_delta 2, recv_delta 9
P: seq 26717, size 1118, send_delta 7, trans_delta 2, recv_delta 9
P: seq 26718, size 1118, send_delta 7, trans_delta 3, recv_delta 10
P: seq 26719, size 1118, send_delta 8, trans_delta 2, recv_delta 10
P: seq 26720, size 1118, send_delta 8, trans_delta 2, recv_delta 10
P: seq 26721, size 1118, send_delta 8, trans_delta 2, recv_delta 10
P: seq 26722, size 1122, send_delta 8, trans_delta 3, recv_delta 11
P: seq 26723, size 1122, send_delta 9, trans_delta 2, recv_delta 11
P: seq 26724, size 1122, send_delta 9, trans_delta 3, recv_delta 12
P: seq 26725, size 1122, send_delta 9, trans_delta 3, recv_delta 12
P: seq 26726, size 1122, send_delta 10, trans_delta 3, recv_delta 13
P: seq 26727, size 1122, send_delta 10, trans_delta 3, recv_delta 13
P: seq 26728, size 1122, send_delta 10, trans_delta 4, recv_delta 14
P: seq 26729, size 1122, send_delta 10, trans_delta 4, recv_delta 14
P: seq 26730, size 1123, send_delta 11, trans_delta 3, recv_delta 14
P: seq 26731, size 1123, send_delta 12, trans_delta 3, recv_delta 15
P: seq 26732, size 1123, send_delta 12, trans_delta 3, recv_delta 15
P: seq 26733, size 1159, send_delta 12, trans_delta 3, recv_delta 15
P: seq 26734, size 1159, send_delta 13, trans_delta 2, recv_delta 15
P: seq 26735, size 1159, send_delta 13, trans_delta 2, recv_delta 15
P: seq 26736, size 1160, send_delta 13, trans_delta 3, recv_delta 16
P: seq 26737, size 1160, send_delta 13, trans_delta 4, recv_delta 17
P: seq 26738, size 1160, send_delta 14, trans_delta 4, recv_delta 18
P: seq 26739, size 1160, send_delta 14, trans_delta 4, recv_delta 18
P: seq 26740, size 1160, send_delta 14, trans_delta 4, recv_delta 18
P: seq 26741, size 1160, send_delta 15, trans_delta 4, recv_delta 19
P: seq 26742, size 1160, send_delta 15, trans_delta 4, recv_delta 19
P: seq 26743, size 1159, send_delta 15, trans_delta 5, recv_delta 20
P: seq 26744, size 1159, send_delta 15, trans_delta 5, recv_delta 20
P: seq 26745, size 1159, send_delta 16, trans_delta 4, recv_delta 20
P: seq 26746, size 1160, send_delta 16, trans_delta 5, recv_delta 21
P: seq 26747, size 1160, send_delta 17, trans_delta 4, recv_delta 21
P: seq 26748, size 1160, send_delta 17, trans_delta 4, recv_delta 21
P: seq 26749, size 1160, send_delta 18, trans_delta 3, recv_delta 21
P: seq 26750, size 1160, send_delta 18, trans_delta 3, recv_delta 21
P: seq 26751, size 1160, send_delta 18, trans_delta 4, recv_delta 22
P: seq 26752, size 1160, send_delta 18, trans_delta 4, recv_delta 22
P: seq 26753, size 1160, send_delta 19, trans_delta 3, recv_delta 22
P: seq 26754, size 1122, send_delta 19, trans_delta 3, recv_delta 22
P: seq 26755, size 1122, send_delta 19, trans_delta 5, recv_delta 24
P: seq 26756, size 1122, send_delta 19, trans_delta 5, recv_delta 24
P: seq 26757, size 1122, send_delta 20, trans_delta 5, recv_delta 25
P: seq 26758, size 1122, send_delta 20, trans_delta 5, recv_delta 25
P: seq 26759, size 1122, send_delta 20, trans_delta 5, recv_delta 25
P: seq 26760, size 1122, send_delta 20, trans_delta 5, recv_delta 25
P: seq 26761, size 1122, send_delta 21, trans_delta 4, recv_delta 25
P: seq 26762, size 1122, send_delta 22, trans_delta 4, recv_delta 26
P: seq 26763, size 1122, send_delta 22, trans_delta 5, recv_delta 27
P: seq 26764, size 1122, send_delta 22, trans_delta 5, recv_delta 27
P: seq 26765, size 1122, send_delta 24, trans_delta 4, recv_delta 28
P: seq 26766, size 1123, send_delta 24, trans_delta 4, recv_delta 28
P: seq 26767, size 1123, send_delta 24, trans_delta 5, recv_delta 29
P: seq 26768, size 1123, send_delta 24, trans_delta 5, recv_delta 29
P: seq 26769, size 1187, send_delta 24, trans_delta 5, recv_delta 29
P: seq 26770, size 1187, send_delta 24, trans_delta 6, recv_delta 30
P: seq 26771, size 1187, send_delta 24, trans_delta 6, recv_delta 30
P: seq 26772, size 1187, send_delta 25, trans_delta 5, recv_delta 30
P: seq 26773, size 1187, send_delta 25, trans_delta 5, recv_delta 30
P: seq 26774, size 1187, send_delta 25, trans_delta 5, recv_delta 30
P: seq 26775, size 1187, send_delta 25, trans_delta 6, recv_delta 31
P: seq 26776, size 1187, send_delta 27, trans_delta 5, recv_delta 32
P: seq 26777, size 1187, send_delta 27, trans_delta 6, recv_delta 33
P: seq 26778, size 1188, send_delta 27, trans_delta 6, recv_delta 33
P: seq 26779, size 1188, send_delta 27, trans_delta 6, recv_delta 33
P: seq 26780, size 1188, send_delta 27, trans_delta 7, recv_delta 34
P: seq 26781, size 1188, send_delta 27, trans_delta 7, recv_delta 34
P: seq 26782, size 1188, send_delta 28, trans_delta 7, recv_delta 35
P: seq 26783, size 1188, send_delta 29, trans_delta 6, recv_delta 35
P: seq 26784, size 1188, send_delta 29, trans_delta 6, recv_delta 35
P: seq 26785, size 1186, send_delta 29, trans_delta 6, recv_delta 35
P: seq 26786, size 1186, send_delta 29, trans_delta 6, recv_delta 35
P: seq 26787, size 1186, send_delta 30, trans_delta 5, recv_delta 35
P: seq 26788, size 1186, send_delta 30, trans_delta 6, recv_delta 36
P: seq 26789, size 1187, send_delta 30, trans_delta 7, recv_delta 37
P: seq 26790, size 1187, send_delta 30, trans_delta 7, recv_delta 37
P: seq 26791, size 1187, send_delta 31, trans_delta 7, recv_delta 38
P: seq 26792, size 1187, send_delta 31, trans_delta 7, recv_delta 38
P: seq 26793, size 1187, send_delta 32, trans_delta 7, recv_delta 39
P: seq 26794, size 1187, send_delta 32, trans_delta 7, recv_delta 39
P: seq 26795, size 1187, send_delta 33, trans_delta 6, recv_delta 39
P: seq 26796, size 1187, send_delta 33, trans_delta 6, recv_delta 39
P: seq 26797, size 1187, send_delta 33, trans_delta 6, recv_delta 39
P: seq 26798, size 1187, send_delta 34, trans_delta 7, recv_delta 41
RTP TS: 406791151, Frame Size: 57183, Encode 4, Net 45, Wait 1, Decode 9 E2E 59 
P: seq 26799, size 1077, send_delta 19, trans_delta 7, recv_delta 26
P: seq 26800, size 1077, send_delta 19, trans_delta 7, recv_delta 26
P: seq 26801, size 1077, send_delta 19, trans_delta 8, recv_delta 27
P: seq 26802, size 1077, send_delta 19, trans_delta 8, recv_delta 27
P: seq 26803, size 1078, send_delta 20, trans_delta 8, recv_delta 28
P: seq 26804, size 1072, send_delta 20, trans_delta 8, recv_delta 28
P: seq 26805, size 1072, send_delta 20, trans_delta 8, recv_delta 28
P: seq 26806, size 1072, send_delta 20, trans_delta 9, recv_delta 29
P: seq 26807, size 1072, send_delta 21, trans_delta 8, recv_delta 29
P: seq 26808, size 1073, send_delta 22, trans_delta 7, recv_delta 29
P: seq 26809, size 1073, send_delta 22, trans_delta 8, recv_delta 30
P: seq 26810, size 1037, send_delta 22, trans_delta 8, recv_delta 30
P: seq 26811, size 1037, send_delta 23, trans_delta 8, recv_delta 31
P: seq 26812, size 1037, send_delta 23, trans_delta 8, recv_delta 31
P: seq 26813, size 1038, send_delta 23, trans_delta 8, recv_delta 31
P: seq 26814, size 1038, send_delta 23, trans_delta 9, recv_delta 32
P: seq 26815, size 1038, send_delta 24, trans_delta 8, recv_delta 32
P: seq 26816, size 1110, send_delta 24, trans_delta 8, recv_delta 32
P: seq 26817, size 1110, send_delta 24, trans_delta 9, recv_delta 33
P: seq 26818, size 1110, send_delta 24, trans_delta 9, recv_delta 33
P: seq 26819, size 1110, send_delta 25, trans_delta 8, recv_delta 33
P: seq 26820, size 1110, send_delta 25, trans_delta 9, recv_delta 34
P: seq 26821, size 1068, send_delta 25, trans_delta 9, recv_delta 34
P: seq 26822, size 1068, send_delta 25, trans_delta 10, recv_delta 35
P: seq 26823, size 1068, send_delta 26, trans_delta 9, recv_delta 35
P: seq 26824, size 1069, send_delta 26, trans_delta 9, recv_delta 35
P: seq 26825, size 1069, send_delta 27, trans_delta 8, recv_delta 35
P: seq 26826, size 1069, send_delta 27, trans_delta 9, recv_delta 36
P: seq 26827, size 1165, send_delta 28, trans_delta 8, recv_delta 36
P: seq 26828, size 1165, send_delta 28, trans_delta 8, recv_delta 36
P: seq 26829, size 1165, send_delta 28, trans_delta 9, recv_delta 37
P: seq 26830, size 1165, send_delta 28, trans_delta 9, recv_delta 37
P: seq 26831, size 1165, send_delta 28, trans_delta 10, recv_delta 38
P: seq 26832, size 1165, send_delta 29, trans_delta 9, recv_delta 38
P: seq 26833, size 1166, send_delta 29, trans_delta 9, recv_delta 38
P: seq 26834, size 1166, send_delta 29, trans_delta 9, recv_delta 38
P: seq 26835, size 1149, send_delta 29, trans_delta 9, recv_delta 38
P: seq 26836, size 1149, send_delta 31, trans_delta 8, recv_delta 39
P: seq 26837, size 1149, send_delta 31, trans_delta 9, recv_delta 40
P: seq 26838, size 1150, send_delta 31, trans_delta 9, recv_delta 40
P: seq 26839, size 1150, send_delta 31, trans_delta 10, recv_delta 41
P: seq 26840, size 1150, send_delta 32, trans_delta 9, recv_delta 41
P: seq 26841, size 1150, send_delta 32, trans_delta 10, recv_delta 42
P: seq 26842, size 1115, send_delta 32, trans_delta 10, recv_delta 42
P: seq 26843, size 1115, send_delta 32, trans_delta 10, recv_delta 42
P: seq 26844, size 1115, send_delta 33, trans_delta 10, recv_delta 43
P: seq 26845, size 1115, send_delta 33, trans_delta 10, recv_delta 43
P: seq 26846, size 1115, send_delta 33, trans_delta 10, recv_delta 43
P: seq 26847, size 1115, send_delta 33, trans_delta 10, recv_delta 43
P: seq 26848, size 1115, send_delta 34, trans_delta 9, recv_delta 43
P: seq 26849, size 1116, send_delta 34, trans_delta 11, recv_delta 45
P: seq 26850, size 1116, send_delta 34, trans_delta 11, recv_delta 45
P: seq 26851, size 1116, send_delta 34, trans_delta 11, recv_delta 45
RTP TS: 406792771, Frame Size: 81472, Encode 5, Net 54, Wait 1, Decode 12 E2E 72 
P: seq 26852, size 1104, send_delta 17, trans_delta 10, recv_delta 27
P: seq 26853, size 1104, send_delta 17, trans_delta 10, recv_delta 27
P: seq 26854, size 1104, send_delta 17, trans_delta 11, recv_delta 28
P: seq 26855, size 1104, send_delta 17, trans_delta 11, recv_delta 28
P: seq 26856, size 1105, send_delta 18, trans_delta 10, recv_delta 28
P: seq 26857, size 1105, send_delta 18, trans_delta 11, recv_delta 29
P: seq 26858, size 1105, send_delta 18, trans_delta 11, recv_delta 29
P: seq 26859, size 1105, send_delta 18, trans_delta 11, recv_delta 29
P: seq 26860, size 1118, send_delta 19, trans_delta 10, recv_delta 29
P: seq 26861, size 1118, send_delta 19, trans_delta 11, recv_delta 30
P: seq 26862, size 1118, send_delta 19, trans_delta 11, recv_delta 30
P: seq 26863, size 1118, send_delta 20, trans_delta 11, recv_delta 31
P: seq 26864, size 1118, send_delta 20, trans_delta 11, recv_delta 31
P: seq 26865, size 1119, send_delta 20, trans_delta 11, recv_delta 31
P: seq 26866, size 1119, send_delta 20, trans_delta 12, recv_delta 32
P: seq 26867, size 1119, send_delta 22, trans_delta 10, recv_delta 32
P: seq 26868, size 1177, send_delta 22, trans_delta 10, recv_delta 32
P: seq 26869, size 1177, send_delta 22, trans_delta 11, recv_delta 33
P: seq 26870, size 1177, send_delta 22, trans_delta 11, recv_delta 33
P: seq 26871, size 1178, send_delta 22, trans_delta 11, recv_delta 33
P: seq 26872, size 1178, send_delta 23, trans_delta 10, recv_delta 33
P: seq 26873, size 1178, send_delta 23, trans_delta 12, recv_delta 35
P: seq 26874, size 1178, send_delta 23, trans_delta 12, recv_delta 35
P: seq 26875, size 1178, send_delta 23, trans_delta 12, recv_delta 35
P: seq 26876, size 1173, send_delta 24, trans_delta 12, recv_delta 36
P: seq 26877, size 1173, send_delta 24, trans_delta 12, recv_delta 36
P: seq 26878, size 1174, send_delta 24, trans_delta 13, recv_delta 37
P: seq 26879, size 1174, send_delta 25, trans_delta 12, recv_delta 37
P: seq 26880, size 1174, send_delta 26, trans_delta 11, recv_delta 37
P: seq 26881, size 1174, send_delta 26, trans_delta 11, recv_delta 37
P: seq 26882, size 1174, send_delta 26, trans_delta 11, recv_delta 37
P: seq 26883, size 1078, send_delta 26, trans_delta 13, recv_delta 39
P: seq 26884, size 1078, send_delta 27, trans_delta 12, recv_delta 39
P: seq 26885, size 1078, send_delta 27, trans_delta 12, recv_delta 39
P: seq 26886, size 1079, send_delta 27, trans_delta 12, recv_delta 39
P: seq 26887, size 1079, send_delta 28, trans_delta 11, recv_delta 39
P: seq 26888, size 1079, send_delta 28, trans_delta 12, recv_delta 40
P: seq 26889, size 1079, send_delta 28, trans_delta 13, recv_delta 41
P: seq 26890, size 1079, send_delta 28, trans_delta 13, recv_delta 41
P: seq 26891, size 1079, send_delta 29, trans_delta 13, recv_delta 42
P: seq 26892, size 1112, send_delta 29, trans_delta 13, recv_delta 42
P: seq 26893, size 1112, send_delta 29, trans_delta 13, recv_delta 42
P: seq 26894, size 1112, send_delta 29, trans_delta 14, recv_delta 43
P: seq 26895, size 1112, send_delta 29, trans_delta 14, recv_delta 43
P: seq 26896, size 1112, send_delta 31, trans_delta 12, recv_delta 43
P: seq 26897, size 1112, send_delta 31, trans_delta 12, recv_delta 43
P: seq 26898, size 1112, send_delta 31, trans_delta 12, recv_delta 43
P: seq 26899, size 1112, send_delta 32, trans_delta 13, recv_delta 45
P: seq 26900, size 1112, send_delta 32, trans_delta 13, recv_delta 45
P: seq 26901, size 1112, send_delta 32, trans_delta 13, recv_delta 45
P: seq 26902, size 1177, send_delta 32, trans_delta 13, recv_delta 45
P: seq 26903, size 1177, send_delta 33, trans_delta 13, recv_delta 46
P: seq 26904, size 1177, send_delta 33, trans_delta 13, recv_delta 46
P: seq 26905, size 1177, send_delta 33, trans_delta 14, recv_delta 47
P: seq 26906, size 1177, send_delta 33, trans_delta 14, recv_delta 47
P: seq 26907, size 1177, send_delta 34, trans_delta 13, recv_delta 47
P: seq 26908, size 1177, send_delta 34, trans_delta 14, recv_delta 48
P: seq 26909, size 1177, send_delta 34, trans_delta 14, recv_delta 48
P: seq 26910, size 1177, send_delta 34, trans_delta 15, recv_delta 49
P: seq 26911, size 1177, send_delta 36, trans_delta 13, recv_delta 49
P: seq 26912, size 1178, send_delta 36, trans_delta 13, recv_delta 49
P: seq 26913, size 1178, send_delta 36, trans_delta 13, recv_delta 49
P: seq 26914, size 1178, send_delta 36, trans_delta 13, recv_delta 49
P: seq 26915, size 1178, send_delta 37, trans_delta 13, recv_delta 50
P: seq 26916, size 1178, send_delta 37, trans_delta 14, recv_delta 51
P: seq 26917, size 1178, send_delta 37, trans_delta 14, recv_delta 51
P: seq 26918, size 1178, send_delta 37, trans_delta 15, recv_delta 52
P: seq 26919, size 1178, send_delta 37, trans_delta 15, recv_delta 52
P: seq 26920, size 1179, send_delta 38, trans_delta 15, recv_delta 53
P: seq 26921, size 1179, send_delta 38, trans_delta 15, recv_delta 53
P: seq 26922, size 1179, send_delta 38, trans_delta 15, recv_delta 53
P: seq 26923, size 1179, send_delta 40, trans_delta 14, recv_delta 54
P: seq 26924, size 1179, send_delta 40, trans_delta 14, recv_delta 54
RTP TS: 406794301, Frame Size: 82166, Encode 6, Net 63, Wait 1, Decode 12 E2E 82 
P: seq 26925, size 1104, send_delta 21, trans_delta 15, recv_delta 36
P: seq 26926, size 1104, send_delta 21, trans_delta 16, recv_delta 37
P: seq 26927, size 1104, send_delta 22, trans_delta 15, recv_delta 37
P: seq 26928, size 1104, send_delta 22, trans_delta 15, recv_delta 37
P: seq 26929, size 1105, send_delta 22, trans_delta 15, recv_delta 37
P: seq 26930, size 1105, send_delta 22, trans_delta 16, recv_delta 38
P: seq 26931, size 1105, send_delta 23, trans_delta 15, recv_delta 38
P: seq 26932, size 1105, send_delta 23, trans_delta 15, recv_delta 38
P: seq 26933, size 1110, send_delta 23, trans_delta 16, recv_delta 39
P: seq 26934, size 1110, send_delta 23, trans_delta 16, recv_delta 39
P: seq 26935, size 1110, send_delta 23, trans_delta 16, recv_delta 39
P: seq 26936, size 1110, send_delta 24, trans_delta 16, recv_delta 40
P: seq 26937, size 1110, send_delta 25, trans_delta 15, recv_delta 40
P: seq 26938, size 1110, send_delta 25, trans_delta 15, recv_delta 40
P: seq 26939, size 1111, send_delta 25, trans_delta 16, recv_delta 41
P: seq 26940, size 1156, send_delta 25, trans_delta 16, recv_delta 41
P: seq 26941, size 1156, send_delta 25, trans_delta 16, recv_delta 41
P: seq 26942, size 1156, send_delta 26, trans_delta 16, recv_delta 42
P: seq 26943, size 1156, send_delta 27, trans_delta 15, recv_delta 42
P: seq 26944, size 1157, send_delta 27, trans_delta 15, recv_delta 42
P: seq 26945, size 1157, send_delta 27, trans_delta 16, recv_delta 43
P: seq 26946, size 1157, send_delta 28, trans_delta 15, recv_delta 43
P: seq 26947, size 1157, send_delta 28, trans_delta 16, recv_delta 44
P: seq 26948, size 1118, send_delta 28, trans_delta 16, recv_delta 44
P: seq 26949, size 1118, send_delta 28, trans_delta 16, recv_delta 44
P: seq 26950, size 1118, send_delta 29, trans_delta 15, recv_delta 44
P: seq 26951, size 1118, send_delta 29, trans_delta 16, recv_delta 45
P: seq 26952, size 1118, send_delta 29, trans_delta 17, recv_delta 46
P: seq 26953, size 1118, send_delta 29, trans_delta 17, recv_delta 46
P: seq 26954, size 1118, send_delta 30, trans_delta 16, recv_delta 46
P: seq 26955, size 1119, send_delta 30, trans_delta 17, recv_delta 47
P: seq 26956, size 1167, send_delta 30, trans_delta 17, recv_delta 47
P: seq 26957, size 1167, send_delta 31, trans_delta 17, recv_delta 48
P: seq 26958, size 1167, send_delta 31, trans_delta 17, recv_delta 48
P: seq 26959, size 1168, send_delta 31, trans_delta 17, recv_delta 48
P: seq 26960, size 1168, send_delta 31, trans_delta 17, recv_delta 48
P: seq 26961, size 1168, send_delta 33, trans_delta 15, recv_delta 48
P: seq 26962, size 1168, send_delta 33, trans_delta 17, recv_delta 50
P: seq 26963, size 1168, send_delta 33, trans_delta 17, recv_delta 50
P: seq 26964, size 1129, send_delta 33, trans_delta 17, recv_delta 50
P: seq 26965, size 1129, send_delta 34, trans_delta 17, recv_delta 51
P: seq 26966, size 1129, send_delta 34, trans_delta 17, recv_delta 51
P: seq 26967, size 1129, send_delta 34, trans_delta 18, recv_delta 52
P: seq 26968, size 1130, send_delta 35, trans_delta 17, recv_delta 52
P: seq 26969, size 1130, send_delta 35, trans_delta 17, recv_delta 52
P: seq 26970, size 1130, send_delta 35, trans_delta 18, recv_delta 53
P: seq 26971, size 1130, send_delta 35, trans_delta 18, recv_delta 53
P: seq 26972, size 1130, send_delta 35, trans_delta 18, recv_delta 53
P: seq 26973, size 1130, send_delta 36, trans_delta 17, recv_delta 53
P: seq 26974, size 1130, send_delta 36, trans_delta 17, recv_delta 53
P: seq 26975, size 1181, send_delta 36, trans_delta 19, recv_delta 55
P: seq 26976, size 1181, send_delta 37, trans_delta 18, recv_delta 55
P: seq 26977, size 1181, send_delta 38, trans_delta 18, recv_delta 56
P: seq 26978, size 1181, send_delta 38, trans_delta 18, recv_delta 56
P: seq 26979, size 1181, send_delta 38, trans_delta 18, recv_delta 56
P: seq 26980, size 1181, send_delta 39, trans_delta 17, recv_delta 56
P: seq 26981, size 1181, send_delta 39, trans_delta 18, recv_delta 57
P: seq 26982, size 1182, send_delta 39, trans_delta 18, recv_delta 57
P: seq 26983, size 1182, send_delta 39, trans_delta 18, recv_delta 57
P: seq 26984, size 1182, send_delta 40, trans_delta 18, recv_delta 58
P: seq 26985, size 1182, send_delta 40, trans_delta 18, recv_delta 58
P: seq 26986, size 1114, send_delta 40, trans_delta 18, recv_delta 58
P: seq 26987, size 1114, send_delta 40, trans_delta 19, recv_delta 59
P: seq 26988, size 1114, send_delta 41, trans_delta 18, recv_delta 59
P: seq 26989, size 1114, send_delta 41, trans_delta 19, recv_delta 60
P: seq 26990, size 1115, send_delta 41, trans_delta 19, recv_delta 60
P: seq 26991, size 1115, send_delta 42, trans_delta 19, recv_delta 61
P: seq 26992, size 1115, send_delta 42, trans_delta 19, recv_delta 61
P: seq 26993, size 1115, send_delta 43, trans_delta 18, recv_delta 61
P: seq 26994, size 1115, send_delta 43, trans_delta 19, recv_delta 62
P: seq 26995, size 1115, send_delta 43, trans_delta 19, recv_delta 62
P: seq 26996, size 1115, send_delta 44, trans_delta 19, recv_delta 63
P: seq 26997, size 1115, send_delta 44, trans_delta 19, recv_delta 63
P: seq 26998, size 1115, send_delta 44, trans_delta 19, recv_delta 63
RTP TS: 406795921, Frame Size: 89934, Encode 6, Net 73, Wait 0, Decode 13 E2E 92 
P: seq 26999, size 1095, send_delta 26, trans_delta 20, recv_delta 46
P: seq 27000, size 1095, send_delta 26, trans_delta 20, recv_delta 46
P: seq 27001, size 1095, send_delta 27, trans_delta 19, recv_delta 46
P: seq 27002, size 1096, send_delta 27, trans_delta 19, recv_delta 46
P: seq 27003, size 1096, send_delta 28, trans_delta 18, recv_delta 46
P: seq 27004, size 1096, send_delta 28, trans_delta 19, recv_delta 47
P: seq 27005, size 1096, send_delta 29, trans_delta 18, recv_delta 47
P: seq 27006, size 1096, send_delta 29, trans_delta 18, recv_delta 47
P: seq 27007, size 1096, send_delta 29, trans_delta 18, recv_delta 47
P: seq 27008, size 1132, send_delta 29, trans_delta 19, recv_delta 48
P: seq 27009, size 1132, send_delta 30, trans_delta 18, recv_delta 48
P: seq 27010, size 1132, send_delta 30, trans_delta 18, recv_delta 48
P: seq 27011, size 1132, send_delta 30, trans_delta 19, recv_delta 49
P: seq 27012, size 1132, send_delta 30, trans_delta 19, recv_delta 49
P: seq 27013, size 1132, send_delta 31, trans_delta 19, recv_delta 50
P: seq 27014, size 1132, send_delta 31, trans_delta 19, recv_delta 50
P: seq 27015, size 1133, send_delta 31, trans_delta 19, recv_delta 50
P: seq 27016, size 1133, send_delta 31, trans_delta 20, recv_delta 51
P: seq 27017, size 1118, send_delta 31, trans_delta 20, recv_delta 51
P: seq 27018, size 1118, send_delta 33, trans_delta 18, recv_delta 51
P: seq 27019, size 1118, send_delta 33, trans_delta 18, recv_delta 51
P: seq 27020, size 1118, send_delta 33, trans_delta 18, recv_delta 51
P: seq 27021, size 1118, send_delta 34, trans_delta 18, recv_delta 52
P: seq 27022, size 1119, send_delta 34, trans_delta 19, recv_delta 53
P: seq 27023, size 1119, send_delta 34, trans_delta 19, recv_delta 53
P: seq 27024, size 1119, send_delta 34, trans_delta 19, recv_delta 53
P: seq 27025, size 1119, send_delta 35, trans_delta 19, recv_delta 54
P: seq 27026, size 1119, send_delta 35, trans_delta 19, recv_delta 54
P: seq 27027, size 1111, send_delta 35, trans_delta 20, recv_delta 55
P: seq 27028, size 1111, send_delta 35, trans_delta 20, recv_delta 55
P: seq 27029, size 1111, send_delta 35, trans_delta 20, recv_delta 55
P: seq 27030, size 1111, send_delta 36, trans_delta 19, recv_delta 55
P: seq 27031, size 1111, send_delta 36, trans_delta 19, recv_delta 55
P: seq 27032, size 1111, send_delta 37, trans_delta 19, recv_delta 56
P: seq 27033, size 1111, send_delta 37, trans_delta 19, recv_delta 56
P: seq 27034, size 1112, send_delta 38, trans_delta 18, recv_delta 56
P: seq 27035, size 1088, send_delta 38, trans_delta 19, recv_delta 57
P: seq 27036, size 1088, send_delta 38, trans_delta 19, recv_delta 57
P: seq 27037, size 1088, send_delta 38, trans_delta 20, recv_delta 58
P: seq 27038, size 1088, send_delta 39, trans_delta 19, recv_delta 58
P: seq 27039, size 1088, send_delta 39, trans_delta 20, recv_delta 59
P: seq 27040, size 1088, send_delta 39, trans_delta 20, recv_delta 59
P: seq 27041, size 1088, send_delta 39, trans_delta 20, recv_delta 59
P: seq 27042, size 1088, send_delta 40, trans_delta 20, recv_delta 60
P: seq 27043, size 1088, send_delta 40, trans_delta 20, recv_delta 60
P: seq 27044, size 1089, send_delta 40, trans_delta 20, recv_delta 60
P: seq 27045, size 1159, send_delta 40, trans_delta 21, recv_delta 61
P: seq 27046, size 1159, send_delta 40, trans_delta 21, recv_delta 61
P: seq 27047, size 1159, send_delta 42, trans_delta 19, recv_delta 61
P: seq 27048, size 1160, send_delta 42, trans_delta 20, recv_delta 62
P: seq 27049, size 1160, send_delta 42, trans_delta 20, recv_delta 62
P: seq 27050, size 1160, send_delta 43, trans_delta 19, recv_delta 62
P: seq 27051, size 1160, send_delta 43, trans_delta 20, recv_delta 63
P: seq 27052, size 1160, send_delta 43, trans_delta 20, recv_delta 63
P: seq 27053, size 1160, send_delta 43, trans_delta 21, recv_delta 64
P: seq 27054, size 1160, send_delta 44, trans_delta 20, recv_delta 64
P: seq 27055, size 1158, send_delta 44, trans_delta 20, recv_delta 64
P: seq 27056, size 1158, send_delta 44, trans_delta 21, recv_delta 65
P: seq 27057, size 1158, send_delta 44, trans_delta 21, recv_delta 65
P: seq 27058, size 1158, send_delta 45, trans_delta 20, recv_delta 65
P: seq 27059, size 1158, send_delta 45, trans_delta 20, recv_delta 65
P: seq 27060, size 1158, send_delta 45, trans_delta 21, recv_delta 66
P: seq 27061, size 1158, send_delta 45, trans_delta 21, recv_delta 66
P: seq 27062, size 1158, send_delta 47, trans_delta 20, recv_delta 67
P: seq 27063, size 1158, send_delta 47, trans_delta 20, recv_delta 67
P: seq 27064, size 1158, send_delta 47, trans_delta 20, recv_delta 67
P: seq 27065, size 1159, send_delta 48, trans_delta 19, recv_delta 67
P: seq 27066, size 1159, send_delta 48, trans_delta 19, recv_delta 67
P: seq 27067, size 1192, send_delta 48, trans_delta 20, recv_delta 68
P: seq 27068, size 1192, send_delta 48, trans_delta 21, recv_delta 69
P: seq 27069, size 1192, send_delta 49, trans_delta 20, recv_delta 69
P: seq 27070, size 1193, send_delta 49, trans_delta 20, recv_delta 69
P: seq 27071, size 1193, send_delta 49, trans_delta 21, recv_delta 70
P: seq 27072, size 1193, send_delta 49, trans_delta 21, recv_delta 70
P: seq 27073, size 1193, send_delta 50, trans_delta 21, recv_delta 71
P: seq 27074, size 1193, send_delta 50, trans_delta 21, recv_delta 71
P: seq 27075, size 1193, send_delta 51, trans_delta 20, recv_delta 71
P: seq 27076, size 1193, send_delta 51, trans_delta 21, recv_delta 72
P: seq 27077, size 1193, send_delta 51, trans_delta 21, recv_delta 72
P: seq 27078, size 1193, send_delta 52, trans_delta 20, recv_delta 72
P: seq 27079, size 1193, send_delta 52, trans_delta 20, recv_delta 72
RTP TS: 406797541, Frame Size: 77767, Encode 6, Net 81, Wait 0, Decode 12 E2E 99 
P: seq 27080, size 1123, send_delta 35, trans_delta 22, recv_delta 57
P: seq 27081, size 1123, send_delta 35, trans_delta 22, recv_delta 57
P: seq 27082, size 1124, send_delta 36, trans_delta 21, recv_delta 57
P: seq 27083, size 1124, send_delta 36, trans_delta 21, recv_delta 57
P: seq 27084, size 1124, send_delta 37, trans_delta 21, recv_delta 58
P: seq 27085, size 1124, send_delta 37, trans_delta 21, recv_delta 58
P: seq 27086, size 1124, send_delta 37, trans_delta 21, recv_delta 58
P: seq 27087, size 1134, send_delta 38, trans_delta 21, recv_delta 59
P: seq 27088, size 1134, send_delta 38, trans_delta 21, recv_delta 59
P: seq 27089, size 1134, send_delta 38, trans_delta 21, recv_delta 59
P: seq 27090, size 1134, send_delta 38, trans_delta 21, recv_delta 59
P: seq 27091, size 1135, send_delta 39, trans_delta 21, recv_delta 60
P: seq 27092, size 1135, send_delta 39, trans_delta 22, recv_delta 61
P: seq 27093, size 1135, send_delta 39, trans_delta 22, recv_delta 61
P: seq 27094, size 1135, send_delta 39, trans_delta 22, recv_delta 61
P: seq 27095, size 1101, send_delta 39, trans_delta 22, recv_delta 61
P: seq 27096, size 1101, send_delta 42, trans_delta 20, recv_delta 62
P: seq 27097, size 1101, send_delta 42, trans_delta 20, recv_delta 62
P: seq 27098, size 1101, send_delta 42, trans_delta 21, recv_delta 63
P: seq 27099, size 1101, send_delta 42, trans_delta 21, recv_delta 63
P: seq 27100, size 1101, send_delta 42, trans_delta 21, recv_delta 63
P: seq 27101, size 1102, send_delta 42, trans_delta 22, recv_delta 64
P: seq 27102, size 1102, send_delta 42, trans_delta 22, recv_delta 64
P: seq 27103, size 1069, send_delta 42, trans_delta 22, recv_delta 64
P: seq 27104, size 1069, send_delta 42, trans_delta 23, recv_delta 65
P: seq 27105, size 1069, send_delta 43, trans_delta 22, recv_delta 65
P: seq 27106, size 1069, send_delta 43, trans_delta 22, recv_delta 65
P: seq 27107, size 1069, send_delta 43, trans_delta 22, recv_delta 65
P: seq 27108, size 1069, send_delta 44, trans_delta 21, recv_delta 65
P: seq 27109, size 1070, send_delta 44, trans_delta 22, recv_delta 66
P: seq 27110, size 1080, send_delta 44, trans_delta 22, recv_delta 66
P: seq 27111, size 1080, send_delta 45, trans_delta 22, recv_delta 67
P: seq 27112, size 1080, send_delta 45, trans_delta 22, recv_delta 67
P: seq 27113, size 1080, send_delta 46, trans_delta 22, recv_delta 68
P: seq 27114, size 1080, send_delta 46, trans_delta 22, recv_delta 68
P: seq 27115, size 1081, send_delta 46, trans_delta 22, recv_delta 68
P: seq 27116, size 1081, send_delta 46, trans_delta 23, recv_delta 69
P: seq 27117, size 1081, send_delta 47, trans_delta 22, recv_delta 69
P: seq 27118, size 1081, send_delta 47, trans_delta 23, recv_delta 70
P: seq 27119, size 1188, send_delta 47, trans_delta 23, recv_delta 70
P: seq 27120, size 1188, send_delta 47, trans_delta 23, recv_delta 70
P: seq 27121, size 1188, send_delta 48, trans_delta 22, recv_delta 70
P: seq 27122, size 1188, send_delta 48, trans_delta 23, recv_delta 71
P: seq 27123, size 1188, send_delta 48, trans_delta 23, recv_delta 71
P: seq 27124, size 1188, send_delta 48, trans_delta 23, recv_delta 71
P: seq 27125, size 1188, send_delta 50, trans_delta 22, recv_delta 72
P: seq 27126, size 1188, send_delta 50, trans_delta 22, recv_delta 72
P: seq 27127, size 1188, send_delta 50, trans_delta 22, recv_delta 72
P: seq 27128, size 1189, send_delta 51, trans_delta 21, recv_delta 72
P: seq 27129, size 1162, send_delta 51, trans_delta 22, recv_delta 73
P: seq 27130, size 1162, send_delta 51, trans_delta 23, recv_delta 74
P: seq 27131, size 1162, send_delta 51, trans_delta 23, recv_delta 74
P: seq 27132, size 1162, send_delta 52, trans_delta 22, recv_delta 74
P: seq 27133, size 1162, send_delta 52, trans_delta 23, recv_delta 75
P: seq 27134, size 1162, send_delta 52, trans_delta 23, recv_delta 75
P: seq 27135, size 1163, send_delta 52, trans_delta 23, recv_delta 75
P: seq 27136, size 1163, send_delta 53, trans_delta 23, recv_delta 76
P: seq 27137, size 1163, send_delta 53, trans_delta 23, recv_delta 76
P: seq 27138, size 1163, send_delta 54, trans_delta 23, recv_delta 77
P: seq 27139, size 1163, send_delta 54, trans_delta 23, recv_delta 77
P: seq 27140, size 1192, send_delta 54, trans_delta 23, recv_delta 77
P: seq 27141, size 1192, send_delta 54, trans_delta 24, recv_delta 78
P: seq 27142, size 1192, send_delta 55, trans_delta 23, recv_delta 78
P: seq 27143, size 1192, send_delta 55, trans_delta 23, recv_delta 78
P: seq 27144, size 1193, send_delta 55, trans_delta 24, recv_delta 79
P: seq 27145, size 1193, send_delta 56, trans_delta 23, recv_delta 79
P: seq 27146, size 1193, send_delta 56, trans_delta 23, recv_delta 79
P: seq 27147, size 1193, send_delta 57, trans_delta 23, recv_delta 80
P: seq 27148, size 1193, send_delta 57, trans_delta 23, recv_delta 80
P: seq 27149, size 1193, send_delta 57, trans_delta 24, recv_delta 81
RTP TS: 406799161, Frame Size: 65189, Encode 6, Net 83, Wait 0, Decode 11 E2E 100 
P: seq 27150, size 1103, send_delta 40, trans_delta 23, recv_delta 63
P: seq 27151, size 1103, send_delta 40, trans_delta 23, recv_delta 63
P: seq 27152, size 1103, send_delta 40, trans_delta 24, recv_delta 64
P: seq 27153, size 1103, send_delta 41, trans_delta 23, recv_delta 64
P: seq 27154, size 1103, send_delta 41, trans_delta 24, recv_delta 65
P: seq 27155, size 1103, send_delta 41, trans_delta 24, recv_delta 65
P: seq 27156, size 1063, send_delta 41, trans_delta 24, recv_delta 65
P: seq 27157, size 1063, send_delta 42, trans_delta 23, recv_delta 65
P: seq 27158, size 1064, send_delta 42, trans_delta 24, recv_delta 66
P: seq 27159, size 1064, send_delta 42, trans_delta 24, recv_delta 66
P: seq 27160, size 1064, send_delta 42, trans_delta 24, recv_delta 66
P: seq 27161, size 1128, send_delta 43, trans_delta 24, recv_delta 67
P: seq 27162, size 1128, send_delta 44, trans_delta 23, recv_delta 67
P: seq 27163, size 1128, send_delta 44, trans_delta 23, recv_delta 67
P: seq 27164, size 1128, send_delta 44, trans_delta 24, recv_delta 68
P: seq 27165, size 1128, send_delta 45, trans_delta 23, recv_delta 68
P: seq 27166, size 1128, send_delta 45, trans_delta 24, recv_delta 69
P: seq 27167, size 1099, send_delta 45, trans_delta 24, recv_delta 69
P: seq 27168, size 1099, send_delta 45, trans_delta 24, recv_delta 69
P: seq 27169, size 1099, send_delta 46, trans_delta 23, recv_delta 69
P: seq 27170, size 1100, send_delta 46, trans_delta 24, recv_delta 70
P: seq 27171, size 1100, send_delta 46, trans_delta 24, recv_delta 70
P: seq 27172, size 1100, send_delta 46, trans_delta 24, recv_delta 70
P: seq 27173, size 1115, send_delta 46, trans_delta 24, recv_delta 70
P: seq 27174, size 1115, send_delta 46, trans_delta 24, recv_delta 70
P: seq 27175, size 1115, send_delta 48, trans_delta 23, recv_delta 71
P: seq 27176, size 1115, send_delta 48, trans_delta 24, recv_delta 72
P: seq 27177, size 1115, send_delta 48, trans_delta 24, recv_delta 72
P: seq 27178, size 1115, send_delta 49, trans_delta 24, recv_delta 73
P: seq 27179, size 1116, send_delta 49, trans_delta 24, recv_delta 73
P: seq 27180, size 1163, send_delta 49, trans_delta 24, recv_delta 73
P: seq 27181, size 1163, send_delta 49, trans_delta 24, recv_delta 73
P: seq 27182, size 1163, send_delta 50, trans_delta 23, recv_delta 73
P: seq 27183, size 1164, send_delta 50, trans_delta 24, recv_delta 74
P: seq 27184, size 1164, send_delta 50, trans_delta 25, recv_delta 75
P: seq 27185, size 1164, send_delta 50, trans_delta 25, recv_delta 75
P: seq 27186, size 1164, send_delta 51, trans_delta 24, recv_delta 75
P: seq 27187, size 1164, send_delta 51, trans_delta 25, recv_delta 76
P: seq 27188, size 1164, send_delta 51, trans_delta 25, recv_delta 76
P: seq 27189, size 1139, send_delta 51, trans_delta 26, recv_delta 77
P: seq 27190, size 1140, send_delta 52, trans_delta 26, recv_delta 78
P: seq 27191, size 1140, send_delta 52, trans_delta 26, recv_delta 78
P: seq 27192, size 1140, send_delta 53, trans_delta 25, recv_delta 78
P: seq 27193, size 1140, send_delta 53, trans_delta 25, recv_delta 78
P: seq 27194, size 1140, send_delta 53, trans_delta 25, recv_delta 78
P: seq 27195, size 1140, send_delta 54, trans_delta 24, recv_delta 78
P: seq 27196, size 1140, send_delta 54, trans_delta 25, recv_delta 79
P: seq 27197, size 1140, send_delta 54, trans_delta 25, recv_delta 79
P: seq 27198, size 1140, send_delta 55, trans_delta 25, recv_delta 80
P: seq 27199, size 1140, send_delta 55, trans_delta 25, recv_delta 80
P: seq 27200, size 1174, send_delta 55, trans_delta 25, recv_delta 80
P: seq 27201, size 1174, send_delta 55, trans_delta 26, recv_delta 81
P: seq 27202, size 1174, send_delta 55, trans_delta 26, recv_delta 81
P: seq 27203, size 1174, send_delta 56, trans_delta 25, recv_delta 81
P: seq 27204, size 1175, send_delta 57, trans_delta 24, recv_delta 81
P: seq 27205, size 1175, send_delta 57, trans_delta 25, recv_delta 82
P: seq 27206, size 1175, send_delta 57, trans_delta 25, recv_delta 82
P: seq 27207, size 1175, send_delta 58, trans_delta 24, recv_delta 82
P: seq 27208, size 1175, send_delta 58, trans_delta 24, recv_delta 82
RTP TS: 406800781, Frame Size: 52758, Encode 5, Net 83, Wait 1, Decode 9 E2E 98 
P: seq 27209, size 1137, send_delta 41, trans_delta 26, recv_delta 67
P: seq 27210, size 1138, send_delta 41, trans_delta 26, recv_delta 67
P: seq 27211, size 1138, send_delta 42, trans_delta 25, recv_delta 67
P: seq 27212, size 1138, send_delta 42, trans_delta 26, recv_delta 68
P: seq 27213, size 1138, send_delta 42, trans_delta 26, recv_delta 68
P: seq 27214, size 979, send_delta 42, trans_delta 26, recv_delta 68
P: seq 27215, size 980, send_delta 43, trans_delta 26, recv_delta 69
P: seq 27216, size 980, send_delta 44, trans_delta 25, recv_delta 69
P: seq 27217, size 980, send_delta 44, trans_delta 25, recv_delta 69
P: seq 27218, size 980, send_delta 44, trans_delta 25, recv_delta 69
P: seq 27219, size 1023, send_delta 45, trans_delta 24, recv_delta 69
P: seq 27220, size 1024, send_delta 45, trans_delta 24, recv_delta 69
P: seq 27221, size 1024, send_delta 45, trans_delta 25, recv_delta 70
P: seq 27222, size 1024, send_delta 45, trans_delta 26, recv_delta 71
P: seq 27223, size 1024, send_delta 45, trans_delta 26, recv_delta 71
P: seq 27224, size 1180, send_delta 46, trans_delta 26, recv_delta 72
P: seq 27225, size 1180, send_delta 46, trans_delta 26, recv_delta 72
P: seq 27226, size 1181, send_delta 46, trans_delta 26, recv_delta 72
P: seq 27227, size 1181, send_delta 46, trans_delta 27, recv_delta 73
P: seq 27228, size 1181, send_delta 47, trans_delta 26, recv_delta 73
P: seq 27229, size 1127, send_delta 47, trans_delta 27, recv_delta 74
P: seq 27230, size 1127, send_delta 48, trans_delta 26, recv_delta 74
P: seq 27231, size 1128, send_delta 48, trans_delta 26, recv_delta 74
P: seq 27232, size 1128, send_delta 48, trans_delta 26, recv_delta 74
P: seq 27233, size 1128, send_delta 48, trans_delta 27, recv_delta 75
P: seq 27234, size 1128, send_delta 49, trans_delta 26, recv_delta 75
P: seq 27235, size 1184, send_delta 49, trans_delta 26, recv_delta 75
P: seq 27236, size 1184, send_delta 49, trans_delta 27, recv_delta 76
P: seq 27237, size 1184, send_delta 49, trans_delta 27, recv_delta 76
P: seq 27238, size 1185, send_delta 51, trans_delta 25, recv_delta 76
P: seq 27239, size 1185, send_delta 51, trans_delta 25, recv_delta 76
P: seq 27240, size 1185, send_delta 51, trans_delta 25, recv_delta 76
P: seq 27241, size 1185, send_delta 51, trans_delta 27, recv_delta 78
P: seq 27242, size 1167, send_delta 52, trans_delta 26, recv_delta 78
P: seq 27243, size 1167, send_delta 52, trans_delta 26, recv_delta 78
P: seq 27244, size 1168, send_delta 52, trans_delta 27, recv_delta 79
P: seq 27245, size 1168, send_delta 52, trans_delta 27, recv_delta 79
P: seq 27246, size 1168, send_delta 53, trans_delta 26, recv_delta 79
P: seq 27247, size 1168, send_delta 53, trans_delta 27, recv_delta 80
P: seq 27248, size 1168, send_delta 53, trans_delta 27, recv_delta 80
P: seq 27249, size 1168, send_delta 54, trans_delta 27, recv_delta 81
P: seq 27250, size 1137, send_delta 54, trans_delta 27, recv_delta 81
P: seq 27251, size 1137, send_delta 54, trans_delta 28, recv_delta 82
P: seq 27252, size 1137, send_delta 57, trans_delta 25, recv_delta 82
P: seq 27253, size 1138, send_delta 57, trans_delta 25, recv_delta 82
P: seq 27254, size 1138, send_delta 57, trans_delta 26, recv_delta 83
P: seq 27255, size 1138, send_delta 57, trans_delta 26, recv_delta 83
P: seq 27256, size 1138, send_delta 57, trans_delta 26, recv_delta 83
RTP TS: 406802401, Frame Size: 39043, Encode 5, Net 78, Wait 0, Decode 8 E2E 91 
P: seq 27257, size 1099, send_delta 39, trans_delta 26, recv_delta 65
P: seq 27258, size 1100, send_delta 39, trans_delta 27, recv_delta 66
P: seq 27259, size 1100, send_delta 39, trans_delta 27, recv_delta 66
P: seq 27260, size 1100, send_delta 39, trans_delta 27, recv_delta 66
P: seq 27261, size 1071, send_delta 39, trans_delta 28, recv_delta 67
P: seq 27262, size 1072, send_delta 40, trans_delta 27, recv_delta 67
P: seq 27263, size 1072, send_delta 40, trans_delta 27, recv_delta 67
P: seq 27264, size 1072, send_delta 40, trans_delta 27, recv_delta 67
P: seq 27265, size 1183, send_delta 40, trans_delta 27, recv_delta 67
P: seq 27266, size 1184, send_delta 41, trans_delta 27, recv_delta 68
P: seq 27267, size 1184, send_delta 42, trans_delta 27, recv_delta 69
P: seq 27268, size 1184, send_delta 42, trans_delta 27, recv_delta 69
P: seq 27269, size 991, send_delta 42, trans_delta 27, recv_delta 69
P: seq 27270, size 991, send_delta 43, trans_delta 27, recv_delta 70
P: seq 27271, size 991, send_delta 43, trans_delta 27, recv_delta 70
P: seq 27272, size 992, send_delta 43, trans_delta 27, recv_delta 70
P: seq 27273, size 974, send_delta 44, trans_delta 27, recv_delta 71
P: seq 27274, size 974, send_delta 44, trans_delta 27, recv_delta 71
P: seq 27275, size 974, send_delta 44, trans_delta 27, recv_delta 71
P: seq 27276, size 975, send_delta 44, trans_delta 27, recv_delta 71
P: seq 27277, size 1196, send_delta 44, trans_delta 27, recv_delta 71
P: seq 27278, size 1197, send_delta 45, trans_delta 27, recv_delta 72
P: seq 27279, size 1197, send_delta 45, trans_delta 27, recv_delta 72
P: seq 27280, size 1197, send_delta 45, trans_delta 28, recv_delta 73
P: seq 27281, size 1197, send_delta 46, trans_delta 28, recv_delta 74
P: seq 27282, size 1122, send_delta 46, trans_delta 28, recv_delta 74
P: seq 27283, size 1122, send_delta 46, trans_delta 28, recv_delta 74
P: seq 27284, size 1122, send_delta 46, trans_delta 28, recv_delta 74
P: seq 27285, size 1122, send_delta 47, trans_delta 28, recv_delta 75
P: seq 27286, size 1123, send_delta 47, trans_delta 28, recv_delta 75
P: seq 27287, size 1123, send_delta 47, trans_delta 29, recv_delta 76
P: seq 27288, size 1189, send_delta 47, trans_delta 29, recv_delta 76
P: seq 27289, size 1189, send_delta 49, trans_delta 28, recv_delta 77
P: seq 27290, size 1189, send_delta 49, trans_delta 28, recv_delta 77
P: seq 27291, size 1189, send_delta 49, trans_delta 28, recv_delta 77
P: seq 27292, size 1189, send_delta 49, trans_delta 29, recv_delta 78
RTP TS: 406804021, Frame Size: 32942, Encode 5, Net 70, Wait 0, Decode 7 E2E 82 
P: seq 27293, size 1171, send_delta 32, trans_delta 28, recv_delta 60
P: seq 27294, size 1171, send_delta 32, trans_delta 28, recv_delta 60
P: seq 27295, size 1172, send_delta 32, trans_delta 28, recv_delta 60
P: seq 27296, size 929, send_delta 32, trans_delta 29, recv_delta 61
P: seq 27297, size 930, send_delta 33, trans_delta 28, recv_delta 61
P: seq 27298, size 930, send_delta 33, trans_delta 28, recv_delta 61
P: seq 27299, size 930, send_delta 33, trans_delta 29, recv_delta 62
P: seq 27300, size 1025, send_delta 33, trans_delta 29, recv_delta 62
P: seq 27301, size 1026, send_delta 33, trans_delta 29, recv_delta 62
P: seq 27302, size 1026, send_delta 34, trans_delta 29, recv_delta 63
P: seq 27303, size 1026, send_delta 34, trans_delta 29, recv_delta 63
P: seq 27304, size 1112, send_delta 34, trans_delta 29, recv_delta 63
P: seq 27305, size 1113, send_delta 35, trans_delta 29, recv_delta 64
P: seq 27306, size 1113, send_delta 36, trans_delta 28, recv_delta 64
P: seq 27307, size 1191, send_delta 36, trans_delta 28, recv_delta 64
P: seq 27308, size 1191, send_delta 36, trans_delta 29, recv_delta 65
P: seq 27309, size 1191, send_delta 36, trans_delta 29, recv_delta 65
P: seq 27310, size 993, send_delta 37, trans_delta 28, recv_delta 65
P: seq 27311, size 993, send_delta 37, trans_delta 29, recv_delta 66
P: seq 27312, size 994, send_delta 37, trans_delta 29, recv_delta 66
P: seq 27313, size 994, send_delta 37, trans_delta 29, recv_delta 66
P: seq 27314, size 994, send_delta 38, trans_delta 29, recv_delta 67
P: seq 27315, size 1058, send_delta 38, trans_delta 29, recv_delta 67
P: seq 27316, size 1058, send_delta 38, trans_delta 29, recv_delta 67
P: seq 27317, size 1058, send_delta 38, trans_delta 30, recv_delta 68
P: seq 27318, size 1059, send_delta 39, trans_delta 29, recv_delta 68
P: seq 27319, size 1059, send_delta 39, trans_delta 29, recv_delta 68
P: seq 27320, size 1046, send_delta 40, trans_delta 29, recv_delta 69
P: seq 27321, size 1047, send_delta 40, trans_delta 29, recv_delta 69
P: seq 27322, size 1047, send_delta 40, trans_delta 30, recv_delta 70
P: seq 27323, size 1047, send_delta 40, trans_delta 30, recv_delta 70
P: seq 27324, size 1047, send_delta 40, trans_delta 30, recv_delta 70
RTP TS: 406805551, Frame Size: 24925, Encode 4, Net 61, Wait 5, Decode 6 E2E 76 
P: seq 27325, size 837, send_delta 24, trans_delta 29, recv_delta 53
P: seq 27326, size 837, send_delta 24, trans_delta 29, recv_delta 53
P: seq 27327, size 838, send_delta 24, trans_delta 30, recv_delta 54
P: seq 27328, size 1058, send_delta 24, trans_delta 30, recv_delta 54
P: seq 27329, size 1059, send_delta 25, trans_delta 29, recv_delta 54
P: seq 27330, size 1059, send_delta 26, trans_delta 29, recv_delta 55
P: seq 27331, size 851, send_delta 26, trans_delta 29, recv_delta 55
P: seq 27332, size 852, send_delta 26, trans_delta 29, recv_delta 55
P: seq 27333, size 852, send_delta 26, trans_delta 30, recv_delta 56
P: seq 27334, size 1152, send_delta 26, trans_delta 30, recv_delta 56
P: seq 27335, size 1153, send_delta 27, trans_delta 29, recv_delta 56
P: seq 27336, size 935, send_delta 27, trans_delta 29, recv_delta 56
P: seq 27337, size 936, send_delta 27, trans_delta 30, recv_delta 57
P: seq 27338, size 936, send_delta 27, trans_delta 30, recv_delta 57
P: seq 27339, size 989, send_delta 28, trans_delta 29, recv_delta 57
P: seq 27340, size 989, send_delta 28, trans_delta 30, recv_delta 58
P: seq 27341, size 989, send_delta 28, trans_delta 30, recv_delta 58
P: seq 27342, size 990, send_delta 28, trans_delta 30, recv_delta 58
P: seq 27343, size 1054, send_delta 28, trans_delta 31, recv_delta 59
P: seq 27344, size 1054, send_delta 30, trans_delta 29, recv_delta 59
P: seq 27345, size 1054, send_delta 30, trans_delta 29, recv_delta 59
P: seq 27346, size 1054, send_delta 30, trans_delta 29, recv_delta 59
P: seq 27347, size 1010, send_delta 30, trans_delta 30, recv_delta 60
P: seq 27348, size 1010, send_delta 31, trans_delta 30, recv_delta 61
P: seq 27349, size 1010, send_delta 31, trans_delta 30, recv_delta 61
P: seq 27350, size 1010, send_delta 31, trans_delta 30, recv_delta 61
RTP TS: 406807171, Frame Size: 35993, Encode 4, Net 55, Wait 13, Decode 8 E2E 80 
P: seq 27351, size 926, send_delta 14, trans_delta 30, recv_delta 44
P: seq 27352, size 926, send_delta 15, trans_delta 29, recv_delta 44
P: seq 27353, size 926, send_delta 15, trans_delta 30, recv_delta 45
P: seq 27354, size 926, send_delta 15, trans_delta 30, recv_delta 45
P: seq 27355, size 1129, send_delta 15, trans_delta 30, recv_delta 45
P: seq 27356, size 1129, send_delta 15, trans_delta 31, recv_delta 46
P: seq 27357, size 1129, send_delta 16, trans_delta 30, recv_delta 46
P: seq 27358, size 1129, send_delta 16, trans_delta 31, recv_delta 47
P: seq 27359, size 1002, send_delta 16, trans_delta 31, recv_delta 47
P: seq 27360, size 1002, send_delta 16, trans_delta 31, recv_delta 47
P: seq 27361, size 1002, send_delta 17, trans_delta 31, recv_delta 48
P: seq 27362, size 1002, send_delta 17, trans_delta 31, recv_delta 48
P: seq 27363, size 1081, send_delta 18, trans_delta 30, recv_delta 48
P: seq 27364, size 1081, send_delta 18, trans_delta 30, recv_delta 48
P: seq 27365, size 1081, send_delta 18, trans_delta 31, recv_delta 49
P: seq 27366, size 1012, send_delta 19, trans_delta 30, recv_delta 49
P: seq 27367, size 1013, send_delta 19, trans_delta 30, recv_delta 49
P: seq 27368, size 1013, send_delta 19, trans_delta 30, recv_delta 49
P: seq 27369, size 1013, send_delta 19, trans_delta 30, recv_delta 49
P: seq 27370, size 1168, send_delta 20, trans_delta 29, recv_delta 49
P: seq 27371, size 1169, send_delta 20, trans_delta 31, recv_delta 51
P: seq 27372, size 1169, send_delta 20, trans_delta 31, recv_delta 51
P: seq 27373, size 1169, send_delta 20, trans_delta 32, recv_delta 52
P: seq 27374, size 1169, send_delta 21, trans_delta 31, recv_delta 52
P: seq 27375, size 1182, send_delta 21, trans_delta 31, recv_delta 52
P: seq 27376, size 1182, send_delta 22, trans_delta 30, recv_delta 52
P: seq 27377, size 1182, send_delta 22, trans_delta 31, recv_delta 53
P: seq 27378, size 1182, send_delta 23, trans_delta 30, recv_delta 53
P: seq 27379, size 1182, send_delta 23, trans_delta 30, recv_delta 53
P: seq 27380, size 1113, send_delta 23, trans_delta 30, recv_delta 53
P: seq 27381, size 1113, send_delta 23, trans_delta 31, recv_delta 54
P: seq 27382, size 1114, send_delta 24, trans_delta 31, recv_delta 55
P: seq 27383, size 1114, send_delta 24, trans_delta 31, recv_delta 55
P: seq 27384, size 1114, send_delta 24, trans_delta 31, recv_delta 55
RTP TS: 406808791, Frame Size: 16554, Encode 4, Net 44, Wait 24, Decode 4 E2E 76 
P: seq 27385, size 737, send_delta 6, trans_delta 32, recv_delta 38
P: seq 27386, size 738, send_delta 6, trans_delta 32, recv_delta 38
P: seq 27387, size 966, send_delta 6, trans_delta 32, recv_delta 38
P: seq 27388, size 966, send_delta 7, trans_delta 32, recv_delta 39
P: seq 27389, size 853, send_delta 8, trans_delta 31, recv_delta 39
P: seq 27390, size 854, send_delta 8, trans_delta 31, recv_delta 39
P: seq 27391, size 1137, send_delta 8, trans_delta 31, recv_delta 39
P: seq 27392, size 905, send_delta 8, trans_delta 31, recv_delta 39
P: seq 27393, size 905, send_delta 9, trans_delta 31, recv_delta 40
P: seq 27394, size 988, send_delta 9, trans_delta 31, recv_delta 40
P: seq 27395, size 988, send_delta 9, trans_delta 31, recv_delta 40
P: seq 27396, size 989, send_delta 9, trans_delta 32, recv_delta 41
P: seq 27397, size 949, send_delta 10, trans_delta 31, recv_delta 41
P: seq 27398, size 949, send_delta 10, trans_delta 31, recv_delta 41
P: seq 27399, size 950, send_delta 10, trans_delta 32, recv_delta 42
P: seq 27400, size 1038, send_delta 10, trans_delta 32, recv_delta 42
P: seq 27401, size 1038, send_delta 10, trans_delta 33, recv_delta 43
P: seq 27402, size 1038, send_delta 11, trans_delta 32, recv_delta 43
RTP TS: 406810411, Frame Size: 17900, Encode 4, Net 31, Wait 39, Decode 5 E2E 79 
P: seq 27403, size 849, send_delta 1, trans_delta 26, recv_delta 27
P: seq 27404, size 849, send_delta 3, trans_delta 24, recv_delta 27
P: seq 27405, size 1103, send_delta 3, trans_delta 24, recv_delta 27
P: seq 27406, size 1103, send_delta 3, trans_delta 24, recv_delta 27
P: seq 27407, size 787, send_delta 3, trans_delta 24, recv_delta 27
P: seq 27408, size 787, send_delta 3, trans_delta 24, recv_delta 27
P: seq 27409, size 833, send_delta 3, trans_delta 25, recv_delta 28
P: seq 27410, size 834, send_delta 3, trans_delta 25, recv_delta 28
P: seq 27411, size 1067, send_delta 3, trans_delta 25, recv_delta 28
P: seq 27412, size 1067, send_delta 3, trans_delta 26, recv_delta 29
P: seq 27413, size 1033, send_delta 4, trans_delta 25, recv_delta 29
P: seq 27414, size 1034, send_delta 4, trans_delta 25, recv_delta 29
P: seq 27415, size 1034, send_delta 4, trans_delta 26, recv_delta 30
P: seq 27416, size 970, send_delta 4, trans_delta 26, recv_delta 30
P: seq 27417, size 970, send_delta 5, trans_delta 25, recv_delta 30
P: seq 27418, size 970, send_delta 5, trans_delta 25, recv_delta 30
P: seq 27419, size 1023, send_delta 5, trans_delta 26, recv_delta 31
P: seq 27420, size 1024, send_delta 5, trans_delta 26, recv_delta 31
P: seq 27421, size 1024, send_delta 6, trans_delta 25, recv_delta 31
RTP TS: 406812031, Frame Size: 18144, Encode 4, Net 18, Wait 49, Decode 5 E2E 76 
P: seq 27422, size 688, send_delta 0, trans_delta 12, recv_delta 12
P: seq 27423, size 688, send_delta 1, trans_delta 12, recv_delta 13
P: seq 27424, size 826, send_delta 2, trans_delta 11, recv_delta 13
P: seq 27425, size 826, send_delta 2, trans_delta 11, recv_delta 13
P: seq 27426, size 827, send_delta 2, trans_delta 12, recv_delta 14
P: seq 27427, size 859, send_delta 2, trans_delta 12, recv_delta 14
P: seq 27428, size 860, send_delta 2, trans_delta 12, recv_delta 14
P: seq 27429, size 899, send_delta 3, trans_delta 12, recv_delta 15
P: seq 27430, size 899, send_delta 3, trans_delta 12, recv_delta 15
P: seq 27431, size 974, send_delta 3, trans_delta 12, recv_delta 15
P: seq 27432, size 975, send_delta 3, trans_delta 13, recv_delta 16
P: seq 27433, size 1032, send_delta 3, trans_delta 13, recv_delta 16
P: seq 27434, size 1033, send_delta 4, trans_delta 12, recv_delta 16
P: seq 27435, size 1033, send_delta 4, trans_delta 12, recv_delta 16
P: seq 27436, size 1069, send_delta 4, trans_delta 12, recv_delta 16
P: seq 27437, size 1069, send_delta 5, trans_delta 12, recv_delta 17
P: seq 27438, size 1070, send_delta 5, trans_delta 12, recv_delta 17
P: seq 27439, size 1001, send_delta 5, trans_delta 13, recv_delta 18
P: seq 27440, size 1001, send_delta 6, trans_delta 12, recv_delta 18
P: seq 27441, size 1002, send_delta 6, trans_delta 12, recv_delta 18
RTP TS: 406813651, Frame Size: 22773, Encode 4, Net 9, Wait 59, Decode 6 E2E 78 
P: seq 27442, size 925, send_delta 0, trans_delta 2, recv_delta 2
P: seq 27443, size 925, send_delta 1, trans_delta 1, recv_delta 2
P: seq 27444, size 922, send_delta 2, trans_delta 1, recv_delta 3
P: seq 27445, size 922, send_delta 2, trans_delta 1, recv_delta 3
P: seq 27446, size 923, send_delta 2, trans_delta 1, recv_delta 3
P: seq 27447, size 923, send_delta 2, trans_delta 1, recv_delta 3
P: seq 27448, size 979, send_delta 3, trans_delta 1, recv_delta 4
P: seq 27449, size 979, send_delta 3, trans_delta 1, recv_delta 4
P: seq 27450, size 979, send_delta 3, trans_delta 2, recv_delta 5
P: seq 27451, size 1082, send_delta 3, trans_delta 2, recv_delta 5
P: seq 27452, size 1083, send_delta 3, trans_delta 2, recv_delta 5
P: seq 27453, size 1019, send_delta 4, trans_delta 2, recv_delta 6
P: seq 27454, size 1019, send_delta 4, trans_delta 2, recv_delta 6
P: seq 27455, size 1130, send_delta 4, trans_delta 2, recv_delta 6
P: seq 27456, size 1131, send_delta 4, trans_delta 3, recv_delta 7
P: seq 27457, size 1131, send_delta 6, trans_delta 1, recv_delta 7
P: seq 27458, size 934, send_delta 6, trans_delta 1, recv_delta 7
P: seq 27459, size 934, send_delta 6, trans_delta 2, recv_delta 8
P: seq 27460, size 934, send_delta 6, trans_delta 2, recv_delta 8
P: seq 27461, size 934, send_delta 7, trans_delta 1, recv_delta 8
P: seq 27462, size 1176, send_delta 7, trans_delta 1, recv_delta 8
P: seq 27463, size 1177, send_delta 7, trans_delta 1, recv_delta 8
P: seq 27464, size 1177, send_delta 7, trans_delta 2, recv_delta 9
RTP TS: 406815181, Frame Size: 24156, Encode 4, Net 10, Wait 56, Decode 6 E2E 76 
P: seq 27465, size 874, send_delta 0, trans_delta 2, recv_delta 2
P: seq 27466, size 874, send_delta 1, trans_delta 2, recv_delta 3
P: seq 27467, size 996, send_delta 2, trans_delta 1, recv_delta 3
P: seq 27468, size 996, send_delta 2, trans_delta 1, recv_delta 3
P: seq 27469, size 997, send_delta 2, trans_delta 1, recv_delta 3
P: seq 27470, size 997, send_delta 3, trans_delta 1, recv_delta 4
P: seq 27471, size 842, send_delta 3, trans_delta 1, recv_delta 4
P: seq 27472, size 843, send_delta 3, trans_delta 1, recv_delta 4
P: seq 27473, size 843, send_delta 3, trans_delta 2, recv_delta 5
P: seq 27474, size 1110, send_delta 3, trans_delta 2, recv_delta 5
P: seq 27475, size 1110, send_delta 4, trans_delta 2, recv_delta 6
P: seq 27476, size 1176, send_delta 4, trans_delta 2, recv_delta 6
P: seq 27477, size 1176, send_delta 4, trans_delta 2, recv_delta 6
P: seq 27478, size 952, send_delta 5, trans_delta 2, recv_delta 7
P: seq 27479, size 952, send_delta 5, trans_delta 2, recv_delta 7
P: seq 27480, size 952, send_delta 5, trans_delta 2, recv_delta 7
P: seq 27481, size 953, send_delta 5, trans_delta 2, recv_delta 7
P: seq 27482, size 1092, send_delta 6, trans_delta 2, recv_delta 8
P: seq 27483, size 1093, send_delta 6, trans_delta 2, recv_delta 8
P: seq 27484, size 1093, send_delta 6, trans_delta 2, recv_delta 8
P: seq 27485, size 1093, send_delta 6, trans_delta 3, recv_delta 9
P: seq 27486, size 939, send_delta 7, trans_delta 2, recv_delta 9
P: seq 27487, size 940, send_delta 7, trans_delta 2, recv_delta 9
P: seq 27488, size 940, send_delta 7, trans_delta 3, recv_delta 10
P: seq 27489, size 940, send_delta 7, trans_delta 3, recv_delta 10
RTP TS: 406816801, Frame Size: 27322, Encode 5, Net 11, Wait 56, Decode 6 E2E 78 
P: seq 27490, size 849, send_delta 0, trans_delta 2, recv_delta 2
P: seq 27491, size 849, send_delta 1, trans_delta 1, recv_delta 2
P: seq 27492, size 849, send_delta 2, trans_delta 1, recv_delta 3
P: seq 27493, size 1183, send_delta 2, trans_delta 1, recv_delta 3
P: seq 27494, size 1183, send_delta 2, trans_delta 2, recv_delta 4
P: seq 27495, size 1184, send_delta 3, trans_delta 1, recv_delta 4
P: seq 27496, size 833, send_delta 3, trans_delta 1, recv_delta 4
P: seq 27497, size 833, send_delta 3, trans_delta 2, recv_delta 5
P: seq 27498, size 834, send_delta 3, trans_delta 2, recv_delta 5
P: seq 27499, size 1090, send_delta 3, trans_delta 2, recv_delta 5
P: seq 27500, size 1091, send_delta 4, trans_delta 2, recv_delta 6
P: seq 27501, size 1022, send_delta 4, trans_delta 2, recv_delta 6
P: seq 27502, size 1022, send_delta 4, trans_delta 2, recv_delta 6
P: seq 27503, size 1023, send_delta 4, trans_delta 2, recv_delta 6
P: seq 27504, size 1087, send_delta 5, trans_delta 2, recv_delta 7
P: seq 27505, size 1087, send_delta 5, trans_delta 3, recv_delta 8
P: seq 27506, size 1087, send_delta 5, trans_delta 3, recv_delta 8
P: seq 27507, size 1087, send_delta 5, trans_delta 3, recv_delta 8
P: seq 27508, size 982, send_delta 7, trans_delta 1, recv_delta 8
P: seq 27509, size 982, send_delta 7, trans_delta 2, recv_delta 9
P: seq 27510, size 982, send_delta 7, trans_delta 2, recv_delta 9
P: seq 27511, size 982, send_delta 7, trans_delta 2, recv_delta 9
P: seq 27512, size 982, send_delta 8, trans_delta 2, recv_delta 10
P: seq 27513, size 982, send_delta 8, trans_delta 2, recv_delta 10
P: seq 27514, size 983, send_delta 8, trans_delta 2, recv_delta 10
P: seq 27515, size 983, send_delta 8, trans_delta 2, recv_delta 10
P: seq 27516, size 983, send_delta 8, trans_delta 3, recv_delta 11
P: seq 27517, size 983, send_delta 9, trans_delta 2, recv_delta 11
RTP TS: 406818421, Frame Size: 32012, Encode 5, Net 13, Wait 52, Decode 7 E2E 77 
P: seq 27518, size 1119, send_delta 0, trans_delta 0, recv_delta 0
P: seq 27519, size 1119, send_delta 1, trans_delta 2, recv_delta 3
P: seq 27520, size 1023, send_delta 2, trans_delta 1, recv_delta 3
P: seq 27521, size 1023, send_delta 2, trans_delta 2, recv_delta 4
P: seq 27522, size 1023, send_delta 2, trans_delta 2, recv_delta 4
P: seq 27523, size 1023, send_delta 3, trans_delta 1, recv_delta 4
P: seq 27524, size 877, send_delta 3, trans_delta 1, recv_delta 4
P: seq 27525, size 877, send_delta 3, trans_delta 1, recv_delta 4
P: seq 27526, size 877, send_delta 3, trans_delta 1, recv_delta 4
P: seq 27527, size 940, send_delta 3, trans_delta 2, recv_delta 5
P: seq 27528, size 940, send_delta 4, trans_delta 2, recv_delta 6
P: seq 27529, size 941, send_delta 4, trans_delta 2, recv_delta 6
P: seq 27530, size 1023, send_delta 4, trans_delta 3, recv_delta 7
P: seq 27531, size 1024, send_delta 4, trans_delta 3, recv_delta 7
P: seq 27532, size 1024, send_delta 4, trans_delta 3, recv_delta 7
P: seq 27533, size 1024, send_delta 5, trans_delta 3, recv_delta 8
P: seq 27534, size 1084, send_delta 5, trans_delta 3, recv_delta 8
P: seq 27535, size 1084, send_delta 5, trans_delta 3, recv_delta 8
P: seq 27536, size 1085, send_delta 5, trans_delta 4, recv_delta 9
P: seq 27537, size 1085, send_delta 7, trans_delta 2, recv_delta 9
P: seq 27538, size 1085, send_delta 7, trans_delta 3, recv_delta 10
P: seq 27539, size 1051, send_delta 7, trans_delta 3, recv_delta 10
P: seq 27540, size 1051, send_delta 7, trans_delta 3, recv_delta 10
P: seq 27541, size 1052, send_delta 8, trans_delta 3, recv_delta 11
P: seq 27542, size 1052, send_delta 8, trans_delta 3, recv_delta 11
P: seq 27543, size 1052, send_delta 8, trans_delta 3, recv_delta 11
P: seq 27544, size 1052, send_delta 8, trans_delta 4, recv_delta 12
P: seq 27545, size 1040, send_delta 8, trans_delta 4, recv_delta 12
P: seq 27546, size 1040, send_delta 9, trans_delta 3, recv_delta 12
P: seq 27547, size 1040, send_delta 9, trans_delta 4, recv_delta 13
P: seq 27548, size 1040, send_delta 9, trans_delta 4, recv_delta 13
P: seq 27549, size 1041, send_delta 9, trans_delta 4, recv_delta 13
RTP TS: 406820041, Frame Size: 38780, Encode 5, Net 16, Wait 49, Decode 8 E2E 78 
P: seq 27550, size 1032, send_delta 0, trans_delta 2, recv_delta 2
P: seq 27551, size 1032, send_delta 1, trans_delta 1, recv_delta 2
P: seq 27552, size 1032, send_delta 2, trans_delta 0, recv_delta 2
P: seq 27553, size 1197, send_delta 2, trans_delta 0, recv_delta 2
P: seq 27554, size 1197, send_delta 2, trans_delta 0, recv_delta 2
P: seq 27555, size 1197, send_delta 3, trans_delta 0, recv_delta 3
P: seq 27556, size 1198, send_delta 3, trans_delta 1, recv_delta 4
P: seq 27557, size 1017, send_delta 3, trans_delta 2, recv_delta 5
P: seq 27558, size 1017, send_delta 3, trans_delta 2, recv_delta 5
P: seq 27559, size 1017, send_delta 4, trans_delta 2, recv_delta 6
P: seq 27560, size 1017, send_delta 5, trans_delta 1, recv_delta 6
P: seq 27561, size 1108, send_delta 5, trans_delta 2, recv_delta 7
P: seq 27562, size 1109, send_delta 5, trans_delta 2, recv_delta 7
P: seq 27563, size 1109, send_delta 5, trans_delta 2, recv_delta 7
P: seq 27564, size 1073, send_delta 5, trans_delta 3, recv_delta 8
P: seq 27565, size 1074, send_delta 5, trans_delta 3, recv_delta 8
P: seq 27566, size 1074, send_delta 6, trans_delta 2, recv_delta 8
P: seq 27567, size 1074, send_delta 6, trans_delta 3, recv_delta 9
P: seq 27568, size 1067, send_delta 6, trans_delta 3, recv_delta 9
P: seq 27569, size 1067, send_delta 7, trans_delta 3, recv_delta 10
P: seq 27570, size 1067, send_delta 7, trans_delta 3, recv_delta 10
P: seq 27571, size 1067, send_delta 7, trans_delta 3, recv_delta 10
P: seq 27572, size 1068, send_delta 7, trans_delta 4, recv_delta 11
P: seq 27573, size 1068, send_delta 7, trans_delta 4, recv_delta 11
P: seq 27574, size 1169, send_delta 8, trans_delta 3, recv_delta 11
P: seq 27575, size 1169, send_delta 9, trans_delta 3, recv_delta 12
P: seq 27576, size 1169, send_delta 9, trans_delta 3, recv_delta 12
P: seq 27577, size 1169, send_delta 9, trans_delta 4, recv_delta 13
P: seq 27578, size 1169, send_delta 10, trans_delta 3, recv_delta 13
P: seq 27579, size 1169, send_delta 10, trans_delta 3, recv_delta 13
P: seq 27580, size 1115, send_delta 10, trans_delta 4, recv_delta 14
P: seq 27581, size 1115, send_delta 11, trans_delta 3, recv_delta 14
P: seq 27582, size 1115, send_delta 11, trans_delta 3, recv_delta 14
P: seq 27583, size 1115, send_delta 11, trans_delta 3, recv_delta 14
P: seq 27584, size 1115, send_delta 11, trans_delta 3, recv_delta 14
P: seq 27585, size 1116, send_delta 12, trans_delta 3, recv_delta 15
RTP TS: 406821661, Frame Size: 37986, Encode 5, Net 15, Wait 51, Decode 7 E2E 78 
P: seq 27586, size 998, send_delta 0, trans_delta 1, recv_delta 1
P: seq 27587, size 998, send_delta 1, trans_delta 1, recv_delta 2
P: seq 27588, size 972, send_delta 1, trans_delta 1, recv_delta 2
P: seq 27589, size 972, send_delta 1, trans_delta 2, recv_delta 3
P: seq 27590, size 972, send_delta 1, trans_delta 2, recv_delta 3
P: seq 27591, size 972, send_delta 2, trans_delta 2, recv_delta 4
P: seq 27592, size 972, send_delta 2, trans_delta 2, recv_delta 4
P: seq 27593, size 1026, send_delta 3, trans_delta 2, recv_delta 5
P: seq 27594, size 1026, send_delta 3, trans_delta 2, recv_delta 5
P: seq 27595, size 1027, send_delta 3, trans_delta 2, recv_delta 5
P: seq 27596, size 1027, send_delta 4, trans_delta 1, recv_delta 5
P: seq 27597, size 1185, send_delta 4, trans_delta 2, recv_delta 6
P: seq 27598, size 1185, send_delta 4, trans_delta 2, recv_delta 6
P: seq 27599, size 1186, send_delta 4, trans_delta 3, recv_delta 7
P: seq 27600, size 1178, send_delta 5, trans_delta 2, recv_delta 7
P: seq 27601, size 1178, send_delta 5, trans_delta 3, recv_delta 8
P: seq 27602, size 1179, send_delta 5, trans_delta 3, recv_delta 8
P: seq 27603, size 1179, send_delta 5, trans_delta 3, recv_delta 8
P: seq 27604, size 1114, send_delta 6, trans_delta 3, recv_delta 9
P: seq 27605, size 1114, send_delta 7, trans_delta 2, recv_delta 9
P: seq 27606, size 1114, send_delta 7, trans_delta 3, recv_delta 10
P: seq 27607, size 1115, send_delta 7, trans_delta 3, recv_delta 10
P: seq 27608, size 1115, send_delta 8, trans_delta 2, recv_delta 10
P: seq 27609, size 1115, send_delta 8, trans_delta 3, recv_delta 11
P: seq 27610, size 1098, send_delta 8, trans_delta 3, recv_delta 11
P: seq 27611, size 1098, send_delta 8, trans_delta 4, recv_delta 12
P: seq 27612, size 1099, send_delta 9, trans_delta 3, recv_delta 12
P: seq 27613, size 1099, send_delta 9, trans_delta 3, recv_delta 12
P: seq 27614, size 1099, send_delta 9, trans_delta 4, recv_delta 13
P: seq 27615, size 1099, send_delta 9, trans_delta 4, recv_delta 13
P: seq 27616, size 1063, send_delta 9, trans_delta 4, recv_delta 13
P: seq 27617, size 1063, send_delta 10, trans_delta 4, recv_delta 14
P: seq 27618, size 1063, send_delta 10, trans_delta 4, recv_delta 14
P: seq 27619, size 1063, send_delta 10, trans_delta 4, recv_delta 14
P: seq 27620, size 1063, send_delta 10, trans_delta 4, recv_delta 14
P: seq 27621, size 1063, send_delta 12, trans_delta 2, recv_delta 14
RTP TS: 406823281, Frame Size: 42046, Encode 5, Net 17, Wait 49, Decode 8 E2E 79 
P: seq 27622, size 863, send_delta 0, trans_delta 0, recv_delta 0
P: seq 27623, size 864, send_delta 1, trans_delta 2, recv_delta 3
P: seq 27624, size 864, send_delta 1, trans_delta 2, recv_delta 3
P: seq 27625, size 983, send_delta 1, trans_delta 2, recv_delta 3
P: seq 27626, size 983, send_delta 1, trans_delta 2, recv_delta 3
P: seq 27627, size 983, send_delta 1, trans_delta 2, recv_delta 3
P: seq 27628, size 983, send_delta 3, trans_delta 0, recv_delta 3
P: seq 27629, size 984, send_delta 3, trans_delta 2, recv_delta 5
P: seq 27630, size 1172, send_delta 3, trans_delta 2, recv_delta 5
P: seq 27631, size 1172, send_delta 3, trans_delta 3, recv_delta 6
P: seq 27632, size 1172, send_delta 4, trans_delta 2, recv_delta 6
P: seq 27633, size 1172, send_delta 4, trans_delta 2, recv_delta 6
P: seq 27634, size 962, send_delta 4, trans_delta 3, recv_delta 7
P: seq 27635, size 962, send_delta 4, trans_delta 3, recv_delta 7
P: seq 27636, size 963, send_delta 4, trans_delta 3, recv_delta 7
P: seq 27637, size 963, send_delta 4, trans_delta 4, recv_delta 8
P: seq 27638, size 1070, send_delta 5, trans_delta 3, recv_delta 8
P: seq 27639, size 1071, send_delta 5, trans_delta 4, recv_delta 9
P: seq 27640, size 1071, send_delta 5, trans_delta 4, recv_delta 9
P: seq 27641, size 1071, send_delta 7, trans_delta 2, recv_delta 9
P: seq 27642, size 1071, send_delta 7, trans_delta 3, recv_delta 10
P: seq 27643, size 1097, send_delta 7, trans_delta 3, recv_delta 10
P: seq 27644, size 1097, send_delta 7, trans_delta 3, recv_delta 10
P: seq 27645, size 1097, send_delta 8, trans_delta 2, recv_delta 10
P: seq 27646, size 1097, send_delta 8, trans_delta 3, recv_delta 11
P: seq 27647, size 1098, send_delta 8, trans_delta 3, recv_delta 11
P: seq 27648, size 1098, send_delta 8, trans_delta 3, recv_delta 11
P: seq 27649, size 1098, send_delta 8, trans_delta 4, recv_delta 12
P: seq 27650, size 1037, send_delta 8, trans_delta 4, recv_delta 12
P: seq 27651, size 1037, send_delta 8, trans_delta 5, recv_delta 13
P: seq 27652, size 1037, send_delta 10, trans_delta 3, recv_delta 13
P: seq 27653, size 1037, send_delta 10, trans_delta 3, recv_delta 13
P: seq 27654, size 1037, send_delta 10, trans_delta 4, recv_delta 14
P: seq 27655, size 1038, send_delta 10, trans_delta 4, recv_delta 14
P: seq 27656, size 1038, send_delta 11, trans_delta 3, recv_delta 14
P: seq 27657, size 1122, send_delta 11, trans_delta 4, recv_delta 15
P: seq 27658, size 1123, send_delta 11, trans_delta 4, recv_delta 15
P: seq 27659, size 1123, send_delta 11, trans_delta 4, recv_delta 15
P: seq 27660, size 1123, send_delta 12, trans_delta 4, recv_delta 16
P: seq 27661, size 1123, send_delta 12, trans_delta 4, recv_delta 16
P: seq 27662, size 1123, send_delta 12, trans_delta 4, recv_delta 16
RTP TS: 406824901, Frame Size: 40771, Encode 5, Net 17, Wait 48, Decode 8 E2E 78 
P: seq 27663, size 919, send_delta 0, trans_delta 1, recv_delta 1
P: seq 27664, size 920, send_delta 1, trans_delta 1, recv_delta 2
P: seq 27665, size 920, send_delta 1, trans_delta 1, recv_delta 2
P: seq 27666, size 1014, send_delta 1, trans_delta 1, recv_delta 2
P: seq 27667, size 1015, send_delta 1, trans_delta 2, recv_delta 3
P: seq 27668, size 1015, send_delta 1, trans_delta 2, recv_delta 3
P: seq 27669, size 1015, send_delta 2, trans_delta 1, recv_delta 3
P: seq 27670, size 1060, send_delta 2, trans_delta 1, recv_delta 3
P: seq 27671, size 1060, send_delta 3, trans_delta 0, recv_delta 3
P: seq 27672, size 1061, send_delta 3, trans_delta 2, recv_delta 5
P: seq 27673, size 1082, send_delta 3, trans_delta 2, recv_delta 5
P: seq 27674, size 1082, send_delta 3, trans_delta 2, recv_delta 5
P: seq 27675, size 1082, send_delta 4, trans_delta 2, recv_delta 6
P: seq 27676, size 989, send_delta 4, trans_delta 2, recv_delta 6
P: seq 27677, size 989, send_delta 4, trans_delta 2, recv_delta 6
P: seq 27678, size 990, send_delta 5, trans_delta 1, recv_delta 6
P: seq 27679, size 990, send_delta 5, trans_delta 1, recv_delta 6
P: seq 27680, size 990, send_delta 6, trans_delta 2, recv_delta 8
P: seq 27681, size 1156, send_delta 6, trans_delta 2, recv_delta 8
P: seq 27682, size 1156, send_delta 6, trans_delta 2, recv_delta 8
P: seq 27683, size 1156, send_delta 6, trans_delta 3, recv_delta 9
P: seq 27684, size 1156, send_delta 7, trans_delta 2, recv_delta 9
P: seq 27685, size 1157, send_delta 7, trans_delta 3, recv_delta 10
P: seq 27686, size 1157, send_delta 7, trans_delta 3, recv_delta 10
P: seq 27687, size 1157, send_delta 7, trans_delta 3, recv_delta 10
P: seq 27688, size 1189, send_delta 8, trans_delta 3, recv_delta 11
P: seq 27689, size 1189, send_delta 8, trans_delta 3, recv_delta 11
P: seq 27690, size 1189, send_delta 8, trans_delta 4, recv_delta 12
P: seq 27691, size 1189, send_delta 8, trans_delta 4, recv_delta 12
P: seq 27692, size 1189, send_delta 9, trans_delta 3, recv_delta 12
P: seq 27693, size 1189, send_delta 10, trans_delta 3, recv_delta 13
P: seq 27694, size 1189, send_delta 10, trans_delta 3, recv_delta 13
P: seq 27695, size 1185, send_delta 10, trans_delta 4, recv_delta 14
P: seq 27696, size 1186, send_delta 11, trans_delta 3, recv_delta 14
P: seq 27697, size 1186, send_delta 11, trans_delta 4, recv_delta 15
P: seq 27698, size 1186, send_delta 11, trans_delta 4, recv_delta 15
P: seq 27699, size 1186, send_delta 11, trans_delta 4, recv_delta 15
P: seq 27700, size 1186, send_delta 11, trans_delta 5, recv_delta 16
RTP TS: 406826431, Frame Size: 39146, Encode 5, Net 17, Wait 48, Decode 7 E2E 77 
P: seq 27701, size 963, send_delta 1, trans_delta 1, recv_delta 2
P: seq 27702, size 964, send_delta 2, trans_delta 1, recv_delta 3
P: seq 27703, size 964, send_delta 2, trans_delta 1, recv_delta 3
P: seq 27704, size 915, send_delta 2, trans_delta 1, recv_delta 3
P: seq 27705, size 915, send_delta 2, trans_delta 1, recv_delta 3
P: seq 27706, size 916, send_delta 3, trans_delta 0, recv_delta 3
P: seq 27707, size 916, send_delta 3, trans_delta 1, recv_delta 4
P: seq 27708, size 916, send_delta 3, trans_delta 2, recv_delta 5
P: seq 27709, size 916, send_delta 3, trans_delta 2, recv_delta 5
P: seq 27710, size 917, send_delta 3, trans_delta 2, recv_delta 5
P: seq 27711, size 917, send_delta 3, trans_delta 3, recv_delta 6
P: seq 27712, size 1056, send_delta 4, trans_delta 2, recv_delta 6
P: seq 27713, size 1057, send_delta 5, trans_delta 1, recv_delta 6
P: seq 27714, size 1057, send_delta 5, trans_delta 2, recv_delta 7
P: seq 27715, size 990, send_delta 5, trans_delta 2, recv_delta 7
P: seq 27716, size 990, send_delta 5, trans_delta 2, recv_delta 7
P: seq 27717, size 990, send_delta 6, trans_delta 2, recv_delta 8
P: seq 27718, size 991, send_delta 6, trans_delta 2, recv_delta 8
P: seq 27719, size 991, send_delta 6, trans_delta 3, recv_delta 9
P: seq 27720, size 1043, send_delta 6, trans_delta 3, recv_delta 9
P: seq 27721, size 1044, send_delta 7, trans_delta 2, recv_delta 9
P: seq 27722, size 1044, send_delta 7, trans_delta 2, recv_delta 9
P: seq 27723, size 1044, send_delta 7, trans_delta 3, recv_delta 10
P: seq 27724, size 1044, send_delta 7, trans_delta 3, recv_delta 10
P: seq 27725, size 1044, send_delta 8, trans_delta 2, recv_delta 10
P: seq 27726, size 1044, send_delta 8, trans_delta 3, recv_delta 11
P: seq 27727, size 1095, send_delta 8, trans_delta 3, recv_delta 11
P: seq 27728, size 1096, send_delta 8, trans_delta 4, recv_delta 12
P: seq 27729, size 1096, send_delta 8, trans_delta 4, recv_delta 12
P: seq 27730, size 1096, send_delta 10, trans_delta 3, recv_delta 13
P: seq 27731, size 1096, send_delta 10, trans_delta 3, recv_delta 13
P: seq 27732, size 1096, send_delta 10, trans_delta 3, recv_delta 13
P: seq 27733, size 1096, send_delta 10, trans_delta 4, recv_delta 14
P: seq 27734, size 1134, send_delta 11, trans_delta 3, recv_delta 14
P: seq 27735, size 1134, send_delta 11, trans_delta 3, recv_delta 14
P: seq 27736, size 1135, send_delta 11, trans_delta 4, recv_delta 15
P: seq 27737, size 1135, send_delta 11, trans_delta 4, recv_delta 15
P: seq 27738, size 1135, send_delta 12, trans_delta 4, recv_delta 16
P: seq 27739, size 1135, send_delta 12, trans_delta 4, recv_delta 16
RTP TS: 406828051, Frame Size: 34792, Encode 5, Net 14, Wait 50, Decode 7 E2E 76 
P: seq 27740, size 774, send_delta 0, trans_delta 1, recv_delta 1
P: seq 27741, size 774, send_delta 1, trans_delta 1, recv_delta 2
P: seq 27742, size 914, send_delta 1, trans_delta 1, recv_delta 2
P: seq 27743, size 915, send_delta 1, trans_delta 1, recv_delta 2
P: seq 27744, size 915, send_delta 1, trans_delta 1, recv_delta 2
P: seq 27745, size 1038, send_delta 1, trans_delta 2, recv_delta 3
P: seq 27746, size 1039, send_delta 1, trans_delta 2, recv_delta 3
P: seq 27747, size 1039, send_delta 2, trans_delta 2, recv_delta 4
P: seq 27748, size 1113, send_delta 2, trans_delta 2, recv_delta 4
P: seq 27749, size 1113, send_delta 2, trans_delta 3, recv_delta 5
P: seq 27750, size 1114, send_delta 2, trans_delta 3, recv_delta 5
P: seq 27751, size 1175, send_delta 4, trans_delta 1, recv_delta 5
P: seq 27752, size 1175, send_delta 4, trans_delta 2, recv_delta 6
P: seq 27753, size 1175, send_delta 4, trans_delta 2, recv_delta 6
P: seq 27754, size 1175, send_delta 4, trans_delta 3, recv_delta 7
P: seq 27755, size 1116, send_delta 6, trans_delta 1, recv_delta 7
P: seq 27756, size 1116, send_delta 6, trans_delta 1, recv_delta 7
P: seq 27757, size 1116, send_delta 6, trans_delta 2, recv_delta 8
P: seq 27758, size 1117, send_delta 6, trans_delta 2, recv_delta 8
P: seq 27759, size 1117, send_delta 6, trans_delta 3, recv_delta 9
P: seq 27760, size 1117, send_delta 6, trans_delta 3, recv_delta 9
P: seq 27761, size 1055, send_delta 6, trans_delta 3, recv_delta 9
P: seq 27762, size 1055, send_delta 7, trans_delta 3, recv_delta 10
P: seq 27763, size 1055, send_delta 7, trans_delta 3, recv_delta 10
P: seq 27764, size 1055, send_delta 7, trans_delta 3, recv_delta 10
P: seq 27765, size 1055, send_delta 7, trans_delta 4, recv_delta 11
P: seq 27766, size 1055, send_delta 8, trans_delta 3, recv_delta 11
P: seq 27767, size 1056, send_delta 9, trans_delta 2, recv_delta 11
P: seq 27768, size 1018, send_delta 9, trans_delta 2, recv_delta 11
P: seq 27769, size 1018, send_delta 9, trans_delta 3, recv_delta 12
P: seq 27770, size 1018, send_delta 9, trans_delta 3, recv_delta 12
P: seq 27771, size 1018, send_delta 9, trans_delta 4, recv_delta 13
P: seq 27772, size 1019, send_delta 10, trans_delta 3, recv_delta 13
P: seq 27773, size 1019, send_delta 10, trans_delta 4, recv_delta 14
RTP TS: 406829671, Frame Size: 31779, Encode 4, Net 13, Wait 53, Decode 6 E2E 76 
P: seq 27774, size 719, send_delta 0, trans_delta 0, recv_delta 0
P: seq 27775, size 719, send_delta 0, trans_delta 2, recv_delta 2
P: seq 27776, size 954, send_delta 2, trans_delta 1, recv_delta 3
P: seq 27777, size 954, send_delta 2, trans_delta 1, recv_delta 3
P: seq 27778, size 954, send_delta 2, trans_delta 1, recv_delta 3
P: seq 27779, size 1156, send_delta 2, trans_delta 2, recv_delta 4
P: seq 27780, size 1156, send_delta 2, trans_delta 2, recv_delta 4
P: seq 27781, size 1157, send_delta 3, trans_delta 1, recv_delta 4
P: seq 27782, size 1054, send_delta 3, trans_delta 1, recv_delta 4
P: seq 27783, size 1054, send_delta 3, trans_delta 1, recv_delta 4
P: seq 27784, size 1055, send_delta 3, trans_delta 2, recv_delta 5
P: seq 27785, size 1109, send_delta 4, trans_delta 2, recv_delta 6
P: seq 27786, size 1109, send_delta 4, trans_delta 3, recv_delta 7
P: seq 27787, size 1109, send_delta 4, trans_delta 3, recv_delta 7
P: seq 27788, size 1109, send_delta 4, trans_delta 3, recv_delta 7
P: seq 27789, size 1195, send_delta 5, trans_delta 3, recv_delta 8
P: seq 27790, size 1196, send_delta 5, trans_delta 3, recv_delta 8
P: seq 27791, size 1196, send_delta 5, trans_delta 4, recv_delta 9
P: seq 27792, size 1196, send_delta 6, trans_delta 3, recv_delta 9
P: seq 27793, size 1196, send_delta 7, trans_delta 2, recv_delta 9
P: seq 27794, size 1018, send_delta 7, trans_delta 3, recv_delta 10
P: seq 27795, size 1018, send_delta 7, trans_delta 3, recv_delta 10
P: seq 27796, size 1018, send_delta 8, trans_delta 2, recv_delta 10
P: seq 27797, size 1018, send_delta 8, trans_delta 3, recv_delta 11
P: seq 27798, size 1018, send_delta 8, trans_delta 3, recv_delta 11
P: seq 27799, size 1019, send_delta 8, trans_delta 3, recv_delta 11
P: seq 27800, size 1019, send_delta 8, trans_delta 4, recv_delta 12
P: seq 27801, size 1019, send_delta 9, trans_delta 3, recv_delta 12
P: seq 27802, size 1019, send_delta 9, trans_delta 4, recv_delta 13
P: seq 27803, size 1019, send_delta 9, trans_delta 4, recv_delta 13
P: seq 27804, size 1020, send_delta 9, trans_delta 4, recv_delta 13
RTP TS: 406831291, Frame Size: 34876, Encode 5, Net 14, Wait 50, Decode 7 E2E 76 
P: seq 27805, size 902, send_delta 0, trans_delta 1, recv_delta 1
P: seq 27806, size 903, send_delta 1, trans_delta 1, recv_delta 2
P: seq 27807, size 1027, send_delta 1, trans_delta 1, recv_delta 2
P: seq 27808, size 1028, send_delta 1, trans_delta 2, recv_delta 3
P: seq 27809, size 1028, send_delta 1, trans_delta 3, recv_delta 4
P: seq 27810, size 1152, send_delta 1, trans_delta 3, recv_delta 4
P: seq 27811, size 1152, send_delta 3, trans_delta 2, recv_delta 5
P: seq 27812, size 1152, send_delta 3, trans_delta 2, recv_delta 5
P: seq 27813, size 1152, send_delta 3, trans_delta 2, recv_delta 5
P: seq 27814, size 1147, send_delta 3, trans_delta 3, recv_delta 6
P: seq 27815, size 1148, send_delta 4, trans_delta 2, recv_delta 6
P: seq 27816, size 1148, send_delta 4, trans_delta 3, recv_delta 7
P: seq 27817, size 1007, send_delta 4, trans_delta 3, recv_delta 7
P: seq 27818, size 1007, send_delta 4, trans_delta 3, recv_delta 7
P: seq 27819, size 1007, send_delta 5, trans_delta 3, recv_delta 8
P: seq 27820, size 1007, send_delta 5, trans_delta 3, recv_delta 8
P: seq 27821, size 1008, send_delta 5, trans_delta 3, recv_delta 8
P: seq 27822, size 1023, send_delta 6, trans_delta 3, recv_delta 9
P: seq 27823, size 1023, send_delta 6, trans_delta 3, recv_delta 9
P: seq 27824, size 1023, send_delta 6, trans_delta 3, recv_delta 9
P: seq 27825, size 1023, send_delta 6, trans_delta 4, recv_delta 10
P: seq 27826, size 1023, send_delta 7, trans_delta 3, recv_delta 10
P: seq 27827, size 1024, send_delta 7, trans_delta 4, recv_delta 11
P: seq 27828, size 1077, send_delta 7, trans_delta 4, recv_delta 11
P: seq 27829, size 1077, send_delta 7, trans_delta 5, recv_delta 12
P: seq 27830, size 1078, send_delta 8, trans_delta 4, recv_delta 12
P: seq 27831, size 1078, send_delta 8, trans_delta 4, recv_delta 12
P: seq 27832, size 1078, send_delta 8, trans_delta 4, recv_delta 12
P: seq 27833, size 1078, send_delta 9, trans_delta 3, recv_delta 12
P: seq 27834, size 1029, send_delta 10, trans_delta 2, recv_delta 12
P: seq 27835, size 1029, send_delta 10, trans_delta 3, recv_delta 13
P: seq 27836, size 1029, send_delta 10, trans_delta 3, recv_delta 13
P: seq 27837, size 1030, send_delta 10, trans_delta 3, recv_delta 13
P: seq 27838, size 1030, send_delta 10, trans_delta 4, recv_delta 14
RTP TS: 406832911, Frame Size: 44521, Encode 5, Net 18, Wait 46, Decode 8 E2E 77 
P: seq 27839, size 1150, send_delta 0, trans_delta 2, recv_delta 2
P: seq 27840, size 1150, send_delta 2, trans_delta 1, recv_delta 3
P: seq 27841, size 972, send_delta 2, trans_delta 1, recv_delta 3
P: seq 27842, size 973, send_delta 2, trans_delta 1, recv_delta 3
P: seq 27843, size 973, send_delta 2, trans_delta 1, recv_delta 3
P: seq 27844, size 973, send_delta 2, trans_delta 1, recv_delta 3
P: seq 27845, size 1012, send_delta 2, trans_delta 2, recv_delta 4
P: seq 27846, size 1012, send_delta 3, trans_delta 2, recv_delta 5
P: seq 27847, size 1012, send_delta 3, trans_delta 2, recv_delta 5
P: seq 27848, size 1012, send_delta 3, trans_delta 3, recv_delta 6
P: seq 27849, size 1012, send_delta 3, trans_delta 3, recv_delta 6
P: seq 27850, size 1012, send_delta 4, trans_delta 2, recv_delta 6
P: seq 27851, size 1085, send_delta 5, trans_delta 2, recv_delta 7
P: seq 27852, size 1086, send_delta 5, trans_delta 2, recv_delta 7
P: seq 27853, size 1086, send_delta 5, trans_delta 2, recv_delta 7
P: seq 27854, size 1086, send_delta 6, trans_delta 2, recv_delta 8
P: seq 27855, size 1060, send_delta 6, trans_delta 2, recv_delta 8
P: seq 27856, size 1060, send_delta 6, trans_delta 3, recv_delta 9
P: seq 27857, size 1060, send_delta 6, trans_delta 3, recv_delta 9
P: seq 27858, size 1061, send_delta 7, trans_delta 2, recv_delta 9
P: seq 27859, size 1061, send_delta 7, trans_delta 3, recv_delta 10
P: seq 27860, size 1061, send_delta 7, trans_delta 3, recv_delta 10
P: seq 27861, size 1108, send_delta 7, trans_delta 4, recv_delta 11
P: seq 27862, size 1108, send_delta 8, trans_delta 3, recv_delta 11
P: seq 27863, size 1108, send_delta 8, trans_delta 3, recv_delta 11
P: seq 27864, size 1108, send_delta 8, trans_delta 4, recv_delta 12
P: seq 27865, size 1109, send_delta 8, trans_delta 4, recv_delta 12
P: seq 27866, size 1109, send_delta 9, trans_delta 3, recv_delta 12
P: seq 27867, size 1109, send_delta 10, trans_delta 2, recv_delta 12
P: seq 27868, size 1068, send_delta 10, trans_delta 3, recv_delta 13
P: seq 27869, size 1068, send_delta 10, trans_delta 3, recv_delta 13
P: seq 27870, size 1068, send_delta 10, trans_delta 4, recv_delta 14
P: seq 27871, size 1068, send_delta 11, trans_delta 3, recv_delta 14
P: seq 27872, size 1068, send_delta 12, trans_delta 3, recv_delta 15
P: seq 27873, size 1069, send_delta 12, trans_delta 3, recv_delta 15
P: seq 27874, size 1069, send_delta 12, trans_delta 3, recv_delta 15
P: seq 27875, size 1069, send_delta 12, trans_delta 4, recv_delta 16
P: seq 27876, size 1055, send_delta 12, trans_delta 4, recv_delta 16
P: seq 27877, size 1055, send_delta 12, trans_delta 4, recv_delta 16
P: seq 27878, size 1055, send_delta 13, trans_delta 3, recv_delta 16
P: seq 27879, size 1055, send_delta 13, trans_delta 3, recv_delta 16
P: seq 27880, size 1055, send_delta 13, trans_delta 5, recv_delta 18
P: seq 27881, size 1056, send_delta 13, trans_delta 5, recv_delta 18
RTP TS: 406834531, Frame Size: 30245, Encode 5, Net 13, Wait 52, Decode 6 E2E 76 
P: seq 27882, size 894, send_delta 1, trans_delta 1, recv_delta 2
P: seq 27883, size 894, send_delta 2, trans_delta 1, recv_delta 3
P: seq 27884, size 1016, send_delta 2, trans_delta 1, recv_delta 3
P: seq 27885, size 1016, send_delta 2, trans_delta 2, recv_delta 4
P: seq 27886, size 1017, send_delta 2, trans_delta 2, recv_delta 4
P: seq 27887, size 1185, send_delta 3, trans_delta 1, recv_delta 4
P: seq 27888, size 1186, send_delta 3, trans_delta 2, recv_delta 5
P: seq 27889, size 1186, send_delta 3, trans_delta 2, recv_delta 5
P: seq 27890, size 964, send_delta 3, trans_delta 2, recv_delta 5
P: seq 27891, size 964, send_delta 4, trans_delta 2, recv_delta 6
P: seq 27892, size 964, send_delta 4, trans_delta 2, recv_delta 6
P: seq 27893, size 1171, send_delta 4, trans_delta 3, recv_delta 7
P: seq 27894, size 1171, send_delta 4, trans_delta 3, recv_delta 7
P: seq 27895, size 1171, send_delta 6, trans_delta 1, recv_delta 7
P: seq 27896, size 1171, send_delta 6, trans_delta 2, recv_delta 8
P: seq 27897, size 1051, send_delta 6, trans_delta 2, recv_delta 8
P: seq 27898, size 1051, send_delta 6, trans_delta 2, recv_delta 8
P: seq 27899, size 1052, send_delta 6, trans_delta 3, recv_delta 9
P: seq 27900, size 1052, send_delta 7, trans_delta 2, recv_delta 9
P: seq 27901, size 1052, send_delta 7, trans_delta 3, recv_delta 10
P: seq 27902, size 1068, send_delta 7, trans_delta 3, recv_delta 10
P: seq 27903, size 1068, send_delta 7, trans_delta 3, recv_delta 10
P: seq 27904, size 1068, send_delta 8, trans_delta 3, recv_delta 11
P: seq 27905, size 1068, send_delta 8, trans_delta 3, recv_delta 11
P: seq 27906, size 1068, send_delta 8, trans_delta 3, recv_delta 11
P: seq 27907, size 1099, send_delta 8, trans_delta 4, recv_delta 12
P: seq 27908, size 1099, send_delta 8, trans_delta 4, recv_delta 12
P: seq 27909, size 1100, send_delta 10, trans_delta 3, recv_delta 13
P: seq 27910, size 1100, send_delta 10, trans_delta 3, recv_delta 13
RTP TS: 406836061, Frame Size: 29265, Encode 5, Net 12, Wait 52, Decode 6 E2E 75 
P: seq 27911, size 828, send_delta 0, trans_delta 2, recv_delta 2
P: seq 27912, size 828, send_delta 1, trans_delta 2, recv_delta 3
P: seq 27913, size 895, send_delta 1, trans_delta 2, recv_delta 3
P: seq 27914, size 896, send_delta 2, trans_delta 1, recv_delta 3
P: seq 27915, size 896, send_delta 2, trans_delta 1, recv_delta 3
P: seq 27916, size 891, send_delta 3, trans_delta 0, recv_delta 3
P: seq 27917, size 891, send_delta 3, trans_delta 0, recv_delta 3
P: seq 27918, size 892, send_delta 3, trans_delta 0, recv_delta 3
P: seq 27919, size 900, send_delta 3, trans_delta 2, recv_delta 5
P: seq 27920, size 900, send_delta 3, trans_delta 2, recv_delta 5
P: seq 27921, size 901, send_delta 3, trans_delta 2, recv_delta 5
P: seq 27922, size 1181, send_delta 4, trans_delta 2, recv_delta 6
P: seq 27923, size 1181, send_delta 4, trans_delta 2, recv_delta 6
P: seq 27924, size 1182, send_delta 4, trans_delta 3, recv_delta 7
P: seq 27925, size 1182, send_delta 4, trans_delta 3, recv_delta 7
P: seq 27926, size 1126, send_delta 5, trans_delta 2, recv_delta 7
P: seq 27927, size 1126, send_delta 5, trans_delta 3, recv_delta 8
P: seq 27928, size 1126, send_delta 5, trans_delta 3, recv_delta 8
P: seq 27929, size 1126, send_delta 5, trans_delta 4, recv_delta 9
P: seq 27930, size 1127, send_delta 7, trans_delta 2, recv_delta 9
P: seq 27931, size 1126, send_delta 7, trans_delta 2, recv_delta 9
P: seq 27932, size 1126, send_delta 7, trans_delta 2, recv_delta 9
P: seq 27933, size 1127, send_delta 7, trans_delta 3, recv_delta 10
P: seq 27934, size 1127, send_delta 7, trans_delta 3, recv_delta 10
P: seq 27935, size 1127, send_delta 8, trans_delta 2, recv_delta 10
P: seq 27936, size 1069, send_delta 8, trans_delta 2, recv_delta 10
P: seq 27937, size 1069, send_delta 8, trans_delta 3, recv_delta 11
P: seq 27938, size 1070, send_delta 8, trans_delta 3, recv_delta 11
P: seq 27939, size 1070, send_delta 10, trans_delta 1, recv_delta 11
RTP TS: 406837681, Frame Size: 27619, Encode 5, Net 14, Wait 49, Decode 6 E2E 74 
P: seq 27940, size 695, send_delta 0, trans_delta 2, recv_delta 2
P: seq 27941, size 696, send_delta 2, trans_delta 1, recv_delta 3
P: seq 27942, size 822, send_delta 2, trans_delta 1, recv_delta 3
P: seq 27943, size 823, send_delta 2, trans_delta 1, recv_delta 3
P: seq 27944, size 823, send_delta 2, trans_delta 1, recv_delta 3
P: seq 27945, size 1056, send_delta 2, trans_delta 1, recv_delta 3
P: seq 27946, size 1057, send_delta 2, trans_delta 2, recv_delta 4
P: seq 27947, size 1057, send_delta 2, trans_delta 2, recv_delta 4
P: seq 27948, size 935, send_delta 3, trans_delta 3, recv_delta 6
P: seq 27949, size 935, send_delta 3, trans_delta 3, recv_delta 6
P: seq 27950, size 935, send_delta 3, trans_delta 3, recv_delta 6
P: seq 27951, size 1182, send_delta 3, trans_delta 4, recv_delta 7
P: seq 27952, size 1182, send_delta 4, trans_delta 3, recv_delta 7
P: seq 27953, size 1183, send_delta 4, trans_delta 4, recv_delta 8
P: seq 27954, size 1183, send_delta 5, trans_delta 3, recv_delta 8
P: seq 27955, size 1064, send_delta 5, trans_delta 4, recv_delta 9
P: seq 27956, size 1064, send_delta 6, trans_delta 3, recv_delta 9
P: seq 27957, size 1064, send_delta 6, trans_delta 3, recv_delta 9
P: seq 27958, size 1064, send_delta 6, trans_delta 4, recv_delta 10
P: seq 27959, size 1065, send_delta 6, trans_delta 5, recv_delta 11
P: seq 27960, size 1193, send_delta 7, trans_delta 4, recv_delta 11
P: seq 27961, size 1193, send_delta 7, trans_delta 4, recv_delta 11
P: seq 27962, size 1193, send_delta 7, trans_delta 5, recv_delta 12
P: seq 27963, size 1194, send_delta 7, trans_delta 5, recv_delta 12
P: seq 27964, size 914, send_delta 8, trans_delta 5, recv_delta 13
P: seq 27965, size 914, send_delta 8, trans_delta 5, recv_delta 13
P: seq 27966, size 914, send_delta 8, trans_delta 6, recv_delta 14
P: seq 27967, size 914, send_delta 8, trans_delta 6, recv_delta 14
RTP TS: 406839301, Frame Size: 25655, Encode 5, Net 12, Wait 51, Decode 6 E2E 74 
P: seq 27968, size 801, send_delta 0, trans_delta 1, recv_delta 1
P: seq 27969, size 802, send_delta 1, trans_delta 1, recv_delta 2
P: seq 27970, size 996, send_delta 1, trans_delta 1, recv_delta 2
P: seq 27971, size 996, send_delta 1, trans_delta 2, recv_delta 3
P: seq 27972, size 997, send_delta 1, trans_delta 2, recv_delta 3
P: seq 27973, size 1102, send_delta 1, trans_delta 3, recv_delta 4
P: seq 27974, size 1102, send_delta 2, trans_delta 2, recv_delta 4
P: seq 27975, size 1103, send_delta 2, trans_delta 2, recv_delta 4
P: seq 27976, size 825, send_delta 2, trans_delta 3, recv_delta 5
P: seq 27977, size 826, send_delta 4, trans_delta 2, recv_delta 6
P: seq 27978, size 826, send_delta 4, trans_delta 2, recv_delta 6
P: seq 27979, size 946, send_delta 4, trans_delta 2, recv_delta 6
P: seq 27980, size 946, send_delta 4, trans_delta 2, recv_delta 6
P: seq 27981, size 947, send_delta 4, trans_delta 3, recv_delta 7
P: seq 27982, size 947, send_delta 5, trans_delta 2, recv_delta 7
P: seq 27983, size 1088, send_delta 5, trans_delta 3, recv_delta 8
P: seq 27984, size 1088, send_delta 5, trans_delta 3, recv_delta 8
P: seq 27985, size 1088, send_delta 5, trans_delta 4, recv_delta 9
P: seq 27986, size 1089, send_delta 5, trans_delta 4, recv_delta 9
P: seq 27987, size 1176, send_delta 6, trans_delta 4, recv_delta 10
P: seq 27988, size 1177, send_delta 6, trans_delta 4, recv_delta 10
P: seq 27989, size 1177, send_delta 6, trans_delta 5, recv_delta 11
P: seq 27990, size 1177, send_delta 6, trans_delta 5, recv_delta 11
P: seq 27991, size 1025, send_delta 7, trans_delta 5, recv_delta 12
P: seq 27992, size 1025, send_delta 7, trans_delta 5, recv_delta 12
P: seq 27993, size 1026, send_delta 7, trans_delta 5, recv_delta 12
RTP TS: 406840921, Frame Size: 26733, Encode 5, Net 14, Wait 49, Decode 6 E2E 74 
P: seq 27994, size 896, send_delta 0, trans_delta 1, recv_delta 1
P: seq 27995, size 896, send_delta 1, trans_delta 2, recv_delta 3
P: seq 27996, size 1125, send_delta 1, trans_delta 2, recv_delta 3
P: seq 27997, size 1126, send_delta 1, trans_delta 3, recv_delta 4
P: seq 27998, size 1126, send_delta 1, trans_delta 3, recv_delta 4
P: seq 27999, size 1082, send_delta 1, trans_delta 3, recv_delta 4
P: seq 28000, size 1083, send_delta 3, trans_delta 2, recv_delta 5
P: seq 28001, size 1083, send_delta 3, trans_delta 3, recv_delta 6
P: seq 28002, size 855, send_delta 3, trans_delta 3, recv_delta 6
P: seq 28003, size 856, send_delta 3, trans_delta 3, recv_delta 6
P: seq 28004, size 856, send_delta 4, trans_delta 2, recv_delta 6
P: seq 28005, size 1010, send_delta 4, trans_delta 3, recv_delta 7
P: seq 28006, size 1010, send_delta 4, trans_delta 3, recv_delta 7
P: seq 28007, size 1011, send_delta 4, trans_delta 4, recv_delta 8
P: seq 28008, size 1011, send_delta 4, trans_delta 4, recv_delta 8
P: seq 28009, size 1160, send_delta 5, trans_delta 4, recv_delta 9
P: seq 28010, size 1160, send_delta 5, trans_delta 5, recv_delta 10
P: seq 28011, size 1160, send_delta 5, trans_delta 5, recv_delta 10
P: seq 28012, size 1160, send_delta 5, trans_delta 5, recv_delta 10
P: seq 28013, size 1177, send_delta 7, trans_delta 3, recv_delta 10
P: seq 28014, size 1177, send_delta 7, trans_delta 4, recv_delta 11
P: seq 28015, size 1177, send_delta 7, trans_delta 5, recv_delta 12
P: seq 28016, size 1178, send_delta 7, trans_delta 5, recv_delta 12
P: seq 28017, size 1000, send_delta 7, trans_delta 5, recv_delta 12
P: seq 28018, size 1000, send_delta 8, trans_delta 5, recv_delta 13
P: seq 28019, size 1001, send_delta 8, trans_delta 6, recv_delta 14
RTP TS: 406842541, Frame Size: 29932, Encode 5, Net 14, Wait 50, Decode 6 E2E 75 
P: seq 28020, size 861, send_delta 0, trans_delta 1, recv_delta 1
P: seq 28021, size 862, send_delta 1, trans_delta 1, recv_delta 2
P: seq 28022, size 904, send_delta 1, trans_delta 1, recv_delta 2
P: seq 28023, size 904, send_delta 1, trans_delta 1, recv_delta 2
P: seq 28024, size 905, send_delta 1, trans_delta 2, recv_delta 3
P: seq 28025, size 1153, send_delta 2, trans_delta 1, recv_delta 3
P: seq 28026, size 1154, send_delta 2, trans_delta 1, recv_delta 3
P: seq 28027, size 1154, send_delta 2, trans_delta 1, recv_delta 3
P: seq 28028, size 985, send_delta 2, trans_delta 2, recv_delta 4
P: seq 28029, size 986, send_delta 3, trans_delta 3, recv_delta 6
P: seq 28030, size 986, send_delta 3, trans_delta 3, recv_delta 6
P: seq 28031, size 991, send_delta 3, trans_delta 3, recv_delta 6
P: seq 28032, size 991, send_delta 3, trans_delta 4, recv_delta 7
P: seq 28033, size 991, send_delta 4, trans_delta 3, recv_delta 7
P: seq 28034, size 991, send_delta 4, trans_delta 3, recv_delta 7
P: seq 28035, size 991, send_delta 4, trans_delta 4, recv_delta 8
P: seq 28036, size 1086, send_delta 5, trans_delta 4, recv_delta 9
P: seq 28037, size 1086, send_delta 6, trans_delta 3, recv_delta 9
P: seq 28038, size 1086, send_delta 6, trans_delta 3, recv_delta 9
P: seq 28039, size 1086, send_delta 6, trans_delta 4, recv_delta 10
P: seq 28040, size 1086, send_delta 6, trans_delta 5, recv_delta 11
P: seq 28041, size 1111, send_delta 7, trans_delta 4, recv_delta 11
P: seq 28042, size 1111, send_delta 7, trans_delta 4, recv_delta 11
P: seq 28043, size 1112, send_delta 7, trans_delta 5, recv_delta 12
P: seq 28044, size 1112, send_delta 7, trans_delta 5, recv_delta 12
P: seq 28045, size 1112, send_delta 7, trans_delta 6, recv_delta 13
P: seq 28046, size 970, send_delta 8, trans_delta 5, recv_delta 13
P: seq 28047, size 970, send_delta 8, trans_delta 6, recv_delta 14
P: seq 28048, size 971, send_delta 8, trans_delta 6, recv_delta 14
P: seq 28049, size 971, send_delta 8, trans_delta 6, recv_delta 14
RTP TS: 406844161, Frame Size: 32551, Encode 5, Net 15, Wait 47, Decode 7 E2E 74 
P: seq 28050, size 1064, send_delta 0, trans_delta 1, recv_delta 1
P: seq 28051, size 1065, send_delta 1, trans_delta 1, recv_delta 2
P: seq 28052, size 1113, send_delta 1, trans_delta 1, recv_delta 2
P: seq 28053, size 1113, send_delta 1, trans_delta 1, recv_delta 2
P: seq 28054, size 1113, send_delta 1, trans_delta 3, recv_delta 4
P: seq 28055, size 988, send_delta 2, trans_delta 2, recv_delta 4
P: seq 28056, size 988, send_delta 2, trans_delta 2, recv_delta 4
P: seq 28057, size 988, send_delta 2, trans_delta 3, recv_delta 5
P: seq 28058, size 988, send_delta 2, trans_delta 3, recv_delta 5
P: seq 28059, size 1170, send_delta 3, trans_delta 3, recv_delta 6
P: seq 28060, size 1170, send_delta 3, trans_delta 3, recv_delta 6
P: seq 28061, size 1170, send_delta 3, trans_delta 4, recv_delta 7
P: seq 28062, size 1029, send_delta 4, trans_delta 3, recv_delta 7
P: seq 28063, size 1029, send_delta 5, trans_delta 2, recv_delta 7
P: seq 28064, size 1029, send_delta 5, trans_delta 3, recv_delta 8
P: seq 28065, size 1029, send_delta 5, trans_delta 3, recv_delta 8
P: seq 28066, size 1029, send_delta 5, trans_delta 3, recv_delta 8
P: seq 28067, size 1130, send_delta 6, trans_delta 3, recv_delta 9
P: seq 28068, size 1130, send_delta 6, trans_delta 4, recv_delta 10
P: seq 28069, size 1130, send_delta 6, trans_delta 5, recv_delta 11
P: seq 28070, size 1130, send_delta 6, trans_delta 5, recv_delta 11
P: seq 28071, size 1131, send_delta 7, trans_delta 4, recv_delta 11
P: seq 28072, size 1155, send_delta 7, trans_delta 5, recv_delta 12
P: seq 28073, size 1155, send_delta 7, trans_delta 5, recv_delta 12
P: seq 28074, size 1155, send_delta 7, trans_delta 6, recv_delta 13
P: seq 28075, size 1156, send_delta 8, trans_delta 5, recv_delta 13
P: seq 28076, size 1156, send_delta 8, trans_delta 6, recv_delta 14
P: seq 28077, size 955, send_delta 9, trans_delta 5, recv_delta 14
P: seq 28078, size 955, send_delta 9, trans_delta 5, recv_delta 14
P: seq 28079, size 955, send_delta 9, trans_delta 5, recv_delta 14
P: seq 28080, size 956, send_delta 9, trans_delta 5, recv_delta 14
RTP TS: 406845781, Frame Size: 35656, Encode 4, Net 17, Wait 47, Decode 7 E2E 75 
P: seq 28081, size 813, send_delta 0, trans_delta 1, recv_delta 1
P: seq 28082, size 813, send_delta 1, trans_delta 0, recv_delta 1
P: seq 28083, size 813, send_delta 1, trans_delta 0, recv_delta 1
P: seq 28084, size 1075, send_delta 1, trans_delta 0, recv_delta 1
P: seq 28085, size 1075, send_delta 1, trans_delta 2, recv_delta 3
P: seq 28086, size 1075, send_delta 2, trans_delta 1, recv_delta 3
P: seq 28087, size 1075, send_delta 2, trans_delta 2, recv_delta 4
P: seq 28088, size 1076, send_delta 2, trans_delta 3, recv_delta 5
P: seq 28089, size 1076, send_delta 2, trans_delta 3, recv_delta 5
P: seq 28090, size 1076, send_delta 3, trans_delta 2, recv_delta 5
P: seq 28091, size 1017, send_delta 4, trans_delta 2, recv_delta 6
P: seq 28092, size 1018, send_delta 4, trans_delta 3, recv_delta 7
P: seq 28093, size 1018, send_delta 4, trans_delta 3, recv_delta 7
P: seq 28094, size 1018, send_delta 4, trans_delta 3, recv_delta 7
P: seq 28095, size 1016, send_delta 5, trans_delta 3, recv_delta 8
P: seq 28096, size 1017, send_delta 5, trans_delta 3, recv_delta 8
P: seq 28097, size 1017, send_delta 5, trans_delta 3, recv_delta 8
P: seq 28098, size 1017, send_delta 5, trans_delta 4, recv_delta 9
P: seq 28099, size 1017, send_delta 5, trans_delta 4, recv_delta 9
P: seq 28100, size 1017, send_delta 6, trans_delta 3, recv_delta 9
P: seq 28101, size 1101, send_delta 6, trans_delta 4, recv_delta 10
P: seq 28102, size 1102, send_delta 6, trans_delta 4, recv_delta 10
P: seq 28103, size 1102, send_delta 6, trans_delta 6, recv_delta 12
P: seq 28104, size 1102, send_delta 6, trans_delta 6, recv_delta 12
P: seq 28105, size 1102, send_delta 8, trans_delta 4, recv_delta 12
P: seq 28106, size 1118, send_delta 8, trans_delta 5, recv_delta 13
P: seq 28107, size 1118, send_delta 8, trans_delta 5, recv_delta 13
P: seq 28108, size 1119, send_delta 8, trans_delta 6, recv_delta 14
P: seq 28109, size 1119, send_delta 9, trans_delta 5, recv_delta 14
P: seq 28110, size 1119, send_delta 9, trans_delta 5, recv_delta 14
P: seq 28111, size 1119, send_delta 9, trans_delta 6, recv_delta 15
P: seq 28112, size 1043, send_delta 9, trans_delta 7, recv_delta 16
P: seq 28113, size 1043, send_delta 10, trans_delta 6, recv_delta 16
P: seq 28114, size 1043, send_delta 10, trans_delta 6, recv_delta 16
P: seq 28115, size 1044, send_delta 10, trans_delta 7, recv_delta 17
RTP TS: 406847401, Frame Size: 32740, Encode 4, Net 17, Wait 46, Decode 7 E2E 74 
P: seq 28116, size 1087, send_delta 0, trans_delta 0, recv_delta 0
P: seq 28117, size 1088, send_delta 1, trans_delta 2, recv_delta 3
P: seq 28118, size 986, send_delta 1, trans_delta 2, recv_delta 3
P: seq 28119, size 986, send_delta 2, trans_delta 2, recv_delta 4
P: seq 28120, size 987, send_delta 2, trans_delta 2, recv_delta 4
P: seq 28121, size 1138, send_delta 3, trans_delta 2, recv_delta 5
P: seq 28122, size 1138, send_delta 3, trans_delta 2, recv_delta 5
P: seq 28123, size 1138, send_delta 3, trans_delta 3, recv_delta 6
P: seq 28124, size 1139, send_delta 3, trans_delta 4, recv_delta 7
P: seq 28125, size 1158, send_delta 4, trans_delta 3, recv_delta 7
P: seq 28126, size 1159, send_delta 4, trans_delta 3, recv_delta 7
P: seq 28127, size 1159, send_delta 4, trans_delta 4, recv_delta 8
P: seq 28128, size 984, send_delta 4, trans_delta 4, recv_delta 8
P: seq 28129, size 984, send_delta 5, trans_delta 3, recv_delta 8
P: seq 28130, size 985, send_delta 5, trans_delta 4, recv_delta 9
P: seq 28131, size 985, send_delta 5, trans_delta 5, recv_delta 10
P: seq 28132, size 985, send_delta 5, trans_delta 5, recv_delta 10
P: seq 28133, size 1057, send_delta 5, trans_delta 5, recv_delta 10
P: seq 28134, size 1057, send_delta 6, trans_delta 5, recv_delta 11
P: seq 28135, size 1057, send_delta 7, trans_delta 4, recv_delta 11
P: seq 28136, size 1057, send_delta 7, trans_delta 4, recv_delta 11
P: seq 28137, size 1057, send_delta 7, trans_delta 5, recv_delta 12
P: seq 28138, size 1019, send_delta 8, trans_delta 5, recv_delta 13
P: seq 28139, size 1019, send_delta 8, trans_delta 5, recv_delta 13
P: seq 28140, size 1019, send_delta 8, trans_delta 5, recv_delta 13
P: seq 28141, size 1019, send_delta 8, trans_delta 6, recv_delta 14
P: seq 28142, size 1019, send_delta 8, trans_delta 6, recv_delta 14
P: seq 28143, size 1020, send_delta 9, trans_delta 6, recv_delta 15
P: seq 28144, size 1013, send_delta 9, trans_delta 6, recv_delta 15
P: seq 28145, size 1013, send_delta 9, trans_delta 7, recv_delta 16
P: seq 28146, size 1013, send_delta 9, trans_delta 7, recv_delta 16
P: seq 28147, size 1014, send_delta 10, trans_delta 6, recv_delta 16
RTP TS: 406848931, Frame Size: 35251, Encode 5, Net 17, Wait 46, Decode 7 E2E 75 
P: seq 28148, size 937, send_delta 0, trans_delta 1, recv_delta 1
P: seq 28149, size 937, send_delta 1, trans_delta 0, recv_delta 1
P: seq 28150, size 938, send_delta 1, trans_delta 1, recv_delta 2
P: seq 28151, size 922, send_delta 1, trans_delta 1, recv_delta 2
P: seq 28152, size 922, send_delta 1, trans_delta 2, recv_delta 3
P: seq 28153, size 923, send_delta 2, trans_delta 2, recv_delta 4
P: seq 28154, size 1076, send_delta 2, trans_delta 2, recv_delta 4
P: seq 28155, size 1076, send_delta 2, trans_delta 3, recv_delta 5
P: seq 28156, size 1076, send_delta 2, trans_delta 3, recv_delta 5
P: seq 28157, size 1076, send_delta 3, trans_delta 3, recv_delta 6
P: seq 28158, size 1076, send_delta 4, trans_delta 2, recv_delta 6
P: seq 28159, size 1011, send_delta 4, trans_delta 3, recv_delta 7
P: seq 28160, size 1012, send_delta 4, trans_delta 3, recv_delta 7
P: seq 28161, size 1012, send_delta 4, trans_delta 3, recv_delta 7
P: seq 28162, size 1012, send_delta 4, trans_delta 4, recv_delta 8
P: seq 28163, size 989, send_delta 5, trans_delta 3, recv_delta 8
P: seq 28164, size 989, send_delta 5, trans_delta 4, recv_delta 9
P: seq 28165, size 989, send_delta 5, trans_delta 4, recv_delta 9
P: seq 28166, size 989, send_delta 5, trans_delta 4, recv_delta 9
P: seq 28167, size 990, send_delta 6, trans_delta 4, recv_delta 10
P: seq 28168, size 1197, send_delta 6, trans_delta 4, recv_delta 10
P: seq 28169, size 1197, send_delta 6, trans_delta 5, recv_delta 11
P: seq 28170, size 1197, send_delta 6, trans_delta 6, recv_delta 12
P: seq 28171, size 1198, send_delta 7, trans_delta 5, recv_delta 12
P: seq 28172, size 1198, send_delta 8, trans_delta 4, recv_delta 12
P: seq 28173, size 1042, send_delta 8, trans_delta 5, recv_delta 13
P: seq 28174, size 1042, send_delta 8, trans_delta 6, recv_delta 14
P: seq 28175, size 1042, send_delta 9, trans_delta 5, recv_delta 14
P: seq 28176, size 1042, send_delta 9, trans_delta 5, recv_delta 14
P: seq 28177, size 1043, send_delta 9, trans_delta 6, recv_delta 15
P: seq 28178, size 1043, send_delta 9, trans_delta 6, recv_delta 15
P: seq 28179, size 983, send_delta 9, trans_delta 6, recv_delta 15
P: seq 28180, size 984, send_delta 10, trans_delta 6, recv_delta 16
P: seq 28181, size 984, send_delta 10, trans_delta 6, recv_delta 16
P: seq 28182, size 984, send_delta 10, trans_delta 6, recv_delta 16
RTP TS: 406850551, Frame Size: 32685, Encode 4, Net 16, Wait 46, Decode 7 E2E 73 
P: seq 28183, size 1062, send_delta 0, trans_delta 0, recv_delta 0
P: seq 28184, size 1062, send_delta 1, trans_delta 2, recv_delta 3
P: seq 28185, size 1096, send_delta 2, trans_delta 1, recv_delta 3
P: seq 28186, size 1096, send_delta 2, trans_delta 2, recv_delta 4
P: seq 28187, size 1060, send_delta 2, trans_delta 2, recv_delta 4
P: seq 28188, size 1060, send_delta 2, trans_delta 3, recv_delta 5
P: seq 28189, size 1060, send_delta 2, trans_delta 3, recv_delta 5
P: seq 28190, size 1060, send_delta 3, trans_delta 3, recv_delta 6
P: seq 28191, size 1060, send_delta 3, trans_delta 3, recv_delta 6
P: seq 28192, size 1001, send_delta 3, trans_delta 3, recv_delta 6
P: seq 28193, size 1001, send_delta 3, trans_delta 4, recv_delta 7
P: seq 28194, size 1001, send_delta 4, trans_delta 3, recv_delta 7
P: seq 28195, size 1001, send_delta 4, trans_delta 4, recv_delta 8
P: seq 28196, size 1138, send_delta 4, trans_delta 4, recv_delta 8
P: seq 28197, size 1138, send_delta 4, trans_delta 5, recv_delta 9
P: seq 28198, size 1139, send_delta 5, trans_delta 5, recv_delta 10
P: seq 28199, size 1139, send_delta 5, trans_delta 5, recv_delta 10
P: seq 28200, size 1134, send_delta 6, trans_delta 5, recv_delta 11
P: seq 28201, size 1135, send_delta 6, trans_delta 5, recv_delta 11
P: seq 28202, size 1135, send_delta 7, trans_delta 4, recv_delta 11
P: seq 28203, size 1135, send_delta 7, trans_delta 4, recv_delta 11
P: seq 28204, size 1135, send_delta 7, trans_delta 5, recv_delta 12
P: seq 28205, size 1072, send_delta 7, trans_delta 6, recv_delta 13
P: seq 28206, size 1072, send_delta 8, trans_delta 5, recv_delta 13
P: seq 28207, size 1072, send_delta 8, trans_delta 6, recv_delta 14
P: seq 28208, size 1072, send_delta 8, trans_delta 6, recv_delta 14
P: seq 28209, size 1072, send_delta 8, trans_delta 7, recv_delta 15
P: seq 28210, size 1062, send_delta 10, trans_delta 5, recv_delta 15
P: seq 28211, size 1062, send_delta 10, trans_delta 5, recv_delta 15
P: seq 28212, size 1063, send_delta 10, trans_delta 5, recv_delta 15
P: seq 28213, size 1063, send_delta 10, trans_delta 5, recv_delta 15
RTP TS: 406852171, Frame Size: 32161, Encode 4, Net 16, Wait 46, Decode 7 E2E 73 
P: seq 28214, size 1073, send_delta 1, trans_delta 1, recv_delta 2
P: seq 28215, size 1073, send_delta 2, trans_delta 1, recv_delta 3
P: seq 28216, size 1074, send_delta 2, trans_delta 1, recv_delta 3
P: seq 28217, size 875, send_delta 2, trans_delta 1, recv_delta 3
P: seq 28218, size 875, send_delta 2, trans_delta 1, recv_delta 3
P: seq 28219, size 875, send_delta 2, trans_delta 1, recv_delta 3
P: seq 28220, size 1132, send_delta 3, trans_delta 1, recv_delta 4
P: seq 28221, size 1132, send_delta 3, trans_delta 2, recv_delta 5
P: seq 28222, size 1132, send_delta 3, trans_delta 3, recv_delta 6
P: seq 28223, size 1132, send_delta 3, trans_delta 3, recv_delta 6
P: seq 28224, size 888, send_delta 4, trans_delta 3, recv_delta 7
P: seq 28225, size 888, send_delta 4, trans_delta 3, recv_delta 7
P: seq 28226, size 889, send_delta 5, trans_delta 2, recv_delta 7
P: seq 28227, size 1180, send_delta 5, trans_delta 3, recv_delta 8
P: seq 28228, size 1181, send_delta 5, trans_delta 3, recv_delta 8
P: seq 28229, size 1181, send_delta 6, trans_delta 3, recv_delta 9
P: seq 28230, size 1181, send_delta 6, trans_delta 3, recv_delta 9
P: seq 28231, size 1141, send_delta 6, trans_delta 4, recv_delta 10
P: seq 28232, size 1141, send_delta 7, trans_delta 4, recv_delta 11
P: seq 28233, size 1141, send_delta 7, trans_delta 4, recv_delta 11
P: seq 28234, size 1141, send_delta 7, trans_delta 4, recv_delta 11
P: seq 28235, size 1142, send_delta 7, trans_delta 5, recv_delta 12
P: seq 28236, size 1085, send_delta 8, trans_delta 4, recv_delta 12
P: seq 28237, size 1085, send_delta 8, trans_delta 4, recv_delta 12
P: seq 28238, size 1085, send_delta 8, trans_delta 5, recv_delta 13
P: seq 28239, size 1085, send_delta 8, trans_delta 5, recv_delta 13
P: seq 28240, size 1085, send_delta 9, trans_delta 4, recv_delta 13
P: seq 28241, size 1010, send_delta 10, trans_delta 4, recv_delta 14
P: seq 28242, size 1010, send_delta 10, trans_delta 5, recv_delta 15
P: seq 28243, size 1011, send_delta 10, trans_delta 6, recv_delta 16
P: seq 28244, size 1011, send_delta 10, trans_delta 6, recv_delta 16
RTP TS: 406853791, Frame Size: 31808, Encode 4, Net 15, Wait 47, Decode 7 E2E 73 
P: seq 28245, size 862, send_delta 0, trans_delta 2, recv_delta 2
P: seq 28246, size 862, send_delta 2, trans_delta 1, recv_delta 3
P: seq 28247, size 863, send_delta 2, trans_delta 1, recv_delta 3
P: seq 28248, size 884, send_delta 2, trans_delta 1, recv_delta 3
P: seq 28249, size 884, send_delta 2, trans_delta 1, recv_delta 3
P: seq 28250, size 885, send_delta 2, trans_delta 2, recv_delta 4
P: seq 28251, size 934, send_delta 3, trans_delta 2, recv_delta 5
P: seq 28252, size 934, send_delta 3, trans_delta 3, recv_delta 6
P: seq 28253, size 934, send_delta 3, trans_delta 3, recv_delta 6
P: seq 28254, size 934, send_delta 3, trans_delta 3, recv_delta 6
P: seq 28255, size 1021, send_delta 3, trans_delta 4, recv_delta 7
P: seq 28256, size 1022, send_delta 4, trans_delta 3, recv_delta 7
P: seq 28257, size 1022, send_delta 4, trans_delta 3, recv_delta 7
P: seq 28258, size 1042, send_delta 4, trans_delta 4, recv_delta 8
P: seq 28259, size 1042, send_delta 4, trans_delta 5, recv_delta 9
P: seq 28260, size 1043, send_delta 5, trans_delta 4, recv_delta 9
P: seq 28261, size 1043, send_delta 5, trans_delta 4, recv_delta 9
P: seq 28262, size 1043, send_delta 5, trans_delta 5, recv_delta 10
P: seq 28263, size 1160, send_delta 5, trans_delta 6, recv_delta 11
P: seq 28264, size 1160, send_delta 7, trans_delta 4, recv_delta 11
P: seq 28265, size 1160, send_delta 7, trans_delta 4, recv_delta 11
P: seq 28266, size 1161, send_delta 7, trans_delta 5, recv_delta 12
P: seq 28267, size 1161, send_delta 7, trans_delta 5, recv_delta 12
P: seq 28268, size 1131, send_delta 7, trans_delta 6, recv_delta 13
P: seq 28269, size 1131, send_delta 8, trans_delta 5, recv_delta 13
P: seq 28270, size 1132, send_delta 8, trans_delta 6, recv_delta 14
P: seq 28271, size 1132, send_delta 8, trans_delta 6, recv_delta 14
P: seq 28272, size 1132, send_delta 8, trans_delta 6, recv_delta 14
P: seq 28273, size 973, send_delta 9, trans_delta 6, recv_delta 15
P: seq 28274, size 973, send_delta 10, trans_delta 5, recv_delta 15
P: seq 28275, size 973, send_delta 10, trans_delta 5, recv_delta 15
P: seq 28276, size 974, send_delta 10, trans_delta 5, recv_delta 15
RTP TS: 406855411, Frame Size: 29806, Encode 4, Net 12, Wait 50, Decode 6 E2E 72 
P: seq 28277, size 863, send_delta 0, trans_delta 0, recv_delta 0
P: seq 28278, size 864, send_delta 2, trans_delta 1, recv_delta 3
P: seq 28279, size 864, send_delta 2, trans_delta 1, recv_delta 3
P: seq 28280, size 852, send_delta 2, trans_delta 1, recv_delta 3
P: seq 28281, size 852, send_delta 2, trans_delta 1, recv_delta 3
P: seq 28282, size 853, send_delta 2, trans_delta 1, recv_delta 3
P: seq 28283, size 1037, send_delta 2, trans_delta 1, recv_delta 3
P: seq 28284, size 1037, send_delta 3, trans_delta 1, recv_delta 4
P: seq 28285, size 1037, send_delta 3, trans_delta 2, recv_delta 5
P: seq 28286, size 1037, send_delta 3, trans_delta 2, recv_delta 5
P: seq 28287, size 1052, send_delta 3, trans_delta 2, recv_delta 5
P: seq 28288, size 1052, send_delta 4, trans_delta 2, recv_delta 6
P: seq 28289, size 1052, send_delta 4, trans_delta 2, recv_delta 6
P: seq 28290, size 967, send_delta 4, trans_delta 2, recv_delta 6
P: seq 28291, size 967, send_delta 4, trans_delta 3, recv_delta 7
P: seq 28292, size 968, send_delta 5, trans_delta 2, recv_delta 7
P: seq 28293, size 968, send_delta 5, trans_delta 2, recv_delta 7
P: seq 28294, size 968, send_delta 6, trans_delta 2, recv_delta 8
P: seq 28295, size 1031, send_delta 6, trans_delta 2, recv_delta 8
P: seq 28296, size 1031, send_delta 6, trans_delta 2, recv_delta 8
P: seq 28297, size 1031, send_delta 6, trans_delta 3, recv_delta 9
P: seq 28298, size 1032, send_delta 7, trans_delta 2, recv_delta 9
P: seq 28299, size 1032, send_delta 7, trans_delta 3, recv_delta 10
P: seq 28300, size 991, send_delta 7, trans_delta 3, recv_delta 10
P: seq 28301, size 991, send_delta 7, trans_delta 3, recv_delta 10
P: seq 28302, size 991, send_delta 8, trans_delta 2, recv_delta 10
P: seq 28303, size 991, send_delta 8, trans_delta 2, recv_delta 10
P: seq 28304, size 991, send_delta 8, trans_delta 3, recv_delta 11
P: seq 28305, size 1059, send_delta 8, trans_delta 3, recv_delta 11
P: seq 28306, size 1059, send_delta 8, trans_delta 3, recv_delta 11
P: seq 28307, size 1059, send_delta 8, trans_delta 4, recv_delta 12
RTP TS: 406857031, Frame Size: 31782, Encode 4, Net 13, Wait 49, Decode 7 E2E 73 
P: seq 28308, size 1156, send_delta 0, trans_delta 2, recv_delta 2
P: seq 28309, size 1156, send_delta 1, trans_delta 1, recv_delta 2
P: seq 28310, size 1156, send_delta 2, trans_delta 1, recv_delta 3
P: seq 28311, size 1124, send_delta 2, trans_delta 1, recv_delta 3
P: seq 28312, size 1124, send_delta 2, trans_delta 1, recv_delta 3
P: seq 28313, size 1100, send_delta 3, trans_delta 0, recv_delta 3
P: seq 28314, size 1101, send_delta 3, trans_delta 1, recv_delta 4
P: seq 28315, size 1101, send_delta 3, trans_delta 2, recv_delta 5
P: seq 28316, size 1101, send_delta 3, trans_delta 2, recv_delta 5
P: seq 28317, size 947, send_delta 4, trans_delta 2, recv_delta 6
P: seq 28318, size 948, send_delta 4, trans_delta 2, recv_delta 6
P: seq 28319, size 948, send_delta 4, trans_delta 2, recv_delta 6
P: seq 28320, size 948, send_delta 4, trans_delta 3, recv_delta 7
P: seq 28321, size 979, send_delta 4, trans_delta 3, recv_delta 7
P: seq 28322, size 980, send_delta 5, trans_delta 2, recv_delta 7
P: seq 28323, size 980, send_delta 6, trans_delta 1, recv_delta 7
P: seq 28324, size 980, send_delta 6, trans_delta 1, recv_delta 7
P: seq 28325, size 980, send_delta 6, trans_delta 2, recv_delta 8
P: seq 28326, size 1041, send_delta 6, trans_delta 2, recv_delta 8
P: seq 28327, size 1041, send_delta 7, trans_delta 1, recv_delta 8
P: seq 28328, size 1041, send_delta 7, trans_delta 2, recv_delta 9
P: seq 28329, size 1041, send_delta 7, trans_delta 2, recv_delta 9
P: seq 28330, size 1042, send_delta 7, trans_delta 3, recv_delta 10
P: seq 28331, size 1071, send_delta 7, trans_delta 3, recv_delta 10
P: seq 28332, size 1071, send_delta 8, trans_delta 2, recv_delta 10
P: seq 28333, size 1071, send_delta 8, trans_delta 3, recv_delta 11
P: seq 28334, size 1071, send_delta 8, trans_delta 3, recv_delta 11
P: seq 28335, size 1072, send_delta 8, trans_delta 3, recv_delta 11
P: seq 28336, size 1061, send_delta 10, trans_delta 2, recv_delta 12
P: seq 28337, size 1061, send_delta 10, trans_delta 2, recv_delta 12
P: seq 28338, size 1062, send_delta 10, trans_delta 2, recv_delta 12
RTP TS: 406858651, Frame Size: 40710, Encode 4, Net 16, Wait 46, Decode 8 E2E 74 
P: seq 28339, size 1186, send_delta 1, trans_delta 1, recv_delta 2
P: seq 28340, size 1187, send_delta 2, trans_delta 1, recv_delta 3
P: seq 28341, size 1187, send_delta 2, trans_delta 1, recv_delta 3
P: seq 28342, size 1080, send_delta 2, trans_delta 2, recv_delta 4
P: seq 28343, size 1080, send_delta 3, trans_delta 1, recv_delta 4
P: seq 28344, size 1081, send_delta 3, trans_delta 1, recv_delta 4
P: seq 28345, size 1075, send_delta 3, trans_delta 1, recv_delta 4
P: seq 28346, size 1075, send_delta 3, trans_delta 1, recv_delta 4
P: seq 28347, size 1075, send_delta 4, trans_delta 0, recv_delta 4
P: seq 28348, size 1075, send_delta 4, trans_delta 2, recv_delta 6
P: seq 28349, size 1075, send_delta 4, trans_delta 2, recv_delta 6
P: seq 28350, size 1076, send_delta 4, trans_delta 3, recv_delta 7
P: seq 28351, size 1140, send_delta 4, trans_delta 3, recv_delta 7
P: seq 28352, size 1140, send_delta 6, trans_delta 1, recv_delta 7
P: seq 28353, size 1140, send_delta 6, trans_delta 2, recv_delta 8
P: seq 28354, size 1141, send_delta 6, trans_delta 2, recv_delta 8
P: seq 28355, size 1046, send_delta 6, trans_delta 3, recv_delta 9
P: seq 28356, size 1046, send_delta 7, trans_delta 2, recv_delta 9
P: seq 28357, size 1047, send_delta 7, trans_delta 2, recv_delta 9
P: seq 28358, size 1047, send_delta 7, trans_delta 3, recv_delta 10
P: seq 28359, size 1047, send_delta 7, trans_delta 3, recv_delta 10
P: seq 28360, size 1047, send_delta 8, trans_delta 2, recv_delta 10
P: seq 28361, size 1031, send_delta 8, trans_delta 3, recv_delta 11
P: seq 28362, size 1032, send_delta 8, trans_delta 4, recv_delta 12
P: seq 28363, size 1032, send_delta 8, trans_delta 4, recv_delta 12
P: seq 28364, size 1032, send_delta 9, trans_delta 3, recv_delta 12
P: seq 28365, size 1032, send_delta 9, trans_delta 3, recv_delta 12
P: seq 28366, size 1032, send_delta 9, trans_delta 3, recv_delta 12
P: seq 28367, size 1133, send_delta 9, trans_delta 3, recv_delta 12
P: seq 28368, size 1133, send_delta 9, trans_delta 3, recv_delta 12
P: seq 28369, size 1133, send_delta 11, trans_delta 2, recv_delta 13
P: seq 28370, size 1133, send_delta 11, trans_delta 3, recv_delta 14
P: seq 28371, size 1134, send_delta 11, trans_delta 3, recv_delta 14
P: seq 28372, size 1134, send_delta 11, trans_delta 3, recv_delta 14
P: seq 28373, size 1145, send_delta 12, trans_delta 2, recv_delta 14
P: seq 28374, size 1145, send_delta 12, trans_delta 2, recv_delta 14
P: seq 28375, size 1145, send_delta 12, trans_delta 4, recv_delta 16
P: seq 28376, size 1146, send_delta 12, trans_delta 4, recv_delta 16
RTP TS: 406860271, Frame Size: 28618, Encode 4, Net 11, Wait 52, Decode 6 E2E 73 
P: seq 28377, size 923, send_delta 0, trans_delta 0, recv_delta 0
P: seq 28378, size 923, send_delta 1, trans_delta 2, recv_delta 3
P: seq 28379, size 923, send_delta 1, trans_delta 2, recv_delta 3
P: seq 28380, size 1195, send_delta 1, trans_delta 2, recv_delta 3
P: seq 28381, size 1196, send_delta 1, trans_delta 2, recv_delta 3
P: seq 28382, size 922, send_delta 2, trans_delta 2, recv_delta 4
P: seq 28383, size 922, send_delta 3, trans_delta 1, recv_delta 4
P: seq 28384, size 923, send_delta 3, trans_delta 1, recv_delta 4
P: seq 28385, size 923, send_delta 3, trans_delta 2, recv_delta 5
P: seq 28386, size 983, send_delta 3, trans_delta 2, recv_delta 5
P: seq 28387, size 983, send_delta 4, trans_delta 1, recv_delta 5
P: seq 28388, size 984, send_delta 4, trans_delta 2, recv_delta 6
P: seq 28389, size 985, send_delta 4, trans_delta 2, recv_delta 6
P: seq 28390, size 985, send_delta 4, trans_delta 2, recv_delta 6
P: seq 28391, size 986, send_delta 4, trans_delta 3, recv_delta 7
P: seq 28392, size 986, send_delta 4, trans_delta 3, recv_delta 7
P: seq 28393, size 1161, send_delta 5, trans_delta 2, recv_delta 7
P: seq 28394, size 1162, send_delta 5, trans_delta 3, recv_delta 8
P: seq 28395, size 1162, send_delta 5, trans_delta 3, recv_delta 8
P: seq 28396, size 1162, send_delta 6, trans_delta 2, recv_delta 8
P: seq 28397, size 1123, send_delta 7, trans_delta 1, recv_delta 8
P: seq 28398, size 1123, send_delta 7, trans_delta 2, recv_delta 9
P: seq 28399, size 1124, send_delta 7, trans_delta 2, recv_delta 9
P: seq 28400, size 1124, send_delta 7, trans_delta 3, recv_delta 10
P: seq 28401, size 1124, send_delta 8, trans_delta 2, recv_delta 10
P: seq 28402, size 1102, send_delta 8, trans_delta 3, recv_delta 11
P: seq 28403, size 1102, send_delta 8, trans_delta 3, recv_delta 11
P: seq 28404, size 1102, send_delta 8, trans_delta 3, recv_delta 11
RTP TS: 406861891, Frame Size: 27667, Encode 4, Net 11, Wait 52, Decode 6 E2E 73 
P: seq 28405, size 1088, send_delta 0, trans_delta 1, recv_delta 1
P: seq 28406, size 1088, send_delta 1, trans_delta 1, recv_delta 2
P: seq 28407, size 1088, send_delta 1, trans_delta 2, recv_delta 3
P: seq 28408, size 822, send_delta 1, trans_delta 2, recv_delta 3
P: seq 28409, size 823, send_delta 1, trans_delta 2, recv_delta 3
P: seq 28410, size 823, send_delta 1, trans_delta 2, recv_delta 3
P: seq 28411, size 1187, send_delta 1, trans_delta 2, recv_delta 3
P: seq 28412, size 1187, send_delta 3, trans_delta 1, recv_delta 4
P: seq 28413, size 1187, send_delta 3, trans_delta 1, recv_delta 4
P: seq 28414, size 939, send_delta 3, trans_delta 2, recv_delta 5
P: seq 28415, size 940, send_delta 4, trans_delta 2, recv_delta 6
P: seq 28416, size 940, send_delta 4, trans_delta 2, recv_delta 6
P: seq 28417, size 962, send_delta 4, trans_delta 2, recv_delta 6
P: seq 28418, size 962, send_delta 4, trans_delta 3, recv_delta 7
P: seq 28419, size 962, send_delta 4, trans_delta 3, recv_delta 7
P: seq 28420, size 963, send_delta 4, trans_delta 3, recv_delta 7
P: seq 28421, size 1156, send_delta 4, trans_delta 3, recv_delta 7
P: seq 28422, size 1156, send_delta 6, trans_delta 2, recv_delta 8
P: seq 28423, size 1157, send_delta 6, trans_delta 2, recv_delta 8
P: seq 28424, size 1157, send_delta 6, trans_delta 2, recv_delta 8
P: seq 28425, size 1018, send_delta 6, trans_delta 3, recv_delta 9
P: seq 28426, size 1018, send_delta 7, trans_delta 2, recv_delta 9
P: seq 28427, size 1019, send_delta 7, trans_delta 2, recv_delta 9
P: seq 28428, size 1019, send_delta 7, trans_delta 3, recv_delta 10
P: seq 28429, size 1019, send_delta 7, trans_delta 3, recv_delta 10
P: seq 28430, size 894, send_delta 8, trans_delta 2, recv_delta 10
P: seq 28431, size 894, send_delta 8, trans_delta 3, recv_delta 11
P: seq 28432, size 894, send_delta 8, trans_delta 3, recv_delta 11
RTP TS: 406863421, Frame Size: 34715, Encode 4, Net 13, Wait 48, Decode 7 E2E 72 
P: seq 28433, size 1096, send_delta 0, trans_delta 0, recv_delta 0
P: seq 28434, size 1096, send_delta 1, trans_delta 1, recv_delta 2
P: seq 28435, size 1097, send_delta 1, trans_delta 1, recv_delta 2
P: seq 28436, size 1097, send_delta 1, trans_delta 2, recv_delta 3
P: seq 28437, size 1021, send_delta 1, trans_delta 2, recv_delta 3
P: seq 28438, size 1021, send_delta 1, trans_delta 3, recv_delta 4
P: seq 28439, size 1021, send_delta 1, trans_delta 3, recv_delta 4
P: seq 28440, size 1025, send_delta 3, trans_delta 1, recv_delta 4
P: seq 28441, size 1026, send_delta 3, trans_delta 2, recv_delta 5
P: seq 28442, size 1026, send_delta 3, trans_delta 2, recv_delta 5
P: seq 28443, size 1026, send_delta 3, trans_delta 2, recv_delta 5
P: seq 28444, size 994, send_delta 4, trans_delta 2, recv_delta 6
P: seq 28445, size 994, send_delta 4, trans_delta 2, recv_delta 6
P: seq 28446, size 995, send_delta 4, trans_delta 2, recv_delta 6
P: seq 28447, size 995, send_delta 4, trans_delta 2, recv_delta 6
P: seq 28448, size 1049, send_delta 4, trans_delta 2, recv_delta 6
P: seq 28449, size 1049, send_delta 5, trans_delta 2, recv_delta 7
P: seq 28450, size 1050, send_delta 5, trans_delta 2, recv_delta 7
P: seq 28451, size 1050, send_delta 5, trans_delta 3, recv_delta 8
P: seq 28452, size 1050, send_delta 5, trans_delta 3, recv_delta 8
P: seq 28453, size 1130, send_delta 7, trans_delta 1, recv_delta 8
P: seq 28454, size 1131, send_delta 7, trans_delta 2, recv_delta 9
P: seq 28455, size 1131, send_delta 7, trans_delta 2, recv_delta 9
P: seq 28456, size 1131, send_delta 7, trans_delta 3, recv_delta 10
P: seq 28457, size 1131, send_delta 7, trans_delta 3, recv_delta 10
P: seq 28458, size 1140, send_delta 8, trans_delta 2, recv_delta 10
P: seq 28459, size 1140, send_delta 8, trans_delta 2, recv_delta 10
P: seq 28460, size 1140, send_delta 8, trans_delta 3, recv_delta 11
P: seq 28461, size 1140, send_delta 9, trans_delta 2, recv_delta 11
P: seq 28462, size 1141, send_delta 9, trans_delta 2, recv_delta 11
P: seq 28463, size 1135, send_delta 9, trans_delta 3, recv_delta 12
P: seq 28464, size 1136, send_delta 9, trans_delta 3, recv_delta 12
P: seq 28465, size 1136, send_delta 9, trans_delta 4, recv_delta 13
RTP TS: 406865041, Frame Size: 30539, Encode 4, Net 14, Wait 47, Decode 6 E2E 71 
P: seq 28466, size 906, send_delta 2, trans_delta 1, recv_delta 3
P: seq 28467, size 907, send_delta 3, trans_delta 1, recv_delta 4
P: seq 28468, size 907, send_delta 3, trans_delta 1, recv_delta 4
P: seq 28469, size 1114, send_delta 3, trans_delta 1, recv_delta 4
P: seq 28470, size 1115, send_delta 3, trans_delta 1, recv_delta 4
P: seq 28471, size 1197, send_delta 4, trans_delta 1, recv_delta 5
P: seq 28472, size 1197, send_delta 4, trans_delta 1, recv_delta 5
P: seq 28473, size 1197, send_delta 4, trans_delta 1, recv_delta 5
P: seq 28474, size 958, send_delta 4, trans_delta 2, recv_delta 6
P: seq 28475, size 959, send_delta 5, trans_delta 2, recv_delta 7
P: seq 28476, size 959, send_delta 5, trans_delta 2, recv_delta 7
P: seq 28477, size 959, send_delta 5, trans_delta 2, recv_delta 7
P: seq 28478, size 1170, send_delta 5, trans_delta 3, recv_delta 8
P: seq 28479, size 1170, send_delta 7, trans_delta 1, recv_delta 8
P: seq 28480, size 1170, send_delta 7, trans_delta 2, recv_delta 9
P: seq 28481, size 1170, send_delta 7, trans_delta 2, recv_delta 9
P: seq 28482, size 1060, send_delta 7, trans_delta 2, recv_delta 9
P: seq 28483, size 1060, send_delta 7, trans_delta 2, recv_delta 9
P: seq 28484, size 1060, send_delta 8, trans_delta 2, recv_delta 10
P: seq 28485, size 1060, send_delta 8, trans_delta 2, recv_delta 10
P: seq 28486, size 1061, send_delta 8, trans_delta 2, recv_delta 10
P: seq 28487, size 1164, send_delta 8, trans_delta 3, recv_delta 11
P: seq 28488, size 1164, send_delta 9, trans_delta 2, recv_delta 11
P: seq 28489, size 1164, send_delta 9, trans_delta 3, recv_delta 12
P: seq 28490, size 1165, send_delta 9, trans_delta 3, recv_delta 12
P: seq 28491, size 1165, send_delta 9, trans_delta 3, recv_delta 12
P: seq 28492, size 1027, send_delta 10, trans_delta 3, recv_delta 13
P: seq 28493, size 1027, send_delta 10, trans_delta 3, recv_delta 13
P: seq 28494, size 1028, send_delta 10, trans_delta 3, recv_delta 13
RTP TS: 406866661, Frame Size: 34584, Encode 4, Net 13, Wait 48, Decode 7 E2E 72 
P: seq 28495, size 1132, send_delta 0, trans_delta 2, recv_delta 2
P: seq 28496, size 1132, send_delta 1, trans_delta 2, recv_delta 3
P: seq 28497, size 1132, send_delta 1, trans_delta 2, recv_delta 3
P: seq 28498, size 1133, send_delta 2, trans_delta 1, recv_delta 3
P: seq 28499, size 956, send_delta 3, trans_delta 0, recv_delta 3
P: seq 28500, size 956, send_delta 3, trans_delta 1, recv_delta 4
P: seq 28501, size 956, send_delta 3, trans_delta 2, recv_delta 5
P: seq 28502, size 1158, send_delta 3, trans_delta 2, recv_delta 5
P: seq 28503, size 1158, send_delta 3, trans_delta 2, recv_delta 5
P: seq 28504, size 1159, send_delta 4, trans_delta 2, recv_delta 6
P: seq 28505, size 1159, send_delta 4, trans_delta 2, recv_delta 6
P: seq 28506, size 1111, send_delta 4, trans_delta 3, recv_delta 7
P: seq 28507, size 1111, send_delta 4, trans_delta 3, recv_delta 7
P: seq 28508, size 1112, send_delta 6, trans_delta 1, recv_delta 7
P: seq 28509, size 1112, send_delta 6, trans_delta 1, recv_delta 7
P: seq 28510, size 1090, send_delta 6, trans_delta 2, recv_delta 8
P: seq 28511, size 1090, send_delta 6, trans_delta 2, recv_delta 8
P: seq 28512, size 1090, send_delta 6, trans_delta 2, recv_delta 8
P: seq 28513, size 1091, send_delta 6, trans_delta 3, recv_delta 9
P: seq 28514, size 1033, send_delta 7, trans_delta 2, recv_delta 9
P: seq 28515, size 1033, send_delta 7, trans_delta 3, recv_delta 10
P: seq 28516, size 1034, send_delta 7, trans_delta 3, recv_delta 10
P: seq 28517, size 1034, send_delta 7, trans_delta 3, recv_delta 10
P: seq 28518, size 1034, send_delta 8, trans_delta 3, recv_delta 11
P: seq 28519, size 1135, send_delta 8, trans_delta 3, recv_delta 11
P: seq 28520, size 1135, send_delta 8, trans_delta 3, recv_delta 11
P: seq 28521, size 1136, send_delta 8, trans_delta 4, recv_delta 12
P: seq 28522, size 1136, send_delta 10, trans_delta 2, recv_delta 12
P: seq 28523, size 1136, send_delta 10, trans_delta 2, recv_delta 12
P: seq 28524, size 931, send_delta 10, trans_delta 2, recv_delta 12
P: seq 28525, size 931, send_delta 10, trans_delta 2, recv_delta 12
P: seq 28526, size 931, send_delta 11, trans_delta 2, recv_delta 13
P: seq 28527, size 932, send_delta 11, trans_delta 2, recv_delta 13
RTP TS: 406868281, Frame Size: 30808, Encode 4, Net 12, Wait 49, Decode 6 E2E 71 
P: seq 28528, size 864, send_delta 0, trans_delta 0, recv_delta 0
P: seq 28529, size 864, send_delta 1, trans_delta 2, recv_delta 3
P: seq 28530, size 865, send_delta 1, trans_delta 2, recv_delta 3
P: seq 28531, size 1076, send_delta 1, trans_delta 2, recv_delta 3
P: seq 28532, size 1076, send_delta 1, trans_delta 3, recv_delta 4
P: seq 28533, size 941, send_delta 3, trans_delta 1, recv_delta 4
P: seq 28534, size 941, send_delta 3, trans_delta 1, recv_delta 4
P: seq 28535, size 941, send_delta 3, trans_delta 2, recv_delta 5
P: seq 28536, size 942, send_delta 3, trans_delta 2, recv_delta 5
P: seq 28537, size 1087, send_delta 3, trans_delta 2, recv_delta 5
P: seq 28538, size 1087, send_delta 4, trans_delta 1, recv_delta 5
P: seq 28539, size 1087, send_delta 4, trans_delta 2, recv_delta 6
P: seq 28540, size 1088, send_delta 4, trans_delta 2, recv_delta 6
P: seq 28541, size 1126, send_delta 4, trans_delta 3, recv_delta 7
P: seq 28542, size 1127, send_delta 5, trans_delta 3, recv_delta 8
P: seq 28543, size 1127, send_delta 5, trans_delta 3, recv_delta 8
P: seq 28544, size 1127, send_delta 5, trans_delta 3, recv_delta 8
P: seq 28545, size 1071, send_delta 5, trans_delta 3, recv_delta 8
P: seq 28546, size 1071, send_delta 5, trans_delta 3, recv_delta 8
P: seq 28547, size 1071, send_delta 6, trans_delta 2, recv_delta 8
P: seq 28548, size 1071, send_delta 6, trans_delta 3, recv_delta 9
P: seq 28549, size 1071, send_delta 6, trans_delta 4, recv_delta 10
P: seq 28550, size 1124, send_delta 6, trans_delta 4, recv_delta 10
P: seq 28551, size 1124, send_delta 8, trans_delta 2, recv_delta 10
P: seq 28552, size 1124, send_delta 8, trans_delta 2, recv_delta 10
P: seq 28553, size 1124, send_delta 8, trans_delta 3, recv_delta 11
P: seq 28554, size 1124, send_delta 8, trans_delta 3, recv_delta 11
P: seq 28555, size 1071, send_delta 9, trans_delta 2, recv_delta 11
P: seq 28556, size 1071, send_delta 9, trans_delta 3, recv_delta 12
P: seq 28557, size 1072, send_delta 9, trans_delta 3, recv_delta 12
RTP TS: 406869901, Frame Size: 37213, Encode 5, Net 14, Wait 45, Decode 8 E2E 72 
P: seq 28558, size 1062, send_delta 0, trans_delta 1, recv_delta 1
P: seq 28559, size 1063, send_delta 1, trans_delta 2, recv_delta 3
P: seq 28560, size 1063, send_delta 2, trans_delta 1, recv_delta 3
P: seq 28561, size 1063, send_delta 2, trans_delta 2, recv_delta 4
P: seq 28562, size 1063, send_delta 2, trans_delta 2, recv_delta 4
P: seq 28563, size 1176, send_delta 3, trans_delta 1, recv_delta 4
P: seq 28564, size 1176, send_delta 3, trans_delta 2, recv_delta 5
P: seq 28565, size 1176, send_delta 3, trans_delta 2, recv_delta 5
P: seq 28566, size 1096, send_delta 3, trans_delta 3, recv_delta 6
P: seq 28567, size 1096, send_delta 4, trans_delta 2, recv_delta 6
P: seq 28568, size 1096, send_delta 4, trans_delta 3, recv_delta 7
P: seq 28569, size 1097, send_delta 4, trans_delta 3, recv_delta 7
P: seq 28570, size 1020, send_delta 4, trans_delta 3, recv_delta 7
P: seq 28571, size 1020, send_delta 5, trans_delta 2, recv_delta 7
P: seq 28572, size 1021, send_delta 5, trans_delta 2, recv_delta 7
P: seq 28573, size 1021, send_delta 5, trans_delta 3, recv_delta 8
P: seq 28574, size 992, send_delta 5, trans_delta 3, recv_delta 8
P: seq 28575, size 993, send_delta 6, trans_delta 2, recv_delta 8
P: seq 28576, size 993, send_delta 7, trans_delta 2, recv_delta 9
P: seq 28577, size 993, send_delta 7, trans_delta 2, recv_delta 9
P: seq 28578, size 993, send_delta 7, trans_delta 2, recv_delta 9
P: seq 28579, size 1006, send_delta 8, trans_delta 2, recv_delta 10
P: seq 28580, size 1006, send_delta 8, trans_delta 2, recv_delta 10
P: seq 28581, size 1006, send_delta 8, trans_delta 2, recv_delta 10
P: seq 28582, size 1007, send_delta 8, trans_delta 3, recv_delta 11
P: seq 28583, size 1007, send_delta 8, trans_delta 3, recv_delta 11
P: seq 28584, size 1007, send_delta 9, trans_delta 2, recv_delta 11
P: seq 28585, size 1022, send_delta 9, trans_delta 3, recv_delta 12
P: seq 28586, size 1023, send_delta 9, trans_delta 3, recv_delta 12
P: seq 28587, size 1023, send_delta 9, trans_delta 3, recv_delta 12
P: seq 28588, size 1023, send_delta 10, trans_delta 2, recv_delta 12
P: seq 28589, size 1023, send_delta 10, trans_delta 3, recv_delta 13
P: seq 28590, size 1023, send_delta 10, trans_delta 3, recv_delta 13
P: seq 28591, size 923, send_delta 10, trans_delta 3, recv_delta 13
P: seq 28592, size 923, send_delta 10, trans_delta 3, recv_delta 13
P: seq 28593, size 923, send_delta 11, trans_delta 2, recv_delta 13
P: seq 28594, size 924, send_delta 12, trans_delta 2, recv_delta 14
RTP TS: 406871521, Frame Size: 28881, Encode 4, Net 11, Wait 50, Decode 6 E2E 71 
P: seq 28595, size 1020, send_delta 0, trans_delta 0, recv_delta 0
P: seq 28596, size 1020, send_delta 1, trans_delta 2, recv_delta 3
P: seq 28597, size 1020, send_delta 1, trans_delta 2, recv_delta 3
P: seq 28598, size 1139, send_delta 1, trans_delta 3, recv_delta 4
P: seq 28599, size 1140, send_delta 1, trans_delta 3, recv_delta 4
P: seq 28600, size 978, send_delta 3, trans_delta 1, recv_delta 4
P: seq 28601, size 978, send_delta 3, trans_delta 2, recv_delta 5
P: seq 28602, size 978, send_delta 3, trans_delta 2, recv_delta 5
P: seq 28603, size 1033, send_delta 3, trans_delta 2, recv_delta 5
P: seq 28604, size 1033, send_delta 3, trans_delta 3, recv_delta 6
P: seq 28605, size 1033, send_delta 4, trans_delta 2, recv_delta 6
P: seq 28606, size 1135, send_delta 4, trans_delta 2, recv_delta 6
P: seq 28607, size 1135, send_delta 4, trans_delta 2, recv_delta 6
P: seq 28608, size 1135, send_delta 4, trans_delta 2, recv_delta 6
P: seq 28609, size 1135, send_delta 5, trans_delta 1, recv_delta 6
P: seq 28610, size 973, send_delta 5, trans_delta 2, recv_delta 7
P: seq 28611, size 973, send_delta 5, trans_delta 3, recv_delta 8
P: seq 28612, size 973, send_delta 5, trans_delta 3, recv_delta 8
P: seq 28613, size 974, send_delta 7, trans_delta 2, recv_delta 9
P: seq 28614, size 974, send_delta 7, trans_delta 2, recv_delta 9
P: seq 28615, size 1162, send_delta 7, trans_delta 2, recv_delta 9
P: seq 28616, size 1162, send_delta 7, trans_delta 2, recv_delta 9
P: seq 28617, size 1162, send_delta 7, trans_delta 3, recv_delta 10
P: seq 28618, size 1163, send_delta 7, trans_delta 3, recv_delta 10
P: seq 28619, size 1163, send_delta 8, trans_delta 3, recv_delta 11
P: seq 28620, size 995, send_delta 8, trans_delta 3, recv_delta 11
P: seq 28621, size 995, send_delta 8, trans_delta 3, recv_delta 11
P: seq 28622, size 995, send_delta 8, trans_delta 3, recv_delta 11
RTP TS: 406873141, Frame Size: 32834, Encode 4, Net 16, Wait 45, Decode 7 E2E 72 
P: seq 28623, size 987, send_delta 0, trans_delta 1, recv_delta 1
P: seq 28624, size 988, send_delta 1, trans_delta 1, recv_delta 2
P: seq 28625, size 988, send_delta 1, trans_delta 1, recv_delta 2
P: seq 28626, size 988, send_delta 1, trans_delta 2, recv_delta 3
P: seq 28627, size 988, send_delta 1, trans_delta 2, recv_delta 3
P: seq 28628, size 1117, send_delta 1, trans_delta 2, recv_delta 3
P: seq 28629, size 1117, send_delta 2, trans_delta 1, recv_delta 3
P: seq 28630, size 1118, send_delta 2, trans_delta 1, recv_delta 3
P: seq 28631, size 975, send_delta 3, trans_delta 1, recv_delta 4
P: seq 28632, size 975, send_delta 3, trans_delta 1, recv_delta 4
P: seq 28633, size 976, send_delta 4, trans_delta 0, recv_delta 4
P: seq 28634, size 976, send_delta 4, trans_delta 1, recv_delta 5
P: seq 28635, size 1178, send_delta 4, trans_delta 1, recv_delta 5
P: seq 28636, size 1178, send_delta 4, trans_delta 2, recv_delta 6
P: seq 28637, size 1179, send_delta 4, trans_delta 2, recv_delta 6
P: seq 28638, size 1011, send_delta 4, trans_delta 3, recv_delta 7
P: seq 28639, size 1012, send_delta 5, trans_delta 3, recv_delta 8
P: seq 28640, size 1012, send_delta 6, trans_delta 2, recv_delta 8
P: seq 28641, size 1012, send_delta 6, trans_delta 3, recv_delta 9
P: seq 28642, size 1155, send_delta 6, trans_delta 3, recv_delta 9
P: seq 28643, size 1155, send_delta 6, trans_delta 4, recv_delta 10
P: seq 28644, size 1156, send_delta 7, trans_delta 3, recv_delta 10
P: seq 28645, size 1156, send_delta 7, trans_delta 4, recv_delta 11
P: seq 28646, size 1184, send_delta 7, trans_delta 4, recv_delta 11
P: seq 28647, size 1184, send_delta 7, trans_delta 5, recv_delta 12
P: seq 28648, size 1184, send_delta 8, trans_delta 5, recv_delta 13
P: seq 28649, size 1184, send_delta 8, trans_delta 5, recv_delta 13
P: seq 28650, size 1185, send_delta 8, trans_delta 6, recv_delta 14
P: seq 28651, size 1096, send_delta 9, trans_delta 5, recv_delta 14
P: seq 28652, size 1096, send_delta 10, trans_delta 5, recv_delta 15
P: seq 28653, size 1097, send_delta 10, trans_delta 5, recv_delta 15
RTP TS: 406874761, Frame Size: 31659, Encode 4, Net 18, Wait 43, Decode 7 E2E 72 
P: seq 28654, size 909, send_delta 0, trans_delta 1, recv_delta 1
P: seq 28655, size 910, send_delta 1, trans_delta 0, recv_delta 1
P: seq 28656, size 910, send_delta 1, trans_delta 1, recv_delta 2
P: seq 28657, size 910, send_delta 1, trans_delta 2, recv_delta 3
P: seq 28658, size 905, send_delta 1, trans_delta 2, recv_delta 3
P: seq 28659, size 905, send_delta 2, trans_delta 2, recv_delta 4
P: seq 28660, size 905, send_delta 2, trans_delta 3, recv_delta 5
P: seq 28661, size 1029, send_delta 2, trans_delta 3, recv_delta 5
P: seq 28662, size 1030, send_delta 2, trans_delta 4, recv_delta 6
P: seq 28663, size 1030, send_delta 3, trans_delta 3, recv_delta 6
P: seq 28664, size 1030, send_delta 4, trans_delta 3, recv_delta 7
P: seq 28665, size 924, send_delta 4, trans_delta 3, recv_delta 7
P: seq 28666, size 924, send_delta 4, trans_delta 4, recv_delta 8
P: seq 28667, size 924, send_delta 4, trans_delta 4, recv_delta 8
P: seq 28668, size 925, send_delta 4, trans_delta 4, recv_delta 8
P: seq 28669, size 952, send_delta 5, trans_delta 4, recv_delta 9
P: seq 28670, size 952, send_delta 5, trans_delta 4, recv_delta 9
P: seq 28671, size 952, send_delta 5, trans_delta 5, recv_delta 10
P: seq 28672, size 953, send_delta 5, trans_delta 6, recv_delta 11
P: seq 28673, size 1033, send_delta 5, trans_delta 6, recv_delta 11
P: seq 28674, size 1034, send_delta 6, trans_delta 5, recv_delta 11
P: seq 28675, size 1034, send_delta 6, trans_delta 6, recv_delta 12
P: seq 28676, size 1034, send_delta 6, trans_delta 7, recv_delta 13
P: seq 28677, size 1034, send_delta 6, trans_delta 7, recv_delta 13
P: seq 28678, size 1196, send_delta 7, trans_delta 6, recv_delta 13
P: seq 28679, size 1196, send_delta 7, trans_delta 7, recv_delta 14
P: seq 28680, size 1196, send_delta 8, trans_delta 7, recv_delta 15
P: seq 28681, size 1196, send_delta 8, trans_delta 7, recv_delta 15
P: seq 28682, size 1196, send_delta 9, trans_delta 7, recv_delta 16
P: seq 28683, size 1110, send_delta 9, trans_delta 7, recv_delta 16
P: seq 28684, size 1110, send_delta 9, trans_delta 7, recv_delta 16
P: seq 28685, size 1110, send_delta 9, trans_delta 9, recv_delta 18
RTP TS: 406876291, Frame Size: 33882, Encode 4, Net 19, Wait 42, Decode 7 E2E 72 
P: seq 28686, size 1080, send_delta 0, trans_delta 2, recv_delta 2
P: seq 28687, size 1080, send_delta 2, trans_delta 1, recv_delta 3
P: seq 28688, size 1080, send_delta 2, trans_delta 1, recv_delta 3
P: seq 28689, size 1080, send_delta 2, trans_delta 1, recv_delta 3
P: seq 28690, size 1080, send_delta 2, trans_delta 1, recv_delta 3
P: seq 28691, size 1143, send_delta 3, trans_delta 2, recv_delta 5
P: seq 28692, size 1143, send_delta 3, trans_delta 3, recv_delta 6
P: seq 28693, size 1143, send_delta 3, trans_delta 3, recv_delta 6
P: seq 28694, size 957, send_delta 3, trans_delta 4, recv_delta 7
P: seq 28695, size 957, send_delta 4, trans_delta 3, recv_delta 7
P: seq 28696, size 957, send_delta 4, trans_delta 4, recv_delta 8
P: seq 28697, size 957, send_delta 4, trans_delta 4, recv_delta 8
P: seq 28698, size 1016, send_delta 4, trans_delta 4, recv_delta 8
P: seq 28699, size 1016, send_delta 4, trans_delta 5, recv_delta 9
P: seq 28700, size 1016, send_delta 6, trans_delta 4, recv_delta 10
P: seq 28701, size 1016, send_delta 6, trans_delta 4, recv_delta 10
P: seq 28702, size 931, send_delta 6, trans_delta 5, recv_delta 11
P: seq 28703, size 931, send_delta 6, trans_delta 5, recv_delta 11
P: seq 28704, size 931, send_delta 7, trans_delta 4, recv_delta 11
P: seq 28705, size 931, send_delta 7, trans_delta 5, recv_delta 12
P: seq 28706, size 1024, send_delta 7, trans_delta 6, recv_delta 13
P: seq 28707, size 1024, send_delta 7, trans_delta 6, recv_delta 13
P: seq 28708, size 1025, send_delta 7, trans_delta 6, recv_delta 13
P: seq 28709, size 1025, send_delta 8, trans_delta 6, recv_delta 14
P: seq 28710, size 1025, send_delta 8, trans_delta 7, recv_delta 15
P: seq 28711, size 1183, send_delta 8, trans_delta 7, recv_delta 15
P: seq 28712, size 1184, send_delta 8, trans_delta 8, recv_delta 16
P: seq 28713, size 1184, send_delta 8, trans_delta 8, recv_delta 16
P: seq 28714, size 1184, send_delta 10, trans_delta 7, recv_delta 17
P: seq 28715, size 1184, send_delta 10, trans_delta 7, recv_delta 17
P: seq 28716, size 1073, send_delta 10, trans_delta 7, recv_delta 17
P: seq 28717, size 1073, send_delta 10, trans_delta 8, recv_delta 18
P: seq 28718, size 1074, send_delta 11, trans_delta 8, recv_delta 19
RTP TS: 406877911, Frame Size: 33068, Encode 4, Net 18, Wait 42, Decode 7 E2E 71 
P: seq 28719, size 1175, send_delta 0, trans_delta 2, recv_delta 2
P: seq 28720, size 1175, send_delta 2, trans_delta 1, recv_delta 3
P: seq 28721, size 1175, send_delta 2, trans_delta 1, recv_delta 3
P: seq 28722, size 1175, send_delta 2, trans_delta 1, recv_delta 3
P: seq 28723, size 1087, send_delta 2, trans_delta 3, recv_delta 5
P: seq 28724, size 1088, send_delta 3, trans_delta 2, recv_delta 5
P: seq 28725, size 1088, send_delta 3, trans_delta 2, recv_delta 5
P: seq 28726, size 918, send_delta 3, trans_delta 3, recv_delta 6
P: seq 28727, size 918, send_delta 3, trans_delta 3, recv_delta 6
P: seq 28728, size 918, send_delta 4, trans_delta 3, recv_delta 7
P: seq 28729, size 918, send_delta 4, trans_delta 3, recv_delta 7
P: seq 28730, size 971, send_delta 4, trans_delta 4, recv_delta 8
P: seq 28731, size 971, send_delta 4, trans_delta 4, recv_delta 8
P: seq 28732, size 971, send_delta 5, trans_delta 4, recv_delta 9
P: seq 28733, size 972, send_delta 6, trans_delta 3, recv_delta 9
P: seq 28734, size 987, send_delta 6, trans_delta 4, recv_delta 10
P: seq 28735, size 987, send_delta 6, trans_delta 4, recv_delta 10
P: seq 28736, size 988, send_delta 6, trans_delta 5, recv_delta 11
P: seq 28737, size 988, send_delta 6, trans_delta 5, recv_delta 11
P: seq 28738, size 1061, send_delta 7, trans_delta 4, recv_delta 11
P: seq 28739, size 1062, send_delta 7, trans_delta 5, recv_delta 12
P: seq 28740, size 1062, send_delta 7, trans_delta 5, recv_delta 12
P: seq 28741, size 1062, send_delta 7, trans_delta 6, recv_delta 13
P: seq 28742, size 1062, send_delta 8, trans_delta 6, recv_delta 14
P: seq 28743, size 1162, send_delta 8, trans_delta 6, recv_delta 14
P: seq 28744, size 1162, send_delta 8, trans_delta 6, recv_delta 14
P: seq 28745, size 1162, send_delta 8, trans_delta 6, recv_delta 14
P: seq 28746, size 1163, send_delta 10, trans_delta 5, recv_delta 15
P: seq 28747, size 1163, send_delta 10, trans_delta 7, recv_delta 17
P: seq 28748, size 1092, send_delta 10, trans_delta 8, recv_delta 18
P: seq 28749, size 1092, send_delta 10, trans_delta 8, recv_delta 18
P: seq 28750, size 1092, send_delta 10, trans_delta 8, recv_delta 18
RTP TS: 406879531, Frame Size: 22041, Encode 3, Net 12, Wait 49, Decode 5 E2E 69 
P: seq 28751, size 867, send_delta 0, trans_delta 0, recv_delta 0
P: seq 28752, size 867, send_delta 1, trans_delta 1, recv_delta 2
P: seq 28753, size 867, send_delta 1, trans_delta 1, recv_delta 2
P: seq 28754, size 1043, send_delta 1, trans_delta 1, recv_delta 2
P: seq 28755, size 1043, send_delta 1, trans_delta 2, recv_delta 3
P: seq 28756, size 1060, send_delta 1, trans_delta 3, recv_delta 4
P: seq 28757, size 1061, send_delta 2, trans_delta 3, recv_delta 5
P: seq 28758, size 1140, send_delta 2, trans_delta 3, recv_delta 5
P: seq 28759, size 1140, send_delta 2, trans_delta 3, recv_delta 5
P: seq 28760, size 984, send_delta 3, trans_delta 3, recv_delta 6
P: seq 28761, size 984, send_delta 4, trans_delta 3, recv_delta 7
P: seq 28762, size 985, send_delta 4, trans_delta 3, recv_delta 7
P: seq 28763, size 955, send_delta 4, trans_delta 3, recv_delta 7
P: seq 28764, size 955, send_delta 4, trans_delta 4, recv_delta 8
P: seq 28765, size 956, send_delta 4, trans_delta 4, recv_delta 8
P: seq 28766, size 956, send_delta 5, trans_delta 4, recv_delta 9
P: seq 28767, size 1013, send_delta 5, trans_delta 4, recv_delta 9
P: seq 28768, size 1013, send_delta 5, trans_delta 4, recv_delta 9
P: seq 28769, size 1013, send_delta 5, trans_delta 4, recv_delta 9
P: seq 28770, size 1014, send_delta 6, trans_delta 4, recv_delta 10
P: seq 28771, size 1014, send_delta 6, trans_delta 4, recv_delta 10
P: seq 28772, size 838, send_delta 6, trans_delta 5, recv_delta 11
P: seq 28773, size 838, send_delta 7, trans_delta 5, recv_delta 12
RTP TS: 406881151, Frame Size: 73602, Encode 6, Net 39, Wait 21, Decode 12 E2E 78 
P: seq 28774, size 57, send_delta 0, trans_delta 1, recv_delta 1
P: seq 28775, size 1143, send_delta 0, trans_delta 1, recv_delta 1
P: seq 28776, size 1143, send_delta 2, trans_delta 1, recv_delta 3
P: seq 28777, size 1143, send_delta 2, trans_delta 2, recv_delta 4
P: seq 28778, size 1144, send_delta 2, trans_delta 2, recv_delta 4
P: seq 28779, size 1144, send_delta 2, trans_delta 2, recv_delta 4
P: seq 28780, size 1144, send_delta 3, trans_delta 1, recv_delta 4
P: seq 28781, size 1144, send_delta 3, trans_delta 3, recv_delta 6
P: seq 28782, size 1144, send_delta 3, trans_delta 4, recv_delta 7
P: seq 28783, size 1144, send_delta 3, trans_delta 4, recv_delta 7
P: seq 28784, size 1144, send_delta 4, trans_delta 3, recv_delta 7
P: seq 28785, size 1144, send_delta 4, trans_delta 3, recv_delta 7
P: seq 28786, size 1144, send_delta 4, trans_delta 5, recv_delta 9
P: seq 28787, size 1144, send_delta 4, trans_delta 5, recv_delta 9
P: seq 28788, size 1144, send_delta 5, trans_delta 5, recv_delta 10
P: seq 28789, size 1144, send_delta 5, trans_delta 6, recv_delta 11
P: seq 28790, size 1114, send_delta 6, trans_delta 5, recv_delta 11
P: seq 28791, size 1114, send_delta 6, trans_delta 6, recv_delta 12
P: seq 28792, size 1114, send_delta 6, trans_delta 6, recv_delta 12
P: seq 28793, size 1114, send_delta 7, trans_delta 6, recv_delta 13
P: seq 28794, size 1115, send_delta 7, trans_delta 6, recv_delta 13
P: seq 28795, size 1115, send_delta 7, trans_delta 7, recv_delta 14
P: seq 28796, size 1115, send_delta 7, trans_delta 7, recv_delta 14
P: seq 28797, size 1115, send_delta 7, trans_delta 8, recv_delta 15
P: seq 28798, size 1115, send_delta 8, trans_delta 7, recv_delta 15
P: seq 28799, size 1115, send_delta 8, trans_delta 7, recv_delta 15
P: seq 28800, size 1115, send_delta 8, trans_delta 9, recv_delta 17
P: seq 28801, size 1115, send_delta 9, trans_delta 8, recv_delta 17
P: seq 28802, size 1115, send_delta 9, trans_delta 9, recv_delta 18
P: seq 28803, size 1084, send_delta 9, trans_delta 9, recv_delta 18
P: seq 28804, size 1084, send_delta 9, trans_delta 10, recv_delta 19
P: seq 28805, size 1085, send_delta 11, trans_delta 8, recv_delta 19
P: seq 28806, size 1085, send_delta 11, trans_delta 9, recv_delta 20
P: seq 28807, size 1085, send_delta 11, trans_delta 9, recv_delta 20
P: seq 28808, size 1085, send_delta 11, trans_delta 9, recv_delta 20
P: seq 28809, size 1085, send_delta 11, trans_delta 11, recv_delta 22
P: seq 28810, size 1085, send_delta 12, trans_delta 10, recv_delta 22
P: seq 28811, size 1148, send_delta 12, trans_delta 10, recv_delta 22
P: seq 28812, size 1148, send_delta 12, trans_delta 11, recv_delta 23
P: seq 28813, size 1148, send_delta 12, trans_delta 12, recv_delta 24
P: seq 28814, size 1148, send_delta 13, trans_delta 11, recv_delta 24
P: seq 28815, size 1149, send_delta 14, trans_delta 11, recv_delta 25
P: seq 28816, size 1149, send_delta 14, trans_delta 11, recv_delta 25
P: seq 28817, size 1154, send_delta 14, trans_delta 12, recv_delta 26
P: seq 28818, size 1154, send_delta 15, trans_delta 12, recv_delta 27
P: seq 28819, size 1154, send_delta 15, trans_delta 12, recv_delta 27
P: seq 28820, size 1154, send_delta 15, trans_delta 13, recv_delta 28
P: seq 28821, size 1155, send_delta 15, trans_delta 13, recv_delta 28
P: seq 28822, size 1155, send_delta 16, trans_delta 13, recv_delta 29
P: seq 28823, size 1029, send_delta 16, trans_delta 13, recv_delta 29
P: seq 28824, size 1029, send_delta 16, trans_delta 14, recv_delta 30
P: seq 28825, size 1030, send_delta 16, trans_delta 14, recv_delta 30
P: seq 28826, size 1030, send_delta 16, trans_delta 15, recv_delta 31
P: seq 28827, size 1030, send_delta 17, trans_delta 15, recv_delta 32
P: seq 28828, size 1043, send_delta 18, trans_delta 14, recv_delta 32
P: seq 28829, size 1043, send_delta 18, trans_delta 14, recv_delta 32
P: seq 28830, size 1043, send_delta 18, trans_delta 15, recv_delta 33
P: seq 28831, size 1044, send_delta 18, trans_delta 15, recv_delta 33
P: seq 28832, size 1044, send_delta 18, trans_delta 15, recv_delta 33
P: seq 28833, size 1044, send_delta 19, trans_delta 15, recv_delta 34
P: seq 28834, size 1044, send_delta 19, trans_delta 16, recv_delta 35
P: seq 28835, size 1088, send_delta 19, trans_delta 17, recv_delta 36
P: seq 28836, size 1088, send_delta 19, trans_delta 17, recv_delta 36
P: seq 28837, size 1088, send_delta 20, trans_delta 16, recv_delta 36
P: seq 28838, size 1088, send_delta 20, trans_delta 17, recv_delta 37
P: seq 28839, size 1088, send_delta 20, trans_delta 17, recv_delta 37
P: seq 28840, size 1089, send_delta 20, trans_delta 17, recv_delta 37
P: seq 28841, size 1089, send_delta 21, trans_delta 17, recv_delta 38
P: seq 28842, size 1089, send_delta 23, trans_delta 15, recv_delta 38
RTP TS: 406882771, Frame Size: 21890, Encode 4, Net 34, Wait 28, Decode 5 E2E 71 
P: seq 28843, size 1139, send_delta 7, trans_delta 17, recv_delta 24
P: seq 28844, size 1139, send_delta 7, trans_delta 17, recv_delta 24
P: seq 28845, size 1139, send_delta 7, trans_delta 18, recv_delta 25
P: seq 28846, size 1033, send_delta 7, trans_delta 18, recv_delta 25
P: seq 28847, size 1033, send_delta 7, trans_delta 19, recv_delta 26
P: seq 28848, size 1033, send_delta 7, trans_delta 19, recv_delta 26
P: seq 28849, size 1034, send_delta 7, trans_delta 20, recv_delta 27
P: seq 28850, size 1076, send_delta 8, trans_delta 20, recv_delta 28
P: seq 28851, size 1076, send_delta 8, trans_delta 20, recv_delta 28
P: seq 28852, size 1077, send_delta 8, trans_delta 20, recv_delta 28
P: seq 28853, size 1077, send_delta 8, trans_delta 21, recv_delta 29
P: seq 28854, size 1091, send_delta 9, trans_delta 21, recv_delta 30
P: seq 28855, size 1091, send_delta 9, trans_delta 22, recv_delta 31
P: seq 28856, size 1092, send_delta 9, trans_delta 22, recv_delta 31
P: seq 28857, size 1121, send_delta 9, trans_delta 22, recv_delta 31
P: seq 28858, size 1122, send_delta 11, trans_delta 20, recv_delta 31
P: seq 28859, size 1175, send_delta 12, trans_delta 21, recv_delta 33
P: seq 28860, size 978, send_delta 12, trans_delta 21, recv_delta 33
P: seq 28861, size 978, send_delta 12, trans_delta 21, recv_delta 33
P: seq 28862, size 949, send_delta 12, trans_delta 22, recv_delta 34
P: seq 28863, size 949, send_delta 12, trans_delta 22, recv_delta 34
RTP TS: 406884391, Frame Size: 26585, Encode 5, Net 30, Wait 32, Decode 6 E2E 73 
P: seq 28864, size 1091, send_delta 0, trans_delta 16, recv_delta 16
P: seq 28865, size 1092, send_delta 2, trans_delta 15, recv_delta 17
P: seq 28866, size 1092, send_delta 2, trans_delta 15, recv_delta 17
P: seq 28867, size 1092, send_delta 2, trans_delta 16, recv_delta 18
P: seq 28868, size 1092, send_delta 2, trans_delta 17, recv_delta 19
P: seq 28869, size 968, send_delta 3, trans_delta 17, recv_delta 20
P: seq 28870, size 968, send_delta 3, trans_delta 17, recv_delta 20
P: seq 28871, size 969, send_delta 3, trans_delta 17, recv_delta 20
P: seq 28872, size 969, send_delta 3, trans_delta 18, recv_delta 21
P: seq 28873, size 1020, send_delta 3, trans_delta 19, recv_delta 22
P: seq 28874, size 1021, send_delta 4, trans_delta 18, recv_delta 22
P: seq 28875, size 1021, send_delta 4, trans_delta 18, recv_delta 22
P: seq 28876, size 1021, send_delta 4, trans_delta 19, recv_delta 23
P: seq 28877, size 962, send_delta 4, trans_delta 19, recv_delta 23
P: seq 28878, size 962, send_delta 6, trans_delta 17, recv_delta 23
P: seq 28879, size 963, send_delta 6, trans_delta 18, recv_delta 24
P: seq 28880, size 963, send_delta 6, trans_delta 18, recv_delta 24
P: seq 28881, size 1055, send_delta 6, trans_delta 19, recv_delta 25
P: seq 28882, size 1056, send_delta 6, trans_delta 20, recv_delta 26
P: seq 28883, size 1056, send_delta 7, trans_delta 20, recv_delta 27
P: seq 28884, size 782, send_delta 7, trans_delta 20, recv_delta 27
P: seq 28885, size 782, send_delta 7, trans_delta 20, recv_delta 27
P: seq 28886, size 1143, send_delta 7, trans_delta 20, recv_delta 27
P: seq 28887, size 1143, send_delta 7, trans_delta 21, recv_delta 28
P: seq 28888, size 990, send_delta 8, trans_delta 21, recv_delta 29
P: seq 28889, size 990, send_delta 8, trans_delta 22, recv_delta 30
P: seq 28890, size 991, send_delta 8, trans_delta 22, recv_delta 30
RTP TS: 406886011, Frame Size: 25356, Encode 5, Net 24, Wait 39, Decode 6 E2E 74 
P: seq 28891, size 1051, send_delta 1, trans_delta 11, recv_delta 12
P: seq 28892, size 1051, send_delta 2, trans_delta 11, recv_delta 13
P: seq 28893, size 1051, send_delta 2, trans_delta 11, recv_delta 13
P: seq 28894, size 1052, send_delta 2, trans_delta 11, recv_delta 13
P: seq 28895, size 1052, send_delta 2, trans_delta 11, recv_delta 13
P: seq 28896, size 1143, send_delta 3, trans_delta 12, recv_delta 15
P: seq 28897, size 1143, send_delta 3, trans_delta 13, recv_delta 16
P: seq 28898, size 1143, send_delta 3, trans_delta 13, recv_delta 16
P: seq 28899, size 1088, send_delta 3, trans_delta 14, recv_delta 17
P: seq 28900, size 1088, send_delta 4, trans_delta 13, recv_delta 17
P: seq 28901, size 1088, send_delta 5, trans_delta 13, recv_delta 18
P: seq 28902, size 978, send_delta 5, trans_delta 13, recv_delta 18
P: seq 28903, size 978, send_delta 5, trans_delta 14, recv_delta 19
P: seq 28904, size 979, send_delta 5, trans_delta 14, recv_delta 19
P: seq 28905, size 979, send_delta 6, trans_delta 13, recv_delta 19
P: seq 28906, size 923, send_delta 6, trans_delta 14, recv_delta 20
P: seq 28907, size 924, send_delta 6, trans_delta 14, recv_delta 20
P: seq 28908, size 924, send_delta 6, trans_delta 14, recv_delta 20
P: seq 28909, size 924, send_delta 6, trans_delta 15, recv_delta 21
P: seq 28910, size 981, send_delta 7, trans_delta 15, recv_delta 22
P: seq 28911, size 981, send_delta 7, trans_delta 15, recv_delta 22
P: seq 28912, size 978, send_delta 7, trans_delta 16, recv_delta 23
P: seq 28913, size 979, send_delta 7, trans_delta 17, recv_delta 24
P: seq 28914, size 840, send_delta 7, trans_delta 17, recv_delta 24
P: seq 28915, size 840, send_delta 8, trans_delta 16, recv_delta 24
P: seq 28916, size 841, send_delta 8, trans_delta 16, recv_delta 24
RTP TS: 406887631, Frame Size: 28255, Encode 5, Net 22, Wait 41, Decode 7 E2E 75 
P: seq 28917, size 1121, send_delta 0, trans_delta 7, recv_delta 7
P: seq 28918, size 1121, send_delta 2, trans_delta 6, recv_delta 8
P: seq 28919, size 1121, send_delta 2, trans_delta 7, recv_delta 9
P: seq 28920, size 1121, send_delta 2, trans_delta 7, recv_delta 9
P: seq 28921, size 1121, send_delta 2, trans_delta 7, recv_delta 9
P: seq 28922, size 1149, send_delta 3, trans_delta 7, recv_delta 10
P: seq 28923, size 1150, send_delta 3, trans_delta 8, recv_delta 11
P: seq 28924, size 1150, send_delta 3, trans_delta 8, recv_delta 11
P: seq 28925, size 1150, send_delta 3, trans_delta 9, recv_delta 12
P: seq 28926, size 935, send_delta 5, trans_delta 7, recv_delta 12
P: seq 28927, size 935, send_delta 5, trans_delta 8, recv_delta 13
P: seq 28928, size 936, send_delta 5, trans_delta 8, recv_delta 13
P: seq 28929, size 1172, send_delta 5, trans_delta 8, recv_delta 13
P: seq 28930, size 1172, send_delta 5, trans_delta 9, recv_delta 14
P: seq 28931, size 1173, send_delta 5, trans_delta 10, recv_delta 15
P: seq 28932, size 1081, send_delta 6, trans_delta 10, recv_delta 16
P: seq 28933, size 1081, send_delta 6, trans_delta 10, recv_delta 16
P: seq 28934, size 1081, send_delta 6, trans_delta 10, recv_delta 16
P: seq 28935, size 1081, send_delta 6, trans_delta 11, recv_delta 17
P: seq 28936, size 923, send_delta 7, trans_delta 10, recv_delta 17
P: seq 28937, size 923, send_delta 7, trans_delta 10, recv_delta 17
P: seq 28938, size 923, send_delta 7, trans_delta 10, recv_delta 17
P: seq 28939, size 1139, send_delta 7, trans_delta 12, recv_delta 19
P: seq 28940, size 1140, send_delta 8, trans_delta 11, recv_delta 19
P: seq 28941, size 1008, send_delta 8, trans_delta 12, recv_delta 20
P: seq 28942, size 1008, send_delta 9, trans_delta 12, recv_delta 21
P: seq 28943, size 1009, send_delta 9, trans_delta 12, recv_delta 21
RTP TS: 406889161, Frame Size: 28245, Encode 5, Net 18, Wait 45, Decode 7 E2E 75 
P: seq 28944, size 1032, send_delta 0, trans_delta 4, recv_delta 4
P: seq 28945, size 1032, send_delta 2, trans_delta 2, recv_delta 4
P: seq 28946, size 1033, send_delta 2, trans_delta 3, recv_delta 5
P: seq 28947, size 1033, send_delta 2, trans_delta 3, recv_delta 5
P: seq 28948, size 1033, send_delta 2, trans_delta 3, recv_delta 5
P: seq 28949, size 987, send_delta 3, trans_delta 3, recv_delta 6
P: seq 28950, size 987, send_delta 3, trans_delta 4, recv_delta 7
P: seq 28951, size 987, send_delta 3, trans_delta 4, recv_delta 7
P: seq 28952, size 987, send_delta 3, trans_delta 5, recv_delta 8
P: seq 28953, size 1068, send_delta 3, trans_delta 5, recv_delta 8
P: seq 28954, size 1069, send_delta 4, trans_delta 4, recv_delta 8
P: seq 28955, size 1069, send_delta 4, trans_delta 5, recv_delta 9
P: seq 28956, size 1067, send_delta 4, trans_delta 6, recv_delta 10
P: seq 28957, size 1067, send_delta 4, trans_delta 6, recv_delta 10
P: seq 28958, size 1068, send_delta 6, trans_delta 4, recv_delta 10
P: seq 28959, size 1091, send_delta 6, trans_delta 5, recv_delta 11
P: seq 28960, size 1091, send_delta 6, trans_delta 6, recv_delta 12
P: seq 28961, size 1092, send_delta 6, trans_delta 7, recv_delta 13
P: seq 28962, size 1092, send_delta 6, trans_delta 7, recv_delta 13
P: seq 28963, size 919, send_delta 7, trans_delta 6, recv_delta 13
P: seq 28964, size 919, send_delta 7, trans_delta 7, recv_delta 14
P: seq 28965, size 919, send_delta 7, trans_delta 7, recv_delta 14
P: seq 28966, size 919, send_delta 7, trans_delta 8, recv_delta 15
P: seq 28967, size 816, send_delta 7, trans_delta 8, recv_delta 15
P: seq 28968, size 816, send_delta 8, trans_delta 7, recv_delta 15
P: seq 28969, size 817, send_delta 8, trans_delta 8, recv_delta 16
P: seq 28970, size 985, send_delta 8, trans_delta 8, recv_delta 16
P: seq 28971, size 985, send_delta 8, trans_delta 9, recv_delta 17
P: seq 28972, size 986, send_delta 9, trans_delta 9, recv_delta 18
RTP TS: 406890781, Frame Size: 27733, Encode 5, Net 14, Wait 48, Decode 7 E2E 74 
P: seq 28973, size 1177, send_delta 0, trans_delta 0, recv_delta 0
P: seq 28974, size 1177, send_delta 1, trans_delta 2, recv_delta 3
P: seq 28975, size 1177, send_delta 1, trans_delta 3, recv_delta 4
P: seq 28976, size 1177, send_delta 2, trans_delta 3, recv_delta 5
P: seq 28977, size 1042, send_delta 2, trans_delta 3, recv_delta 5
P: seq 28978, size 1043, send_delta 3, trans_delta 2, recv_delta 5
P: seq 28979, size 1043, send_delta 3, trans_delta 3, recv_delta 6
P: seq 28980, size 1043, send_delta 3, trans_delta 4, recv_delta 7
P: seq 28981, size 928, send_delta 3, trans_delta 4, recv_delta 7
P: seq 28982, size 928, send_delta 4, trans_delta 3, recv_delta 7
P: seq 28983, size 929, send_delta 4, trans_delta 3, recv_delta 7
P: seq 28984, size 1147, send_delta 4, trans_delta 4, recv_delta 8
P: seq 28985, size 1147, send_delta 4, trans_delta 5, recv_delta 9
P: seq 28986, size 1148, send_delta 4, trans_delta 6, recv_delta 10
P: seq 28987, size 960, send_delta 5, trans_delta 5, recv_delta 10
P: seq 28988, size 961, send_delta 5, trans_delta 5, recv_delta 10
P: seq 28989, size 961, send_delta 5, trans_delta 5, recv_delta 10
P: seq 28990, size 961, send_delta 5, trans_delta 5, recv_delta 10
P: seq 28991, size 911, send_delta 7, trans_delta 3, recv_delta 10
P: seq 28992, size 911, send_delta 7, trans_delta 4, recv_delta 11
P: seq 28993, size 911, send_delta 7, trans_delta 5, recv_delta 12
P: seq 28994, size 912, send_delta 7, trans_delta 5, recv_delta 12
P: seq 28995, size 899, send_delta 7, trans_delta 5, recv_delta 12
P: seq 28996, size 899, send_delta 8, trans_delta 5, recv_delta 13
P: seq 28997, size 900, send_delta 8, trans_delta 5, recv_delta 13
P: seq 28998, size 1045, send_delta 8, trans_delta 5, recv_delta 13
P: seq 28999, size 1045, send_delta 8, trans_delta 6, recv_delta 14
P: seq 29000, size 1046, send_delta 8, trans_delta 6, recv_delta 14
RTP TS: 406892401, Frame Size: 30260, Encode 5, Net 15, Wait 47, Decode 7 E2E 74 
P: seq 29001, size 1071, send_delta 1, trans_delta 1, recv_delta 2
P: seq 29002, size 1072, send_delta 3, trans_delta 1, recv_delta 4
P: seq 29003, size 1072, send_delta 3, trans_delta 2, recv_delta 5
P: seq 29004, size 1072, send_delta 3, trans_delta 2, recv_delta 5
P: seq 29005, size 1089, send_delta 4, trans_delta 1, recv_delta 5
P: seq 29006, size 1090, send_delta 4, trans_delta 2, recv_delta 6
P: seq 29007, size 1090, send_delta 4, trans_delta 2, recv_delta 6
P: seq 29008, size 1090, send_delta 4, trans_delta 3, recv_delta 7
P: seq 29009, size 1132, send_delta 5, trans_delta 2, recv_delta 7
P: seq 29010, size 1132, send_delta 5, trans_delta 2, recv_delta 7
P: seq 29011, size 1133, send_delta 5, trans_delta 3, recv_delta 8
P: seq 29012, size 1135, send_delta 6, trans_delta 2, recv_delta 8
P: seq 29013, size 1135, send_delta 6, trans_delta 3, recv_delta 9
P: seq 29014, size 1135, send_delta 6, trans_delta 3, recv_delta 9
P: seq 29015, size 1044, send_delta 7, trans_delta 2, recv_delta 9
P: seq 29016, size 1044, send_delta 7, trans_delta 3, recv_delta 10
P: seq 29017, size 1044, send_delta 8, trans_delta 3, recv_delta 11
P: seq 29018, size 1044, send_delta 8, trans_delta 3, recv_delta 11
P: seq 29019, size 973, send_delta 9, trans_delta 3, recv_delta 12
P: seq 29020, size 973, send_delta 9, trans_delta 3, recv_delta 12
P: seq 29021, size 973, send_delta 9, trans_delta 3, recv_delta 12
P: seq 29022, size 974, send_delta 9, trans_delta 3, recv_delta 12
P: seq 29023, size 992, send_delta 9, trans_delta 3, recv_delta 12
P: seq 29024, size 992, send_delta 10, trans_delta 3, recv_delta 13
P: seq 29025, size 993, send_delta 10, trans_delta 3, recv_delta 13
P: seq 29026, size 993, send_delta 10, trans_delta 4, recv_delta 14
P: seq 29027, size 1164, send_delta 11, trans_delta 3, recv_delta 14
P: seq 29028, size 1165, send_delta 11, trans_delta 3, recv_delta 14
P: seq 29029, size 1165, send_delta 11, trans_delta 4, recv_delta 15
RTP TS: 406894021, Frame Size: 34839, Encode 5, Net 16, Wait 46, Decode 8 E2E 75 
P: seq 29030, size 1077, send_delta 1, trans_delta 1, recv_delta 2
P: seq 29031, size 1077, send_delta 2, trans_delta 1, recv_delta 3
P: seq 29032, size 1077, send_delta 2, trans_delta 1, recv_delta 3
P: seq 29033, size 1078, send_delta 2, trans_delta 1, recv_delta 3
P: seq 29034, size 1078, send_delta 2, trans_delta 1, recv_delta 3
P: seq 29035, size 1124, send_delta 3, trans_delta 0, recv_delta 3
P: seq 29036, size 1124, send_delta 3, trans_delta 1, recv_delta 4
P: seq 29037, size 1124, send_delta 3, trans_delta 2, recv_delta 5
P: seq 29038, size 1125, send_delta 4, trans_delta 2, recv_delta 6
P: seq 29039, size 1016, send_delta 4, trans_delta 2, recv_delta 6
P: seq 29040, size 1016, send_delta 4, trans_delta 3, recv_delta 7
P: seq 29041, size 1017, send_delta 5, trans_delta 2, recv_delta 7
P: seq 29042, size 1017, send_delta 6, trans_delta 1, recv_delta 7
P: seq 29043, size 1011, send_delta 6, trans_delta 2, recv_delta 8
P: seq 29044, size 1011, send_delta 6, trans_delta 2, recv_delta 8
P: seq 29045, size 1011, send_delta 6, trans_delta 3, recv_delta 9
P: seq 29046, size 1011, send_delta 7, trans_delta 2, recv_delta 9
P: seq 29047, size 1146, send_delta 7, trans_delta 3, recv_delta 10
P: seq 29048, size 1146, send_delta 7, trans_delta 4, recv_delta 11
P: seq 29049, size 1146, send_delta 8, trans_delta 3, recv_delta 11
P: seq 29050, size 1147, send_delta 8, trans_delta 3, recv_delta 11
P: seq 29051, size 960, send_delta 8, trans_delta 3, recv_delta 11
P: seq 29052, size 960, send_delta 8, trans_delta 3, recv_delta 11
P: seq 29053, size 961, send_delta 9, trans_delta 2, recv_delta 11
P: seq 29054, size 961, send_delta 9, trans_delta 3, recv_delta 12
P: seq 29055, size 994, send_delta 10, trans_delta 2, recv_delta 12
P: seq 29056, size 994, send_delta 10, trans_delta 3, recv_delta 13
P: seq 29057, size 994, send_delta 10, trans_delta 3, recv_delta 13
P: seq 29058, size 994, send_delta 11, trans_delta 3, recv_delta 14
P: seq 29059, size 994, send_delta 11, trans_delta 3, recv_delta 14
P: seq 29060, size 1074, send_delta 11, trans_delta 4, recv_delta 15
P: seq 29061, size 1075, send_delta 12, trans_delta 3, recv_delta 15
P: seq 29062, size 1075, send_delta 12, trans_delta 3, recv_delta 15
P: seq 29063, size 1075, send_delta 12, trans_delta 4, recv_delta 16
RTP TS: 406895641, Frame Size: 41182, Encode 5, Net 18, Wait 45, Decode 8 E2E 76 
P: seq 29064, size 1132, send_delta 0, trans_delta 2, recv_delta 2
P: seq 29065, size 1132, send_delta 2, trans_delta 1, recv_delta 3
P: seq 29066, size 1133, send_delta 2, trans_delta 1, recv_delta 3
P: seq 29067, size 1133, send_delta 2, trans_delta 2, recv_delta 4
P: seq 29068, size 1133, send_delta 3, trans_delta 1, recv_delta 4
P: seq 29069, size 1133, send_delta 3, trans_delta 1, recv_delta 4
P: seq 29070, size 1133, send_delta 3, trans_delta 1, recv_delta 4
P: seq 29071, size 1133, send_delta 3, trans_delta 1, recv_delta 4
P: seq 29072, size 1133, send_delta 4, trans_delta 1, recv_delta 5
P: seq 29073, size 1133, send_delta 4, trans_delta 3, recv_delta 7
P: seq 29074, size 1133, send_delta 4, trans_delta 3, recv_delta 7
P: seq 29075, size 1121, send_delta 5, trans_delta 2, recv_delta 7
P: seq 29076, size 1121, send_delta 5, trans_delta 3, recv_delta 8
P: seq 29077, size 1122, send_delta 5, trans_delta 3, recv_delta 8
P: seq 29078, size 1122, send_delta 6, trans_delta 3, recv_delta 9
P: seq 29079, size 1034, send_delta 7, trans_delta 2, recv_delta 9
P: seq 29080, size 1034, send_delta 7, trans_delta 2, recv_delta 9
P: seq 29081, size 1034, send_delta 7, trans_delta 3, recv_delta 10
P: seq 29082, size 1034, send_delta 8, trans_delta 2, recv_delta 10
P: seq 29083, size 1035, send_delta 8, trans_delta 2, recv_delta 10
P: seq 29084, size 1025, send_delta 8, trans_delta 3, recv_delta 11
P: seq 29085, size 1026, send_delta 8, trans_delta 4, recv_delta 12
P: seq 29086, size 1026, send_delta 8, trans_delta 4, recv_delta 12
P: seq 29087, size 1026, send_delta 9, trans_delta 3, recv_delta 12
P: seq 29088, size 1026, send_delta 9, trans_delta 4, recv_delta 13
P: seq 29089, size 1171, send_delta 9, trans_delta 4, recv_delta 13
P: seq 29090, size 1171, send_delta 10, trans_delta 3, recv_delta 13
P: seq 29091, size 1172, send_delta 10, trans_delta 4, recv_delta 14
P: seq 29092, size 1172, send_delta 10, trans_delta 4, recv_delta 14
P: seq 29093, size 974, send_delta 12, trans_delta 3, recv_delta 15
P: seq 29094, size 974, send_delta 12, trans_delta 3, recv_delta 15
P: seq 29095, size 974, send_delta 12, trans_delta 3, recv_delta 15
P: seq 29096, size 974, send_delta 12, trans_delta 4, recv_delta 16
P: seq 29097, size 975, send_delta 13, trans_delta 3, recv_delta 16
P: seq 29098, size 1071, send_delta 13, trans_delta 3, recv_delta 16
P: seq 29099, size 1072, send_delta 13, trans_delta 4, recv_delta 17
P: seq 29100, size 1072, send_delta 13, trans_delta 5, recv_delta 18
P: seq 29101, size 1072, send_delta 14, trans_delta 4, recv_delta 18
P: seq 29102, size 1072, send_delta 14, trans_delta 4, recv_delta 18
RTP TS: 406897261, Frame Size: 39734, Encode 5, Net 19, Wait 43, Decode 8 E2E 75 
P: seq 29103, size 1131, send_delta 0, trans_delta 2, recv_delta 2
P: seq 29104, size 1131, send_delta 3, trans_delta 1, recv_delta 4
P: seq 29105, size 1131, send_delta 3, trans_delta 2, recv_delta 5
P: seq 29106, size 1131, send_delta 3, trans_delta 2, recv_delta 5
P: seq 29107, size 1131, send_delta 3, trans_delta 2, recv_delta 5
P: seq 29108, size 1111, send_delta 3, trans_delta 2, recv_delta 5
P: seq 29109, size 1112, send_delta 3, trans_delta 3, recv_delta 6
P: seq 29110, size 1112, send_delta 5, trans_delta 2, recv_delta 7
P: seq 29111, size 1112, send_delta 5, trans_delta 2, recv_delta 7
P: seq 29112, size 1112, send_delta 5, trans_delta 2, recv_delta 7
P: seq 29113, size 1112, send_delta 5, trans_delta 3, recv_delta 8
P: seq 29114, size 1031, send_delta 5, trans_delta 3, recv_delta 8
P: seq 29115, size 1031, send_delta 5, trans_delta 4, recv_delta 9
P: seq 29116, size 1032, send_delta 7, trans_delta 2, recv_delta 9
P: seq 29117, size 1032, send_delta 7, trans_delta 3, recv_delta 10
P: seq 29118, size 1094, send_delta 7, trans_delta 3, recv_delta 10
P: seq 29119, size 1094, send_delta 7, trans_delta 4, recv_delta 11
P: seq 29120, size 1094, send_delta 7, trans_delta 4, recv_delta 11
P: seq 29121, size 1094, send_delta 8, trans_delta 3, recv_delta 11
P: seq 29122, size 1054, send_delta 8, trans_delta 4, recv_delta 12
P: seq 29123, size 1055, send_delta 8, trans_delta 5, recv_delta 13
P: seq 29124, size 1055, send_delta 8, trans_delta 5, recv_delta 13
P: seq 29125, size 1055, send_delta 10, trans_delta 3, recv_delta 13
P: seq 29126, size 1055, send_delta 10, trans_delta 3, recv_delta 13
P: seq 29127, size 1132, send_delta 10, trans_delta 3, recv_delta 13
P: seq 29128, size 1132, send_delta 10, trans_delta 4, recv_delta 14
P: seq 29129, size 1133, send_delta 10, trans_delta 4, recv_delta 14
P: seq 29130, size 1133, send_delta 11, trans_delta 4, recv_delta 15
P: seq 29131, size 1164, send_delta 11, trans_delta 5, recv_delta 16
P: seq 29132, size 1164, send_delta 11, trans_delta 5, recv_delta 16
P: seq 29133, size 1164, send_delta 13, trans_delta 4, recv_delta 17
P: seq 29134, size 1164, send_delta 13, trans_delta 4, recv_delta 17
P: seq 29135, size 1075, send_delta 13, trans_delta 4, recv_delta 17
P: seq 29136, size 1075, send_delta 13, trans_delta 5, recv_delta 18
P: seq 29137, size 1075, send_delta 13, trans_delta 5, recv_delta 18
P: seq 29138, size 1075, send_delta 13, trans_delta 5, recv_delta 18
P: seq 29139, size 1075, send_delta 15, trans_delta 4, recv_delta 19
RTP TS: 406898881, Frame Size: 33533, Encode 5, Net 14, Wait 48, Decode 7 E2E 74 
P: seq 29140, size 892, send_delta 0, trans_delta 0, recv_delta 0
P: seq 29141, size 893, send_delta 1, trans_delta 0, recv_delta 1
P: seq 29142, size 893, send_delta 1, trans_delta 1, recv_delta 2
P: seq 29143, size 936, send_delta 1, trans_delta 1, recv_delta 2
P: seq 29144, size 936, send_delta 1, trans_delta 2, recv_delta 3
P: seq 29145, size 936, send_delta 1, trans_delta 2, recv_delta 3
P: seq 29146, size 937, send_delta 2, trans_delta 2, recv_delta 4
P: seq 29147, size 1034, send_delta 2, trans_delta 2, recv_delta 4
P: seq 29148, size 1035, send_delta 2, trans_delta 3, recv_delta 5
P: seq 29149, size 1035, send_delta 3, trans_delta 2, recv_delta 5
P: seq 29150, size 1035, send_delta 4, trans_delta 1, recv_delta 5
P: seq 29151, size 1159, send_delta 4, trans_delta 2, recv_delta 6
P: seq 29152, size 1159, send_delta 4, trans_delta 2, recv_delta 6
P: seq 29153, size 1159, send_delta 4, trans_delta 3, recv_delta 7
P: seq 29154, size 1044, send_delta 5, trans_delta 2, recv_delta 7
P: seq 29155, size 1044, send_delta 5, trans_delta 2, recv_delta 7
P: seq 29156, size 1044, send_delta 5, trans_delta 3, recv_delta 8
P: seq 29157, size 1044, send_delta 5, trans_delta 3, recv_delta 8
P: seq 29158, size 1045, send_delta 6, trans_delta 3, recv_delta 9
P: seq 29159, size 1037, send_delta 7, trans_delta 2, recv_delta 9
P: seq 29160, size 1037, send_delta 7, trans_delta 2, recv_delta 9
P: seq 29161, size 1038, send_delta 7, trans_delta 3, recv_delta 10
P: seq 29162, size 1038, send_delta 8, trans_delta 2, recv_delta 10
P: seq 29163, size 1147, send_delta 8, trans_delta 3, recv_delta 11
P: seq 29164, size 1147, send_delta 8, trans_delta 3, recv_delta 11
P: seq 29165, size 1148, send_delta 9, trans_delta 2, recv_delta 11
P: seq 29166, size 1148, send_delta 9, trans_delta 3, recv_delta 12
P: seq 29167, size 1148, send_delta 9, trans_delta 3, recv_delta 12
P: seq 29168, size 1042, send_delta 9, trans_delta 3, recv_delta 12
P: seq 29169, size 1042, send_delta 10, trans_delta 2, recv_delta 12
P: seq 29170, size 1042, send_delta 10, trans_delta 3, recv_delta 13
P: seq 29171, size 1042, send_delta 10, trans_delta 3, recv_delta 13
P: seq 29172, size 1042, send_delta 11, trans_delta 3, recv_delta 14
RTP TS: 406900501, Frame Size: 29935, Encode 5, Net 14, Wait 48, Decode 7 E2E 74 
P: seq 29173, size 1139, send_delta 0, trans_delta 2, recv_delta 2
P: seq 29174, size 1139, send_delta 1, trans_delta 2, recv_delta 3
P: seq 29175, size 1139, send_delta 1, trans_delta 2, recv_delta 3
P: seq 29176, size 1038, send_delta 1, trans_delta 3, recv_delta 4
P: seq 29177, size 1039, send_delta 3, trans_delta 1, recv_delta 4
P: seq 29178, size 1039, send_delta 3, trans_delta 1, recv_delta 4
P: seq 29179, size 1035, send_delta 3, trans_delta 1, recv_delta 4
P: seq 29180, size 1035, send_delta 3, trans_delta 1, recv_delta 4
P: seq 29181, size 1036, send_delta 4, trans_delta 1, recv_delta 5
P: seq 29182, size 954, send_delta 4, trans_delta 1, recv_delta 5
P: seq 29183, size 954, send_delta 4, trans_delta 3, recv_delta 7
P: seq 29184, size 955, send_delta 5, trans_delta 2, recv_delta 7
P: seq 29185, size 955, send_delta 5, trans_delta 2, recv_delta 7
P: seq 29186, size 1076, send_delta 5, trans_delta 3, recv_delta 8
P: seq 29187, size 1076, send_delta 5, trans_delta 3, recv_delta 8
P: seq 29188, size 1076, send_delta 5, trans_delta 3, recv_delta 8
P: seq 29189, size 1077, send_delta 6, trans_delta 3, recv_delta 9
P: seq 29190, size 965, send_delta 7, trans_delta 2, recv_delta 9
P: seq 29191, size 966, send_delta 7, trans_delta 2, recv_delta 9
P: seq 29192, size 966, send_delta 7, trans_delta 3, recv_delta 10
P: seq 29193, size 966, send_delta 7, trans_delta 3, recv_delta 10
P: seq 29194, size 1144, send_delta 8, trans_delta 2, recv_delta 10
P: seq 29195, size 1144, send_delta 8, trans_delta 3, recv_delta 11
P: seq 29196, size 1144, send_delta 8, trans_delta 4, recv_delta 12
P: seq 29197, size 1145, send_delta 9, trans_delta 3, recv_delta 12
P: seq 29198, size 1113, send_delta 9, trans_delta 4, recv_delta 13
P: seq 29199, size 1113, send_delta 9, trans_delta 4, recv_delta 13
P: seq 29200, size 1114, send_delta 10, trans_delta 3, recv_delta 13
P: seq 29201, size 1114, send_delta 10, trans_delta 3, recv_delta 13
RTP TS: 406902121, Frame Size: 26474, Encode 5, Net 13, Wait 49, Decode 6 E2E 73 
P: seq 29202, size 814, send_delta 0, trans_delta 2, recv_delta 2
P: seq 29203, size 814, send_delta 1, trans_delta 2, recv_delta 3
P: seq 29204, size 815, send_delta 1, trans_delta 2, recv_delta 3
P: seq 29205, size 876, send_delta 1, trans_delta 2, recv_delta 3
P: seq 29206, size 876, send_delta 1, trans_delta 3, recv_delta 4
P: seq 29207, size 876, send_delta 3, trans_delta 1, recv_delta 4
P: seq 29208, size 1035, send_delta 3, trans_delta 2, recv_delta 5
P: seq 29209, size 1035, send_delta 3, trans_delta 2, recv_delta 5
P: seq 29210, size 938, send_delta 3, trans_delta 3, recv_delta 6
P: seq 29211, size 939, send_delta 3, trans_delta 3, recv_delta 6
P: seq 29212, size 939, send_delta 4, trans_delta 2, recv_delta 6
P: seq 29213, size 939, send_delta 4, trans_delta 3, recv_delta 7
P: seq 29214, size 1159, send_delta 4, trans_delta 3, recv_delta 7
P: seq 29215, size 1160, send_delta 5, trans_delta 2, recv_delta 7
P: seq 29216, size 1160, send_delta 5, trans_delta 3, recv_delta 8
P: seq 29217, size 1160, send_delta 5, trans_delta 3, recv_delta 8
P: seq 29218, size 1176, send_delta 5, trans_delta 3, recv_delta 8
P: seq 29219, size 1177, send_delta 7, trans_delta 2, recv_delta 9
P: seq 29220, size 1177, send_delta 7, trans_delta 3, recv_delta 10
P: seq 29221, size 1074, send_delta 7, trans_delta 3, recv_delta 10
P: seq 29222, size 1075, send_delta 8, trans_delta 3, recv_delta 11
P: seq 29223, size 1075, send_delta 8, trans_delta 3, recv_delta 11
P: seq 29224, size 1075, send_delta 8, trans_delta 3, recv_delta 11
P: seq 29225, size 944, send_delta 8, trans_delta 4, recv_delta 12
P: seq 29226, size 945, send_delta 9, trans_delta 3, recv_delta 12
P: seq 29227, size 945, send_delta 9, trans_delta 3, recv_delta 12
P: seq 29228, size 945, send_delta 9, trans_delta 4, recv_delta 13
RTP TS: 406903741, Frame Size: 27554, Encode 5, Net 13, Wait 48, Decode 7 E2E 73 
P: seq 29229, size 947, send_delta 1, trans_delta 0, recv_delta 1
P: seq 29230, size 947, send_delta 2, trans_delta 1, recv_delta 3
P: seq 29231, size 947, send_delta 2, trans_delta 1, recv_delta 3
P: seq 29232, size 947, send_delta 2, trans_delta 1, recv_delta 3
P: seq 29233, size 1173, send_delta 2, trans_delta 2, recv_delta 4
P: seq 29234, size 1173, send_delta 3, trans_delta 1, recv_delta 4
P: seq 29235, size 1173, send_delta 3, trans_delta 2, recv_delta 5
P: seq 29236, size 884, send_delta 3, trans_delta 2, recv_delta 5
P: seq 29237, size 885, send_delta 3, trans_delta 2, recv_delta 5
P: seq 29238, size 885, send_delta 4, trans_delta 2, recv_delta 6
P: seq 29239, size 897, send_delta 5, trans_delta 1, recv_delta 6
P: seq 29240, size 897, send_delta 5, trans_delta 2, recv_delta 7
P: seq 29241, size 897, send_delta 5, trans_delta 2, recv_delta 7
P: seq 29242, size 1001, send_delta 6, trans_delta 1, recv_delta 7
P: seq 29243, size 1001, send_delta 6, trans_delta 2, recv_delta 8
P: seq 29244, size 1001, send_delta 6, trans_delta 3, recv_delta 9
P: seq 29245, size 1001, send_delta 6, trans_delta 3, recv_delta 9
P: seq 29246, size 1130, send_delta 6, trans_delta 3, recv_delta 9
P: seq 29247, size 1130, send_delta 7, trans_delta 3, recv_delta 10
P: seq 29248, size 1131, send_delta 7, trans_delta 3, recv_delta 10
P: seq 29249, size 985, send_delta 8, trans_delta 2, recv_delta 10
P: seq 29250, size 985, send_delta 8, trans_delta 3, recv_delta 11
P: seq 29251, size 986, send_delta 8, trans_delta 3, recv_delta 11
P: seq 29252, size 986, send_delta 9, trans_delta 2, recv_delta 11
P: seq 29253, size 1065, send_delta 9, trans_delta 3, recv_delta 12
P: seq 29254, size 1065, send_delta 9, trans_delta 3, recv_delta 12
P: seq 29255, size 1065, send_delta 9, trans_delta 4, recv_delta 13
P: seq 29256, size 1065, send_delta 10, trans_delta 3, recv_delta 13
RTP TS: 406905361, Frame Size: 25169, Encode 5, Net 11, Wait 49, Decode 6 E2E 71 
P: seq 29257, size 1156, send_delta 0, trans_delta 1, recv_delta 1
P: seq 29258, size 1157, send_delta 1, trans_delta 1, recv_delta 2
P: seq 29259, size 1157, send_delta 1, trans_delta 1, recv_delta 2
P: seq 29260, size 1117, send_delta 1, trans_delta 1, recv_delta 2
P: seq 29261, size 1118, send_delta 2, trans_delta 0, recv_delta 2
P: seq 29262, size 1118, send_delta 2, trans_delta 1, recv_delta 3
P: seq 29263, size 1050, send_delta 2, trans_delta 2, recv_delta 4
P: seq 29264, size 1051, send_delta 2, trans_delta 2, recv_delta 4
P: seq 29265, size 1198, send_delta 3, trans_delta 3, recv_delta 6
P: seq 29266, size 1198, send_delta 4, trans_delta 2, recv_delta 6
P: seq 29267, size 942, send_delta 4, trans_delta 2, recv_delta 6
P: seq 29268, size 943, send_delta 4, trans_delta 3, recv_delta 7
P: seq 29269, size 943, send_delta 5, trans_delta 2, recv_delta 7
P: seq 29270, size 1095, send_delta 5, trans_delta 2, recv_delta 7
P: seq 29271, size 1096, send_delta 5, trans_delta 3, recv_delta 8
P: seq 29272, size 1096, send_delta 5, trans_delta 3, recv_delta 8
P: seq 29273, size 1144, send_delta 6, trans_delta 2, recv_delta 8
P: seq 29274, size 1144, send_delta 6, trans_delta 3, recv_delta 9
P: seq 29275, size 1145, send_delta 6, trans_delta 3, recv_delta 9
P: seq 29276, size 1145, send_delta 7, trans_delta 3, recv_delta 10
P: seq 29277, size 936, send_delta 7, trans_delta 3, recv_delta 10
P: seq 29278, size 937, send_delta 7, trans_delta 4, recv_delta 11
P: seq 29279, size 937, send_delta 7, trans_delta 4, recv_delta 11
P: seq 29280, size 937, send_delta 9, trans_delta 2, recv_delta 11
RTP TS: 406906981, Frame Size: 25900, Encode 5, Net 11, Wait 50, Decode 6 E2E 72 
P: seq 29281, size 1132, send_delta 0, trans_delta 1, recv_delta 1
P: seq 29282, size 1132, send_delta 1, trans_delta 1, recv_delta 2
P: seq 29283, size 1133, send_delta 1, trans_delta 1, recv_delta 2
P: seq 29284, size 1103, send_delta 1, trans_delta 1, recv_delta 2
P: seq 29285, size 1103, send_delta 2, trans_delta 1, recv_delta 3
P: seq 29286, size 1104, send_delta 2, trans_delta 2, recv_delta 4
P: seq 29287, size 1111, send_delta 2, trans_delta 2, recv_delta 4
P: seq 29288, size 1111, send_delta 2, trans_delta 3, recv_delta 5
P: seq 29289, size 1006, send_delta 4, trans_delta 1, recv_delta 5
P: seq 29290, size 1006, send_delta 4, trans_delta 1, recv_delta 5
P: seq 29291, size 1006, send_delta 4, trans_delta 2, recv_delta 6
P: seq 29292, size 841, send_delta 4, trans_delta 2, recv_delta 6
P: seq 29293, size 841, send_delta 5, trans_delta 1, recv_delta 6
P: seq 29294, size 841, send_delta 5, trans_delta 2, recv_delta 7
P: seq 29295, size 1102, send_delta 5, trans_delta 2, recv_delta 7
P: seq 29296, size 1102, send_delta 5, trans_delta 2, recv_delta 7
P: seq 29297, size 1149, send_delta 5, trans_delta 3, recv_delta 8
P: seq 29298, size 1149, send_delta 6, trans_delta 3, recv_delta 9
P: seq 29299, size 1149, send_delta 6, trans_delta 3, recv_delta 9
P: seq 29300, size 1149, send_delta 6, trans_delta 3, recv_delta 9
P: seq 29301, size 1149, send_delta 7, trans_delta 3, recv_delta 10
P: seq 29302, size 1024, send_delta 7, trans_delta 3, recv_delta 10
P: seq 29303, size 1024, send_delta 7, trans_delta 4, recv_delta 11
P: seq 29304, size 1025, send_delta 8, trans_delta 3, recv_delta 11
P: seq 29305, size 1025, send_delta 9, trans_delta 2, recv_delta 11
RTP TS: 406908601, Frame Size: 29693, Encode 5, Net 19, Wait 41, Decode 7 E2E 72 
P: seq 29306, size 971, send_delta 1, trans_delta 1, recv_delta 2
P: seq 29307, size 972, send_delta 2, trans_delta 0, recv_delta 2
P: seq 29308, size 972, send_delta 2, trans_delta 0, recv_delta 2
P: seq 29309, size 972, send_delta 2, trans_delta 2, recv_delta 4
P: seq 29310, size 938, send_delta 2, trans_delta 2, recv_delta 4
P: seq 29311, size 938, send_delta 3, trans_delta 2, recv_delta 5
P: seq 29312, size 938, send_delta 3, trans_delta 2, recv_delta 5
P: seq 29313, size 939, send_delta 3, trans_delta 2, recv_delta 5
P: seq 29314, size 1047, send_delta 3, trans_delta 3, recv_delta 6
P: seq 29315, size 1047, send_delta 4, trans_delta 2, recv_delta 6
P: seq 29316, size 1047, send_delta 4, trans_delta 3, recv_delta 7
P: seq 29317, size 978, send_delta 5, trans_delta 2, recv_delta 7
P: seq 29318, size 979, send_delta 5, trans_delta 3, recv_delta 8
P: seq 29319, size 979, send_delta 5, trans_delta 3, recv_delta 8
P: seq 29320, size 979, send_delta 5, trans_delta 3, recv_delta 8
P: seq 29321, size 980, send_delta 6, trans_delta 3, recv_delta 9
P: seq 29322, size 980, send_delta 6, trans_delta 3, recv_delta 9
P: seq 29323, size 981, send_delta 6, trans_delta 3, recv_delta 9
P: seq 29324, size 1085, send_delta 7, trans_delta 3, recv_delta 10
P: seq 29325, size 1085, send_delta 7, trans_delta 3, recv_delta 10
P: seq 29326, size 1087, send_delta 7, trans_delta 4, recv_delta 11
P: seq 29327, size 1088, send_delta 7, trans_delta 4, recv_delta 11
P: seq 29328, size 1088, send_delta 9, trans_delta 2, recv_delta 11
P: seq 29329, size 1088, send_delta 9, trans_delta 3, recv_delta 12
P: seq 29330, size 1088, send_delta 9, trans_delta 3, recv_delta 12
P: seq 29331, size 1038, send_delta 10, trans_delta 3, recv_delta 13
P: seq 29332, size 1039, send_delta 10, trans_delta 4, recv_delta 14
P: seq 29333, size 1039, send_delta 10, trans_delta 6, recv_delta 16
P: seq 29334, size 1039, send_delta 10, trans_delta 9, recv_delta 19
P: seq 29335, size 1039, send_delta 11, trans_delta 8, recv_delta 19
RTP TS: 406910311, Frame Size: 29783, Encode 5, Net 58, Wait 4, Decode 7 E2E 74 
P: seq 29336, size 972, send_delta 0, trans_delta 2, recv_delta 2
P: seq 29337, size 972, send_delta 1, trans_delta 4, recv_delta 5
P: seq 29338, size 972, send_delta 1, trans_delta 7, recv_delta 8
P: seq 29339, size 973, send_delta 1, trans_delta 7, recv_delta 8
P: seq 29340, size 1104, send_delta 1, trans_delta 10, recv_delta 11
P: seq 29341, size 1104, send_delta 2, trans_delta 10, recv_delta 12
P: seq 29342, size 1104, send_delta 2, trans_delta 10, recv_delta 12
P: seq 29343, size 1067, send_delta 2, trans_delta 14, recv_delta 16
P: seq 29344, size 1067, send_delta 3, trans_delta 14, recv_delta 17
P: seq 29345, size 1067, send_delta 4, trans_delta 17, recv_delta 21
P: seq 29346, size 1047, send_delta 4, trans_delta 17, recv_delta 21
P: seq 29347, size 1047, send_delta 4, trans_delta 20, recv_delta 24
P: seq 29348, size 1048, send_delta 6, trans_delta 19, recv_delta 25
P: seq 29349, size 828, send_delta 6, trans_delta 19, recv_delta 25
P: seq 29350, size 828, send_delta 6, trans_delta 23, recv_delta 29
P: seq 29351, size 828, send_delta 6, trans_delta 26, recv_delta 32
P: seq 29352, size 1190, send_delta 6, trans_delta 26, recv_delta 32
P: seq 29353, size 1190, send_delta 6, trans_delta 28, recv_delta 34
P: seq 29354, size 1119, send_delta 6, trans_delta 31, recv_delta 37
P: seq 29355, size 1119, send_delta 6, trans_delta 33, recv_delta 39
P: seq 29356, size 1120, send_delta 7, trans_delta 35, recv_delta 42
P: seq 29357, size 1120, send_delta 7, trans_delta 35, recv_delta 42
P: seq 29358, size 1120, send_delta 7, trans_delta 38, recv_delta 45
P: seq 29359, size 1083, send_delta 8, trans_delta 39, recv_delta 47
P: seq 29360, size 1083, send_delta 9, trans_delta 41, recv_delta 50
P: seq 29361, size 1083, send_delta 9, trans_delta 41, recv_delta 50
P: seq 29362, size 1083, send_delta 9, trans_delta 43, recv_delta 52
P: seq 29363, size 1083, send_delta 10, trans_delta 45, recv_delta 55
P: seq 29364, size 1083, send_delta 10, trans_delta 48, recv_delta 58
RTP TS: 406911931, Frame Size: 20511, Encode 3, Net 77, Wait 1, Decode 5 E2E 86 
P: seq 29365, size 1065, send_delta 0, trans_delta 42, recv_delta 42
P: seq 29366, size 1065, send_delta 1, trans_delta 43, recv_delta 44
P: seq 29367, size 1065, send_delta 1, trans_delta 46, recv_delta 47
P: seq 29368, size 1021, send_delta 1, trans_delta 49, recv_delta 50
P: seq 29369, size 1021, send_delta 3, trans_delta 47, recv_delta 50
P: seq 29370, size 1021, send_delta 3, trans_delta 49, recv_delta 52
P: seq 29371, size 922, send_delta 3, trans_delta 52, recv_delta 55
P: seq 29372, size 923, send_delta 3, trans_delta 52, recv_delta 55
P: seq 29373, size 923, send_delta 4, trans_delta 52, recv_delta 56
P: seq 29374, size 926, send_delta 4, trans_delta 56, recv_delta 60
P: seq 29375, size 927, send_delta 4, trans_delta 56, recv_delta 60
P: seq 29376, size 903, send_delta 4, trans_delta 59, recv_delta 63
P: seq 29377, size 904, send_delta 5, trans_delta 58, recv_delta 63
P: seq 29378, size 935, send_delta 5, trans_delta 60, recv_delta 65
P: seq 29379, size 936, send_delta 5, trans_delta 63, recv_delta 68
P: seq 29380, size 1002, send_delta 5, trans_delta 63, recv_delta 68
P: seq 29381, size 1002, send_delta 6, trans_delta 64, recv_delta 70
P: seq 29382, size 1002, send_delta 6, trans_delta 67, recv_delta 73
P: seq 29383, size 1153, send_delta 6, trans_delta 70, recv_delta 76
P: seq 29384, size 1154, send_delta 6, trans_delta 70, recv_delta 76
P: seq 29385, size 1154, send_delta 7, trans_delta 70, recv_delta 77
RTP TS: 406913551, Frame Size: 28474, Encode 5, Net 112, Wait 1, Decode 7 E2E 125 
P: seq 29386, size 950, send_delta 0, trans_delta 61, recv_delta 61
P: seq 29387, size 951, send_delta 1, trans_delta 62, recv_delta 63
P: seq 29388, size 951, send_delta 1, trans_delta 62, recv_delta 63
P: seq 29389, size 951, send_delta 1, trans_delta 65, recv_delta 66
P: seq 29390, size 1190, send_delta 1, trans_delta 68, recv_delta 69
P: seq 29391, size 1190, send_delta 2, trans_delta 69, recv_delta 71
P: seq 29392, size 1190, send_delta 2, trans_delta 69, recv_delta 71
P: seq 29393, size 920, send_delta 2, trans_delta 71, recv_delta 73
P: seq 29394, size 921, send_delta 3, trans_delta 74, recv_delta 77
P: seq 29395, size 921, send_delta 3, trans_delta 74, recv_delta 77
P: seq 29396, size 931, send_delta 3, trans_delta 76, recv_delta 79
P: seq 29397, size 931, send_delta 3, trans_delta 79, recv_delta 82
P: seq 29398, size 931, send_delta 5, trans_delta 77, recv_delta 82
P: seq 29399, size 859, send_delta 5, trans_delta 79, recv_delta 84
P: seq 29400, size 859, send_delta 5, trans_delta 82, recv_delta 87
P: seq 29401, size 859, send_delta 5, trans_delta 82, recv_delta 87
P: seq 29402, size 855, send_delta 5, trans_delta 85, recv_delta 90
P: seq 29403, size 855, send_delta 6, trans_delta 84, recv_delta 90
P: seq 29404, size 856, send_delta 6, trans_delta 86, recv_delta 92
P: seq 29405, size 1031, send_delta 6, trans_delta 89, recv_delta 95
P: seq 29406, size 1031, send_delta 6, trans_delta 89, recv_delta 95
P: seq 29407, size 1031, send_delta 7, trans_delta 90, recv_delta 97
P: seq 29408, size 1032, send_delta 7, trans_delta 92, recv_delta 99
P: seq 29409, size 1032, send_delta 7, trans_delta 92, recv_delta 99
P: seq 29410, size 1193, send_delta 8, trans_delta 95, recv_delta 103
P: seq 29411, size 1193, send_delta 8, trans_delta 97, recv_delta 105
P: seq 29412, size 1193, send_delta 8, trans_delta 100, recv_delta 108
P: seq 29413, size 1194, send_delta 8, trans_delta 102, recv_delta 110
P: seq 29414, size 1194, send_delta 10, trans_delta 102, recv_delta 112
RTP TS: 406915171, Frame Size: 26565, Encode 4, Net 141, Wait 1, Decode 6 E2E 152 
P: seq 29415, size 949, send_delta 0, trans_delta 96, recv_delta 96
P: seq 29416, size 949, send_delta 1, trans_delta 98, recv_delta 99
P: seq 29417, size 949, send_delta 1, trans_delta 100, recv_delta 101
P: seq 29418, size 949, send_delta 1, trans_delta 100, recv_delta 101
P: seq 29419, size 1019, send_delta 1, trans_delta 103, recv_delta 104
P: seq 29420, size 1020, send_delta 2, trans_delta 104, recv_delta 106
P: seq 29421, size 1020, send_delta 2, trans_delta 104, recv_delta 106
P: seq 29422, size 981, send_delta 2, trans_delta 107, recv_delta 109
P: seq 29423, size 981, send_delta 3, trans_delta 109, recv_delta 112
P: seq 29424, size 982, send_delta 4, trans_delta 110, recv_delta 114
P: seq 29425, size 928, send_delta 4, trans_delta 110, recv_delta 114
P: seq 29426, size 928, send_delta 4, trans_delta 112, recv_delta 116
P: seq 29427, size 929, send_delta 4, trans_delta 116, recv_delta 120
P: seq 29428, size 825, send_delta 4, trans_delta 116, recv_delta 120
P: seq 29429, size 825, send_delta 4, trans_delta 118, recv_delta 122
P: seq 29430, size 826, send_delta 4, trans_delta 118, recv_delta 122
P: seq 29431, size 833, send_delta 5, trans_delta 120, recv_delta 125
P: seq 29432, size 833, send_delta 5, trans_delta 120, recv_delta 125
P: seq 29433, size 833, send_delta 6, trans_delta 121, recv_delta 127
P: seq 29434, size 1111, send_delta 6, trans_delta 123, recv_delta 129
P: seq 29435, size 1111, send_delta 7, trans_delta 126, recv_delta 133
P: seq 29436, size 1112, send_delta 7, trans_delta 126, recv_delta 133
P: seq 29437, size 1112, send_delta 7, trans_delta 128, recv_delta 135
P: seq 29438, size 1051, send_delta 8, trans_delta 130, recv_delta 138
P: seq 29439, size 1051, send_delta 9, trans_delta 131, recv_delta 140
P: seq 29440, size 1051, send_delta 9, trans_delta 131, recv_delta 140
P: seq 29441, size 1051, send_delta 9, trans_delta 131, recv_delta 140
P: seq 29442, size 1051, send_delta 9, trans_delta 132, recv_delta 141
RTP TS: 406916791, Frame Size: 27886, Encode 4, Net 134, Wait 1, Decode 7 E2E 146 
P: seq 29443, size 958, send_delta 0, trans_delta 123, recv_delta 123
P: seq 29444, size 959, send_delta 1, trans_delta 122, recv_delta 123
P: seq 29445, size 959, send_delta 1, trans_delta 123, recv_delta 124
P: seq 29446, size 959, send_delta 1, trans_delta 123, recv_delta 124
P: seq 29447, size 1107, send_delta 2, trans_delta 122, recv_delta 124
P: seq 29448, size 1107, send_delta 2, trans_delta 123, recv_delta 125
P: seq 29449, size 1108, send_delta 2, trans_delta 124, recv_delta 126
P: seq 29450, size 1067, send_delta 2, trans_delta 124, recv_delta 126
P: seq 29451, size 1067, send_delta 4, trans_delta 122, recv_delta 126
P: seq 29452, size 1068, send_delta 4, trans_delta 123, recv_delta 127
P: seq 29453, size 1092, send_delta 4, trans_delta 123, recv_delta 127
P: seq 29454, size 1092, send_delta 4, trans_delta 123, recv_delta 127
P: seq 29455, size 1093, send_delta 4, trans_delta 124, recv_delta 128
P: seq 29456, size 1011, send_delta 5, trans_delta 123, recv_delta 128
P: seq 29457, size 1011, send_delta 5, trans_delta 124, recv_delta 129
P: seq 29458, size 1012, send_delta 5, trans_delta 124, recv_delta 129
P: seq 29459, size 1034, send_delta 5, trans_delta 125, recv_delta 130
P: seq 29460, size 1034, send_delta 6, trans_delta 124, recv_delta 130
P: seq 29461, size 1035, send_delta 6, trans_delta 125, recv_delta 131
P: seq 29462, size 1051, send_delta 6, trans_delta 125, recv_delta 131
P: seq 29463, size 1051, send_delta 8, trans_delta 123, recv_delta 131
P: seq 29464, size 1051, send_delta 8, trans_delta 124, recv_delta 132
P: seq 29465, size 1052, send_delta 8, trans_delta 124, recv_delta 132
P: seq 29466, size 1144, send_delta 8, trans_delta 125, recv_delta 133
P: seq 29467, size 1144, send_delta 9, trans_delta 124, recv_delta 133
P: seq 29468, size 1144, send_delta 9, trans_delta 125, recv_delta 134
P: seq 29469, size 1145, send_delta 9, trans_delta 125, recv_delta 134
RTP TS: 406918411, Frame Size: 28277, Encode 5, Net 127, Wait 0, Decode 8 E2E 140 
P: seq 29470, size 1026, send_delta 0, trans_delta 115, recv_delta 115
P: seq 29471, size 1026, send_delta 1, trans_delta 115, recv_delta 116
P: seq 29472, size 1026, send_delta 1, trans_delta 116, recv_delta 117
P: seq 29473, size 1026, send_delta 1, trans_delta 116, recv_delta 117
P: seq 29474, size 1160, send_delta 2, trans_delta 115, recv_delta 117
P: seq 29475, size 1160, send_delta 2, trans_delta 116, recv_delta 118
P: seq 29476, size 1161, send_delta 2, trans_delta 116, recv_delta 118
P: seq 29477, size 1011, send_delta 3, trans_delta 115, recv_delta 118
P: seq 29478, size 1012, send_delta 3, trans_delta 116, recv_delta 119
P: seq 29479, size 1012, send_delta 3, trans_delta 116, recv_delta 119
P: seq 29480, size 1115, send_delta 4, trans_delta 115, recv_delta 119
P: seq 29481, size 1116, send_delta 4, trans_delta 117, recv_delta 121
P: seq 29482, size 1116, send_delta 4, trans_delta 117, recv_delta 121
P: seq 29483, size 1062, send_delta 5, trans_delta 116, recv_delta 121
P: seq 29484, size 1062, send_delta 6, trans_delta 115, recv_delta 121
P: seq 29485, size 1062, send_delta 6, trans_delta 115, recv_delta 121
P: seq 29486, size 1003, send_delta 6, trans_delta 116, recv_delta 122
P: seq 29487, size 1003, send_delta 6, trans_delta 117, recv_delta 123
P: seq 29488, size 1004, send_delta 7, trans_delta 117, recv_delta 124
P: seq 29489, size 910, send_delta 7, trans_delta 117, recv_delta 124
P: seq 29490, size 910, send_delta 7, trans_delta 118, recv_delta 125
P: seq 29491, size 910, send_delta 7, trans_delta 118, recv_delta 125
P: seq 29492, size 910, send_delta 8, trans_delta 117, recv_delta 125
P: seq 29493, size 1033, send_delta 8, trans_delta 117, recv_delta 125
P: seq 29494, size 1034, send_delta 8, trans_delta 118, recv_delta 126
P: seq 29495, size 1034, send_delta 8, trans_delta 118, recv_delta 126
P: seq 29496, size 1034, send_delta 9, trans_delta 117, recv_delta 126
P: seq 29497, size 1034, send_delta 9, trans_delta 118, recv_delta 127
RTP TS: 406920031, Frame Size: 29033, Encode 4, Net 122, Wait 1, Decode 8 E2E 135 
P: seq 29498, size 1162, send_delta 0, trans_delta 111, recv_delta 111
P: seq 29499, size 1163, send_delta 1, trans_delta 110, recv_delta 111
P: seq 29500, size 1163, send_delta 1, trans_delta 110, recv_delta 111
P: seq 29501, size 933, send_delta 2, trans_delta 110, recv_delta 112
P: seq 29502, size 934, send_delta 2, trans_delta 110, recv_delta 112
P: seq 29503, size 934, send_delta 2, trans_delta 110, recv_delta 112
P: seq 29504, size 934, send_delta 2, trans_delta 110, recv_delta 112
P: seq 29505, size 987, send_delta 3, trans_delta 109, recv_delta 112
P: seq 29506, size 987, send_delta 3, trans_delta 110, recv_delta 113
P: seq 29507, size 987, send_delta 3, trans_delta 111, recv_delta 114
P: seq 29508, size 914, send_delta 3, trans_delta 111, recv_delta 114
P: seq 29509, size 915, send_delta 3, trans_delta 112, recv_delta 115
P: seq 29510, size 915, send_delta 5, trans_delta 110, recv_delta 115
P: seq 29511, size 915, send_delta 5, trans_delta 110, recv_delta 115
P: seq 29512, size 947, send_delta 5, trans_delta 111, recv_delta 116
P: seq 29513, size 947, send_delta 5, trans_delta 112, recv_delta 117
P: seq 29514, size 947, send_delta 6, trans_delta 111, recv_delta 117
P: seq 29515, size 947, send_delta 6, trans_delta 111, recv_delta 117
P: seq 29516, size 1090, send_delta 6, trans_delta 112, recv_delta 118
P: seq 29517, size 1090, send_delta 6, trans_delta 112, recv_delta 118
P: seq 29518, size 1091, send_delta 7, trans_delta 111, recv_delta 118
P: seq 29519, size 1001, send_delta 7, trans_delta 112, recv_delta 119
P: seq 29520, size 1001, send_delta 7, trans_delta 112, recv_delta 119
P: seq 29521, size 1001, send_delta 7, trans_delta 112, recv_delta 119
P: seq 29522, size 1002, send_delta 8, trans_delta 112, recv_delta 120
P: seq 29523, size 974, send_delta 8, trans_delta 113, recv_delta 121
P: seq 29524, size 974, send_delta 8, trans_delta 113, recv_delta 121
P: seq 29525, size 975, send_delta 9, trans_delta 112, recv_delta 121
P: seq 29526, size 975, send_delta 10, trans_delta 112, recv_delta 122
P: seq 29527, size 975, send_delta 10, trans_delta 112, recv_delta 122
RTP TS: 406921651, Frame Size: 27741, Encode 5, Net 114, Wait 1, Decode 8 E2E 128 
P: seq 29528, size 1187, send_delta 0, trans_delta 103, recv_delta 103
P: seq 29529, size 1187, send_delta 1, trans_delta 103, recv_delta 104
P: seq 29530, size 1188, send_delta 1, trans_delta 103, recv_delta 104
P: seq 29531, size 1157, send_delta 1, trans_delta 103, recv_delta 104
P: seq 29532, size 1157, send_delta 3, trans_delta 103, recv_delta 106
P: seq 29533, size 1157, send_delta 3, trans_delta 103, recv_delta 106
P: seq 29534, size 985, send_delta 3, trans_delta 103, recv_delta 106
P: seq 29535, size 985, send_delta 3, trans_delta 104, recv_delta 107
P: seq 29536, size 985, send_delta 3, trans_delta 104, recv_delta 107
P: seq 29537, size 1079, send_delta 4, trans_delta 103, recv_delta 107
P: seq 29538, size 1080, send_delta 4, trans_delta 104, recv_delta 108
P: seq 29539, size 1080, send_delta 4, trans_delta 105, recv_delta 109
P: seq 29540, size 996, send_delta 4, trans_delta 105, recv_delta 109
P: seq 29541, size 996, send_delta 5, trans_delta 104, recv_delta 109
P: seq 29542, size 996, send_delta 5, trans_delta 105, recv_delta 110
P: seq 29543, size 996, send_delta 5, trans_delta 105, recv_delta 110
P: seq 29544, size 1081, send_delta 5, trans_delta 105, recv_delta 110
P: seq 29545, size 1081, send_delta 6, trans_delta 104, recv_delta 110
P: seq 29546, size 1082, send_delta 7, trans_delta 105, recv_delta 112
P: seq 29547, size 905, send_delta 7, trans_delta 105, recv_delta 112
P: seq 29548, size 905, send_delta 7, trans_delta 105, recv_delta 112
P: seq 29549, size 906, send_delta 8, trans_delta 105, recv_delta 113
P: seq 29550, size 906, send_delta 8, trans_delta 105, recv_delta 113
P: seq 29551, size 1083, send_delta 8, trans_delta 105, recv_delta 113
P: seq 29552, size 1083, send_delta 8, trans_delta 106, recv_delta 114
P: seq 29553, size 1083, send_delta 9, trans_delta 105, recv_delta 114
P: seq 29554, size 1084, send_delta 9, trans_delta 105, recv_delta 114
RTP TS: 406923271, Frame Size: 27869, Encode 5, Net 108, Wait 1, Decode 8 E2E 122 
P: seq 29555, size 1030, send_delta 0, trans_delta 97, recv_delta 97
P: seq 29556, size 1030, send_delta 1, trans_delta 97, recv_delta 98
P: seq 29557, size 1030, send_delta 1, trans_delta 97, recv_delta 98
P: seq 29558, size 1168, send_delta 1, trans_delta 97, recv_delta 98
P: seq 29559, size 1168, send_delta 1, trans_delta 98, recv_delta 99
P: seq 29560, size 1169, send_delta 2, trans_delta 97, recv_delta 99
P: seq 29561, size 1011, send_delta 2, trans_delta 98, recv_delta 100
P: seq 29562, size 1012, send_delta 2, trans_delta 99, recv_delta 101
P: seq 29563, size 1012, send_delta 3, trans_delta 98, recv_delta 101
P: seq 29564, size 1119, send_delta 4, trans_delta 97, recv_delta 101
P: seq 29565, size 1119, send_delta 4, trans_delta 97, recv_delta 101
P: seq 29566, size 1120, send_delta 4, trans_delta 97, recv_delta 101
P: seq 29567, size 1040, send_delta 5, trans_delta 97, recv_delta 102
P: seq 29568, size 1041, send_delta 5, trans_delta 98, recv_delta 103
P: seq 29569, size 1041, send_delta 5, trans_delta 98, recv_delta 103
P: seq 29570, size 1041, send_delta 5, trans_delta 99, recv_delta 104
P: seq 29571, size 919, send_delta 6, trans_delta 98, recv_delta 104
P: seq 29572, size 919, send_delta 6, trans_delta 98, recv_delta 104
P: seq 29573, size 920, send_delta 6, trans_delta 99, recv_delta 105
P: seq 29574, size 920, send_delta 6, trans_delta 99, recv_delta 105
P: seq 29575, size 1193, send_delta 7, trans_delta 98, recv_delta 105
P: seq 29576, size 1193, send_delta 7, trans_delta 98, recv_delta 105
P: seq 29577, size 1193, send_delta 7, trans_delta 99, recv_delta 106
P: seq 29578, size 1032, send_delta 8, trans_delta 99, recv_delta 107
P: seq 29579, size 1032, send_delta 9, trans_delta 99, recv_delta 108
P: seq 29580, size 1033, send_delta 9, trans_delta 99, recv_delta 108
P: seq 29581, size 1033, send_delta 9, trans_delta 99, recv_delta 108
RTP TS: 406924891, Frame Size: 28049, Encode 5, Net 102, Wait 0, Decode 8 E2E 115 
P: seq 29582, size 1037, send_delta 0, trans_delta 91, recv_delta 91
P: seq 29583, size 1038, send_delta 1, trans_delta 90, recv_delta 91
P: seq 29584, size 1038, send_delta 1, trans_delta 90, recv_delta 91
P: seq 29585, size 1187, send_delta 1, trans_delta 90, recv_delta 91
P: seq 29586, size 1187, send_delta 2, trans_delta 91, recv_delta 93
P: seq 29587, size 1188, send_delta 2, trans_delta 91, recv_delta 93
P: seq 29588, size 1023, send_delta 2, trans_delta 91, recv_delta 93
P: seq 29589, size 1024, send_delta 2, trans_delta 92, recv_delta 94
P: seq 29590, size 1024, send_delta 3, trans_delta 91, recv_delta 94
P: seq 29591, size 1036, send_delta 3, trans_delta 92, recv_delta 95
P: seq 29592, size 1036, send_delta 3, trans_delta 92, recv_delta 95
P: seq 29593, size 1036, send_delta 4, trans_delta 91, recv_delta 95
P: seq 29594, size 1022, send_delta 5, trans_delta 91, recv_delta 96
P: seq 29595, size 1022, send_delta 5, trans_delta 91, recv_delta 96
P: seq 29596, size 1022, send_delta 5, trans_delta 92, recv_delta 97
P: seq 29597, size 1022, send_delta 6, trans_delta 91, recv_delta 97
P: seq 29598, size 937, send_delta 6, trans_delta 92, recv_delta 98
P: seq 29599, size 937, send_delta 6, trans_delta 92, recv_delta 98
P: seq 29600, size 938, send_delta 7, trans_delta 91, recv_delta 98
P: seq 29601, size 938, send_delta 7, trans_delta 91, recv_delta 98
P: seq 29602, size 942, send_delta 7, trans_delta 92, recv_delta 99
P: seq 29603, size 942, send_delta 7, trans_delta 92, recv_delta 99
P: seq 29604, size 942, send_delta 8, trans_delta 91, recv_delta 99
P: seq 29605, size 943, send_delta 8, trans_delta 92, recv_delta 100
P: seq 29606, size 1070, send_delta 8, trans_delta 92, recv_delta 100
P: seq 29607, size 1071, send_delta 8, trans_delta 93, recv_delta 101
P: seq 29608, size 1071, send_delta 9, trans_delta 92, recv_delta 101
P: seq 29609, size 1071, send_delta 9, trans_delta 93, recv_delta 102
RTP TS: 406926511, Frame Size: 27811, Encode 5, Net 96, Wait 0, Decode 7 E2E 108 
P: seq 29610, size 762, send_delta 0, trans_delta 84, recv_delta 84
P: seq 29611, size 762, send_delta 1, trans_delta 83, recv_delta 84
P: seq 29612, size 1180, send_delta 1, trans_delta 84, recv_delta 85
P: seq 29613, size 1181, send_delta 1, trans_delta 85, recv_delta 86
P: seq 29614, size 1181, send_delta 2, trans_delta 84, recv_delta 86
P: seq 29615, size 1087, send_delta 2, trans_delta 84, recv_delta 86
P: seq 29616, size 1087, send_delta 2, trans_delta 84, recv_delta 86
P: seq 29617, size 1088, send_delta 2, trans_delta 84, recv_delta 86
P: seq 29618, size 917, send_delta 4, trans_delta 83, recv_delta 87
P: seq 29619, size 917, send_delta 4, trans_delta 84, recv_delta 88
P: seq 29620, size 917, send_delta 4, trans_delta 85, recv_delta 89
P: seq 29621, size 917, send_delta 4, trans_delta 85, recv_delta 89
P: seq 29622, size 976, send_delta 4, trans_delta 85, recv_delta 89
P: seq 29623, size 977, send_delta 5, trans_delta 85, recv_delta 90
P: seq 29624, size 977, send_delta 5, trans_delta 85, recv_delta 90
P: seq 29625, size 977, send_delta 5, trans_delta 85, recv_delta 90
P: seq 29626, size 1182, send_delta 5, trans_delta 86, recv_delta 91
P: seq 29627, size 1182, send_delta 6, trans_delta 85, recv_delta 91
P: seq 29628, size 1182, send_delta 6, trans_delta 86, recv_delta 92
P: seq 29629, size 1060, send_delta 6, trans_delta 86, recv_delta 92
P: seq 29630, size 1060, send_delta 7, trans_delta 86, recv_delta 93
P: seq 29631, size 1060, send_delta 7, trans_delta 86, recv_delta 93
P: seq 29632, size 1061, send_delta 7, trans_delta 87, recv_delta 94
P: seq 29633, size 1197, send_delta 7, trans_delta 87, recv_delta 94
P: seq 29634, size 1197, send_delta 9, trans_delta 85, recv_delta 94
P: seq 29635, size 1198, send_delta 9, trans_delta 86, recv_delta 95
P: seq 29636, size 1198, send_delta 9, trans_delta 87, recv_delta 96
RTP TS: 406928131, Frame Size: 27730, Encode 5, Net 89, Wait 0, Decode 7 E2E 101 
P: seq 29637, size 1005, send_delta 0, trans_delta 78, recv_delta 78
P: seq 29638, size 1006, send_delta 1, trans_delta 77, recv_delta 78
P: seq 29639, size 955, send_delta 1, trans_delta 78, recv_delta 79
P: seq 29640, size 956, send_delta 1, trans_delta 78, recv_delta 79
P: seq 29641, size 956, send_delta 3, trans_delta 76, recv_delta 79
P: seq 29642, size 1138, send_delta 3, trans_delta 77, recv_delta 80
P: seq 29643, size 1139, send_delta 3, trans_delta 78, recv_delta 81
P: seq 29644, size 1139, send_delta 3, trans_delta 78, recv_delta 81
P: seq 29645, size 953, send_delta 3, trans_delta 78, recv_delta 81
P: seq 29646, size 953, send_delta 4, trans_delta 77, recv_delta 81
P: seq 29647, size 953, send_delta 4, trans_delta 77, recv_delta 81
P: seq 29648, size 954, send_delta 4, trans_delta 78, recv_delta 82
P: seq 29649, size 932, send_delta 4, trans_delta 79, recv_delta 83
P: seq 29650, size 933, send_delta 5, trans_delta 78, recv_delta 83
P: seq 29651, size 933, send_delta 5, trans_delta 79, recv_delta 84
P: seq 29652, size 933, send_delta 5, trans_delta 79, recv_delta 84
P: seq 29653, size 1061, send_delta 5, trans_delta 80, recv_delta 85
P: seq 29654, size 1061, send_delta 5, trans_delta 80, recv_delta 85
P: seq 29655, size 1062, send_delta 6, trans_delta 79, recv_delta 85
P: seq 29656, size 1062, send_delta 6, trans_delta 80, recv_delta 86
P: seq 29657, size 983, send_delta 6, trans_delta 80, recv_delta 86
P: seq 29658, size 983, send_delta 7, trans_delta 79, recv_delta 86
P: seq 29659, size 983, send_delta 8, trans_delta 79, recv_delta 87
P: seq 29660, size 983, send_delta 8, trans_delta 80, recv_delta 88
P: seq 29661, size 1102, send_delta 8, trans_delta 80, recv_delta 88
P: seq 29662, size 1102, send_delta 9, trans_delta 79, recv_delta 88
P: seq 29663, size 1102, send_delta 9, trans_delta 79, recv_delta 88
P: seq 29664, size 1103, send_delta 9, trans_delta 79, recv_delta 88
RTP TS: 406929751, Frame Size: 26288, Encode 5, Net 82, Wait 1, Decode 6 E2E 94 
P: seq 29665, size 1052, send_delta 0, trans_delta 71, recv_delta 71
P: seq 29666, size 1053, send_delta 1, trans_delta 70, recv_delta 71
P: seq 29667, size 1122, send_delta 2, trans_delta 70, recv_delta 72
P: seq 29668, size 1123, send_delta 2, trans_delta 71, recv_delta 73
P: seq 29669, size 1013, send_delta 2, trans_delta 71, recv_delta 73
P: seq 29670, size 1013, send_delta 2, trans_delta 72, recv_delta 74
P: seq 29671, size 1014, send_delta 3, trans_delta 71, recv_delta 74
P: seq 29672, size 1190, send_delta 3, trans_delta 71, recv_delta 74
P: seq 29673, size 1190, send_delta 3, trans_delta 71, recv_delta 74
P: seq 29674, size 1190, send_delta 3, trans_delta 72, recv_delta 75
P: seq 29675, size 1008, send_delta 5, trans_delta 71, recv_delta 76
P: seq 29676, size 1008, send_delta 5, trans_delta 72, recv_delta 77
P: seq 29677, size 1008, send_delta 5, trans_delta 72, recv_delta 77
P: seq 29678, size 1008, send_delta 6, trans_delta 71, recv_delta 77
P: seq 29679, size 913, send_delta 6, trans_delta 72, recv_delta 78
P: seq 29680, size 914, send_delta 6, trans_delta 72, recv_delta 78
P: seq 29681, size 914, send_delta 6, trans_delta 72, recv_delta 78
P: seq 29682, size 914, send_delta 6, trans_delta 73, recv_delta 79
P: seq 29683, size 990, send_delta 7, trans_delta 72, recv_delta 79
P: seq 29684, size 990, send_delta 7, trans_delta 72, recv_delta 79
P: seq 29685, size 990, send_delta 7, trans_delta 73, recv_delta 80
P: seq 29686, size 991, send_delta 7, trans_delta 73, recv_delta 80
P: seq 29687, size 1080, send_delta 8, trans_delta 72, recv_delta 80
P: seq 29688, size 1081, send_delta 8, trans_delta 73, recv_delta 81
P: seq 29689, size 1081, send_delta 8, trans_delta 74, recv_delta 82
P: seq 29690, size 1081, send_delta 8, trans_delta 74, recv_delta 82
RTP TS: 406931371, Frame Size: 24511, Encode 5, Net 74, Wait 4, Decode 6 E2E 89 
P: seq 29691, size 957, send_delta 0, trans_delta 64, recv_delta 64
P: seq 29692, size 957, send_delta 1, trans_delta 64, recv_delta 65
P: seq 29693, size 783, send_delta 1, trans_delta 64, recv_delta 65
P: seq 29694, size 784, send_delta 1, trans_delta 65, recv_delta 66
P: seq 29695, size 941, send_delta 1, trans_delta 65, recv_delta 66
P: seq 29696, size 941, send_delta 3, trans_delta 63, recv_delta 66
P: seq 29697, size 941, send_delta 3, trans_delta 63, recv_delta 66
P: seq 29698, size 909, send_delta 3, trans_delta 63, recv_delta 66
P: seq 29699, size 909, send_delta 3, trans_delta 64, recv_delta 67
P: seq 29700, size 910, send_delta 3, trans_delta 64, recv_delta 67
P: seq 29701, size 910, send_delta 4, trans_delta 64, recv_delta 68
P: seq 29702, size 1024, send_delta 5, trans_delta 64, recv_delta 69
P: seq 29703, size 1024, send_delta 5, trans_delta 64, recv_delta 69
P: seq 29704, size 1024, send_delta 5, trans_delta 65, recv_delta 70
P: seq 29705, size 1025, send_delta 5, trans_delta 65, recv_delta 70
P: seq 29706, size 1111, send_delta 5, trans_delta 65, recv_delta 70
P: seq 29707, size 1111, send_delta 6, trans_delta 64, recv_delta 70
P: seq 29708, size 1111, send_delta 6, trans_delta 64, recv_delta 70
P: seq 29709, size 907, send_delta 6, trans_delta 65, recv_delta 71
P: seq 29710, size 907, send_delta 6, trans_delta 65, recv_delta 71
P: seq 29711, size 908, send_delta 7, trans_delta 65, recv_delta 72
P: seq 29712, size 908, send_delta 7, trans_delta 66, recv_delta 73
P: seq 29713, size 1038, send_delta 7, trans_delta 66, recv_delta 73
P: seq 29714, size 1038, send_delta 7, trans_delta 66, recv_delta 73
P: seq 29715, size 1038, send_delta 8, trans_delta 65, recv_delta 73
P: seq 29716, size 1038, send_delta 9, trans_delta 64, recv_delta 73
RTP TS: 406932991, Frame Size: 22491, Encode 4, Net 67, Wait 12, Decode 6 E2E 89 
P: seq 29717, size 1012, send_delta 1, trans_delta 57, recv_delta 58
P: seq 29718, size 1013, send_delta 2, trans_delta 56, recv_delta 58
P: seq 29719, size 862, send_delta 2, trans_delta 57, recv_delta 59
P: seq 29720, size 862, send_delta 2, trans_delta 57, recv_delta 59
P: seq 29721, size 811, send_delta 2, trans_delta 57, recv_delta 59
P: seq 29722, size 812, send_delta 3, trans_delta 57, recv_delta 60
P: seq 29723, size 812, send_delta 3, trans_delta 57, recv_delta 60
P: seq 29724, size 1069, send_delta 3, trans_delta 57, recv_delta 60
P: seq 29725, size 1070, send_delta 3, trans_delta 58, recv_delta 61
P: seq 29726, size 1070, send_delta 3, trans_delta 58, recv_delta 61
P: seq 29727, size 920, send_delta 5, trans_delta 56, recv_delta 61
P: seq 29728, size 920, send_delta 5, trans_delta 57, recv_delta 62
P: seq 29729, size 921, send_delta 5, trans_delta 57, recv_delta 62
P: seq 29730, size 921, send_delta 5, trans_delta 57, recv_delta 62
P: seq 29731, size 1017, send_delta 5, trans_delta 57, recv_delta 62
P: seq 29732, size 1017, send_delta 6, trans_delta 58, recv_delta 64
P: seq 29733, size 1017, send_delta 6, trans_delta 58, recv_delta 64
P: seq 29734, size 1030, send_delta 6, trans_delta 58, recv_delta 64
P: seq 29735, size 1030, send_delta 7, trans_delta 58, recv_delta 65
P: seq 29736, size 1031, send_delta 7, trans_delta 58, recv_delta 65
P: seq 29737, size 966, send_delta 7, trans_delta 59, recv_delta 66
P: seq 29738, size 966, send_delta 7, trans_delta 59, recv_delta 66
P: seq 29739, size 966, send_delta 7, trans_delta 59, recv_delta 66
P: seq 29740, size 967, send_delta 8, trans_delta 59, recv_delta 67
RTP TS: 406934611, Frame Size: 33867, Encode 6, Net 62, Wait 17, Decode 7 E2E 92 
P: seq 29741, size 1060, send_delta 0, trans_delta 47, recv_delta 47
P: seq 29742, size 1060, send_delta 2, trans_delta 46, recv_delta 48
P: seq 29743, size 1061, send_delta 2, trans_delta 46, recv_delta 48
P: seq 29744, size 1061, send_delta 3, trans_delta 45, recv_delta 48
P: seq 29745, size 1176, send_delta 3, trans_delta 46, recv_delta 49
P: seq 29746, size 1176, send_delta 3, trans_delta 47, recv_delta 50
P: seq 29747, size 1176, send_delta 4, trans_delta 46, recv_delta 50
P: seq 29748, size 1152, send_delta 4, trans_delta 46, recv_delta 50
P: seq 29749, size 1153, send_delta 6, trans_delta 45, recv_delta 51
P: seq 29750, size 1153, send_delta 6, trans_delta 45, recv_delta 51
P: seq 29751, size 1067, send_delta 6, trans_delta 46, recv_delta 52
P: seq 29752, size 1067, send_delta 6, trans_delta 47, recv_delta 53
P: seq 29753, size 1068, send_delta 9, trans_delta 44, recv_delta 53
P: seq 29754, size 1068, send_delta 9, trans_delta 44, recv_delta 53
P: seq 29755, size 1068, send_delta 9, trans_delta 45, recv_delta 54
P: seq 29756, size 1024, send_delta 9, trans_delta 45, recv_delta 54
P: seq 29757, size 1024, send_delta 9, trans_delta 45, recv_delta 54
P: seq 29758, size 1025, send_delta 11, trans_delta 44, recv_delta 55
P: seq 29759, size 1025, send_delta 11, trans_delta 44, recv_delta 55
P: seq 29760, size 1076, send_delta 11, trans_delta 44, recv_delta 55
P: seq 29761, size 1076, send_delta 11, trans_delta 45, recv_delta 56
P: seq 29762, size 1077, send_delta 11, trans_delta 45, recv_delta 56
P: seq 29763, size 1077, send_delta 13, trans_delta 43, recv_delta 56
P: seq 29764, size 1008, send_delta 13, trans_delta 43, recv_delta 56
P: seq 29765, size 1008, send_delta 13, trans_delta 44, recv_delta 57
P: seq 29766, size 1008, send_delta 13, trans_delta 45, recv_delta 58
P: seq 29767, size 1009, send_delta 13, trans_delta 45, recv_delta 58
P: seq 29768, size 1009, send_delta 15, trans_delta 44, recv_delta 59
P: seq 29769, size 1163, send_delta 15, trans_delta 45, recv_delta 60
P: seq 29770, size 1163, send_delta 15, trans_delta 45, recv_delta 60
P: seq 29771, size 1164, send_delta 15, trans_delta 45, recv_delta 60
P: seq 29772, size 1164, send_delta 16, trans_delta 45, recv_delta 61
RTP TS: 406936231, Frame Size: 36066, Encode 4, Net 59, Wait 20, Decode 8 E2E 91 
P: seq 29773, size 983, send_delta 0, trans_delta 45, recv_delta 45
P: seq 29774, size 983, send_delta 2, trans_delta 43, recv_delta 45
P: seq 29775, size 983, send_delta 2, trans_delta 43, recv_delta 45
P: seq 29776, size 983, send_delta 2, trans_delta 44, recv_delta 46
P: seq 29777, size 1054, send_delta 2, trans_delta 44, recv_delta 46
P: seq 29778, size 1054, send_delta 3, trans_delta 43, recv_delta 46
P: seq 29779, size 1055, send_delta 3, trans_delta 44, recv_delta 47
P: seq 29780, size 961, send_delta 3, trans_delta 44, recv_delta 47
P: seq 29781, size 961, send_delta 4, trans_delta 44, recv_delta 48
P: seq 29782, size 961, send_delta 4, trans_delta 44, recv_delta 48
P: seq 29783, size 962, send_delta 5, trans_delta 43, recv_delta 48
P: seq 29784, size 1196, send_delta 7, trans_delta 42, recv_delta 49
P: seq 29785, size 1196, send_delta 7, trans_delta 43, recv_delta 50
P: seq 29786, size 1196, send_delta 7, trans_delta 43, recv_delta 50
P: seq 29787, size 1196, send_delta 7, trans_delta 43, recv_delta 50
P: seq 29788, size 1002, send_delta 7, trans_delta 44, recv_delta 51
P: seq 29789, size 1002, send_delta 8, trans_delta 43, recv_delta 51
P: seq 29790, size 1002, send_delta 10, trans_delta 41, recv_delta 51
P: seq 29791, size 1002, send_delta 10, trans_delta 42, recv_delta 52
P: seq 29792, size 1002, send_delta 10, trans_delta 43, recv_delta 53
P: seq 29793, size 1146, send_delta 10, trans_delta 43, recv_delta 53
P: seq 29794, size 1146, send_delta 12, trans_delta 41, recv_delta 53
P: seq 29795, size 1147, send_delta 12, trans_delta 42, recv_delta 54
P: seq 29796, size 1147, send_delta 12, trans_delta 42, recv_delta 54
P: seq 29797, size 1028, send_delta 12, trans_delta 43, recv_delta 55
P: seq 29798, size 1028, send_delta 12, trans_delta 43, recv_delta 55
P: seq 29799, size 1029, send_delta 14, trans_delta 41, recv_delta 55
P: seq 29800, size 1029, send_delta 14, trans_delta 42, recv_delta 56
P: seq 29801, size 1029, send_delta 15, trans_delta 41, recv_delta 56
P: seq 29802, size 1080, send_delta 15, trans_delta 42, recv_delta 57
P: seq 29803, size 1080, send_delta 15, trans_delta 42, recv_delta 57
P: seq 29804, size 1080, send_delta 17, trans_delta 41, recv_delta 58
P: seq 29805, size 1080, send_delta 17, trans_delta 41, recv_delta 58
P: seq 29806, size 1080, send_delta 17, trans_delta 41, recv_delta 58
P: seq 29807, size 1080, send_delta 17, trans_delta 42, recv_delta 59
RTP TS: 406937851, Frame Size: 27693, Encode 5, Net 52, Wait 27, Decode 6 E2E 90 
P: seq 29808, size 874, send_delta 0, trans_delta 41, recv_delta 41
P: seq 29809, size 874, send_delta 2, trans_delta 39, recv_delta 41
P: seq 29810, size 874, send_delta 2, trans_delta 40, recv_delta 42
P: seq 29811, size 914, send_delta 2, trans_delta 40, recv_delta 42
P: seq 29812, size 915, send_delta 2, trans_delta 40, recv_delta 42
P: seq 29813, size 919, send_delta 2, trans_delta 40, recv_delta 42
P: seq 29814, size 919, send_delta 4, trans_delta 38, recv_delta 42
P: seq 29815, size 920, send_delta 4, trans_delta 39, recv_delta 43
P: seq 29816, size 920, send_delta 4, trans_delta 39, recv_delta 43
P: seq 29817, size 1172, send_delta 4, trans_delta 39, recv_delta 43
P: seq 29818, size 1172, send_delta 5, trans_delta 39, recv_delta 44
P: seq 29819, size 1172, send_delta 5, trans_delta 40, recv_delta 45
P: seq 29820, size 952, send_delta 5, trans_delta 40, recv_delta 45
P: seq 29821, size 952, send_delta 6, trans_delta 39, recv_delta 45
P: seq 29822, size 952, send_delta 6, trans_delta 40, recv_delta 46
P: seq 29823, size 952, send_delta 9, trans_delta 37, recv_delta 46
P: seq 29824, size 999, send_delta 9, trans_delta 37, recv_delta 46
P: seq 29825, size 999, send_delta 9, trans_delta 38, recv_delta 47
P: seq 29826, size 999, send_delta 9, trans_delta 39, recv_delta 48
P: seq 29827, size 1075, send_delta 9, trans_delta 39, recv_delta 48
P: seq 29828, size 1076, send_delta 11, trans_delta 37, recv_delta 48
P: seq 29829, size 1076, send_delta 11, trans_delta 38, recv_delta 49
P: seq 29830, size 1076, send_delta 11, trans_delta 38, recv_delta 49
P: seq 29831, size 1127, send_delta 11, trans_delta 39, recv_delta 50
P: seq 29832, size 1127, send_delta 11, trans_delta 39, recv_delta 50
P: seq 29833, size 1127, send_delta 14, trans_delta 37, recv_delta 51
P: seq 29834, size 1127, send_delta 14, trans_delta 37, recv_delta 51
P: seq 29835, size 1127, send_delta 14, trans_delta 38, recv_delta 52
RTP TS: 406939561, Frame Size: 28892, Encode 5, Net 45, Wait 34, Decode 7 E2E 91 
P: seq 29836, size 725, send_delta 0, trans_delta 34, recv_delta 34
P: seq 29837, size 726, send_delta 2, trans_delta 32, recv_delta 34
P: seq 29838, size 1075, send_delta 2, trans_delta 32, recv_delta 34
P: seq 29839, size 1076, send_delta 3, trans_delta 32, recv_delta 35
P: seq 29840, size 1178, send_delta 3, trans_delta 32, recv_delta 35
P: seq 29841, size 1178, send_delta 3, trans_delta 33, recv_delta 36
P: seq 29842, size 1179, send_delta 5, trans_delta 32, recv_delta 37
P: seq 29843, size 1140, send_delta 5, trans_delta 32, recv_delta 37
P: seq 29844, size 1141, send_delta 5, trans_delta 32, recv_delta 37
P: seq 29845, size 1141, send_delta 5, trans_delta 33, recv_delta 38
P: seq 29846, size 1043, send_delta 6, trans_delta 32, recv_delta 38
P: seq 29847, size 1043, send_delta 6, trans_delta 32, recv_delta 38
P: seq 29848, size 1043, send_delta 6, trans_delta 33, recv_delta 39
P: seq 29849, size 1044, send_delta 7, trans_delta 32, recv_delta 39
P: seq 29850, size 965, send_delta 7, trans_delta 32, recv_delta 39
P: seq 29851, size 965, send_delta 7, trans_delta 32, recv_delta 39
P: seq 29852, size 965, send_delta 9, trans_delta 31, recv_delta 40
P: seq 29853, size 966, send_delta 9, trans_delta 32, recv_delta 41
P: seq 29854, size 1188, send_delta 9, trans_delta 32, recv_delta 41
P: seq 29855, size 1188, send_delta 11, trans_delta 31, recv_delta 42
P: seq 29856, size 1189, send_delta 11, trans_delta 31, recv_delta 42
P: seq 29857, size 1189, send_delta 11, trans_delta 32, recv_delta 43
P: seq 29858, size 1040, send_delta 11, trans_delta 33, recv_delta 44
P: seq 29859, size 1040, send_delta 12, trans_delta 32, recv_delta 44
P: seq 29860, size 1040, send_delta 12, trans_delta 32, recv_delta 44
P: seq 29861, size 1040, send_delta 13, trans_delta 32, recv_delta 45
P: seq 29862, size 1040, send_delta 15, trans_delta 30, recv_delta 45
P: seq 29863, size 1040, send_delta 15, trans_delta 30, recv_delta 45
RTP TS: 406941181, Frame Size: 29342, Encode 5, Net 40, Wait 39, Decode 7 E2E 91 
P: seq 29864, size 982, send_delta 0, trans_delta 28, recv_delta 28
P: seq 29865, size 983, send_delta 2, trans_delta 27, recv_delta 29
P: seq 29866, size 894, send_delta 2, trans_delta 27, recv_delta 29
P: seq 29867, size 894, send_delta 2, trans_delta 27, recv_delta 29
P: seq 29868, size 894, send_delta 3, trans_delta 27, recv_delta 30
P: seq 29869, size 909, send_delta 3, trans_delta 27, recv_delta 30
P: seq 29870, size 909, send_delta 5, trans_delta 25, recv_delta 30
P: seq 29871, size 909, send_delta 5, trans_delta 25, recv_delta 30
P: seq 29872, size 910, send_delta 5, trans_delta 26, recv_delta 31
P: seq 29873, size 934, send_delta 5, trans_delta 26, recv_delta 31
P: seq 29874, size 935, send_delta 5, trans_delta 26, recv_delta 31
P: seq 29875, size 935, send_delta 5, trans_delta 27, recv_delta 32
P: seq 29876, size 935, send_delta 7, trans_delta 26, recv_delta 33
P: seq 29877, size 1037, send_delta 7, trans_delta 26, recv_delta 33
P: seq 29878, size 1037, send_delta 7, trans_delta 26, recv_delta 33
P: seq 29879, size 1037, send_delta 7, trans_delta 26, recv_delta 33
P: seq 29880, size 1038, send_delta 8, trans_delta 25, recv_delta 33
P: seq 29881, size 1193, send_delta 8, trans_delta 25, recv_delta 33
P: seq 29882, size 1194, send_delta 9, trans_delta 26, recv_delta 35
P: seq 29883, size 1194, send_delta 9, trans_delta 27, recv_delta 36
P: seq 29884, size 1006, send_delta 11, trans_delta 25, recv_delta 36
P: seq 29885, size 1006, send_delta 11, trans_delta 26, recv_delta 37
P: seq 29886, size 1007, send_delta 11, trans_delta 26, recv_delta 37
P: seq 29887, size 1007, send_delta 11, trans_delta 26, recv_delta 37
P: seq 29888, size 1007, send_delta 11, trans_delta 27, recv_delta 38
P: seq 29889, size 1060, send_delta 14, trans_delta 24, recv_delta 38
P: seq 29890, size 1060, send_delta 14, trans_delta 24, recv_delta 38
P: seq 29891, size 1061, send_delta 14, trans_delta 25, recv_delta 39
P: seq 29892, size 1061, send_delta 14, trans_delta 25, recv_delta 39
P: seq 29893, size 1061, send_delta 14, trans_delta 25, recv_delta 39
RTP TS: 406942801, Frame Size: 27202, Encode 5, Net 33, Wait 46, Decode 6 E2E 90 
P: seq 29894, size 1036, send_delta 1, trans_delta 21, recv_delta 22
P: seq 29895, size 1036, send_delta 3, trans_delta 19, recv_delta 22
P: seq 29896, size 860, send_delta 3, trans_delta 20, recv_delta 23
P: seq 29897, size 860, send_delta 3, trans_delta 20, recv_delta 23
P: seq 29898, size 861, send_delta 3, trans_delta 20, recv_delta 23
P: seq 29899, size 1142, send_delta 3, trans_delta 21, recv_delta 24
P: seq 29900, size 1142, send_delta 6, trans_delta 19, recv_delta 25
P: seq 29901, size 1142, send_delta 6, trans_delta 19, recv_delta 25
P: seq 29902, size 925, send_delta 6, trans_delta 20, recv_delta 26
P: seq 29903, size 925, send_delta 6, trans_delta 20, recv_delta 26
P: seq 29904, size 926, send_delta 6, trans_delta 20, recv_delta 26
P: seq 29905, size 926, send_delta 6, trans_delta 21, recv_delta 27
P: seq 29906, size 1036, send_delta 7, trans_delta 20, recv_delta 27
P: seq 29907, size 1036, send_delta 7, trans_delta 21, recv_delta 28
P: seq 29908, size 1037, send_delta 8, trans_delta 20, recv_delta 28
P: seq 29909, size 1037, send_delta 8, trans_delta 20, recv_delta 28
P: seq 29910, size 925, send_delta 8, trans_delta 21, recv_delta 29
P: seq 29911, size 926, send_delta 10, trans_delta 19, recv_delta 29
P: seq 29912, size 926, send_delta 10, trans_delta 19, recv_delta 29
P: seq 29913, size 926, send_delta 11, trans_delta 19, recv_delta 30
P: seq 29914, size 966, send_delta 11, trans_delta 19, recv_delta 30
P: seq 29915, size 966, send_delta 11, trans_delta 20, recv_delta 31
P: seq 29916, size 966, send_delta 13, trans_delta 18, recv_delta 31
P: seq 29917, size 967, send_delta 13, trans_delta 19, recv_delta 32
P: seq 29918, size 1100, send_delta 13, trans_delta 19, recv_delta 32
P: seq 29919, size 1100, send_delta 13, trans_delta 19, recv_delta 32
P: seq 29920, size 1101, send_delta 13, trans_delta 20, recv_delta 33
P: seq 29921, size 1101, send_delta 15, trans_delta 18, recv_delta 33
RTP TS: 406944421, Frame Size: 25225, Encode 5, Net 26, Wait 52, Decode 6 E2E 89 
P: seq 29922, size 907, send_delta 0, trans_delta 15, recv_delta 15
P: seq 29923, size 907, send_delta 2, trans_delta 14, recv_delta 16
P: seq 29924, size 908, send_delta 2, trans_delta 14, recv_delta 16
P: seq 29925, size 857, send_delta 2, trans_delta 15, recv_delta 17
P: seq 29926, size 857, send_delta 2, trans_delta 15, recv_delta 17
P: seq 29927, size 857, send_delta 2, trans_delta 15, recv_delta 17
P: seq 29928, size 1053, send_delta 4, trans_delta 13, recv_delta 17
P: seq 29929, size 1053, send_delta 4, trans_delta 14, recv_delta 18
P: seq 29930, size 1054, send_delta 5, trans_delta 14, recv_delta 19
P: seq 29931, size 1142, send_delta 5, trans_delta 14, recv_delta 19
P: seq 29932, size 1142, send_delta 5, trans_delta 14, recv_delta 19
P: seq 29933, size 1143, send_delta 7, trans_delta 13, recv_delta 20
P: seq 29934, size 996, send_delta 7, trans_delta 14, recv_delta 21
P: seq 29935, size 996, send_delta 7, trans_delta 14, recv_delta 21
P: seq 29936, size 996, send_delta 7, trans_delta 14, recv_delta 21
P: seq 29937, size 996, send_delta 7, trans_delta 15, recv_delta 22
P: seq 29938, size 971, send_delta 8, trans_delta 14, recv_delta 22
P: seq 29939, size 972, send_delta 8, trans_delta 14, recv_delta 22
P: seq 29940, size 972, send_delta 8, trans_delta 15, recv_delta 23
P: seq 29941, size 1037, send_delta 9, trans_delta 14, recv_delta 23
P: seq 29942, size 1037, send_delta 9, trans_delta 15, recv_delta 24
P: seq 29943, size 1037, send_delta 12, trans_delta 12, recv_delta 24
P: seq 29944, size 994, send_delta 12, trans_delta 12, recv_delta 24
P: seq 29945, size 994, send_delta 12, trans_delta 12, recv_delta 24
P: seq 29946, size 995, send_delta 12, trans_delta 13, recv_delta 25
P: seq 29947, size 995, send_delta 12, trans_delta 14, recv_delta 26
RTP TS: 406946041, Frame Size: 22334, Encode 4, Net 17, Wait 62, Decode 6 E2E 89 
P: seq 29948, size 892, send_delta 0, trans_delta 8, recv_delta 8
P: seq 29949, size 892, send_delta 2, trans_delta 6, recv_delta 8
P: seq 29950, size 892, send_delta 2, trans_delta 7, recv_delta 9
P: seq 29951, size 1108, send_delta 2, trans_delta 7, recv_delta 9
P: seq 29952, size 1108, send_delta 2, trans_delta 8, recv_delta 10
P: seq 29953, size 1012, send_delta 2, trans_delta 8, recv_delta 10
P: seq 29954, size 1012, send_delta 4, trans_delta 7, recv_delta 11
P: seq 29955, size 1013, send_delta 4, trans_delta 7, recv_delta 11
P: seq 29956, size 1135, send_delta 4, trans_delta 7, recv_delta 11
P: seq 29957, size 1136, send_delta 5, trans_delta 7, recv_delta 12
P: seq 29958, size 1136, send_delta 5, trans_delta 8, recv_delta 13
P: seq 29959, size 918, send_delta 7, trans_delta 6, recv_delta 13
P: seq 29960, size 919, send_delta 7, trans_delta 6, recv_delta 13
P: seq 29961, size 919, send_delta 7, trans_delta 7, recv_delta 14
P: seq 29962, size 1185, send_delta 7, trans_delta 7, recv_delta 14
P: seq 29963, size 1185, send_delta 7, trans_delta 7, recv_delta 14
P: seq 29964, size 910, send_delta 9, trans_delta 6, recv_delta 15
P: seq 29965, size 910, send_delta 9, trans_delta 6, recv_delta 15
P: seq 29966, size 910, send_delta 9, trans_delta 6, recv_delta 15
P: seq 29967, size 926, send_delta 9, trans_delta 7, recv_delta 16
P: seq 29968, size 927, send_delta 9, trans_delta 7, recv_delta 16
P: seq 29969, size 927, send_delta 11, trans_delta 6, recv_delta 17
P: seq 29970, size 927, send_delta 11, trans_delta 6, recv_delta 17
RTP TS: 406947661, Frame Size: 24701, Encode 5, Net 14, Wait 66, Decode 6 E2E 91 
P: seq 29971, size 899, send_delta 0, trans_delta 1, recv_delta 1
P: seq 29972, size 899, send_delta 2, trans_delta 1, recv_delta 3
P: seq 29973, size 900, send_delta 2, trans_delta 3, recv_delta 5
P: seq 29974, size 1126, send_delta 2, trans_delta 3, recv_delta 5
P: seq 29975, size 1126, send_delta 2, trans_delta 3, recv_delta 5
P: seq 29976, size 1120, send_delta 4, trans_delta 2, recv_delta 6
P: seq 29977, size 1120, send_delta 4, trans_delta 2, recv_delta 6
P: seq 29978, size 1120, send_delta 4, trans_delta 3, recv_delta 7
P: seq 29979, size 1077, send_delta 6, trans_delta 1, recv_delta 7
P: seq 29980, size 1078, send_delta 6, trans_delta 1, recv_delta 7
P: seq 29981, size 1078, send_delta 6, trans_delta 2, recv_delta 8
P: seq 29982, size 911, send_delta 6, trans_delta 2, recv_delta 8
P: seq 29983, size 912, send_delta 8, trans_delta 1, recv_delta 9
P: seq 29984, size 912, send_delta 8, trans_delta 1, recv_delta 9
P: seq 29985, size 1121, send_delta 8, trans_delta 1, recv_delta 9
P: seq 29986, size 1122, send_delta 8, trans_delta 2, recv_delta 10
P: seq 29987, size 926, send_delta 8, trans_delta 3, recv_delta 11
P: seq 29988, size 926, send_delta 8, trans_delta 4, recv_delta 12
P: seq 29989, size 927, send_delta 9, trans_delta 3, recv_delta 12
P: seq 29990, size 1003, send_delta 11, trans_delta 1, recv_delta 12
P: seq 29991, size 1003, send_delta 11, trans_delta 2, recv_delta 13
P: seq 29992, size 1003, send_delta 11, trans_delta 2, recv_delta 13
P: seq 29993, size 1003, send_delta 11, trans_delta 2, recv_delta 13
P: seq 29994, size 1003, send_delta 11, trans_delta 3, recv_delta 14
P: seq 29995, size 1003, send_delta 13, trans_delta 1, recv_delta 14
RTP TS: 406949281, Frame Size: 22461, Encode 5, Net 13, Wait 64, Decode 6 E2E 88 
P: seq 29996, size 847, send_delta 0, trans_delta 1, recv_delta 1
P: seq 29997, size 847, send_delta 2, trans_delta 2, recv_delta 4
P: seq 29998, size 848, send_delta 2, trans_delta 3, recv_delta 5
P: seq 29999, size 1101, send_delta 3, trans_delta 2, recv_delta 5
P: seq 30000, size 1102, send_delta 3, trans_delta 2, recv_delta 5
P: seq 30001, size 1054, send_delta 3, trans_delta 3, recv_delta 6
P: seq 30002, size 1054, send_delta 4, trans_delta 2, recv_delta 6
P: seq 30003, size 1055, send_delta 4, trans_delta 2, recv_delta 6
P: seq 30004, size 811, send_delta 4, trans_delta 3, recv_delta 7
P: seq 30005, size 811, send_delta 5, trans_delta 3, recv_delta 8
P: seq 30006, size 812, send_delta 5, trans_delta 3, recv_delta 8
P: seq 30007, size 1071, send_delta 5, trans_delta 3, recv_delta 8
P: seq 30008, size 1072, send_delta 7, trans_delta 2, recv_delta 9
P: seq 30009, size 905, send_delta 7, trans_delta 2, recv_delta 9
P: seq 30010, size 905, send_delta 7, trans_delta 2, recv_delta 9
P: seq 30011, size 1145, send_delta 7, trans_delta 3, recv_delta 10
P: seq 30012, size 1145, send_delta 7, trans_delta 4, recv_delta 11
P: seq 30013, size 1073, send_delta 10, trans_delta 1, recv_delta 11
P: seq 30014, size 1073, send_delta 10, trans_delta 2, recv_delta 12
P: seq 30015, size 1073, send_delta 10, trans_delta 2, recv_delta 12
P: seq 30016, size 1074, send_delta 10, trans_delta 2, recv_delta 12
P: seq 30017, size 1074, send_delta 12, trans_delta 0, recv_delta 12
P: seq 30018, size 1074, send_delta 12, trans_delta 1, recv_delta 13
RTP TS: 406950901, Frame Size: 18256, Encode 4, Net 11, Wait 66, Decode 5 E2E 86 
P: seq 30019, size 901, send_delta 0, trans_delta 1, recv_delta 1
P: seq 30020, size 901, send_delta 2, trans_delta 1, recv_delta 3
P: seq 30021, size 1057, send_delta 2, trans_delta 2, recv_delta 4
P: seq 30022, size 1058, send_delta 2, trans_delta 2, recv_delta 4
P: seq 30023, size 870, send_delta 2, trans_delta 2, recv_delta 4
P: seq 30024, size 871, send_delta 3, trans_delta 2, recv_delta 5
P: seq 30025, size 871, send_delta 3, trans_delta 2, recv_delta 5
P: seq 30026, size 934, send_delta 3, trans_delta 2, recv_delta 5
P: seq 30027, size 935, send_delta 3, trans_delta 2, recv_delta 5
P: seq 30028, size 721, send_delta 6, trans_delta 1, recv_delta 7
P: seq 30029, size 721, send_delta 6, trans_delta 1, recv_delta 7
P: seq 30030, size 776, send_delta 6, trans_delta 1, recv_delta 7
P: seq 30031, size 777, send_delta 6, trans_delta 2, recv_delta 8
P: seq 30032, size 820, send_delta 6, trans_delta 2, recv_delta 8
P: seq 30033, size 821, send_delta 6, trans_delta 2, recv_delta 8
P: seq 30034, size 1141, send_delta 8, trans_delta 1, recv_delta 9
P: seq 30035, size 1142, send_delta 8, trans_delta 1, recv_delta 9
P: seq 30036, size 1142, send_delta 8, trans_delta 2, recv_delta 10
P: seq 30037, size 1142, send_delta 8, trans_delta 3, recv_delta 11
P: seq 30038, size 1142, send_delta 8, trans_delta 3, recv_delta 11
RTP TS: 406952521, Frame Size: 13105, Encode 4, Net 9, Wait 68, Decode 4 E2E 85 
P: seq 30039, size 780, send_delta 0, trans_delta 1, recv_delta 1
P: seq 30040, size 780, send_delta 2, trans_delta 1, recv_delta 3
P: seq 30041, size 648, send_delta 2, trans_delta 1, recv_delta 3
P: seq 30042, size 649, send_delta 2, trans_delta 1, recv_delta 3
P: seq 30043, size 810, send_delta 2, trans_delta 2, recv_delta 4
P: seq 30044, size 785, send_delta 2, trans_delta 2, recv_delta 4
P: seq 30045, size 1080, send_delta 2, trans_delta 2, recv_delta 4
P: seq 30046, size 672, send_delta 4, trans_delta 2, recv_delta 6
P: seq 30047, size 672, send_delta 4, trans_delta 2, recv_delta 6
P: seq 30048, size 799, send_delta 4, trans_delta 2, recv_delta 6
P: seq 30049, size 799, send_delta 4, trans_delta 3, recv_delta 7
P: seq 30050, size 1002, send_delta 5, trans_delta 2, recv_delta 7
P: seq 30051, size 1002, send_delta 5, trans_delta 2, recv_delta 7
P: seq 30052, size 1002, send_delta 5, trans_delta 3, recv_delta 8
P: seq 30053, size 1002, send_delta 7, trans_delta 1, recv_delta 8
P: seq 30054, size 1003, send_delta 7, trans_delta 1, recv_delta 8
RTP TS: 406954141, Frame Size: 12579, Encode 4, Net 8, Wait 68, Decode 4 E2E 84 
P: seq 30055, size 792, send_delta 0, trans_delta 1, recv_delta 1
P: seq 30056, size 793, send_delta 2, trans_delta 1, recv_delta 3
P: seq 30057, size 650, send_delta 2, trans_delta 1, recv_delta 3
P: seq 30058, size 650, send_delta 2, trans_delta 1, recv_delta 3
P: seq 30059, size 958, send_delta 2, trans_delta 2, recv_delta 4
P: seq 30060, size 925, send_delta 2, trans_delta 2, recv_delta 4
P: seq 30061, size 1164, send_delta 2, trans_delta 2, recv_delta 4
P: seq 30062, size 754, send_delta 4, trans_delta 2, recv_delta 6
P: seq 30063, size 755, send_delta 4, trans_delta 2, recv_delta 6
P: seq 30064, size 640, send_delta 4, trans_delta 2, recv_delta 6
P: seq 30065, size 640, send_delta 4, trans_delta 2, recv_delta 6
P: seq 30066, size 1053, send_delta 4, trans_delta 3, recv_delta 7
P: seq 30067, size 1053, send_delta 5, trans_delta 2, recv_delta 7
P: seq 30068, size 1053, send_delta 7, trans_delta 1, recv_delta 8
P: seq 30069, size 1053, send_delta 7, trans_delta 1, recv_delta 8
RTP TS: 406955761, Frame Size: 13797, Encode 3, Net 8, Wait 69, Decode 4 E2E 84 
P: seq 30070, size 831, send_delta 0, trans_delta 1, recv_delta 1
P: seq 30071, size 831, send_delta 2, trans_delta 1, recv_delta 3
P: seq 30072, size 706, send_delta 2, trans_delta 1, recv_delta 3
P: seq 30073, size 706, send_delta 2, trans_delta 1, recv_delta 3
P: seq 30074, size 719, send_delta 2, trans_delta 2, recv_delta 4
P: seq 30075, size 720, send_delta 2, trans_delta 2, recv_delta 4
P: seq 30076, size 1125, send_delta 2, trans_delta 2, recv_delta 4
P: seq 30077, size 875, send_delta 4, trans_delta 2, recv_delta 6
P: seq 30078, size 876, send_delta 4, trans_delta 2, recv_delta 6
P: seq 30079, size 747, send_delta 4, trans_delta 2, recv_delta 6
P: seq 30080, size 748, send_delta 4, trans_delta 3, recv_delta 7
P: seq 30081, size 1177, send_delta 5, trans_delta 2, recv_delta 7
P: seq 30082, size 1029, send_delta 6, trans_delta 1, recv_delta 7
P: seq 30083, size 1029, send_delta 6, trans_delta 2, recv_delta 8
P: seq 30084, size 1029, send_delta 6, trans_delta 2, recv_delta 8
P: seq 30085, size 1030, send_delta 6, trans_delta 2, recv_delta 8
RTP TS: 406957381, Frame Size: 13687, Encode 4, Net 9, Wait 69, Decode 4 E2E 86 
P: seq 30086, size 814, send_delta 0, trans_delta 1, recv_delta 1
P: seq 30087, size 814, send_delta 2, trans_delta 1, recv_delta 3
P: seq 30088, size 658, send_delta 2, trans_delta 1, recv_delta 3
P: seq 30089, size 658, send_delta 2, trans_delta 1, recv_delta 3
P: seq 30090, size 683, send_delta 2, trans_delta 1, recv_delta 3
P: seq 30091, size 684, send_delta 2, trans_delta 2, recv_delta 4
P: seq 30092, size 706, send_delta 2, trans_delta 2, recv_delta 4
P: seq 30093, size 707, send_delta 4, trans_delta 1, recv_delta 5
P: seq 30094, size 972, send_delta 4, trans_delta 2, recv_delta 6
P: seq 30095, size 973, send_delta 5, trans_delta 1, recv_delta 6
P: seq 30096, size 618, send_delta 5, trans_delta 2, recv_delta 7
P: seq 30097, size 618, send_delta 5, trans_delta 2, recv_delta 7
P: seq 30098, size 986, send_delta 5, trans_delta 2, recv_delta 7
P: seq 30099, size 1051, send_delta 5, trans_delta 3, recv_delta 8
P: seq 30100, size 1051, send_delta 7, trans_delta 1, recv_delta 8
P: seq 30101, size 1051, send_delta 7, trans_delta 1, recv_delta 8
P: seq 30102, size 1051, send_delta 7, trans_delta 2, recv_delta 9
RTP TS: 406959001, Frame Size: 14436, Encode 3, Net 8, Wait 70, Decode 4 E2E 85 
P: seq 30103, size 990, send_delta 0, trans_delta 1, recv_delta 1
P: seq 30104, size 990, send_delta 2, trans_delta 1, recv_delta 3
P: seq 30105, size 737, send_delta 2, trans_delta 1, recv_delta 3
P: seq 30106, size 738, send_delta 2, trans_delta 2, recv_delta 4
P: seq 30107, size 731, send_delta 2, trans_delta 2, recv_delta 4
P: seq 30108, size 732, send_delta 2, trans_delta 2, recv_delta 4
P: seq 30109, size 691, send_delta 2, trans_delta 2, recv_delta 4
P: seq 30110, size 691, send_delta 2, trans_delta 3, recv_delta 5
P: seq 30111, size 998, send_delta 4, trans_delta 1, recv_delta 5
P: seq 30112, size 998, send_delta 4, trans_delta 1, recv_delta 5
P: seq 30113, size 964, send_delta 4, trans_delta 2, recv_delta 6
P: seq 30114, size 1076, send_delta 6, trans_delta 1, recv_delta 7
P: seq 30115, size 1120, send_delta 6, trans_delta 1, recv_delta 7
P: seq 30116, size 1120, send_delta 6, trans_delta 2, recv_delta 8
P: seq 30117, size 1120, send_delta 6, trans_delta 2, recv_delta 8
P: seq 30118, size 1121, send_delta 6, trans_delta 2, recv_delta 8
RTP TS: 406960621, Frame Size: 11168, Encode 4, Net 8, Wait 69, Decode 4 E2E 85 
P: seq 30119, size 860, send_delta 0, trans_delta 2, recv_delta 2
P: seq 30120, size 861, send_delta 3, trans_delta 1, recv_delta 4
P: seq 30121, size 686, send_delta 3, trans_delta 1, recv_delta 4
P: seq 30122, size 686, send_delta 3, trans_delta 1, recv_delta 4
P: seq 30123, size 707, send_delta 3, trans_delta 2, recv_delta 5
P: seq 30124, size 708, send_delta 4, trans_delta 2, recv_delta 6
P: seq 30125, size 780, send_delta 4, trans_delta 2, recv_delta 6
P: seq 30126, size 780, send_delta 4, trans_delta 2, recv_delta 6
P: seq 30127, size 734, send_delta 4, trans_delta 3, recv_delta 7
P: seq 30128, size 734, send_delta 4, trans_delta 3, recv_delta 7
P: seq 30129, size 782, send_delta 6, trans_delta 1, recv_delta 7
P: seq 30130, size 1028, send_delta 6, trans_delta 1, recv_delta 7
P: seq 30131, size 1075, send_delta 6, trans_delta 2, recv_delta 8
P: seq 30132, size 1076, send_delta 6, trans_delta 2, recv_delta 8
RTP TS: 406962331, Frame Size: 13817, Encode 4, Net 9, Wait 69, Decode 4 E2E 86 
P: seq 30133, size 1039, send_delta 1, trans_delta 1, recv_delta 2
P: seq 30134, size 1039, send_delta 3, trans_delta 0, recv_delta 3
P: seq 30135, size 613, send_delta 3, trans_delta 0, recv_delta 3
P: seq 30136, size 614, send_delta 3, trans_delta 1, recv_delta 4
P: seq 30137, size 953, send_delta 3, trans_delta 2, recv_delta 5
P: seq 30138, size 953, send_delta 3, trans_delta 2, recv_delta 5
P: seq 30139, size 940, send_delta 4, trans_delta 1, recv_delta 5
P: seq 30140, size 940, send_delta 4, trans_delta 2, recv_delta 6
P: seq 30141, size 780, send_delta 4, trans_delta 2, recv_delta 6
P: seq 30142, size 781, send_delta 4, trans_delta 2, recv_delta 6
P: seq 30143, size 1019, send_delta 5, trans_delta 2, recv_delta 7
P: seq 30144, size 673, send_delta 7, trans_delta 1, recv_delta 8
P: seq 30145, size 673, send_delta 7, trans_delta 1, recv_delta 8
P: seq 30146, size 1060, send_delta 7, trans_delta 1, recv_delta 8
P: seq 30147, size 1061, send_delta 7, trans_delta 2, recv_delta 9
P: seq 30148, size 1061, send_delta 7, trans_delta 2, recv_delta 9
RTP TS: 406963951, Frame Size: 12802, Encode 3, Net 8, Wait 72, Decode 4 E2E 87 
P: seq 30149, size 989, send_delta 0, trans_delta 1, recv_delta 1
P: seq 30150, size 990, send_delta 2, trans_delta 2, recv_delta 4
P: seq 30151, size 1044, send_delta 2, trans_delta 2, recv_delta 4
P: seq 30152, size 894, send_delta 2, trans_delta 3, recv_delta 5
P: seq 30153, size 895, send_delta 2, trans_delta 3, recv_delta 5
P: seq 30154, size 1191, send_delta 2, trans_delta 3, recv_delta 5
P: seq 30155, size 646, send_delta 3, trans_delta 2, recv_delta 5
P: seq 30156, size 647, send_delta 4, trans_delta 2, recv_delta 6
P: seq 30157, size 1012, send_delta 4, trans_delta 2, recv_delta 6
P: seq 30158, size 705, send_delta 4, trans_delta 2, recv_delta 6
P: seq 30159, size 706, send_delta 4, trans_delta 3, recv_delta 7
P: seq 30160, size 1137, send_delta 5, trans_delta 2, recv_delta 7
P: seq 30161, size 1137, send_delta 5, trans_delta 2, recv_delta 7
P: seq 30162, size 1137, send_delta 7, trans_delta 1, recv_delta 8
RTP TS: 406965571, Frame Size: 14344, Encode 3, Net 10, Wait 68, Decode 4 E2E 85 
P: seq 30163, size 1189, send_delta 0, trans_delta 2, recv_delta 2
P: seq 30164, size 1189, send_delta 2, trans_delta 1, recv_delta 3
P: seq 30165, size 694, send_delta 2, trans_delta 2, recv_delta 4
P: seq 30166, size 695, send_delta 2, trans_delta 2, recv_delta 4
P: seq 30167, size 818, send_delta 4, trans_delta 1, recv_delta 5
P: seq 30168, size 819, send_delta 4, trans_delta 1, recv_delta 5
P: seq 30169, size 1114, send_delta 4, trans_delta 2, recv_delta 6
P: seq 30170, size 867, send_delta 4, trans_delta 2, recv_delta 6
P: seq 30171, size 867, send_delta 4, trans_delta 2, recv_delta 6
P: seq 30172, size 1039, send_delta 4, trans_delta 3, recv_delta 7
P: seq 30173, size 783, send_delta 6, trans_delta 1, recv_delta 7
P: seq 30174, size 783, send_delta 6, trans_delta 1, recv_delta 7
P: seq 30175, size 967, send_delta 6, trans_delta 2, recv_delta 8
P: seq 30176, size 967, send_delta 8, trans_delta 0, recv_delta 8
P: seq 30177, size 967, send_delta 8, trans_delta 1, recv_delta 9
P: seq 30178, size 967, send_delta 8, trans_delta 1, recv_delta 9
RTP TS: 406967191, Frame Size: 15907, Encode 3, Net 9, Wait 69, Decode 5 E2E 86 
P: seq 30179, size 1000, send_delta 0, trans_delta 1, recv_delta 1
P: seq 30180, size 1000, send_delta 2, trans_delta 2, recv_delta 4
P: seq 30181, size 1000, send_delta 2, trans_delta 2, recv_delta 4
P: seq 30182, size 766, send_delta 2, trans_delta 2, recv_delta 4
P: seq 30183, size 766, send_delta 3, trans_delta 2, recv_delta 5
P: seq 30184, size 900, send_delta 3, trans_delta 2, recv_delta 5
P: seq 30185, size 901, send_delta 5, trans_delta 0, recv_delta 5
P: seq 30186, size 652, send_delta 5, trans_delta 1, recv_delta 6
P: seq 30187, size 653, send_delta 5, trans_delta 1, recv_delta 6
P: seq 30188, size 1009, send_delta 5, trans_delta 2, recv_delta 7
P: seq 30189, size 1009, send_delta 5, trans_delta 2, recv_delta 7
P: seq 30190, size 649, send_delta 5, trans_delta 2, recv_delta 7
P: seq 30191, size 650, send_delta 5, trans_delta 2, recv_delta 7
P: seq 30192, size 1011, send_delta 7, trans_delta 1, recv_delta 8
P: seq 30193, size 1012, send_delta 7, trans_delta 1, recv_delta 8
P: seq 30194, size 1121, send_delta 7, trans_delta 2, recv_delta 9
P: seq 30195, size 1121, send_delta 7, trans_delta 2, recv_delta 9
P: seq 30196, size 1122, send_delta 7, trans_delta 2, recv_delta 9
RTP TS: 406968811, Frame Size: 15951, Encode 3, Net 11, Wait 66, Decode 5 E2E 85 
P: seq 30197, size 951, send_delta 0, trans_delta 1, recv_delta 1
P: seq 30198, size 951, send_delta 2, trans_delta 1, recv_delta 3
P: seq 30199, size 951, send_delta 2, trans_delta 1, recv_delta 3
P: seq 30200, size 771, send_delta 2, trans_delta 2, recv_delta 4
P: seq 30201, size 772, send_delta 2, trans_delta 2, recv_delta 4
P: seq 30202, size 823, send_delta 2, trans_delta 2, recv_delta 4
P: seq 30203, size 824, send_delta 5, trans_delta 0, recv_delta 5
P: seq 30204, size 727, send_delta 5, trans_delta 0, recv_delta 5
P: seq 30205, size 728, send_delta 5, trans_delta 1, recv_delta 6
P: seq 30206, size 940, send_delta 5, trans_delta 2, recv_delta 7
P: seq 30207, size 940, send_delta 5, trans_delta 2, recv_delta 7
P: seq 30208, size 644, send_delta 5, trans_delta 3, recv_delta 8
P: seq 30209, size 645, send_delta 5, trans_delta 3, recv_delta 8
P: seq 30210, size 1098, send_delta 7, trans_delta 1, recv_delta 8
P: seq 30211, size 1099, send_delta 7, trans_delta 2, recv_delta 9
P: seq 30212, size 1174, send_delta 7, trans_delta 2, recv_delta 9
P: seq 30213, size 1174, send_delta 7, trans_delta 2, recv_delta 9
P: seq 30214, size 1174, send_delta 9, trans_delta 2, recv_delta 11
RTP TS: 406970431, Frame Size: 20355, Encode 4, Net 12, Wait 66, Decode 5 E2E 87 
P: seq 30215, size 1063, send_delta 0, trans_delta 1, recv_delta 1
P: seq 30216, size 1063, send_delta 2, trans_delta 1, recv_delta 3
P: seq 30217, size 1064, send_delta 2, trans_delta 1, recv_delta 3
P: seq 30218, size 882, send_delta 4, trans_delta 1, recv_delta 5
P: seq 30219, size 883, send_delta 4, trans_delta 1, recv_delta 5
P: seq 30220, size 829, send_delta 4, trans_delta 1, recv_delta 5
P: seq 30221, size 829, send_delta 4, trans_delta 2, recv_delta 6
P: seq 30222, size 829, send_delta 4, trans_delta 2, recv_delta 6
P: seq 30223, size 1066, send_delta 4, trans_delta 2, recv_delta 6
P: seq 30224, size 1066, send_delta 5, trans_delta 2, recv_delta 7
P: seq 30225, size 882, send_delta 5, trans_delta 2, recv_delta 7
P: seq 30226, size 883, send_delta 5, trans_delta 2, recv_delta 7
P: seq 30227, size 883, send_delta 6, trans_delta 2, recv_delta 8
P: seq 30228, size 985, send_delta 6, trans_delta 2, recv_delta 8
P: seq 30229, size 985, send_delta 7, trans_delta 1, recv_delta 8
P: seq 30230, size 1002, send_delta 9, trans_delta 0, recv_delta 9
P: seq 30231, size 1002, send_delta 9, trans_delta 1, recv_delta 10
P: seq 30232, size 1002, send_delta 9, trans_delta 2, recv_delta 11
P: seq 30233, size 924, send_delta 9, trans_delta 2, recv_delta 11
P: seq 30234, size 924, send_delta 11, trans_delta 1, recv_delta 12
P: seq 30235, size 924, send_delta 11, trans_delta 1, recv_delta 12
P: seq 30236, size 924, send_delta 11, trans_delta 1, recv_delta 12
RTP TS: 406972051, Frame Size: 71433, Encode 6, Net 36, Wait 37, Decode 12 E2E 91 
P: seq 30237, size 1193, send_delta 0, trans_delta 2, recv_delta 2
P: seq 30238, size 1193, send_delta 3, trans_delta 0, recv_delta 3
P: seq 30239, size 1193, send_delta 3, trans_delta 0, recv_delta 3
P: seq 30240, size 1193, send_delta 3, trans_delta 1, recv_delta 4
P: seq 30241, size 1193, send_delta 3, trans_delta 2, recv_delta 5
P: seq 30242, size 1193, send_delta 5, trans_delta 1, recv_delta 6
P: seq 30243, size 1193, send_delta 5, trans_delta 1, recv_delta 6
P: seq 30244, size 1193, send_delta 5, trans_delta 1, recv_delta 6
P: seq 30245, size 1193, send_delta 5, trans_delta 1, recv_delta 6
P: seq 30246, size 1193, send_delta 7, trans_delta 1, recv_delta 8
P: seq 30247, size 1149, send_delta 7, trans_delta 2, recv_delta 9
P: seq 30248, size 1149, send_delta 7, trans_delta 2, recv_delta 9
P: seq 30249, size 1150, send_delta 7, trans_delta 2, recv_delta 9
P: seq 30250, size 1150, send_delta 9, trans_delta 2, recv_delta 11
P: seq 30251, size 1150, send_delta 9, trans_delta 2, recv_delta 11
P: seq 30252, size 1150, send_delta 9, trans_delta 3, recv_delta 12
P: seq 30253, size 1150, send_delta 10, trans_delta 2, recv_delta 12
P: seq 30254, size 1089, send_delta 12, trans_delta 1, recv_delta 13
P: seq 30255, size 1089, send_delta 12, trans_delta 1, recv_delta 13
P: seq 30256, size 1089, send_delta 12, trans_delta 1, recv_delta 13
P: seq 30257, size 1089, send_delta 12, trans_delta 2, recv_delta 14
P: seq 30258, size 1089, send_delta 12, trans_delta 2, recv_delta 14
P: seq 30259, size 1089, send_delta 12, trans_delta 2, recv_delta 14
P: seq 30260, size 1090, send_delta 14, trans_delta 0, recv_delta 14
P: seq 30261, size 1090, send_delta 14, trans_delta 0, recv_delta 14
P: seq 30262, size 1090, send_delta 14, trans_delta 2, recv_delta 16
P: seq 30263, size 1090, send_delta 14, trans_delta 2, recv_delta 16
P: seq 30264, size 1176, send_delta 16, trans_delta 2, recv_delta 18
P: seq 30265, size 1176, send_delta 16, trans_delta 2, recv_delta 18
P: seq 30266, size 1176, send_delta 16, trans_delta 3, recv_delta 19
P: seq 30267, size 1176, send_delta 16, trans_delta 3, recv_delta 19
P: seq 30268, size 1176, send_delta 19, trans_delta 1, recv_delta 20
P: seq 30269, size 1176, send_delta 19, trans_delta 1, recv_delta 20
P: seq 30270, size 1177, send_delta 19, trans_delta 2, recv_delta 21
P: seq 30271, size 1177, send_delta 19, trans_delta 2, recv_delta 21
P: seq 30272, size 1177, send_delta 19, trans_delta 2, recv_delta 21
P: seq 30273, size 1160, send_delta 21, trans_delta 1, recv_delta 22
P: seq 30274, size 1160, send_delta 21, trans_delta 1, recv_delta 22
P: seq 30275, size 1160, send_delta 21, trans_delta 1, recv_delta 22
P: seq 30276, size 1160, send_delta 23, trans_delta 0, recv_delta 23
P: seq 30277, size 1160, send_delta 23, trans_delta 0, recv_delta 23
P: seq 30278, size 1161, send_delta 23, trans_delta 1, recv_delta 24
P: seq 30279, size 1161, send_delta 23, trans_delta 2, recv_delta 25
P: seq 30280, size 1161, send_delta 25, trans_delta 1, recv_delta 26
P: seq 30281, size 1161, send_delta 25, trans_delta 1, recv_delta 26
P: seq 30282, size 1086, send_delta 25, trans_delta 1, recv_delta 26
P: seq 30283, size 1086, send_delta 25, trans_delta 2, recv_delta 27
P: seq 30284, size 1087, send_delta 25, trans_delta 2, recv_delta 27
P: seq 30285, size 1087, send_delta 28, trans_delta 2, recv_delta 30
P: seq 30286, size 1087, send_delta 28, trans_delta 2, recv_delta 30
P: seq 30287, size 1087, send_delta 28, trans_delta 2, recv_delta 30
P: seq 30288, size 1087, send_delta 28, trans_delta 3, recv_delta 31
P: seq 30289, size 1087, send_delta 29, trans_delta 2, recv_delta 31
P: seq 30290, size 981, send_delta 29, trans_delta 2, recv_delta 31
P: seq 30291, size 981, send_delta 29, trans_delta 3, recv_delta 32
P: seq 30292, size 981, send_delta 31, trans_delta 1, recv_delta 32
P: seq 30293, size 981, send_delta 31, trans_delta 1, recv_delta 32
P: seq 30294, size 1071, send_delta 31, trans_delta 1, recv_delta 32
P: seq 30295, size 1071, send_delta 31, trans_delta 2, recv_delta 33
P: seq 30296, size 1071, send_delta 33, trans_delta 1, recv_delta 34
P: seq 30297, size 1071, send_delta 33, trans_delta 1, recv_delta 34
P: seq 30298, size 1071, send_delta 33, trans_delta 2, recv_delta 35
P: seq 30299, size 1071, send_delta 33, trans_delta 2, recv_delta 35
P: seq 30300, size 1071, send_delta 35, trans_delta 1, recv_delta 36
P: seq 30301, size 1072, send_delta 35, trans_delta 1, recv_delta 36
RTP TS: 406973671, Frame Size: 4299, Encode 2, Net 24, Wait 53, Decode 2 E2E 81 
P: seq 30302, size 761, send_delta 21, trans_delta 1, recv_delta 22
P: seq 30303, size 1020, send_delta 21, trans_delta 1, recv_delta 22
P: seq 30304, size 1035, send_delta 21, trans_delta 2, recv_delta 23
P: seq 30305, size 617, send_delta 23, trans_delta 1, recv_delta 24
P: seq 30306, size 973, send_delta 23, trans_delta 1, recv_delta 24
RTP TS: 406975291, Frame Size: 7898, Encode 3, Net 11, Wait 67, Decode 3 E2E 84 
P: seq 30307, size 627, send_delta 5, trans_delta 2, recv_delta 7
P: seq 30308, size 628, send_delta 5, trans_delta 2, recv_delta 7
P: seq 30309, size 695, send_delta 5, trans_delta 2, recv_delta 7
P: seq 30310, size 696, send_delta 5, trans_delta 2, recv_delta 7
P: seq 30311, size 918, send_delta 5, trans_delta 2, recv_delta 7
P: seq 30312, size 991, send_delta 8, trans_delta 1, recv_delta 9
P: seq 30313, size 1107, send_delta 8, trans_delta 1, recv_delta 9
P: seq 30314, size 1013, send_delta 8, trans_delta 2, recv_delta 10
P: seq 30315, size 726, send_delta 8, trans_delta 2, recv_delta 10
P: seq 30316, size 726, send_delta 8, trans_delta 2, recv_delta 10
RTP TS: 406976911, Frame Size: 10161, Encode 4, Net 6, Wait 70, Decode 4 E2E 84 
P: seq 30317, size 746, send_delta 0, trans_delta 1, recv_delta 1
P: seq 30318, size 747, send_delta 2, trans_delta 1, recv_delta 3
P: seq 30319, size 692, send_delta 2, trans_delta 1, recv_delta 3
P: seq 30320, size 693, send_delta 2, trans_delta 1, recv_delta 3
P: seq 30321, size 1153, send_delta 2, trans_delta 1, recv_delta 3
P: seq 30322, size 1022, send_delta 2, trans_delta 2, recv_delta 4
P: seq 30323, size 964, send_delta 4, trans_delta 1, recv_delta 5
P: seq 30324, size 697, send_delta 4, trans_delta 1, recv_delta 5
P: seq 30325, size 697, send_delta 4, trans_delta 1, recv_delta 5
P: seq 30326, size 715, send_delta 4, trans_delta 2, recv_delta 6
P: seq 30327, size 715, send_delta 4, trans_delta 2, recv_delta 6
P: seq 30328, size 811, send_delta 4, trans_delta 2, recv_delta 6
P: seq 30329, size 811, send_delta 4, trans_delta 2, recv_delta 6
RTP TS: 406978531, Frame Size: 13049, Encode 4, Net 9, Wait 67, Decode 4 E2E 84 
P: seq 30330, size 892, send_delta 0, trans_delta 0, recv_delta 0
P: seq 30331, size 893, send_delta 2, trans_delta 2, recv_delta 4
P: seq 30332, size 737, send_delta 3, trans_delta 1, recv_delta 4
P: seq 30333, size 738, send_delta 3, trans_delta 1, recv_delta 4
P: seq 30334, size 825, send_delta 3, trans_delta 1, recv_delta 4
P: seq 30335, size 826, send_delta 3, trans_delta 1, recv_delta 4
P: seq 30336, size 746, send_delta 3, trans_delta 2, recv_delta 5
P: seq 30337, size 746, send_delta 3, trans_delta 2, recv_delta 5
P: seq 30338, size 799, send_delta 3, trans_delta 2, recv_delta 5
P: seq 30339, size 800, send_delta 5, trans_delta 1, recv_delta 6
P: seq 30340, size 988, send_delta 5, trans_delta 1, recv_delta 6
P: seq 30341, size 988, send_delta 5, trans_delta 2, recv_delta 7
P: seq 30342, size 931, send_delta 5, trans_delta 2, recv_delta 7
P: seq 30343, size 931, send_delta 5, trans_delta 2, recv_delta 7
P: seq 30344, size 796, send_delta 5, trans_delta 2, recv_delta 7
P: seq 30345, size 796, send_delta 8, trans_delta 1, recv_delta 9
RTP TS: 406980151, Frame Size: 14736, Encode 4, Net 9, Wait 67, Decode 5 E2E 85 
P: seq 30346, size 1142, send_delta 0, trans_delta 1, recv_delta 1
P: seq 30347, size 1143, send_delta 2, trans_delta 1, recv_delta 3
P: seq 30348, size 953, send_delta 2, trans_delta 1, recv_delta 3
P: seq 30349, size 954, send_delta 2, trans_delta 2, recv_delta 4
P: seq 30350, size 985, send_delta 2, trans_delta 2, recv_delta 4
P: seq 30351, size 985, send_delta 4, trans_delta 1, recv_delta 5
P: seq 30352, size 877, send_delta 4, trans_delta 2, recv_delta 6
P: seq 30353, size 878, send_delta 4, trans_delta 2, recv_delta 6
P: seq 30354, size 874, send_delta 4, trans_delta 2, recv_delta 6
P: seq 30355, size 875, send_delta 4, trans_delta 2, recv_delta 6
P: seq 30356, size 847, send_delta 6, trans_delta 1, recv_delta 7
P: seq 30357, size 847, send_delta 6, trans_delta 1, recv_delta 7
P: seq 30358, size 1009, send_delta 6, trans_delta 1, recv_delta 7
P: seq 30359, size 1010, send_delta 6, trans_delta 2, recv_delta 8
P: seq 30360, size 870, send_delta 8, trans_delta 1, recv_delta 9
P: seq 30361, size 870, send_delta 8, trans_delta 1, recv_delta 9
RTP TS: 406981771, Frame Size: 16416, Encode 4, Net 9, Wait 67, Decode 5 E2E 85 
P: seq 30362, size 921, send_delta 0, trans_delta 1, recv_delta 1
P: seq 30363, size 922, send_delta 2, trans_delta 1, recv_delta 3
P: seq 30364, size 922, send_delta 2, trans_delta 2, recv_delta 4
P: seq 30365, size 1166, send_delta 2, trans_delta 2, recv_delta 4
P: seq 30366, size 1167, send_delta 2, trans_delta 3, recv_delta 5
P: seq 30367, size 1146, send_delta 2, trans_delta 3, recv_delta 5
P: seq 30368, size 1146, send_delta 4, trans_delta 1, recv_delta 5
P: seq 30369, size 1069, send_delta 4, trans_delta 2, recv_delta 6
P: seq 30370, size 1069, send_delta 6, trans_delta 0, recv_delta 6
P: seq 30371, size 995, send_delta 6, trans_delta 0, recv_delta 6
P: seq 30372, size 996, send_delta 6, trans_delta 1, recv_delta 7
P: seq 30373, size 1094, send_delta 6, trans_delta 1, recv_delta 7
P: seq 30374, size 1094, send_delta 6, trans_delta 2, recv_delta 8
P: seq 30375, size 827, send_delta 8, trans_delta 1, recv_delta 9
P: seq 30376, size 828, send_delta 8, trans_delta 1, recv_delta 9
P: seq 30377, size 731, send_delta 8, trans_delta 1, recv_delta 9
P: seq 30378, size 732, send_delta 8, trans_delta 1, recv_delta 9
RTP TS: 406983391, Frame Size: 16669, Encode 3, Net 10, Wait 67, Decode 5 E2E 85 
P: seq 30379, size 1031, send_delta 0, trans_delta 2, recv_delta 2
P: seq 30380, size 1031, send_delta 2, trans_delta 1, recv_delta 3
P: seq 30381, size 1031, send_delta 2, trans_delta 1, recv_delta 3
P: seq 30382, size 1142, send_delta 2, trans_delta 2, recv_delta 4
P: seq 30383, size 1142, send_delta 4, trans_delta 1, recv_delta 5
P: seq 30384, size 817, send_delta 4, trans_delta 1, recv_delta 5
P: seq 30385, size 818, send_delta 4, trans_delta 1, recv_delta 5
P: seq 30386, size 818, send_delta 4, trans_delta 1, recv_delta 5
P: seq 30387, size 831, send_delta 4, trans_delta 2, recv_delta 6
P: seq 30388, size 831, send_delta 5, trans_delta 2, recv_delta 7
P: seq 30389, size 832, send_delta 5, trans_delta 2, recv_delta 7
P: seq 30390, size 1058, send_delta 5, trans_delta 2, recv_delta 7
P: seq 30391, size 1058, send_delta 7, trans_delta 1, recv_delta 8
P: seq 30392, size 1027, send_delta 7, trans_delta 1, recv_delta 8
P: seq 30393, size 1028, send_delta 7, trans_delta 1, recv_delta 8
P: seq 30394, size 649, send_delta 9, trans_delta 0, recv_delta 9
P: seq 30395, size 650, send_delta 9, trans_delta 0, recv_delta 9
P: seq 30396, size 668, send_delta 9, trans_delta 0, recv_delta 9
P: seq 30397, size 668, send_delta 9, trans_delta 1, recv_delta 10
RTP TS: 406985011, Frame Size: 20419, Encode 3, Net 13, Wait 65, Decode 5 E2E 86 
P: seq 30398, size 986, send_delta 1, trans_delta 1, recv_delta 2
P: seq 30399, size 986, send_delta 3, trans_delta 1, recv_delta 4
P: seq 30400, size 987, send_delta 3, trans_delta 1, recv_delta 4
P: seq 30401, size 849, send_delta 3, trans_delta 1, recv_delta 4
P: seq 30402, size 850, send_delta 3, trans_delta 2, recv_delta 5
P: seq 30403, size 850, send_delta 3, trans_delta 2, recv_delta 5
P: seq 30404, size 881, send_delta 3, trans_delta 2, recv_delta 5
P: seq 30405, size 881, send_delta 5, trans_delta 1, recv_delta 6
P: seq 30406, size 881, send_delta 5, trans_delta 1, recv_delta 6
P: seq 30407, size 911, send_delta 5, trans_delta 1, recv_delta 6
P: seq 30408, size 911, send_delta 5, trans_delta 2, recv_delta 7
P: seq 30409, size 912, send_delta 5, trans_delta 3, recv_delta 8
P: seq 30410, size 1038, send_delta 7, trans_delta 1, recv_delta 8
P: seq 30411, size 1038, send_delta 7, trans_delta 1, recv_delta 8
P: seq 30412, size 1038, send_delta 7, trans_delta 2, recv_delta 9
P: seq 30413, size 1045, send_delta 9, trans_delta 1, recv_delta 10
P: seq 30414, size 1046, send_delta 9, trans_delta 1, recv_delta 10
P: seq 30415, size 1046, send_delta 9, trans_delta 1, recv_delta 10
P: seq 30416, size 932, send_delta 9, trans_delta 1, recv_delta 10
P: seq 30417, size 932, send_delta 9, trans_delta 2, recv_delta 11
P: seq 30418, size 979, send_delta 11, trans_delta 1, recv_delta 12
P: seq 30419, size 979, send_delta 11, trans_delta 2, recv_delta 13
RTP TS: 406986631, Frame Size: 22655, Encode 4, Net 13, Wait 63, Decode 6 E2E 86 
P: seq 30420, size 906, send_delta 1, trans_delta 1, recv_delta 2
P: seq 30421, size 906, send_delta 3, trans_delta 1, recv_delta 4
P: seq 30422, size 906, send_delta 3, trans_delta 1, recv_delta 4
P: seq 30423, size 907, send_delta 3, trans_delta 1, recv_delta 4
P: seq 30424, size 902, send_delta 3, trans_delta 1, recv_delta 4
P: seq 30425, size 902, send_delta 3, trans_delta 2, recv_delta 5
P: seq 30426, size 903, send_delta 3, trans_delta 2, recv_delta 5
P: seq 30427, size 873, send_delta 3, trans_delta 2, recv_delta 5
P: seq 30428, size 873, send_delta 5, trans_delta 1, recv_delta 6
P: seq 30429, size 874, send_delta 5, trans_delta 1, recv_delta 6
P: seq 30430, size 1100, send_delta 5, trans_delta 1, recv_delta 6
P: seq 30431, size 1100, send_delta 7, trans_delta 1, recv_delta 8
P: seq 30432, size 1101, send_delta 7, trans_delta 1, recv_delta 8
P: seq 30433, size 1086, send_delta 7, trans_delta 2, recv_delta 9
P: seq 30434, size 1087, send_delta 7, trans_delta 2, recv_delta 9
P: seq 30435, size 1087, send_delta 9, trans_delta 1, recv_delta 10
P: seq 30436, size 1003, send_delta 9, trans_delta 1, recv_delta 10
P: seq 30437, size 1003, send_delta 9, trans_delta 2, recv_delta 11
P: seq 30438, size 1004, send_delta 10, trans_delta 2, recv_delta 12
P: seq 30439, size 902, send_delta 10, trans_delta 2, recv_delta 12
P: seq 30440, size 902, send_delta 10, trans_delta 2, recv_delta 12
P: seq 30441, size 903, send_delta 12, trans_delta 1, recv_delta 13
P: seq 30442, size 1008, send_delta 12, trans_delta 1, recv_delta 13
P: seq 30443, size 1008, send_delta 12, trans_delta 1, recv_delta 13
RTP TS: 406988251, Frame Size: 24061, Encode 4, Net 15, Wait 62, Decode 6 E2E 87 
P: seq 30444, size 1147, send_delta 1, trans_delta 1, recv_delta 2
P: seq 30445, size 1147, send_delta 1, trans_delta 1, recv_delta 2
P: seq 30446, size 1147, send_delta 3, trans_delta 1, recv_delta 4
P: seq 30447, size 914, send_delta 3, trans_delta 1, recv_delta 4
P: seq 30448, size 914, send_delta 3, trans_delta 1, recv_delta 4
P: seq 30449, size 915, send_delta 5, trans_delta 1, recv_delta 6
P: seq 30450, size 1099, send_delta 5, trans_delta 1, recv_delta 6
P: seq 30451, size 1099, send_delta 5, trans_delta 1, recv_delta 6
P: seq 30452, size 1099, send_delta 5, trans_delta 1, recv_delta 6
P: seq 30453, size 1017, send_delta 5, trans_delta 2, recv_delta 7
P: seq 30454, size 1017, send_delta 7, trans_delta 1, recv_delta 8
P: seq 30455, size 1017, send_delta 7, trans_delta 1, recv_delta 8
P: seq 30456, size 1023, send_delta 7, trans_delta 2, recv_delta 9
P: seq 30457, size 1024, send_delta 7, trans_delta 3, recv_delta 10
P: seq 30458, size 1024, send_delta 7, trans_delta 3, recv_delta 10
P: seq 30459, size 1031, send_delta 9, trans_delta 1, recv_delta 10
P: seq 30460, size 1031, send_delta 9, trans_delta 1, recv_delta 10
P: seq 30461, size 1031, send_delta 10, trans_delta 1, recv_delta 11
P: seq 30462, size 920, send_delta 10, trans_delta 1, recv_delta 11
P: seq 30463, size 920, send_delta 10, trans_delta 1, recv_delta 11
P: seq 30464, size 921, send_delta 11, trans_delta 1, recv_delta 12
P: seq 30465, size 1065, send_delta 11, trans_delta 1, recv_delta 12
P: seq 30466, size 1065, send_delta 11, trans_delta 2, recv_delta 13
P: seq 30467, size 1065, send_delta 13, trans_delta 2, recv_delta 15
RTP TS: 406989871, Frame Size: 20575, Encode 4, Net 12, Wait 64, Decode 5 E2E 85 
P: seq 30468, size 1067, send_delta 0, trans_delta 2, recv_delta 2
P: seq 30469, size 1068, send_delta 3, trans_delta 1, recv_delta 4
P: seq 30470, size 1068, send_delta 3, trans_delta 1, recv_delta 4
P: seq 30471, size 864, send_delta 3, trans_delta 1, recv_delta 4
P: seq 30472, size 864, send_delta 3, trans_delta 1, recv_delta 4
P: seq 30473, size 864, send_delta 3, trans_delta 2, recv_delta 5
P: seq 30474, size 1137, send_delta 4, trans_delta 1, recv_delta 5
P: seq 30475, size 1137, send_delta 4, trans_delta 1, recv_delta 5
P: seq 30476, size 810, send_delta 5, trans_delta 1, recv_delta 6
P: seq 30477, size 811, send_delta 5, trans_delta 2, recv_delta 7
P: seq 30478, size 811, send_delta 5, trans_delta 2, recv_delta 7
P: seq 30479, size 1010, send_delta 5, trans_delta 2, recv_delta 7
P: seq 30480, size 1011, send_delta 8, trans_delta 1, recv_delta 9
P: seq 30481, size 1011, send_delta 8, trans_delta 1, recv_delta 9
P: seq 30482, size 884, send_delta 8, trans_delta 1, recv_delta 9
P: seq 30483, size 884, send_delta 8, trans_delta 2, recv_delta 10
P: seq 30484, size 885, send_delta 8, trans_delta 2, recv_delta 10
P: seq 30485, size 823, send_delta 10, trans_delta 0, recv_delta 10
P: seq 30486, size 823, send_delta 10, trans_delta 1, recv_delta 11
P: seq 30487, size 824, send_delta 10, trans_delta 1, recv_delta 11
P: seq 30488, size 828, send_delta 10, trans_delta 2, recv_delta 12
P: seq 30489, size 828, send_delta 10, trans_delta 2, recv_delta 12
P: seq 30490, size 828, send_delta 10, trans_delta 2, recv_delta 12
RTP TS: 406991491, Frame Size: 20183, Encode 3, Net 12, Wait 66, Decode 5 E2E 86 
P: seq 30491, size 881, send_delta 0, trans_delta 2, recv_delta 2
P: seq 30492, size 882, send_delta 3, trans_delta 1, recv_delta 4
P: seq 30493, size 882, send_delta 3, trans_delta 1, recv_delta 4
P: seq 30494, size 895, send_delta 3, trans_delta 1, recv_delta 4
P: seq 30495, size 896, send_delta 3, trans_delta 2, recv_delta 5
P: seq 30496, size 896, send_delta 3, trans_delta 2, recv_delta 5
P: seq 30497, size 894, send_delta 5, trans_delta 1, recv_delta 6
P: seq 30498, size 894, send_delta 5, trans_delta 1, recv_delta 6
P: seq 30499, size 894, send_delta 5, trans_delta 2, recv_delta 7
P: seq 30500, size 1133, send_delta 5, trans_delta 2, recv_delta 7
P: seq 30501, size 1134, send_delta 5, trans_delta 3, recv_delta 8
P: seq 30502, size 1053, send_delta 5, trans_delta 3, recv_delta 8
P: seq 30503, size 1053, send_delta 8, trans_delta 0, recv_delta 8
P: seq 30504, size 1054, send_delta 8, trans_delta 0, recv_delta 8
P: seq 30505, size 1164, send_delta 8, trans_delta 1, recv_delta 9
P: seq 30506, size 1164, send_delta 8, trans_delta 1, recv_delta 9
P: seq 30507, size 1194, send_delta 10, trans_delta 0, recv_delta 10
P: seq 30508, size 1195, send_delta 10, trans_delta 1, recv_delta 11
P: seq 30509, size 846, send_delta 10, trans_delta 2, recv_delta 12
P: seq 30510, size 846, send_delta 10, trans_delta 2, recv_delta 12
P: seq 30511, size 846, send_delta 10, trans_delta 2, recv_delta 12
RTP TS: 406993111, Frame Size: 20742, Encode 4, Net 12, Wait 63, Decode 5 E2E 84 
P: seq 30512, size 915, send_delta 1, trans_delta 1, recv_delta 2
P: seq 30513, size 915, send_delta 3, trans_delta 1, recv_delta 4
P: seq 30514, size 916, send_delta 3, trans_delta 1, recv_delta 4
P: seq 30515, size 988, send_delta 3, trans_delta 1, recv_delta 4
P: seq 30516, size 988, send_delta 3, trans_delta 2, recv_delta 5
P: seq 30517, size 988, send_delta 3, trans_delta 2, recv_delta 5
P: seq 30518, size 817, send_delta 5, trans_delta 1, recv_delta 6
P: seq 30519, size 817, send_delta 5, trans_delta 2, recv_delta 7
P: seq 30520, size 818, send_delta 5, trans_delta 2, recv_delta 7
P: seq 30521, size 1053, send_delta 5, trans_delta 2, recv_delta 7
P: seq 30522, size 1054, send_delta 5, trans_delta 3, recv_delta 8
P: seq 30523, size 1053, send_delta 8, trans_delta 1, recv_delta 9
P: seq 30524, size 1053, send_delta 8, trans_delta 1, recv_delta 9
P: seq 30525, size 1053, send_delta 8, trans_delta 1, recv_delta 9
P: seq 30526, size 996, send_delta 8, trans_delta 2, recv_delta 10
P: seq 30527, size 996, send_delta 8, trans_delta 2, recv_delta 10
P: seq 30528, size 872, send_delta 8, trans_delta 2, recv_delta 10
P: seq 30529, size 872, send_delta 10, trans_delta 1, recv_delta 11
P: seq 30530, size 872, send_delta 10, trans_delta 1, recv_delta 11
P: seq 30531, size 1081, send_delta 10, trans_delta 2, recv_delta 12
P: seq 30532, size 1082, send_delta 10, trans_delta 2, recv_delta 12
P: seq 30533, size 1082, send_delta 10, trans_delta 2, recv_delta 12
RTP TS: 406994731, Frame Size: 19664, Encode 4, Net 13, Wait 63, Decode 5 E2E 85 
P: seq 30534, size 966, send_delta 0, trans_delta 2, recv_delta 2
P: seq 30535, size 967, send_delta 3, trans_delta 1, recv_delta 4
P: seq 30536, size 923, send_delta 3, trans_delta 1, recv_delta 4
P: seq 30537, size 924, send_delta 3, trans_delta 1, recv_delta 4
P: seq 30538, size 924, send_delta 3, trans_delta 2, recv_delta 5
P: seq 30539, size 891, send_delta 3, trans_delta 2, recv_delta 5
P: seq 30540, size 891, send_delta 5, trans_delta 1, recv_delta 6
P: seq 30541, size 891, send_delta 5, trans_delta 1, recv_delta 6
P: seq 30542, size 991, send_delta 5, trans_delta 1, recv_delta 6
P: seq 30543, size 991, send_delta 5, trans_delta 2, recv_delta 7
P: seq 30544, size 861, send_delta 5, trans_delta 2, recv_delta 7
P: seq 30545, size 862, send_delta 7, trans_delta 1, recv_delta 8
P: seq 30546, size 862, send_delta 7, trans_delta 1, recv_delta 8
P: seq 30547, size 1117, send_delta 7, trans_delta 1, recv_delta 8
P: seq 30548, size 1117, send_delta 7, trans_delta 2, recv_delta 9
P: seq 30549, size 1123, send_delta 7, trans_delta 2, recv_delta 9
P: seq 30550, size 1123, send_delta 9, trans_delta 2, recv_delta 11
P: seq 30551, size 938, send_delta 10, trans_delta 1, recv_delta 11
P: seq 30552, size 938, send_delta 10, trans_delta 2, recv_delta 12
P: seq 30553, size 938, send_delta 10, trans_delta 2, recv_delta 12
P: seq 30554, size 939, send_delta 10, trans_delta 2, recv_delta 12
RTP TS: 406996351, Frame Size: 17772, Encode 4, Net 11, Wait 64, Decode 5 E2E 84 
P: seq 30555, size 787, send_delta 1, trans_delta 0, recv_delta 1
P: seq 30556, size 788, send_delta 3, trans_delta 1, recv_delta 4
P: seq 30557, size 849, send_delta 3, trans_delta 1, recv_delta 4
P: seq 30558, size 849, send_delta 3, trans_delta 1, recv_delta 4
P: seq 30559, size 849, send_delta 3, trans_delta 2, recv_delta 5
P: seq 30560, size 877, send_delta 3, trans_delta 2, recv_delta 5
P: seq 30561, size 878, send_delta 4, trans_delta 1, recv_delta 5
P: seq 30562, size 878, send_delta 4, trans_delta 2, recv_delta 6
P: seq 30563, size 1117, send_delta 4, trans_delta 2, recv_delta 6
P: seq 30564, size 1118, send_delta 5, trans_delta 1, recv_delta 6
P: seq 30565, size 1114, send_delta 5, trans_delta 2, recv_delta 7
P: seq 30566, size 1115, send_delta 5, trans_delta 2, recv_delta 7
P: seq 30567, size 805, send_delta 8, trans_delta 1, recv_delta 9
P: seq 30568, size 805, send_delta 8, trans_delta 1, recv_delta 9
P: seq 30569, size 928, send_delta 8, trans_delta 2, recv_delta 10
P: seq 30570, size 928, send_delta 8, trans_delta 2, recv_delta 10
P: seq 30571, size 1182, send_delta 8, trans_delta 2, recv_delta 10
P: seq 30572, size 1183, send_delta 10, trans_delta 0, recv_delta 10
P: seq 30573, size 1183, send_delta 10, trans_delta 0, recv_delta 10
RTP TS: 406997971, Frame Size: 15218, Encode 4, Net 10, Wait 64, Decode 5 E2E 83 
P: seq 30574, size 631, send_delta 0, trans_delta 2, recv_delta 2
P: seq 30575, size 632, send_delta 2, trans_delta 1, recv_delta 3
P: seq 30576, size 962, send_delta 2, trans_delta 1, recv_delta 3
P: seq 30577, size 962, send_delta 2, trans_delta 1, recv_delta 3
P: seq 30578, size 1148, send_delta 3, trans_delta 1, recv_delta 4
P: seq 30579, size 1149, send_delta 3, trans_delta 1, recv_delta 4
P: seq 30580, size 997, send_delta 3, trans_delta 2, recv_delta 5
P: seq 30581, size 997, send_delta 6, trans_delta 1, recv_delta 7
P: seq 30582, size 956, send_delta 6, trans_delta 1, recv_delta 7
P: seq 30583, size 956, send_delta 6, trans_delta 2, recv_delta 8
P: seq 30584, size 785, send_delta 6, trans_delta 2, recv_delta 8
P: seq 30585, size 786, send_delta 6, trans_delta 3, recv_delta 9
P: seq 30586, size 749, send_delta 6, trans_delta 3, recv_delta 9
P: seq 30587, size 749, send_delta 8, trans_delta 1, recv_delta 9
P: seq 30588, size 1056, send_delta 8, trans_delta 1, recv_delta 9
P: seq 30589, size 1056, send_delta 8, trans_delta 1, recv_delta 9
P: seq 30590, size 1056, send_delta 8, trans_delta 1, recv_delta 9
RTP TS: 406999591, Frame Size: 13758, Encode 4, Net 9, Wait 66, Decode 4 E2E 83 
P: seq 30591, size 980, send_delta 0, trans_delta 2, recv_delta 2
P: seq 30592, size 760, send_delta 2, trans_delta 1, recv_delta 3
P: seq 30593, size 760, send_delta 2, trans_delta 1, recv_delta 3
P: seq 30594, size 1096, send_delta 2, trans_delta 1, recv_delta 3
P: seq 30595, size 1096, send_delta 4, trans_delta 1, recv_delta 5
P: seq 30596, size 1022, send_delta 4, trans_delta 1, recv_delta 5
P: seq 30597, size 1023, send_delta 4, trans_delta 2, recv_delta 6
P: seq 30598, size 891, send_delta 4, trans_delta 2, recv_delta 6
P: seq 30599, size 891, send_delta 6, trans_delta 1, recv_delta 7
P: seq 30600, size 938, send_delta 6, trans_delta 1, recv_delta 7
P: seq 30601, size 938, send_delta 6, trans_delta 1, recv_delta 7
P: seq 30602, size 753, send_delta 6, trans_delta 2, recv_delta 8
P: seq 30603, size 753, send_delta 6, trans_delta 2, recv_delta 8
P: seq 30604, size 1106, send_delta 6, trans_delta 2, recv_delta 8
P: seq 30605, size 1107, send_delta 8, trans_delta 1, recv_delta 9
RTP TS: 407001211, Frame Size: 12817, Encode 4, Net 9, Wait 66, Decode 4 E2E 83 
P: seq 30606, size 616, send_delta 0, trans_delta 1, recv_delta 1
P: seq 30607, size 617, send_delta 2, trans_delta 1, recv_delta 3
P: seq 30608, size 1105, send_delta 2, trans_delta 1, recv_delta 3
P: seq 30609, size 1034, send_delta 2, trans_delta 1, recv_delta 3
P: seq 30610, size 1034, send_delta 3, trans_delta 1, recv_delta 4
P: seq 30611, size 925, send_delta 3, trans_delta 1, recv_delta 4
P: seq 30612, size 925, send_delta 3, trans_delta 2, recv_delta 5
P: seq 30613, size 972, send_delta 4, trans_delta 1, recv_delta 5
P: seq 30614, size 973, send_delta 4, trans_delta 1, recv_delta 5
P: seq 30615, size 940, send_delta 6, trans_delta 2, recv_delta 8
P: seq 30616, size 940, send_delta 6, trans_delta 2, recv_delta 8
P: seq 30617, size 783, send_delta 6, trans_delta 2, recv_delta 8
P: seq 30618, size 784, send_delta 6, trans_delta 3, recv_delta 9
P: seq 30619, size 762, send_delta 6, trans_delta 3, recv_delta 9
P: seq 30620, size 763, send_delta 6, trans_delta 3, recv_delta 9
RTP TS: 407002831, Frame Size: 10706, Encode 4, Net 8, Wait 67, Decode 4 E2E 83 
P: seq 30621, size 713, send_delta 0, trans_delta 1, recv_delta 1
P: seq 30622, size 794, send_delta 2, trans_delta 0, recv_delta 2
P: seq 30623, size 916, send_delta 2, trans_delta 1, recv_delta 3
P: seq 30624, size 916, send_delta 2, trans_delta 1, recv_delta 3
P: seq 30625, size 884, send_delta 4, trans_delta 1, recv_delta 5
P: seq 30626, size 885, send_delta 4, trans_delta 1, recv_delta 5
P: seq 30627, size 1006, send_delta 4, trans_delta 1, recv_delta 5
P: seq 30628, size 1006, send_delta 4, trans_delta 2, recv_delta 6
P: seq 30629, size 748, send_delta 4, trans_delta 2, recv_delta 6
P: seq 30630, size 748, send_delta 6, trans_delta 1, recv_delta 7
P: seq 30631, size 1155, send_delta 6, trans_delta 1, recv_delta 7
P: seq 30632, size 618, send_delta 6, trans_delta 2, recv_delta 8
P: seq 30633, size 619, send_delta 6, trans_delta 2, recv_delta 8
RTP TS: 407004451, Frame Size: 11894, Encode 3, Net 9, Wait 68, Decode 4 E2E 84 
P: seq 30634, size 815, send_delta 1, trans_delta 1, recv_delta 2
P: seq 30635, size 816, send_delta 2, trans_delta 1, recv_delta 3
P: seq 30636, size 714, send_delta 2, trans_delta 1, recv_delta 3
P: seq 30637, size 715, send_delta 2, trans_delta 1, recv_delta 3
P: seq 30638, size 963, send_delta 3, trans_delta 1, recv_delta 4
P: seq 30639, size 963, send_delta 3, trans_delta 1, recv_delta 4
P: seq 30640, size 824, send_delta 3, trans_delta 1, recv_delta 4
P: seq 30641, size 824, send_delta 5, trans_delta 2, recv_delta 7
P: seq 30642, size 848, send_delta 5, trans_delta 2, recv_delta 7
P: seq 30643, size 849, send_delta 5, trans_delta 2, recv_delta 7
P: seq 30644, size 1191, send_delta 6, trans_delta 2, recv_delta 8
P: seq 30645, size 1116, send_delta 6, trans_delta 2, recv_delta 8
P: seq 30646, size 792, send_delta 8, trans_delta 1, recv_delta 9
P: seq 30647, size 793, send_delta 8, trans_delta 1, recv_delta 9
RTP TS: 407006071, Frame Size: 12517, Encode 3, Net 8, Wait 65, Decode 4 E2E 80 
P: seq 30648, size 777, send_delta 0, trans_delta 1, recv_delta 1
P: seq 30649, size 777, send_delta 1, trans_delta 0, recv_delta 1
P: seq 30650, size 765, send_delta 1, trans_delta 0, recv_delta 1
P: seq 30651, size 766, send_delta 1, trans_delta 1, recv_delta 2
P: seq 30652, size 970, send_delta 2, trans_delta 1, recv_delta 3
P: seq 30653, size 971, send_delta 2, trans_delta 1, recv_delta 3
P: seq 30654, size 837, send_delta 2, trans_delta 2, recv_delta 4
P: seq 30655, size 837, send_delta 4, trans_delta 2, recv_delta 6
P: seq 30656, size 848, send_delta 4, trans_delta 2, recv_delta 6
P: seq 30657, size 849, send_delta 4, trans_delta 2, recv_delta 6
P: seq 30658, size 710, send_delta 5, trans_delta 2, recv_delta 7
P: seq 30659, size 710, send_delta 5, trans_delta 2, recv_delta 7
P: seq 30660, size 625, send_delta 5, trans_delta 2, recv_delta 7
P: seq 30661, size 626, send_delta 6, trans_delta 2, recv_delta 8
P: seq 30662, size 916, send_delta 6, trans_delta 2, recv_delta 8
P: seq 30663, size 916, send_delta 6, trans_delta 2, recv_delta 8
RTP TS: 407007691, Frame Size: 16340, Encode 4, Net 9, Wait 64, Decode 5 E2E 82 
P: seq 30664, size 991, send_delta 0, trans_delta 1, recv_delta 1
P: seq 30665, size 992, send_delta 3, trans_delta 1, recv_delta 4
P: seq 30666, size 944, send_delta 3, trans_delta 1, recv_delta 4
P: seq 30667, size 944, send_delta 3, trans_delta 1, recv_delta 4
P: seq 30668, size 842, send_delta 3, trans_delta 2, recv_delta 5
P: seq 30669, size 842, send_delta 3, trans_delta 2, recv_delta 5
P: seq 30670, size 842, send_delta 3, trans_delta 2, recv_delta 5
P: seq 30671, size 873, send_delta 5, trans_delta 1, recv_delta 6
P: seq 30672, size 874, send_delta 5, trans_delta 1, recv_delta 6
P: seq 30673, size 874, send_delta 5, trans_delta 1, recv_delta 6
P: seq 30674, size 1160, send_delta 5, trans_delta 2, recv_delta 7
P: seq 30675, size 1161, send_delta 5, trans_delta 2, recv_delta 7
P: seq 30676, size 832, send_delta 6, trans_delta 2, recv_delta 8
P: seq 30677, size 832, send_delta 6, trans_delta 2, recv_delta 8
P: seq 30678, size 694, send_delta 6, trans_delta 2, recv_delta 8
P: seq 30679, size 694, send_delta 7, trans_delta 2, recv_delta 9
P: seq 30680, size 1192, send_delta 8, trans_delta 1, recv_delta 9
P: seq 30681, size 1192, send_delta 8, trans_delta 1, recv_delta 9
RTP TS: 407009401, Frame Size: 18205, Encode 4, Net 11, Wait 64, Decode 5 E2E 84 
P: seq 30682, size 991, send_delta 0, trans_delta 1, recv_delta 1
P: seq 30683, size 991, send_delta 1, trans_delta 1, recv_delta 2
P: seq 30684, size 821, send_delta 1, trans_delta 1, recv_delta 2
P: seq 30685, size 822, send_delta 3, trans_delta 0, recv_delta 3
P: seq 30686, size 822, send_delta 3, trans_delta 1, recv_delta 4
P: seq 30687, size 901, send_delta 3, trans_delta 1, recv_delta 4
P: seq 30688, size 902, send_delta 5, trans_delta 1, recv_delta 6
P: seq 30689, size 902, send_delta 5, trans_delta 1, recv_delta 6
P: seq 30690, size 837, send_delta 5, trans_delta 1, recv_delta 6
P: seq 30691, size 837, send_delta 5, trans_delta 1, recv_delta 6
P: seq 30692, size 838, send_delta 5, trans_delta 2, recv_delta 7
P: seq 30693, size 1125, send_delta 5, trans_delta 2, recv_delta 7
P: seq 30694, size 1125, send_delta 7, trans_delta 1, recv_delta 8
P: seq 30695, size 881, send_delta 7, trans_delta 1, recv_delta 8
P: seq 30696, size 881, send_delta 7, trans_delta 1, recv_delta 8
P: seq 30697, size 743, send_delta 7, trans_delta 1, recv_delta 8
P: seq 30698, size 744, send_delta 7, trans_delta 2, recv_delta 9
P: seq 30699, size 1176, send_delta 9, trans_delta 2, recv_delta 11
P: seq 30700, size 1176, send_delta 9, trans_delta 2, recv_delta 11
P: seq 30701, size 1177, send_delta 10, trans_delta 1, recv_delta 11
RTP TS: 407011021, Frame Size: 20482, Encode 4, Net 13, Wait 63, Decode 5 E2E 85 
P: seq 30702, size 942, send_delta 0, trans_delta 2, recv_delta 2
P: seq 30703, size 942, send_delta 2, trans_delta 1, recv_delta 3
P: seq 30704, size 943, send_delta 2, trans_delta 1, recv_delta 3
P: seq 30705, size 1061, send_delta 2, trans_delta 1, recv_delta 3
P: seq 30706, size 1062, send_delta 3, trans_delta 1, recv_delta 4
P: seq 30707, size 1062, send_delta 4, trans_delta 1, recv_delta 5
P: seq 30708, size 975, send_delta 4, trans_delta 1, recv_delta 5
P: seq 30709, size 975, send_delta 4, trans_delta 1, recv_delta 5
P: seq 30710, size 976, send_delta 6, trans_delta 1, recv_delta 7
P: seq 30711, size 948, send_delta 6, trans_delta 1, recv_delta 7
P: seq 30712, size 948, send_delta 6, trans_delta 1, recv_delta 7
P: seq 30713, size 949, send_delta 6, trans_delta 2, recv_delta 8
P: seq 30714, size 882, send_delta 6, trans_delta 2, recv_delta 8
P: seq 30715, size 882, send_delta 8, trans_delta 2, recv_delta 10
P: seq 30716, size 883, send_delta 8, trans_delta 2, recv_delta 10
P: seq 30717, size 847, send_delta 8, trans_delta 2, recv_delta 10
P: seq 30718, size 848, send_delta 9, trans_delta 2, recv_delta 11
P: seq 30719, size 719, send_delta 9, trans_delta 2, recv_delta 11
P: seq 30720, size 720, send_delta 9, trans_delta 2, recv_delta 11
P: seq 30721, size 1152, send_delta 11, trans_delta 1, recv_delta 12
P: seq 30722, size 1152, send_delta 11, trans_delta 1, recv_delta 12
P: seq 30723, size 1153, send_delta 11, trans_delta 2, recv_delta 13
RTP TS: 407012641, Frame Size: 16764, Encode 3, Net 10, Wait 64, Decode 5 E2E 82 
P: seq 30724, size 986, send_delta 0, trans_delta 1, recv_delta 1
P: seq 30725, size 987, send_delta 2, trans_delta 1, recv_delta 3
P: seq 30726, size 831, send_delta 2, trans_delta 1, recv_delta 3
P: seq 30727, size 832, send_delta 2, trans_delta 1, recv_delta 3
P: seq 30728, size 832, send_delta 2, trans_delta 2, recv_delta 4
P: seq 30729, size 1054, send_delta 2, trans_delta 2, recv_delta 4
P: seq 30730, size 1055, send_delta 4, trans_delta 1, recv_delta 5
P: seq 30731, size 1124, send_delta 4, trans_delta 1, recv_delta 5
P: seq 30732, size 1124, send_delta 4, trans_delta 1, recv_delta 5
P: seq 30733, size 1021, send_delta 6, trans_delta 1, recv_delta 7
P: seq 30734, size 1021, send_delta 6, trans_delta 1, recv_delta 7
P: seq 30735, size 718, send_delta 6, trans_delta 1, recv_delta 7
P: seq 30736, size 719, send_delta 6, trans_delta 1, recv_delta 7
P: seq 30737, size 751, send_delta 6, trans_delta 1, recv_delta 7
P: seq 30738, size 751, send_delta 8, trans_delta 1, recv_delta 9
P: seq 30739, size 1131, send_delta 8, trans_delta 1, recv_delta 9
P: seq 30740, size 1131, send_delta 8, trans_delta 1, recv_delta 9
P: seq 30741, size 1131, send_delta 8, trans_delta 1, recv_delta 9
RTP TS: 407014261, Frame Size: 17752, Encode 4, Net 10, Wait 62, Decode 5 E2E 81 
P: seq 30742, size 1014, send_delta 0, trans_delta 1, recv_delta 1
P: seq 30743, size 1014, send_delta 1, trans_delta 1, recv_delta 2
P: seq 30744, size 1177, send_delta 1, trans_delta 1, recv_delta 2
P: seq 30745, size 1178, send_delta 3, trans_delta 1, recv_delta 4
P: seq 30746, size 823, send_delta 3, trans_delta 1, recv_delta 4
P: seq 30747, size 823, send_delta 3, trans_delta 1, recv_delta 4
P: seq 30748, size 824, send_delta 5, trans_delta 1, recv_delta 6
P: seq 30749, size 905, send_delta 5, trans_delta 1, recv_delta 6
P: seq 30750, size 906, send_delta 5, trans_delta 2, recv_delta 7
P: seq 30751, size 906, send_delta 5, trans_delta 2, recv_delta 7
P: seq 30752, size 1160, send_delta 5, trans_delta 2, recv_delta 7
P: seq 30753, size 1161, send_delta 7, trans_delta 0, recv_delta 7
P: seq 30754, size 774, send_delta 7, trans_delta 1, recv_delta 8
P: seq 30755, size 775, send_delta 7, trans_delta 1, recv_delta 8
P: seq 30756, size 705, send_delta 7, trans_delta 1, recv_delta 8
P: seq 30757, size 706, send_delta 7, trans_delta 1, recv_delta 8
P: seq 30758, size 1120, send_delta 7, trans_delta 1, recv_delta 8
P: seq 30759, size 1121, send_delta 8, trans_delta 1, recv_delta 9
P: seq 30760, size 1121, send_delta 8, trans_delta 1, recv_delta 9
RTP TS: 407015881, Frame Size: 16335, Encode 4, Net 11, Wait 61, Decode 5 E2E 81 
P: seq 30761, size 812, send_delta 0, trans_delta 1, recv_delta 1
P: seq 30762, size 813, send_delta 2, trans_delta 0, recv_delta 2
P: seq 30763, size 1021, send_delta 2, trans_delta 0, recv_delta 2
P: seq 30764, size 1021, send_delta 2, trans_delta 1, recv_delta 3
P: seq 30765, size 835, send_delta 2, trans_delta 1, recv_delta 3
P: seq 30766, size 836, send_delta 2, trans_delta 2, recv_delta 4
P: seq 30767, size 836, send_delta 2, trans_delta 2, recv_delta 4
P: seq 30768, size 865, send_delta 4, trans_delta 1, recv_delta 5
P: seq 30769, size 865, send_delta 4, trans_delta 1, recv_delta 5
P: seq 30770, size 865, send_delta 4, trans_delta 1, recv_delta 5
P: seq 30771, size 990, send_delta 6, trans_delta 1, recv_delta 7
P: seq 30772, size 991, send_delta 6, trans_delta 1, recv_delta 7
P: seq 30773, size 714, send_delta 6, trans_delta 1, recv_delta 7
P: seq 30774, size 714, send_delta 6, trans_delta 2, recv_delta 8
P: seq 30775, size 735, send_delta 6, trans_delta 2, recv_delta 8
P: seq 30776, size 735, send_delta 6, trans_delta 2, recv_delta 8
P: seq 30777, size 1049, send_delta 8, trans_delta 2, recv_delta 10
P: seq 30778, size 1049, send_delta 8, trans_delta 2, recv_delta 10
P: seq 30779, size 1050, send_delta 8, trans_delta 3, recv_delta 11
RTP TS: 407017501, Frame Size: 16768, Encode 4, Net 9, Wait 63, Decode 5 E2E 81 
P: seq 30780, size 1069, send_delta 0, trans_delta 1, recv_delta 1
P: seq 30781, size 1070, send_delta 2, trans_delta 2, recv_delta 4
P: seq 30782, size 855, send_delta 2, trans_delta 2, recv_delta 4
P: seq 30783, size 856, send_delta 2, trans_delta 2, recv_delta 4
P: seq 30784, size 856, send_delta 2, trans_delta 3, recv_delta 5
P: seq 30785, size 886, send_delta 2, trans_delta 3, recv_delta 5
P: seq 30786, size 886, send_delta 4, trans_delta 1, recv_delta 5
P: seq 30787, size 886, send_delta 4, trans_delta 1, recv_delta 5
P: seq 30788, size 842, send_delta 4, trans_delta 1, recv_delta 5
P: seq 30789, size 843, send_delta 6, trans_delta 1, recv_delta 7
P: seq 30790, size 843, send_delta 6, trans_delta 1, recv_delta 7
P: seq 30791, size 961, send_delta 6, trans_delta 1, recv_delta 7
P: seq 30792, size 961, send_delta 6, trans_delta 1, recv_delta 7
P: seq 30793, size 1183, send_delta 6, trans_delta 2, recv_delta 8
P: seq 30794, size 1156, send_delta 8, trans_delta 1, recv_delta 9
P: seq 30795, size 1016, send_delta 8, trans_delta 1, recv_delta 9
P: seq 30796, size 1016, send_delta 8, trans_delta 1, recv_delta 9
P: seq 30797, size 1016, send_delta 8, trans_delta 1, recv_delta 9
RTP TS: 407019121, Frame Size: 15699, Encode 4, Net 9, Wait 65, Decode 4 E2E 82 
P: seq 30798, size 957, send_delta 0, trans_delta 1, recv_delta 1
P: seq 30799, size 958, send_delta 2, trans_delta 1, recv_delta 3
P: seq 30800, size 829, send_delta 2, trans_delta 1, recv_delta 3
P: seq 30801, size 830, send_delta 2, trans_delta 1, recv_delta 3
P: seq 30802, size 830, send_delta 2, trans_delta 2, recv_delta 4
P: seq 30803, size 1190, send_delta 2, trans_delta 2, recv_delta 4
P: seq 30804, size 1191, send_delta 5, trans_delta 1, recv_delta 6
P: seq 30805, size 1009, send_delta 5, trans_delta 1, recv_delta 6
P: seq 30806, size 1009, send_delta 5, trans_delta 2, recv_delta 7
P: seq 30807, size 832, send_delta 5, trans_delta 2, recv_delta 7
P: seq 30808, size 833, send_delta 5, trans_delta 2, recv_delta 7
P: seq 30809, size 975, send_delta 5, trans_delta 2, recv_delta 7
P: seq 30810, size 615, send_delta 7, trans_delta 1, recv_delta 8
P: seq 30811, size 615, send_delta 7, trans_delta 1, recv_delta 8
P: seq 30812, size 1144, send_delta 7, trans_delta 1, recv_delta 8
P: seq 30813, size 1145, send_delta 7, trans_delta 1, recv_delta 8
P: seq 30814, size 1145, send_delta 7, trans_delta 2, recv_delta 9
RTP TS: 407020741, Frame Size: 16642, Encode 3, Net 11, Wait 62, Decode 5 E2E 81 
P: seq 30815, size 1163, send_delta 0, trans_delta 1, recv_delta 1
P: seq 30816, size 1163, send_delta 2, trans_delta 1, recv_delta 3
P: seq 30817, size 908, send_delta 2, trans_delta 1, recv_delta 3
P: seq 30818, size 908, send_delta 2, trans_delta 1, recv_delta 3
P: seq 30819, size 909, send_delta 2, trans_delta 2, recv_delta 4
P: seq 30820, size 828, send_delta 2, trans_delta 2, recv_delta 4
P: seq 30821, size 828, send_delta 4, trans_delta 1, recv_delta 5
P: seq 30822, size 828, send_delta 4, trans_delta 2, recv_delta 6
P: seq 30823, size 1072, send_delta 5, trans_delta 1, recv_delta 6
P: seq 30824, size 1073, send_delta 5, trans_delta 1, recv_delta 6
P: seq 30825, size 811, send_delta 5, trans_delta 2, recv_delta 7
P: seq 30826, size 812, send_delta 7, trans_delta 1, recv_delta 8
P: seq 30827, size 993, send_delta 7, trans_delta 1, recv_delta 8
P: seq 30828, size 1183, send_delta 7, trans_delta 1, recv_delta 8
P: seq 30829, size 1190, send_delta 7, trans_delta 1, recv_delta 8
P: seq 30830, size 1190, send_delta 7, trans_delta 2, recv_delta 9
P: seq 30831, size 1190, send_delta 9, trans_delta 2, recv_delta 11
RTP TS: 407022361, Frame Size: 17061, Encode 3, Net 11, Wait 62, Decode 5 E2E 81 
P: seq 30832, size 1197, send_delta 0, trans_delta 1, recv_delta 1
P: seq 30833, size 1198, send_delta 2, trans_delta 1, recv_delta 3
P: seq 30834, size 890, send_delta 3, trans_delta 0, recv_delta 3
P: seq 30835, size 890, send_delta 3, trans_delta 2, recv_delta 5
P: seq 30836, size 890, send_delta 3, trans_delta 2, recv_delta 5
P: seq 30837, size 823, send_delta 3, trans_delta 2, recv_delta 5
P: seq 30838, size 824, send_delta 5, trans_delta 1, recv_delta 6
P: seq 30839, size 824, send_delta 5, trans_delta 1, recv_delta 6
P: seq 30840, size 1077, send_delta 5, trans_delta 1, recv_delta 6
P: seq 30841, size 1078, send_delta 5, trans_delta 1, recv_delta 6
P: seq 30842, size 969, send_delta 5, trans_delta 2, recv_delta 7
P: seq 30843, size 970, send_delta 7, trans_delta 1, recv_delta 8
P: seq 30844, size 1158, send_delta 7, trans_delta 1, recv_delta 8
P: seq 30845, size 695, send_delta 7, trans_delta 1, recv_delta 8
P: seq 30846, size 696, send_delta 7, trans_delta 1, recv_delta 8
P: seq 30847, size 1105, send_delta 7, trans_delta 2, recv_delta 9
P: seq 30848, size 1105, send_delta 7, trans_delta 2, recv_delta 9
P: seq 30849, size 1106, send_delta 9, trans_delta 2, recv_delta 11
RTP TS: 407023981, Frame Size: 15832, Encode 3, Net 11, Wait 63, Decode 4 E2E 81 
P: seq 30850, size 1097, send_delta 0, trans_delta 2, recv_delta 2
P: seq 30851, size 1098, send_delta 2, trans_delta 1, recv_delta 3
P: seq 30852, size 822, send_delta 2, trans_delta 1, recv_delta 3
P: seq 30853, size 822, send_delta 2, trans_delta 2, recv_delta 4
P: seq 30854, size 822, send_delta 3, trans_delta 1, recv_delta 4
P: seq 30855, size 828, send_delta 3, trans_delta 1, recv_delta 4
P: seq 30856, size 828, send_delta 5, trans_delta 1, recv_delta 6
P: seq 30857, size 828, send_delta 5, trans_delta 1, recv_delta 6
P: seq 30858, size 1060, send_delta 5, trans_delta 1, recv_delta 6
P: seq 30859, size 1061, send_delta 5, trans_delta 1, recv_delta 6
P: seq 30860, size 904, send_delta 5, trans_delta 2, recv_delta 7
P: seq 30861, size 905, send_delta 7, trans_delta 1, recv_delta 8
P: seq 30862, size 1048, send_delta 7, trans_delta 1, recv_delta 8
P: seq 30863, size 644, send_delta 7, trans_delta 1, recv_delta 8
P: seq 30864, size 644, send_delta 7, trans_delta 2, recv_delta 9
P: seq 30865, size 951, send_delta 7, trans_delta 2, recv_delta 9
P: seq 30866, size 952, send_delta 7, trans_delta 2, recv_delta 9
P: seq 30867, size 952, send_delta 9, trans_delta 2, recv_delta 11
RTP TS: 407025601, Frame Size: 15476, Encode 4, Net 9, Wait 63, Decode 4 E2E 80 
P: seq 30868, size 1009, send_delta 0, trans_delta 1, recv_delta 1
P: seq 30869, size 1010, send_delta 2, trans_delta 1, recv_delta 3
P: seq 30870, size 822, send_delta 2, trans_delta 1, recv_delta 3
P: seq 30871, size 822, send_delta 2, trans_delta 2, recv_delta 4
P: seq 30872, size 823, send_delta 3, trans_delta 1, recv_delta 4
P: seq 30873, size 1084, send_delta 3, trans_delta 1, recv_delta 4
P: seq 30874, size 1085, send_delta 3, trans_delta 2, recv_delta 5
P: seq 30875, size 1030, send_delta 5, trans_delta 0, recv_delta 5
P: seq 30876, size 1030, send_delta 5, trans_delta 1, recv_delta 6
P: seq 30877, size 937, send_delta 5, trans_delta 1, recv_delta 6
P: seq 30878, size 937, send_delta 5, trans_delta 1, recv_delta 6
P: seq 30879, size 1060, send_delta 7, trans_delta 1, recv_delta 8
P: seq 30880, size 666, send_delta 7, trans_delta 1, recv_delta 8
P: seq 30881, size 666, send_delta 7, trans_delta 1, recv_delta 8
P: seq 30882, size 967, send_delta 7, trans_delta 1, recv_delta 8
P: seq 30883, size 968, send_delta 7, trans_delta 2, recv_delta 9
P: seq 30884, size 968, send_delta 7, trans_delta 2, recv_delta 9
RTP TS: 407027221, Frame Size: 17349, Encode 3, Net 11, Wait 62, Decode 5 E2E 81 
P: seq 30885, size 1158, send_delta 0, trans_delta 2, recv_delta 2
P: seq 30886, size 1158, send_delta 3, trans_delta 1, recv_delta 4
P: seq 30887, size 976, send_delta 3, trans_delta 1, recv_delta 4
P: seq 30888, size 977, send_delta 3, trans_delta 1, recv_delta 4
P: seq 30889, size 977, send_delta 3, trans_delta 1, recv_delta 4
P: seq 30890, size 852, send_delta 4, trans_delta 1, recv_delta 5
P: seq 30891, size 852, send_delta 4, trans_delta 1, recv_delta 5
P: seq 30892, size 853, send_delta 4, trans_delta 1, recv_delta 5
P: seq 30893, size 899, send_delta 4, trans_delta 1, recv_delta 5
P: seq 30894, size 899, send_delta 5, trans_delta 2, recv_delta 7
P: seq 30895, size 900, send_delta 5, trans_delta 2, recv_delta 7
P: seq 30896, size 1016, send_delta 5, trans_delta 2, recv_delta 7
P: seq 30897, size 1017, send_delta 8, trans_delta 0, recv_delta 8
P: seq 30898, size 1123, send_delta 8, trans_delta 0, recv_delta 8
P: seq 30899, size 694, send_delta 8, trans_delta 1, recv_delta 9
P: seq 30900, size 695, send_delta 8, trans_delta 1, recv_delta 9
P: seq 30901, size 921, send_delta 8, trans_delta 2, recv_delta 10
P: seq 30902, size 921, send_delta 8, trans_delta 2, recv_delta 10
P: seq 30903, size 921, send_delta 10, trans_delta 1, recv_delta 11
RTP TS: 407028841, Frame Size: 15813, Encode 3, Net 10, Wait 62, Decode 4 E2E 79 
P: seq 30904, size 1151, send_delta 0, trans_delta 1, recv_delta 1
P: seq 30905, size 1151, send_delta 2, trans_delta 1, recv_delta 3
P: seq 30906, size 975, send_delta 2, trans_delta 1, recv_delta 3
P: seq 30907, size 975, send_delta 2, trans_delta 1, recv_delta 3
P: seq 30908, size 975, send_delta 2, trans_delta 1, recv_delta 3
P: seq 30909, size 1090, send_delta 3, trans_delta 2, recv_delta 5
P: seq 30910, size 1090, send_delta 3, trans_delta 2, recv_delta 5
P: seq 30911, size 1108, send_delta 3, trans_delta 3, recv_delta 6
P: seq 30912, size 1109, send_delta 4, trans_delta 2, recv_delta 6
P: seq 30913, size 880, send_delta 6, trans_delta 2, recv_delta 8
P: seq 30914, size 881, send_delta 6, trans_delta 2, recv_delta 8
P: seq 30915, size 1040, send_delta 6, trans_delta 2, recv_delta 8
P: seq 30916, size 1192, send_delta 6, trans_delta 2, recv_delta 8
P: seq 30917, size 859, send_delta 6, trans_delta 3, recv_delta 9
P: seq 30918, size 859, send_delta 7, trans_delta 2, recv_delta 9
P: seq 30919, size 859, send_delta 9, trans_delta 1, recv_delta 10
RTP TS: 407030461, Frame Size: 18720, Encode 4, Net 10, Wait 61, Decode 5 E2E 80 
P: seq 30920, size 890, send_delta 0, trans_delta 1, recv_delta 1
P: seq 30921, size 890, send_delta 2, trans_delta 1, recv_delta 3
P: seq 30922, size 891, send_delta 2, trans_delta 1, recv_delta 3
P: seq 30923, size 1097, send_delta 2, trans_delta 1, recv_delta 3
P: seq 30924, size 1097, send_delta 2, trans_delta 1, recv_delta 3
P: seq 30925, size 1097, send_delta 3, trans_delta 2, recv_delta 5
P: seq 30926, size 952, send_delta 3, trans_delta 2, recv_delta 5
P: seq 30927, size 952, send_delta 3, trans_delta 2, recv_delta 5
P: seq 30928, size 952, send_delta 4, trans_delta 1, recv_delta 5
P: seq 30929, size 889, send_delta 4, trans_delta 2, recv_delta 6
P: seq 30930, size 889, send_delta 6, trans_delta 2, recv_delta 8
P: seq 30931, size 889, send_delta 6, trans_delta 2, recv_delta 8
P: seq 30932, size 847, send_delta 6, trans_delta 2, recv_delta 8
P: seq 30933, size 847, send_delta 7, trans_delta 2, recv_delta 9
P: seq 30934, size 847, send_delta 7, trans_delta 2, recv_delta 9
P: seq 30935, size 1153, send_delta 7, trans_delta 2, recv_delta 9
P: seq 30936, size 770, send_delta 9, trans_delta 0, recv_delta 9
P: seq 30937, size 770, send_delta 9, trans_delta 1, recv_delta 10
P: seq 30938, size 837, send_delta 9, trans_delta 1, recv_delta 10
P: seq 30939, size 838, send_delta 9, trans_delta 1, recv_delta 10
P: seq 30940, size 838, send_delta 9, trans_delta 1, recv_delta 10
RTP TS: 407032081, Frame Size: 20047, Encode 4, Net 12, Wait 59, Decode 5 E2E 80 
P: seq 30941, size 814, send_delta 0, trans_delta 1, recv_delta 1
P: seq 30942, size 815, send_delta 2, trans_delta 2, recv_delta 4
P: seq 30943, size 815, send_delta 2, trans_delta 2, recv_delta 4
P: seq 30944, size 1192, send_delta 2, trans_delta 2, recv_delta 4
P: seq 30945, size 1192, send_delta 2, trans_delta 2, recv_delta 4
P: seq 30946, size 1193, send_delta 5, trans_delta 1, recv_delta 6
P: seq 30947, size 1052, send_delta 5, trans_delta 1, recv_delta 6
P: seq 30948, size 1053, send_delta 5, trans_delta 1, recv_delta 6
P: seq 30949, size 1053, send_delta 5, trans_delta 2, recv_delta 7
P: seq 30950, size 1011, send_delta 5, trans_delta 2, recv_delta 7
P: seq 30951, size 1011, send_delta 6, trans_delta 1, recv_delta 7
P: seq 30952, size 1011, send_delta 6, trans_delta 1, recv_delta 7
P: seq 30953, size 914, send_delta 7, trans_delta 1, recv_delta 8
P: seq 30954, size 914, send_delta 7, trans_delta 1, recv_delta 8
P: seq 30955, size 915, send_delta 7, trans_delta 1, recv_delta 8
P: seq 30956, size 697, send_delta 9, trans_delta 1, recv_delta 10
P: seq 30957, size 697, send_delta 9, trans_delta 1, recv_delta 10
P: seq 30958, size 836, send_delta 9, trans_delta 2, recv_delta 11
P: seq 30959, size 837, send_delta 9, trans_delta 2, recv_delta 11
P: seq 30960, size 854, send_delta 9, trans_delta 2, recv_delta 11
P: seq 30961, size 855, send_delta 9, trans_delta 2, recv_delta 11
P: seq 30962, size 855, send_delta 11, trans_delta 1, recv_delta 12
RTP TS: 407033701, Frame Size: 19922, Encode 4, Net 12, Wait 59, Decode 5 E2E 80 
P: seq 30963, size 949, send_delta 0, trans_delta 1, recv_delta 1
P: seq 30964, size 950, send_delta 2, trans_delta 1, recv_delta 3
P: seq 30965, size 950, send_delta 2, trans_delta 1, recv_delta 3
P: seq 30966, size 962, send_delta 2, trans_delta 1, recv_delta 3
P: seq 30967, size 963, send_delta 2, trans_delta 2, recv_delta 4
P: seq 30968, size 963, send_delta 3, trans_delta 1, recv_delta 4
P: seq 30969, size 963, send_delta 5, trans_delta 1, recv_delta 6
P: seq 30970, size 1098, send_delta 5, trans_delta 1, recv_delta 6
P: seq 30971, size 1098, send_delta 5, trans_delta 1, recv_delta 6
P: seq 30972, size 1098, send_delta 5, trans_delta 1, recv_delta 6
P: seq 30973, size 961, send_delta 5, trans_delta 2, recv_delta 7
P: seq 30974, size 962, send_delta 7, trans_delta 1, recv_delta 8
P: seq 30975, size 962, send_delta 7, trans_delta 1, recv_delta 8
P: seq 30976, size 836, send_delta 7, trans_delta 1, recv_delta 8
P: seq 30977, size 837, send_delta 7, trans_delta 1, recv_delta 8
P: seq 30978, size 837, send_delta 7, trans_delta 2, recv_delta 9
P: seq 30979, size 1197, send_delta 9, trans_delta 2, recv_delta 11
P: seq 30980, size 718, send_delta 9, trans_delta 2, recv_delta 11
P: seq 30981, size 719, send_delta 9, trans_delta 2, recv_delta 11
P: seq 30982, size 812, send_delta 9, trans_delta 2, recv_delta 11
P: seq 30983, size 812, send_delta 10, trans_delta 1, recv_delta 11
P: seq 30984, size 813, send_delta 10, trans_delta 2, recv_delta 12
RTP TS: 407035321, Frame Size: 18796, Encode 4, Net 11, Wait 59, Decode 5 E2E 79 
P: seq 30985, size 1141, send_delta 0, trans_delta 1, recv_delta 1
P: seq 30986, size 1142, send_delta 2, trans_delta 1, recv_delta 3
P: seq 30987, size 1106, send_delta 2, trans_delta 2, recv_delta 4
P: seq 30988, size 1107, send_delta 2, trans_delta 2, recv_delta 4
P: seq 30989, size 1107, send_delta 2, trans_delta 2, recv_delta 4
P: seq 30990, size 1091, send_delta 5, trans_delta 1, recv_delta 6
P: seq 30991, size 1091, send_delta 5, trans_delta 1, recv_delta 6
P: seq 30992, size 1092, send_delta 5, trans_delta 1, recv_delta 6
P: seq 30993, size 938, send_delta 5, trans_delta 1, recv_delta 6
P: seq 30994, size 939, send_delta 5, trans_delta 2, recv_delta 7
P: seq 30995, size 939, send_delta 7, trans_delta 1, recv_delta 8
P: seq 30996, size 833, send_delta 7, trans_delta 1, recv_delta 8
P: seq 30997, size 834, send_delta 7, trans_delta 1, recv_delta 8
P: seq 30998, size 834, send_delta 7, trans_delta 1, recv_delta 8
P: seq 30999, size 1198, send_delta 7, trans_delta 2, recv_delta 9
P: seq 31000, size 724, send_delta 9, trans_delta 1, recv_delta 10
P: seq 31001, size 725, send_delta 9, trans_delta 2, recv_delta 11
P: seq 31002, size 813, send_delta 9, trans_delta 2, recv_delta 11
P: seq 31003, size 814, send_delta 9, trans_delta 2, recv_delta 11
P: seq 31004, size 814, send_delta 9, trans_delta 2, recv_delta 11
RTP TS: 407036941, Frame Size: 19157, Encode 4, Net 11, Wait 60, Decode 5 E2E 80 
P: seq 31005, size 836, send_delta 0, trans_delta 1, recv_delta 1
P: seq 31006, size 836, send_delta 2, trans_delta 1, recv_delta 3
P: seq 31007, size 837, send_delta 2, trans_delta 1, recv_delta 3
P: seq 31008, size 1154, send_delta 2, trans_delta 1, recv_delta 3
P: seq 31009, size 1154, send_delta 3, trans_delta 1, recv_delta 4
P: seq 31010, size 1155, send_delta 3, trans_delta 1, recv_delta 4
P: seq 31011, size 1122, send_delta 4, trans_delta 1, recv_delta 5
P: seq 31012, size 1122, send_delta 4, trans_delta 1, recv_delta 5
P: seq 31013, size 1122, send_delta 5, trans_delta 1, recv_delta 6
P: seq 31014, size 985, send_delta 5, trans_delta 1, recv_delta 6
P: seq 31015, size 985, send_delta 5, trans_delta 2, recv_delta 7
P: seq 31016, size 985, send_delta 7, trans_delta 1, recv_delta 8
P: seq 31017, size 1162, send_delta 7, trans_delta 1, recv_delta 8
P: seq 31018, size 1162, send_delta 7, trans_delta 1, recv_delta 8
P: seq 31019, size 1108, send_delta 7, trans_delta 2, recv_delta 9
P: seq 31020, size 683, send_delta 9, trans_delta 2, recv_delta 11
P: seq 31021, size 684, send_delta 9, trans_delta 2, recv_delta 11
P: seq 31022, size 850, send_delta 9, trans_delta 2, recv_delta 11
P: seq 31023, size 850, send_delta 9, trans_delta 2, recv_delta 11
P: seq 31024, size 851, send_delta 10, trans_delta 1, recv_delta 11
RTP TS: 407038561, Frame Size: 17673, Encode 4, Net 11, Wait 59, Decode 5 E2E 79 
P: seq 31025, size 1095, send_delta 0, trans_delta 2, recv_delta 2
P: seq 31026, size 1095, send_delta 3, trans_delta 0, recv_delta 3
P: seq 31027, size 883, send_delta 3, trans_delta 1, recv_delta 4
P: seq 31028, size 884, send_delta 3, trans_delta 1, recv_delta 4
P: seq 31029, size 884, send_delta 3, trans_delta 1, recv_delta 4
P: seq 31030, size 1098, send_delta 3, trans_delta 2, recv_delta 5
P: seq 31031, size 1098, send_delta 5, trans_delta 1, recv_delta 6
P: seq 31032, size 1099, send_delta 5, trans_delta 1, recv_delta 6
P: seq 31033, size 888, send_delta 5, trans_delta 2, recv_delta 7
P: seq 31034, size 888, send_delta 5, trans_delta 2, recv_delta 7
P: seq 31035, size 889, send_delta 5, trans_delta 2, recv_delta 7
P: seq 31036, size 1084, send_delta 7, trans_delta 1, recv_delta 8
P: seq 31037, size 1084, send_delta 7, trans_delta 1, recv_delta 8
P: seq 31038, size 1131, send_delta 7, trans_delta 1, recv_delta 8
P: seq 31039, size 703, send_delta 7, trans_delta 1, recv_delta 8
P: seq 31040, size 703, send_delta 7, trans_delta 2, recv_delta 9
P: seq 31041, size 875, send_delta 9, trans_delta 2, recv_delta 11
P: seq 31042, size 876, send_delta 10, trans_delta 1, recv_delta 11
P: seq 31043, size 876, send_delta 10, trans_delta 1, recv_delta 11
RTP TS: 407040181, Frame Size: 16996, Encode 4, Net 10, Wait 62, Decode 4 E2E 80 
P: seq 31044, size 840, send_delta 0, trans_delta 2, recv_delta 2
P: seq 31045, size 840, send_delta 3, trans_delta 2, recv_delta 5
P: seq 31046, size 840, send_delta 4, trans_delta 1, recv_delta 5
P: seq 31047, size 931, send_delta 4, trans_delta 1, recv_delta 5
P: seq 31048, size 931, send_delta 4, trans_delta 1, recv_delta 5
P: seq 31049, size 931, send_delta 4, trans_delta 2, recv_delta 6
P: seq 31050, size 1042, send_delta 4, trans_delta 2, recv_delta 6
P: seq 31051, size 1042, send_delta 4, trans_delta 2, recv_delta 6
P: seq 31052, size 1042, send_delta 6, trans_delta 1, recv_delta 7
P: seq 31053, size 926, send_delta 6, trans_delta 1, recv_delta 7
P: seq 31054, size 927, send_delta 6, trans_delta 2, recv_delta 8
P: seq 31055, size 927, send_delta 6, trans_delta 2, recv_delta 8
P: seq 31056, size 1026, send_delta 6, trans_delta 2, recv_delta 8
P: seq 31057, size 1026, send_delta 6, trans_delta 2, recv_delta 8
P: seq 31058, size 1101, send_delta 8, trans_delta 2, recv_delta 10
P: seq 31059, size 1155, send_delta 8, trans_delta 2, recv_delta 10
P: seq 31060, size 951, send_delta 8, trans_delta 2, recv_delta 10
P: seq 31061, size 951, send_delta 9, trans_delta 1, recv_delta 10
RTP TS: 407041801, Frame Size: 17102, Encode 4, Net 11, Wait 60, Decode 5 E2E 80 
P: seq 31062, size 1134, send_delta 0, trans_delta 1, recv_delta 1
P: seq 31063, size 1134, send_delta 2, trans_delta 1, recv_delta 3
P: seq 31064, size 929, send_delta 2, trans_delta 1, recv_delta 3
P: seq 31065, size 930, send_delta 4, trans_delta 1, recv_delta 5
P: seq 31066, size 930, send_delta 4, trans_delta 1, recv_delta 5
P: seq 31067, size 1013, send_delta 4, trans_delta 1, recv_delta 5
P: seq 31068, size 1013, send_delta 4, trans_delta 1, recv_delta 5
P: seq 31069, size 1014, send_delta 4, trans_delta 2, recv_delta 6
P: seq 31070, size 902, send_delta 5, trans_delta 1, recv_delta 6
P: seq 31071, size 903, send_delta 5, trans_delta 2, recv_delta 7
P: seq 31072, size 903, send_delta 5, trans_delta 2, recv_delta 7
P: seq 31073, size 1140, send_delta 6, trans_delta 2, recv_delta 8
P: seq 31074, size 1140, send_delta 6, trans_delta 2, recv_delta 8
P: seq 31075, size 631, send_delta 7, trans_delta 1, recv_delta 8
P: seq 31076, size 631, send_delta 9, trans_delta 1, recv_delta 10
P: seq 31077, size 736, send_delta 9, trans_delta 1, recv_delta 10
P: seq 31078, size 737, send_delta 9, trans_delta 1, recv_delta 10
P: seq 31079, size 871, send_delta 9, trans_delta 2, recv_delta 11
P: seq 31080, size 872, send_delta 9, trans_delta 2, recv_delta 11
RTP TS: 407043421, Frame Size: 19000, Encode 4, Net 11, Wait 60, Decode 5 E2E 80 
P: seq 31081, size 881, send_delta 0, trans_delta 1, recv_delta 1
P: seq 31082, size 881, send_delta 3, trans_delta 1, recv_delta 4
P: seq 31083, size 882, send_delta 3, trans_delta 1, recv_delta 4
P: seq 31084, size 935, send_delta 3, trans_delta 1, recv_delta 4
P: seq 31085, size 935, send_delta 3, trans_delta 1, recv_delta 4
P: seq 31086, size 935, send_delta 3, trans_delta 1, recv_delta 4
P: seq 31087, size 935, send_delta 3, trans_delta 1, recv_delta 4
P: seq 31088, size 1094, send_delta 5, trans_delta 1, recv_delta 6
P: seq 31089, size 1095, send_delta 5, trans_delta 1, recv_delta 6
P: seq 31090, size 1095, send_delta 5, trans_delta 2, recv_delta 7
P: seq 31091, size 996, send_delta 5, trans_delta 2, recv_delta 7
P: seq 31092, size 996, send_delta 7, trans_delta 1, recv_delta 8
P: seq 31093, size 997, send_delta 7, trans_delta 1, recv_delta 8
P: seq 31094, size 1162, send_delta 7, trans_delta 1, recv_delta 8
P: seq 31095, size 1162, send_delta 7, trans_delta 1, recv_delta 8
P: seq 31096, size 649, send_delta 9, trans_delta 1, recv_delta 10
P: seq 31097, size 649, send_delta 9, trans_delta 1, recv_delta 10
P: seq 31098, size 684, send_delta 9, trans_delta 1, recv_delta 10
P: seq 31099, size 684, send_delta 9, trans_delta 2, recv_delta 11
P: seq 31100, size 933, send_delta 9, trans_delta 2, recv_delta 11
P: seq 31101, size 933, send_delta 9, trans_delta 2, recv_delta 11
RTP TS: 407044951, Frame Size: 18288, Encode 3, Net 11, Wait 59, Decode 5 E2E 78 
P: seq 31102, size 1096, send_delta 0, trans_delta 1, recv_delta 1
P: seq 31103, size 1096, send_delta 2, trans_delta 1, recv_delta 3
P: seq 31104, size 969, send_delta 2, trans_delta 2, recv_delta 4
P: seq 31105, size 969, send_delta 2, trans_delta 2, recv_delta 4
P: seq 31106, size 970, send_delta 2, trans_delta 2, recv_delta 4
P: seq 31107, size 1071, send_delta 3, trans_delta 2, recv_delta 5
P: seq 31108, size 1071, send_delta 4, trans_delta 1, recv_delta 5
P: seq 31109, size 1071, send_delta 4, trans_delta 1, recv_delta 5
P: seq 31110, size 965, send_delta 6, trans_delta 1, recv_delta 7
P: seq 31111, size 966, send_delta 6, trans_delta 1, recv_delta 7
P: seq 31112, size 966, send_delta 6, trans_delta 2, recv_delta 8
P: seq 31113, size 1157, send_delta 6, trans_delta 2, recv_delta 8
P: seq 31114, size 1158, send_delta 8, trans_delta 0, recv_delta 8
P: seq 31115, size 736, send_delta 8, trans_delta 1, recv_delta 9
P: seq 31116, size 737, send_delta 8, trans_delta 1, recv_delta 9
P: seq 31117, size 796, send_delta 8, trans_delta 1, recv_delta 9
P: seq 31118, size 797, send_delta 8, trans_delta 1, recv_delta 9
P: seq 31119, size 1079, send_delta 8, trans_delta 2, recv_delta 10
P: seq 31120, size 1079, send_delta 10, trans_delta 1, recv_delta 11
RTP TS: 407046571, Frame Size: 19390, Encode 4, Net 12, Wait 58, Decode 5 E2E 79 
P: seq 31121, size 1142, send_delta 0, trans_delta 1, recv_delta 1
P: seq 31122, size 1143, send_delta 2, trans_delta 2, recv_delta 4
P: seq 31123, size 1030, send_delta 2, trans_delta 2, recv_delta 4
P: seq 31124, size 1030, send_delta 2, trans_delta 2, recv_delta 4
P: seq 31125, size 1030, send_delta 2, trans_delta 3, recv_delta 5
P: seq 31126, size 990, send_delta 5, trans_delta 1, recv_delta 6
P: seq 31127, size 990, send_delta 5, trans_delta 2, recv_delta 7
P: seq 31128, size 990, send_delta 6, trans_delta 1, recv_delta 7
P: seq 31129, size 991, send_delta 6, trans_delta 1, recv_delta 7
P: seq 31130, size 1003, send_delta 6, trans_delta 2, recv_delta 8
P: seq 31131, size 1004, send_delta 6, trans_delta 2, recv_delta 8
P: seq 31132, size 1004, send_delta 6, trans_delta 2, recv_delta 8
P: seq 31133, size 1130, send_delta 8, trans_delta 1, recv_delta 9
P: seq 31134, size 1130, send_delta 8, trans_delta 1, recv_delta 9
P: seq 31135, size 671, send_delta 8, trans_delta 1, recv_delta 9
P: seq 31136, size 672, send_delta 8, trans_delta 1, recv_delta 9
P: seq 31137, size 800, send_delta 8, trans_delta 2, recv_delta 10
P: seq 31138, size 801, send_delta 8, trans_delta 2, recv_delta 10
P: seq 31139, size 1163, send_delta 10, trans_delta 2, recv_delta 12
P: seq 31140, size 1163, send_delta 10, trans_delta 2, recv_delta 12
RTP TS: 407048191, Frame Size: 17801, Encode 4, Net 11, Wait 57, Decode 5 E2E 77 
P: seq 31141, size 871, send_delta 0, trans_delta 1, recv_delta 1
P: seq 31142, size 872, send_delta 2, trans_delta 1, recv_delta 3
P: seq 31143, size 872, send_delta 2, trans_delta 1, recv_delta 3
P: seq 31144, size 1010, send_delta 2, trans_delta 1, recv_delta 3
P: seq 31145, size 1010, send_delta 2, trans_delta 1, recv_delta 3
P: seq 31146, size 1010, send_delta 2, trans_delta 2, recv_delta 4
P: seq 31147, size 1086, send_delta 4, trans_delta 1, recv_delta 5
P: seq 31148, size 1087, send_delta 4, trans_delta 2, recv_delta 6
P: seq 31149, size 1087, send_delta 5, trans_delta 1, recv_delta 6
P: seq 31150, size 908, send_delta 5, trans_delta 1, recv_delta 6
P: seq 31151, size 908, send_delta 5, trans_delta 2, recv_delta 7
P: seq 31152, size 909, send_delta 5, trans_delta 2, recv_delta 7
P: seq 31153, size 829, send_delta 7, trans_delta 1, recv_delta 8
P: seq 31154, size 829, send_delta 7, trans_delta 1, recv_delta 8
P: seq 31155, size 618, send_delta 7, trans_delta 1, recv_delta 8
P: seq 31156, size 618, send_delta 7, trans_delta 1, recv_delta 8
P: seq 31157, size 823, send_delta 7, trans_delta 1, recv_delta 8
P: seq 31158, size 824, send_delta 7, trans_delta 2, recv_delta 9
P: seq 31159, size 1058, send_delta 9, trans_delta 1, recv_delta 10
P: seq 31160, size 1059, send_delta 9, trans_delta 2, recv_delta 11
RTP TS: 407049811, Frame Size: 19841, Encode 4, Net 12, Wait 58, Decode 5 E2E 79 
P: seq 31161, size 1043, send_delta 0, trans_delta 1, recv_delta 1
P: seq 31162, size 1044, send_delta 2, trans_delta 1, recv_delta 3
P: seq 31163, size 1044, send_delta 2, trans_delta 1, recv_delta 3
P: seq 31164, size 1166, send_delta 2, trans_delta 1, recv_delta 3
P: seq 31165, size 1167, send_delta 2, trans_delta 2, recv_delta 4
P: seq 31166, size 1167, send_delta 2, trans_delta 2, recv_delta 4
P: seq 31167, size 921, send_delta 4, trans_delta 2, recv_delta 6
P: seq 31168, size 922, send_delta 4, trans_delta 2, recv_delta 6
P: seq 31169, size 922, send_delta 4, trans_delta 2, recv_delta 6
P: seq 31170, size 922, send_delta 5, trans_delta 1, recv_delta 6
P: seq 31171, size 1059, send_delta 5, trans_delta 2, recv_delta 7
P: seq 31172, size 1059, send_delta 7, trans_delta 1, recv_delta 8
P: seq 31173, size 1060, send_delta 7, trans_delta 1, recv_delta 8
P: seq 31174, size 1016, send_delta 7, trans_delta 1, recv_delta 8
P: seq 31175, size 1017, send_delta 7, trans_delta 1, recv_delta 8
P: seq 31176, size 634, send_delta 9, trans_delta 1, recv_delta 10
P: seq 31177, size 634, send_delta 9, trans_delta 1, recv_delta 10
P: seq 31178, size 773, send_delta 9, trans_delta 1, recv_delta 10
P: seq 31179, size 774, send_delta 9, trans_delta 2, recv_delta 11
P: seq 31180, size 1005, send_delta 9, trans_delta 2, recv_delta 11
P: seq 31181, size 1005, send_delta 9, trans_delta 2, recv_delta 11
RTP TS: 407051431, Frame Size: 17935, Encode 4, Net 12, Wait 58, Decode 5 E2E 79 
P: seq 31182, size 936, send_delta 0, trans_delta 1, recv_delta 1
P: seq 31183, size 936, send_delta 3, trans_delta 1, recv_delta 4
P: seq 31184, size 936, send_delta 3, trans_delta 1, recv_delta 4
P: seq 31185, size 1073, send_delta 3, trans_delta 1, recv_delta 4
P: seq 31186, size 1073, send_delta 3, trans_delta 1, recv_delta 4
P: seq 31187, size 1074, send_delta 3, trans_delta 2, recv_delta 5
P: seq 31188, size 1146, send_delta 5, trans_delta 0, recv_delta 5
P: seq 31189, size 1146, send_delta 5, trans_delta 0, recv_delta 5
P: seq 31190, size 1146, send_delta 5, trans_delta 0, recv_delta 5
P: seq 31191, size 855, send_delta 5, trans_delta 1, recv_delta 6
P: seq 31192, size 855, send_delta 5, trans_delta 1, recv_delta 6
P: seq 31193, size 856, send_delta 8, trans_delta 1, recv_delta 9
P: seq 31194, size 846, send_delta 8, trans_delta 1, recv_delta 9
P: seq 31195, size 846, send_delta 8, trans_delta 1, recv_delta 9
P: seq 31196, size 631, send_delta 8, trans_delta 1, recv_delta 9
P: seq 31197, size 631, send_delta 8, trans_delta 1, recv_delta 9
P: seq 31198, size 777, send_delta 8, trans_delta 2, recv_delta 10
P: seq 31199, size 777, send_delta 10, trans_delta 1, recv_delta 11
P: seq 31200, size 941, send_delta 10, trans_delta 1, recv_delta 11
P: seq 31201, size 941, send_delta 10, trans_delta 2, recv_delta 12
RTP TS: 407053051, Frame Size: 17491, Encode 3, Net 10, Wait 61, Decode 5 E2E 79 
P: seq 31202, size 947, send_delta 0, trans_delta 2, recv_delta 2
P: seq 31203, size 947, send_delta 2, trans_delta 1, recv_delta 3
P: seq 31204, size 948, send_delta 2, trans_delta 1, recv_delta 3
P: seq 31205, size 1157, send_delta 2, trans_delta 1, recv_delta 3
P: seq 31206, size 1158, send_delta 2, trans_delta 1, recv_delta 3
P: seq 31207, size 1158, send_delta 4, trans_delta 1, recv_delta 5
P: seq 31208, size 1109, send_delta 4, trans_delta 1, recv_delta 5
P: seq 31209, size 1110, send_delta 4, trans_delta 1, recv_delta 5
P: seq 31210, size 1110, send_delta 5, trans_delta 1, recv_delta 6
P: seq 31211, size 946, send_delta 5, trans_delta 1, recv_delta 6
P: seq 31212, size 947, send_delta 6, trans_delta 1, recv_delta 7
P: seq 31213, size 947, send_delta 6, trans_delta 1, recv_delta 7
P: seq 31214, size 789, send_delta 6, trans_delta 1, recv_delta 7
P: seq 31215, size 790, send_delta 8, trans_delta 1, recv_delta 9
P: seq 31216, size 1063, send_delta 8, trans_delta 2, recv_delta 10
P: seq 31217, size 658, send_delta 8, trans_delta 2, recv_delta 10
P: seq 31218, size 659, send_delta 8, trans_delta 2, recv_delta 10
P: seq 31219, size 754, send_delta 8, trans_delta 2, recv_delta 10
P: seq 31220, size 754, send_delta 8, trans_delta 2, recv_delta 10
RTP TS: 407054671, Frame Size: 16109, Encode 3, Net 9, Wait 61, Decode 4 E2E 77 
P: seq 31221, size 905, send_delta 0, trans_delta 1, recv_delta 1
P: seq 31222, size 906, send_delta 2, trans_delta 2, recv_delta 4
P: seq 31223, size 906, send_delta 2, trans_delta 2, recv_delta 4
P: seq 31224, size 1012, send_delta 2, trans_delta 2, recv_delta 4
P: seq 31225, size 1012, send_delta 2, trans_delta 2, recv_delta 4
P: seq 31226, size 1012, send_delta 2, trans_delta 3, recv_delta 5
P: seq 31227, size 989, send_delta 5, trans_delta 1, recv_delta 6
P: seq 31228, size 990, send_delta 5, trans_delta 1, recv_delta 6
P: seq 31229, size 990, send_delta 5, trans_delta 1, recv_delta 6
P: seq 31230, size 865, send_delta 5, trans_delta 1, recv_delta 6
P: seq 31231, size 865, send_delta 5, trans_delta 2, recv_delta 7
P: seq 31232, size 865, send_delta 6, trans_delta 1, recv_delta 7
P: seq 31233, size 735, send_delta 6, trans_delta 1, recv_delta 7
P: seq 31234, size 736, send_delta 6, trans_delta 1, recv_delta 7
P: seq 31235, size 897, send_delta 7, trans_delta 1, recv_delta 8
P: seq 31236, size 639, send_delta 7, trans_delta 1, recv_delta 8
P: seq 31237, size 639, send_delta 7, trans_delta 1, recv_delta 8
P: seq 31238, size 803, send_delta 7, trans_delta 1, recv_delta 8
P: seq 31239, size 803, send_delta 7, trans_delta 2, recv_delta 9
RTP TS: 407056201, Frame Size: 16112, Encode 4, Net 10, Wait 58, Decode 4 E2E 76 
P: seq 31240, size 834, send_delta 0, trans_delta 1, recv_delta 1
P: seq 31241, size 834, send_delta 2, trans_delta 1, recv_delta 3
P: seq 31242, size 834, send_delta 2, trans_delta 1, recv_delta 3
P: seq 31243, size 995, send_delta 2, trans_delta 1, recv_delta 3
P: seq 31244, size 995, send_delta 2, trans_delta 1, recv_delta 3
P: seq 31245, size 996, send_delta 2, trans_delta 2, recv_delta 4
P: seq 31246, size 1027, send_delta 4, trans_delta 1, recv_delta 5
P: seq 31247, size 1027, send_delta 4, trans_delta 1, recv_delta 5
P: seq 31248, size 1028, send_delta 4, trans_delta 2, recv_delta 6
P: seq 31249, size 928, send_delta 4, trans_delta 2, recv_delta 6
P: seq 31250, size 929, send_delta 5, trans_delta 1, recv_delta 6
P: seq 31251, size 929, send_delta 6, trans_delta 1, recv_delta 7
P: seq 31252, size 786, send_delta 6, trans_delta 1, recv_delta 7
P: seq 31253, size 786, send_delta 6, trans_delta 1, recv_delta 7
P: seq 31254, size 897, send_delta 6, trans_delta 1, recv_delta 7
P: seq 31255, size 616, send_delta 7, trans_delta 1, recv_delta 8
P: seq 31256, size 616, send_delta 7, trans_delta 1, recv_delta 8
P: seq 31257, size 757, send_delta 7, trans_delta 1, recv_delta 8
P: seq 31258, size 758, send_delta 9, trans_delta 1, recv_delta 10
RTP TS: 407057821, Frame Size: 18112, Encode 4, Net 12, Wait 56, Decode 5 E2E 77 
P: seq 31259, size 1014, send_delta 0, trans_delta 2, recv_delta 2
P: seq 31260, size 1014, send_delta 2, trans_delta 1, recv_delta 3
P: seq 31261, size 1015, send_delta 2, trans_delta 1, recv_delta 3
P: seq 31262, size 1175, send_delta 2, trans_delta 1, recv_delta 3
P: seq 31263, size 1175, send_delta 2, trans_delta 1, recv_delta 3
P: seq 31264, size 1176, send_delta 4, trans_delta 0, recv_delta 4
P: seq 31265, size 1027, send_delta 4, trans_delta 1, recv_delta 5
P: seq 31266, size 1027, send_delta 5, trans_delta 1, recv_delta 6
P: seq 31267, size 1027, send_delta 5, trans_delta 1, recv_delta 6
P: seq 31268, size 851, send_delta 6, trans_delta 1, recv_delta 7
P: seq 31269, size 851, send_delta 6, trans_delta 1, recv_delta 7
P: seq 31270, size 852, send_delta 6, trans_delta 1, recv_delta 7
P: seq 31271, size 1110, send_delta 8, trans_delta 1, recv_delta 9
P: seq 31272, size 1110, send_delta 8, trans_delta 1, recv_delta 9
P: seq 31273, size 1127, send_delta 8, trans_delta 1, recv_delta 9
P: seq 31274, size 699, send_delta 8, trans_delta 1, recv_delta 9
P: seq 31275, size 700, send_delta 8, trans_delta 2, recv_delta 10
P: seq 31276, size 811, send_delta 11, trans_delta 1, recv_delta 12
P: seq 31277, size 811, send_delta 11, trans_delta 1, recv_delta 12
RTP TS: 407059441, Frame Size: 16971, Encode 4, Net 10, Wait 59, Decode 4 E2E 77 
P: seq 31278, size 947, send_delta 0, trans_delta 1, recv_delta 1
P: seq 31279, size 947, send_delta 2, trans_delta 1, recv_delta 3
P: seq 31280, size 948, send_delta 2, trans_delta 1, recv_delta 3
P: seq 31281, size 1081, send_delta 2, trans_delta 1, recv_delta 3
P: seq 31282, size 1081, send_delta 4, trans_delta 1, recv_delta 5
P: seq 31283, size 1082, send_delta 4, trans_delta 1, recv_delta 5
P: seq 31284, size 978, send_delta 4, trans_delta 1, recv_delta 5
P: seq 31285, size 978, send_delta 4, trans_delta 1, recv_delta 5
P: seq 31286, size 978, send_delta 4, trans_delta 2, recv_delta 6
P: seq 31287, size 830, send_delta 6, trans_delta 2, recv_delta 8
P: seq 31288, size 830, send_delta 6, trans_delta 2, recv_delta 8
P: seq 31289, size 831, send_delta 6, trans_delta 2, recv_delta 8
P: seq 31290, size 1129, send_delta 7, trans_delta 1, recv_delta 8
P: seq 31291, size 1130, send_delta 7, trans_delta 2, recv_delta 9
P: seq 31292, size 901, send_delta 9, trans_delta 1, recv_delta 10
P: seq 31293, size 625, send_delta 9, trans_delta 1, recv_delta 10
P: seq 31294, size 625, send_delta 9, trans_delta 1, recv_delta 10
P: seq 31295, size 755, send_delta 9, trans_delta 1, recv_delta 10
P: seq 31296, size 755, send_delta 9, trans_delta 1, recv_delta 10
RTP TS: 407061061, Frame Size: 17396, Encode 4, Net 11, Wait 58, Decode 5 E2E 78 
P: seq 31297, size 868, send_delta 0, trans_delta 2, recv_delta 2
P: seq 31298, size 868, send_delta 3, trans_delta 1, recv_delta 4
P: seq 31299, size 869, send_delta 3, trans_delta 1, recv_delta 4
P: seq 31300, size 1090, send_delta 3, trans_delta 1, recv_delta 4
P: seq 31301, size 1090, send_delta 3, trans_delta 1, recv_delta 4
P: seq 31302, size 1090, send_delta 3, trans_delta 2, recv_delta 5
P: seq 31303, size 1047, send_delta 3, trans_delta 2, recv_delta 5
P: seq 31304, size 1047, send_delta 5, trans_delta 2, recv_delta 7
P: seq 31305, size 1048, send_delta 5, trans_delta 2, recv_delta 7
P: seq 31306, size 860, send_delta 5, trans_delta 2, recv_delta 7
P: seq 31307, size 861, send_delta 5, trans_delta 2, recv_delta 7
P: seq 31308, size 861, send_delta 5, trans_delta 3, recv_delta 8
P: seq 31309, size 1122, send_delta 8, trans_delta 1, recv_delta 9
P: seq 31310, size 1122, send_delta 8, trans_delta 2, recv_delta 10
P: seq 31311, size 617, send_delta 8, trans_delta 2, recv_delta 10
P: seq 31312, size 618, send_delta 8, trans_delta 2, recv_delta 10
P: seq 31313, size 1198, send_delta 8, trans_delta 2, recv_delta 10
P: seq 31314, size 790, send_delta 10, trans_delta 1, recv_delta 11
P: seq 31315, size 790, send_delta 10, trans_delta 1, recv_delta 11
RTP TS: 407062681, Frame Size: 17358, Encode 3, Net 11, Wait 58, Decode 5 E2E 77 
P: seq 31316, size 926, send_delta 0, trans_delta 2, recv_delta 2
P: seq 31317, size 926, send_delta 2, trans_delta 1, recv_delta 3
P: seq 31318, size 927, send_delta 2, trans_delta 1, recv_delta 3
P: seq 31319, size 1158, send_delta 2, trans_delta 1, recv_delta 3
P: seq 31320, size 1158, send_delta 4, trans_delta 1, recv_delta 5
P: seq 31321, size 1159, send_delta 4, trans_delta 1, recv_delta 5
P: seq 31322, size 989, send_delta 4, trans_delta 1, recv_delta 5
P: seq 31323, size 989, send_delta 4, trans_delta 1, recv_delta 5
P: seq 31324, size 989, send_delta 4, trans_delta 2, recv_delta 6
P: seq 31325, size 889, send_delta 6, trans_delta 2, recv_delta 8
P: seq 31326, size 889, send_delta 7, trans_delta 1, recv_delta 8
P: seq 31327, size 890, send_delta 7, trans_delta 1, recv_delta 8
P: seq 31328, size 1008, send_delta 7, trans_delta 2, recv_delta 9
P: seq 31329, size 1008, send_delta 7, trans_delta 2, recv_delta 9
P: seq 31330, size 941, send_delta 7, trans_delta 2, recv_delta 9
P: seq 31331, size 672, send_delta 9, trans_delta 1, recv_delta 10
P: seq 31332, size 673, send_delta 9, trans_delta 1, recv_delta 10
P: seq 31333, size 813, send_delta 9, trans_delta 1, recv_delta 10
P: seq 31334, size 814, send_delta 9, trans_delta 2, recv_delta 11
RTP TS: 407064301, Frame Size: 16140, Encode 4, Net 10, Wait 59, Decode 4 E2E 77 
P: seq 31335, size 811, send_delta 0, trans_delta 1, recv_delta 1
P: seq 31336, size 811, send_delta 2, trans_delta 2, recv_delta 4
P: seq 31337, size 811, send_delta 2, trans_delta 2, recv_delta 4
P: seq 31338, size 992, send_delta 2, trans_delta 2, recv_delta 4
P: seq 31339, size 992, send_delta 2, trans_delta 3, recv_delta 5
P: seq 31340, size 992, send_delta 3, trans_delta 2, recv_delta 5
P: seq 31341, size 857, send_delta 3, trans_delta 2, recv_delta 5
P: seq 31342, size 858, send_delta 5, trans_delta 1, recv_delta 6
P: seq 31343, size 858, send_delta 5, trans_delta 1, recv_delta 6
P: seq 31344, size 1195, send_delta 5, trans_delta 2, recv_delta 7
P: seq 31345, size 1195, send_delta 5, trans_delta 2, recv_delta 7
P: seq 31346, size 874, send_delta 5, trans_delta 2, recv_delta 7
P: seq 31347, size 874, send_delta 8, trans_delta 1, recv_delta 9
P: seq 31348, size 615, send_delta 8, trans_delta 1, recv_delta 9
P: seq 31349, size 616, send_delta 8, trans_delta 1, recv_delta 9
P: seq 31350, size 675, send_delta 8, trans_delta 2, recv_delta 10
P: seq 31351, size 676, send_delta 8, trans_delta 2, recv_delta 10
P: seq 31352, size 949, send_delta 8, trans_delta 2, recv_delta 10
P: seq 31353, size 950, send_delta 8, trans_delta 2, recv_delta 10
RTP TS: 407065921, Frame Size: 16332, Encode 4, Net 9, Wait 59, Decode 4 E2E 76 
P: seq 31354, size 894, send_delta 0, trans_delta 1, recv_delta 1
P: seq 31355, size 895, send_delta 2, trans_delta 0, recv_delta 2
P: seq 31356, size 895, send_delta 2, trans_delta 0, recv_delta 2
P: seq 31357, size 1002, send_delta 2, trans_delta 2, recv_delta 4
P: seq 31358, size 1002, send_delta 2, trans_delta 2, recv_delta 4
P: seq 31359, size 1003, send_delta 2, trans_delta 2, recv_delta 4
P: seq 31360, size 879, send_delta 5, trans_delta 1, recv_delta 6
P: seq 31361, size 880, send_delta 5, trans_delta 1, recv_delta 6
P: seq 31362, size 880, send_delta 5, trans_delta 1, recv_delta 6
P: seq 31363, size 1195, send_delta 5, trans_delta 2, recv_delta 7
P: seq 31364, size 1196, send_delta 5, trans_delta 2, recv_delta 7
P: seq 31365, size 849, send_delta 5, trans_delta 3, recv_delta 8
P: seq 31366, size 850, send_delta 7, trans_delta 1, recv_delta 8
P: seq 31367, size 951, send_delta 7, trans_delta 1, recv_delta 8
P: seq 31368, size 820, send_delta 7, trans_delta 1, recv_delta 8
P: seq 31369, size 820, send_delta 7, trans_delta 1, recv_delta 8
P: seq 31370, size 877, send_delta 7, trans_delta 2, recv_delta 9
P: seq 31371, size 878, send_delta 7, trans_delta 2, recv_delta 9
RTP TS: 407067451, Frame Size: 17871, Encode 4, Net 11, Wait 55, Decode 5 E2E 75 
P: seq 31372, size 943, send_delta 0, trans_delta 1, recv_delta 1
P: seq 31373, size 943, send_delta 2, trans_delta 1, recv_delta 3
P: seq 31374, size 944, send_delta 2, trans_delta 1, recv_delta 3
P: seq 31375, size 1110, send_delta 2, trans_delta 1, recv_delta 3
P: seq 31376, size 1111, send_delta 2, trans_delta 2, recv_delta 4
P: seq 31377, size 1111, send_delta 4, trans_delta 1, recv_delta 5
P: seq 31378, size 1005, send_delta 4, trans_delta 2, recv_delta 6
P: seq 31379, size 1005, send_delta 4, trans_delta 2, recv_delta 6
P: seq 31380, size 1006, send_delta 4, trans_delta 3, recv_delta 7
P: seq 31381, size 857, send_delta 4, trans_delta 3, recv_delta 7
P: seq 31382, size 858, send_delta 6, trans_delta 1, recv_delta 7
P: seq 31383, size 858, send_delta 6, trans_delta 1, recv_delta 7
P: seq 31384, size 982, send_delta 6, trans_delta 2, recv_delta 8
P: seq 31385, size 982, send_delta 6, trans_delta 2, recv_delta 8
P: seq 31386, size 665, send_delta 6, trans_delta 2, recv_delta 8
P: seq 31387, size 665, send_delta 8, trans_delta 2, recv_delta 10
P: seq 31388, size 756, send_delta 8, trans_delta 2, recv_delta 10
P: seq 31389, size 757, send_delta 8, trans_delta 2, recv_delta 10
P: seq 31390, size 900, send_delta 9, trans_delta 1, recv_delta 10
P: seq 31391, size 900, send_delta 9, trans_delta 2, recv_delta 11
RTP TS: 407069071, Frame Size: 17325, Encode 3, Net 10, Wait 58, Decode 4 E2E 75 
P: seq 31392, size 935, send_delta 0, trans_delta 1, recv_delta 1
P: seq 31393, size 935, send_delta 2, trans_delta 1, recv_delta 3
P: seq 31394, size 935, send_delta 2, trans_delta 1, recv_delta 3
P: seq 31395, size 1042, send_delta 2, trans_delta 2, recv_delta 4
P: seq 31396, size 1042, send_delta 2, trans_delta 2, recv_delta 4
P: seq 31397, size 1043, send_delta 4, trans_delta 1, recv_delta 5
P: seq 31398, size 1011, send_delta 4, trans_delta 1, recv_delta 5
P: seq 31399, size 1012, send_delta 4, trans_delta 1, recv_delta 5
P: seq 31400, size 1012, send_delta 4, trans_delta 2, recv_delta 6
P: seq 31401, size 874, send_delta 4, trans_delta 2, recv_delta 6
P: seq 31402, size 874, send_delta 6, trans_delta 1, recv_delta 7
P: seq 31403, size 874, send_delta 7, trans_delta 1, recv_delta 8
P: seq 31404, size 1016, send_delta 7, trans_delta 1, recv_delta 8
P: seq 31405, size 1016, send_delta 7, trans_delta 1, recv_delta 8
P: seq 31406, size 1051, send_delta 7, trans_delta 2, recv_delta 9
P: seq 31407, size 662, send_delta 7, trans_delta 2, recv_delta 9
P: seq 31408, size 663, send_delta 9, trans_delta 1, recv_delta 10
P: seq 31409, size 894, send_delta 9, trans_delta 1, recv_delta 10
P: seq 31410, size 894, send_delta 9, trans_delta 1, recv_delta 10
RTP TS: 407070691, Frame Size: 15893, Encode 3, Net 9, Wait 59, Decode 4 E2E 75 
P: seq 31411, size 1016, send_delta 0, trans_delta 0, recv_delta 0
P: seq 31412, size 1016, send_delta 2, trans_delta 1, recv_delta 3
P: seq 31413, size 1016, send_delta 2, trans_delta 1, recv_delta 3
P: seq 31414, size 1058, send_delta 2, trans_delta 2, recv_delta 4
P: seq 31415, size 1058, send_delta 2, trans_delta 2, recv_delta 4
P: seq 31416, size 1058, send_delta 4, trans_delta 1, recv_delta 5
P: seq 31417, size 808, send_delta 4, trans_delta 1, recv_delta 5
P: seq 31418, size 808, send_delta 4, trans_delta 1, recv_delta 5
P: seq 31419, size 809, send_delta 4, trans_delta 1, recv_delta 5
P: seq 31420, size 977, send_delta 4, trans_delta 2, recv_delta 6
P: seq 31421, size 978, send_delta 4, trans_delta 2, recv_delta 6
P: seq 31422, size 795, send_delta 6, trans_delta 1, recv_delta 7
P: seq 31423, size 796, send_delta 7, trans_delta 0, recv_delta 7
P: seq 31424, size 954, send_delta 7, trans_delta 1, recv_delta 8
P: seq 31425, size 623, send_delta 7, trans_delta 1, recv_delta 8
P: seq 31426, size 624, send_delta 7, trans_delta 1, recv_delta 8
P: seq 31427, size 966, send_delta 7, trans_delta 1, recv_delta 8
P: seq 31428, size 967, send_delta 7, trans_delta 2, recv_delta 9
RTP TS: 407072311, Frame Size: 15778, Encode 3, Net 10, Wait 60, Decode 4 E2E 77 
P: seq 31429, size 1009, send_delta 1, trans_delta 0, recv_delta 1
P: seq 31430, size 1009, send_delta 3, trans_delta 1, recv_delta 4
P: seq 31431, size 1010, send_delta 3, trans_delta 1, recv_delta 4
P: seq 31432, size 965, send_delta 3, trans_delta 2, recv_delta 5
P: seq 31433, size 966, send_delta 3, trans_delta 2, recv_delta 5
P: seq 31434, size 966, send_delta 3, trans_delta 2, recv_delta 5
P: seq 31435, size 887, send_delta 5, trans_delta 1, recv_delta 6
P: seq 31436, size 887, send_delta 5, trans_delta 1, recv_delta 6
P: seq 31437, size 888, send_delta 5, trans_delta 1, recv_delta 6
P: seq 31438, size 1106, send_delta 5, trans_delta 2, recv_delta 7
P: seq 31439, size 1106, send_delta 5, trans_delta 2, recv_delta 7
P: seq 31440, size 823, send_delta 7, trans_delta 2, recv_delta 9
P: seq 31441, size 823, send_delta 8, trans_delta 1, recv_delta 9
P: seq 31442, size 889, send_delta 8, trans_delta 1, recv_delta 9
P: seq 31443, size 1036, send_delta 8, trans_delta 1, recv_delta 9
P: seq 31444, size 907, send_delta 8, trans_delta 1, recv_delta 9
P: seq 31445, size 908, send_delta 8, trans_delta 2, recv_delta 10
RTP TS: 407073931, Frame Size: 13973, Encode 3, Net 9, Wait 60, Decode 4 E2E 76 
P: seq 31446, size 1176, send_delta 0, trans_delta 1, recv_delta 1
P: seq 31447, size 1177, send_delta 2, trans_delta 2, recv_delta 4
P: seq 31448, size 1163, send_delta 2, trans_delta 2, recv_delta 4
P: seq 31449, size 1163, send_delta 2, trans_delta 3, recv_delta 5
P: seq 31450, size 1166, send_delta 2, trans_delta 3, recv_delta 5
P: seq 31451, size 1167, send_delta 4, trans_delta 1, recv_delta 5
P: seq 31452, size 992, send_delta 4, trans_delta 1, recv_delta 5
P: seq 31453, size 992, send_delta 6, trans_delta 0, recv_delta 6
P: seq 31454, size 851, send_delta 6, trans_delta 0, recv_delta 6
P: seq 31455, size 851, send_delta 6, trans_delta 1, recv_delta 7
P: seq 31456, size 855, send_delta 6, trans_delta 2, recv_delta 8
P: seq 31457, size 1089, send_delta 6, trans_delta 2, recv_delta 8
P: seq 31458, size 830, send_delta 7, trans_delta 1, recv_delta 8
P: seq 31459, size 830, send_delta 7, trans_delta 2, recv_delta 9
RTP TS: 407075551, Frame Size: 18720, Encode 4, Net 12, Wait 54, Decode 5 E2E 75 
P: seq 31460, size 1022, send_delta 0, trans_delta 1, recv_delta 1
P: seq 31461, size 1022, send_delta 2, trans_delta 0, recv_delta 2
P: seq 31462, size 1022, send_delta 2, trans_delta 0, recv_delta 2
P: seq 31463, size 1075, send_delta 2, trans_delta 2, recv_delta 4
P: seq 31464, size 1076, send_delta 2, trans_delta 2, recv_delta 4
P: seq 31465, size 1076, send_delta 2, trans_delta 2, recv_delta 4
P: seq 31466, size 1192, send_delta 4, trans_delta 2, recv_delta 6
P: seq 31467, size 1193, send_delta 5, trans_delta 1, recv_delta 6
P: seq 31468, size 1193, send_delta 5, trans_delta 2, recv_delta 7
P: seq 31469, size 998, send_delta 5, trans_delta 2, recv_delta 7
P: seq 31470, size 998, send_delta 7, trans_delta 1, recv_delta 8
P: seq 31471, size 998, send_delta 7, trans_delta 1, recv_delta 8
P: seq 31472, size 1119, send_delta 7, trans_delta 2, recv_delta 9
P: seq 31473, size 1119, send_delta 7, trans_delta 2, recv_delta 9
P: seq 31474, size 668, send_delta 7, trans_delta 2, recv_delta 9
P: seq 31475, size 669, send_delta 7, trans_delta 2, recv_delta 9
P: seq 31476, size 629, send_delta 9, trans_delta 2, recv_delta 11
P: seq 31477, size 630, send_delta 10, trans_delta 1, recv_delta 11
P: seq 31478, size 754, send_delta 10, trans_delta 1, recv_delta 11
P: seq 31479, size 754, send_delta 10, trans_delta 1, recv_delta 11
RTP TS: 407077171, Frame Size: 16139, Encode 4, Net 10, Wait 58, Decode 4 E2E 76 
P: seq 31480, size 1050, send_delta 0, trans_delta 1, recv_delta 1
P: seq 31481, size 1051, send_delta 3, trans_delta 1, recv_delta 4
P: seq 31482, size 1051, send_delta 3, trans_delta 1, recv_delta 4
P: seq 31483, size 1089, send_delta 3, trans_delta 1, recv_delta 4
P: seq 31484, size 1089, send_delta 3, trans_delta 1, recv_delta 4
P: seq 31485, size 1090, send_delta 3, trans_delta 2, recv_delta 5
P: seq 31486, size 918, send_delta 5, trans_delta 1, recv_delta 6
P: seq 31487, size 919, send_delta 5, trans_delta 1, recv_delta 6
P: seq 31488, size 919, send_delta 5, trans_delta 1, recv_delta 6
P: seq 31489, size 1121, send_delta 5, trans_delta 2, recv_delta 7
P: seq 31490, size 1121, send_delta 5, trans_delta 2, recv_delta 7
P: seq 31491, size 882, send_delta 7, trans_delta 1, recv_delta 8
P: seq 31492, size 883, send_delta 7, trans_delta 2, recv_delta 9
P: seq 31493, size 920, send_delta 7, trans_delta 2, recv_delta 9
P: seq 31494, size 1026, send_delta 7, trans_delta 2, recv_delta 9
P: seq 31495, size 708, send_delta 7, trans_delta 3, recv_delta 10
P: seq 31496, size 709, send_delta 7, trans_delta 3, recv_delta 10
RTP TS: 407078701, Frame Size: 15359, Encode 3, Net 9, Wait 58, Decode 4 E2E 74 
P: seq 31497, size 937, send_delta 0, trans_delta 1, recv_delta 1
P: seq 31498, size 938, send_delta 2, trans_delta 1, recv_delta 3
P: seq 31499, size 938, send_delta 2, trans_delta 1, recv_delta 3
P: seq 31500, size 952, send_delta 2, trans_delta 1, recv_delta 3
P: seq 31501, size 953, send_delta 2, trans_delta 2, recv_delta 4
P: seq 31502, size 953, send_delta 2, trans_delta 2, recv_delta 4
P: seq 31503, size 890, send_delta 4, trans_delta 2, recv_delta 6
P: seq 31504, size 890, send_delta 4, trans_delta 2, recv_delta 6
P: seq 31505, size 890, send_delta 5, trans_delta 1, recv_delta 6
P: seq 31506, size 1105, send_delta 5, trans_delta 2, recv_delta 7
P: seq 31507, size 1106, send_delta 5, trans_delta 2, recv_delta 7
P: seq 31508, size 833, send_delta 7, trans_delta 1, recv_delta 8
P: seq 31509, size 833, send_delta 7, trans_delta 1, recv_delta 8
P: seq 31510, size 1073, send_delta 7, trans_delta 1, recv_delta 8
P: seq 31511, size 1032, send_delta 7, trans_delta 1, recv_delta 8
P: seq 31512, size 721, send_delta 7, trans_delta 1, recv_delta 8
P: seq 31513, size 722, send_delta 7, trans_delta 2, recv_delta 9
RTP TS: 407080321, Frame Size: 18874, Encode 4, Net 11, Wait 55, Decode 5 E2E 75 
P: seq 31514, size 949, send_delta 0, trans_delta 1, recv_delta 1
P: seq 31515, size 950, send_delta 2, trans_delta 1, recv_delta 3
P: seq 31516, size 950, send_delta 2, trans_delta 1, recv_delta 3
P: seq 31517, size 919, send_delta 2, trans_delta 1, recv_delta 3
P: seq 31518, size 919, send_delta 2, trans_delta 2, recv_delta 4
P: seq 31519, size 920, send_delta 2, trans_delta 2, recv_delta 4
P: seq 31520, size 920, send_delta 4, trans_delta 2, recv_delta 6
P: seq 31521, size 1008, send_delta 4, trans_delta 2, recv_delta 6
P: seq 31522, size 1009, send_delta 4, trans_delta 3, recv_delta 7
P: seq 31523, size 1009, send_delta 5, trans_delta 2, recv_delta 7
P: seq 31524, size 822, send_delta 5, trans_delta 2, recv_delta 7
P: seq 31525, size 823, send_delta 7, trans_delta 1, recv_delta 8
P: seq 31526, size 823, send_delta 7, trans_delta 1, recv_delta 8
P: seq 31527, size 1178, send_delta 7, trans_delta 1, recv_delta 8
P: seq 31528, size 1178, send_delta 7, trans_delta 1, recv_delta 8
P: seq 31529, size 684, send_delta 7, trans_delta 2, recv_delta 9
P: seq 31530, size 685, send_delta 9, trans_delta 1, recv_delta 10
P: seq 31531, size 777, send_delta 9, trans_delta 1, recv_delta 10
P: seq 31532, size 778, send_delta 9, trans_delta 1, recv_delta 10
P: seq 31533, size 1043, send_delta 9, trans_delta 2, recv_delta 11
P: seq 31534, size 1043, send_delta 9, trans_delta 2, recv_delta 11
RTP TS: 407081941, Frame Size: 16972, Encode 4, Net 10, Wait 56, Decode 4 E2E 74 
P: seq 31535, size 907, send_delta 0, trans_delta 1, recv_delta 1
P: seq 31536, size 908, send_delta 2, trans_delta 1, recv_delta 3
P: seq 31537, size 908, send_delta 2, trans_delta 1, recv_delta 3
P: seq 31538, size 976, send_delta 2, trans_delta 1, recv_delta 3
P: seq 31539, size 977, send_delta 2, trans_delta 1, recv_delta 3
P: seq 31540, size 977, send_delta 2, trans_delta 2, recv_delta 4
P: seq 31541, size 980, send_delta 4, trans_delta 2, recv_delta 6
P: seq 31542, size 980, send_delta 5, trans_delta 1, recv_delta 6
P: seq 31543, size 980, send_delta 5, trans_delta 1, recv_delta 6
P: seq 31544, size 1096, send_delta 5, trans_delta 1, recv_delta 6
P: seq 31545, size 1096, send_delta 5, trans_delta 2, recv_delta 7
P: seq 31546, size 979, send_delta 5, trans_delta 2, recv_delta 7
P: seq 31547, size 979, send_delta 7, trans_delta 1, recv_delta 8
P: seq 31548, size 1197, send_delta 7, trans_delta 1, recv_delta 8
P: seq 31549, size 690, send_delta 7, trans_delta 2, recv_delta 9
P: seq 31550, size 691, send_delta 7, trans_delta 2, recv_delta 9
P: seq 31551, size 1042, send_delta 7, trans_delta 2, recv_delta 9
P: seq 31552, size 1043, send_delta 9, trans_delta 0, recv_delta 9
RTP TS: 407083561, Frame Size: 16271, Encode 4, Net 10, Wait 57, Decode 4 E2E 75 
P: seq 31553, size 873, send_delta 0, trans_delta 2, recv_delta 2
P: seq 31554, size 873, send_delta 2, trans_delta 2, recv_delta 4
P: seq 31555, size 873, send_delta 2, trans_delta 2, recv_delta 4
P: seq 31556, size 879, send_delta 3, trans_delta 1, recv_delta 4
P: seq 31557, size 879, send_delta 3, trans_delta 1, recv_delta 4
P: seq 31558, size 879, send_delta 3, trans_delta 2, recv_delta 5
P: seq 31559, size 863, send_delta 5, trans_delta 1, recv_delta 6
P: seq 31560, size 864, send_delta 5, trans_delta 1, recv_delta 6
P: seq 31561, size 864, send_delta 5, trans_delta 1, recv_delta 6
P: seq 31562, size 1111, send_delta 5, trans_delta 2, recv_delta 7
P: seq 31563, size 1112, send_delta 5, trans_delta 2, recv_delta 7
P: seq 31564, size 889, send_delta 7, trans_delta 1, recv_delta 8
P: seq 31565, size 889, send_delta 7, trans_delta 2, recv_delta 9
P: seq 31566, size 986, send_delta 7, trans_delta 2, recv_delta 9
P: seq 31567, size 765, send_delta 7, trans_delta 2, recv_delta 9
P: seq 31568, size 765, send_delta 7, trans_delta 3, recv_delta 10
P: seq 31569, size 1170, send_delta 7, trans_delta 3, recv_delta 10
P: seq 31570, size 1171, send_delta 8, trans_delta 2, recv_delta 10
RTP TS: 407085181, Frame Size: 21434, Encode 4, Net 13, Wait 54, Decode 5 E2E 76 
P: seq 31571, size 916, send_delta 1, trans_delta 0, recv_delta 1
P: seq 31572, size 916, send_delta 3, trans_delta 1, recv_delta 4
P: seq 31573, size 916, send_delta 3, trans_delta 1, recv_delta 4
P: seq 31574, size 917, send_delta 3, trans_delta 1, recv_delta 4
P: seq 31575, size 1193, send_delta 3, trans_delta 1, recv_delta 4
P: seq 31576, size 1194, send_delta 3, trans_delta 2, recv_delta 5
P: seq 31577, size 1194, send_delta 5, trans_delta 1, recv_delta 6
P: seq 31578, size 917, send_delta 5, trans_delta 1, recv_delta 6
P: seq 31579, size 917, send_delta 5, trans_delta 2, recv_delta 7
P: seq 31580, size 917, send_delta 5, trans_delta 2, recv_delta 7
P: seq 31581, size 918, send_delta 5, trans_delta 2, recv_delta 7
P: seq 31582, size 958, send_delta 7, trans_delta 2, recv_delta 9
P: seq 31583, size 958, send_delta 8, trans_delta 1, recv_delta 9
P: seq 31584, size 958, send_delta 8, trans_delta 1, recv_delta 9
P: seq 31585, size 1116, send_delta 8, trans_delta 2, recv_delta 10
P: seq 31586, size 1117, send_delta 8, trans_delta 2, recv_delta 10
P: seq 31587, size 841, send_delta 10, trans_delta 0, recv_delta 10
P: seq 31588, size 841, send_delta 10, trans_delta 1, recv_delta 11
P: seq 31589, size 947, send_delta 10, trans_delta 1, recv_delta 11
P: seq 31590, size 947, send_delta 10, trans_delta 1, recv_delta 11
P: seq 31591, size 1187, send_delta 10, trans_delta 2, recv_delta 12
P: seq 31592, size 1188, send_delta 12, trans_delta 1, recv_delta 13
RTP TS: 407086801, Frame Size: 16517, Encode 5, Net 10, Wait 56, Decode 4 E2E 75 
P: seq 31593, size 966, send_delta 0, trans_delta 1, recv_delta 1
P: seq 31594, size 967, send_delta 2, trans_delta 1, recv_delta 3
P: seq 31595, size 967, send_delta 2, trans_delta 1, recv_delta 3
P: seq 31596, size 1057, send_delta 2, trans_delta 2, recv_delta 4
P: seq 31597, size 1058, send_delta 4, trans_delta 1, recv_delta 5
P: seq 31598, size 1058, send_delta 4, trans_delta 1, recv_delta 5
P: seq 31599, size 1060, send_delta 4, trans_delta 1, recv_delta 5
P: seq 31600, size 1061, send_delta 4, trans_delta 1, recv_delta 5
P: seq 31601, size 1061, send_delta 6, trans_delta 2, recv_delta 8
P: seq 31602, size 1044, send_delta 6, trans_delta 2, recv_delta 8
P: seq 31603, size 1045, send_delta 6, trans_delta 3, recv_delta 9
P: seq 31604, size 832, send_delta 7, trans_delta 2, recv_delta 9
P: seq 31605, size 833, send_delta 7, trans_delta 2, recv_delta 9
P: seq 31606, size 1114, send_delta 7, trans_delta 2, recv_delta 9
P: seq 31607, size 946, send_delta 8, trans_delta 1, recv_delta 9
P: seq 31608, size 927, send_delta 8, trans_delta 1, recv_delta 9
P: seq 31609, size 928, send_delta 8, trans_delta 1, recv_delta 9
RTP TS: 407088421, Frame Size: 16545, Encode 3, Net 11, Wait 56, Decode 4 E2E 74 
P: seq 31610, size 987, send_delta 0, trans_delta 1, recv_delta 1
P: seq 31611, size 988, send_delta 2, trans_delta 1, recv_delta 3
P: seq 31612, size 988, send_delta 2, trans_delta 2, recv_delta 4
P: seq 31613, size 929, send_delta 2, trans_delta 2, recv_delta 4
P: seq 31614, size 930, send_delta 2, trans_delta 3, recv_delta 5
P: seq 31615, size 930, send_delta 2, trans_delta 3, recv_delta 5
P: seq 31616, size 973, send_delta 4, trans_delta 2, recv_delta 6
P: seq 31617, size 973, send_delta 4, trans_delta 2, recv_delta 6
P: seq 31618, size 974, send_delta 5, trans_delta 1, recv_delta 6
P: seq 31619, size 949, send_delta 5, trans_delta 1, recv_delta 6
P: seq 31620, size 950, send_delta 5, trans_delta 2, recv_delta 7
P: seq 31621, size 950, send_delta 7, trans_delta 1, recv_delta 8
P: seq 31622, size 765, send_delta 7, trans_delta 1, recv_delta 8
P: seq 31623, size 766, send_delta 7, trans_delta 1, recv_delta 8
P: seq 31624, size 1107, send_delta 7, trans_delta 2, recv_delta 9
P: seq 31625, size 613, send_delta 7, trans_delta 2, recv_delta 9
P: seq 31626, size 613, send_delta 7, trans_delta 2, recv_delta 9
P: seq 31627, size 810, send_delta 9, trans_delta 2, recv_delta 11
P: seq 31628, size 810, send_delta 9, trans_delta 2, recv_delta 11
RTP TS: 407089951, Frame Size: 17330, Encode 4, Net 10, Wait 55, Decode 5 E2E 74 
P: seq 31629, size 1021, send_delta 0, trans_delta 1, recv_delta 1
P: seq 31630, size 1022, send_delta 3, trans_delta 1, recv_delta 4
P: seq 31631, size 1022, send_delta 3, trans_delta 1, recv_delta 4
P: seq 31632, size 922, send_delta 3, trans_delta 1, recv_delta 4
P: seq 31633, size 922, send_delta 3, trans_delta 1, recv_delta 4
P: seq 31634, size 923, send_delta 3, trans_delta 2, recv_delta 5
P: seq 31635, size 1077, send_delta 5, trans_delta 1, recv_delta 6
P: seq 31636, size 1077, send_delta 5, trans_delta 1, recv_delta 6
P: seq 31637, size 1078, send_delta 5, trans_delta 1, recv_delta 6
P: seq 31638, size 1054, send_delta 5, trans_delta 1, recv_delta 6
P: seq 31639, size 1054, send_delta 5, trans_delta 2, recv_delta 7
P: seq 31640, size 1054, send_delta 7, trans_delta 1, recv_delta 8
P: seq 31641, size 702, send_delta 7, trans_delta 2, recv_delta 9
P: seq 31642, size 702, send_delta 7, trans_delta 2, recv_delta 9
P: seq 31643, size 990, send_delta 7, trans_delta 2, recv_delta 9
P: seq 31644, size 684, send_delta 7, trans_delta 2, recv_delta 9
P: seq 31645, size 684, send_delta 7, trans_delta 2, recv_delta 9
P: seq 31646, size 901, send_delta 9, trans_delta 1, recv_delta 10
P: seq 31647, size 901, send_delta 9, trans_delta 1, recv_delta 10
RTP TS: 407091571, Frame Size: 15649, Encode 3, Net 10, Wait 57, Decode 4 E2E 74 
P: seq 31648, size 979, send_delta 0, trans_delta 1, recv_delta 1
P: seq 31649, size 979, send_delta 2, trans_delta 1, recv_delta 3
P: seq 31650, size 979, send_delta 2, trans_delta 1, recv_delta 3
P: seq 31651, size 906, send_delta 2, trans_delta 1, recv_delta 3
P: seq 31652, size 906, send_delta 2, trans_delta 1, recv_delta 3
P: seq 31653, size 907, send_delta 2, trans_delta 2, recv_delta 4
P: seq 31654, size 887, send_delta 4, trans_delta 1, recv_delta 5
P: seq 31655, size 887, send_delta 4, trans_delta 1, recv_delta 5
P: seq 31656, size 887, send_delta 4, trans_delta 1, recv_delta 5
P: seq 31657, size 846, send_delta 4, trans_delta 2, recv_delta 6
P: seq 31658, size 846, send_delta 6, trans_delta 1, recv_delta 7
P: seq 31659, size 847, send_delta 6, trans_delta 1, recv_delta 7
P: seq 31660, size 633, send_delta 6, trans_delta 1, recv_delta 7
P: seq 31661, size 634, send_delta 6, trans_delta 1, recv_delta 7
P: seq 31662, size 931, send_delta 6, trans_delta 2, recv_delta 8
P: seq 31663, size 678, send_delta 6, trans_delta 2, recv_delta 8
P: seq 31664, size 679, send_delta 6, trans_delta 2, recv_delta 8
P: seq 31665, size 849, send_delta 8, trans_delta 2, recv_delta 10
P: seq 31666, size 849, send_delta 9, trans_delta 1, recv_delta 10
RTP TS: 407093191, Frame Size: 18809, Encode 4, Net 11, Wait 54, Decode 5 E2E 74 
P: seq 31667, size 1114, send_delta 0, trans_delta 1, recv_delta 1
P: seq 31668, size 1115, send_delta 1, trans_delta 2, recv_delta 3
P: seq 31669, size 1115, send_delta 1, trans_delta 2, recv_delta 3
P: seq 31670, size 1133, send_delta 2, trans_delta 2, recv_delta 4
P: seq 31671, size 1134, send_delta 4, trans_delta 1, recv_delta 5
P: seq 31672, size 1134, send_delta 4, trans_delta 1, recv_delta 5
P: seq 31673, size 1083, send_delta 4, trans_delta 1, recv_delta 5
P: seq 31674, size 1084, send_delta 4, trans_delta 2, recv_delta 6
P: seq 31675, size 1084, send_delta 6, trans_delta 1, recv_delta 7
P: seq 31676, size 865, send_delta 6, trans_delta 1, recv_delta 7
P: seq 31677, size 865, send_delta 6, trans_delta 1, recv_delta 7
P: seq 31678, size 866, send_delta 6, trans_delta 1, recv_delta 7
P: seq 31679, size 935, send_delta 6, trans_delta 2, recv_delta 8
P: seq 31680, size 936, send_delta 8, trans_delta 1, recv_delta 9
P: seq 31681, size 652, send_delta 8, trans_delta 1, recv_delta 9
P: seq 31682, size 652, send_delta 8, trans_delta 1, recv_delta 9
P: seq 31683, size 806, send_delta 8, trans_delta 2, recv_delta 10
P: seq 31684, size 806, send_delta 8, trans_delta 2, recv_delta 10
P: seq 31685, size 958, send_delta 8, trans_delta 2, recv_delta 10
P: seq 31686, size 959, send_delta 9, trans_delta 2, recv_delta 11
RTP TS: 407094811, Frame Size: 16347, Encode 4, Net 10, Wait 56, Decode 4 E2E 74 
P: seq 31687, size 989, send_delta 0, trans_delta 2, recv_delta 2
P: seq 31688, size 989, send_delta 2, trans_delta 0, recv_delta 2
P: seq 31689, size 989, send_delta 2, trans_delta 1, recv_delta 3
P: seq 31690, size 1075, send_delta 2, trans_delta 1, recv_delta 3
P: seq 31691, size 1076, send_delta 4, trans_delta 1, recv_delta 5
P: seq 31692, size 1076, send_delta 4, trans_delta 1, recv_delta 5
P: seq 31693, size 899, send_delta 4, trans_delta 1, recv_delta 5
P: seq 31694, size 900, send_delta 4, trans_delta 1, recv_delta 5
P: seq 31695, size 900, send_delta 6, trans_delta 1, recv_delta 7
P: seq 31696, size 1139, send_delta 6, trans_delta 1, recv_delta 7
P: seq 31697, size 1139, send_delta 6, trans_delta 1, recv_delta 7
P: seq 31698, size 715, send_delta 6, trans_delta 1, recv_delta 7
P: seq 31699, size 716, send_delta 6, trans_delta 2, recv_delta 8
P: seq 31700, size 1134, send_delta 8, trans_delta 2, recv_delta 10
P: seq 31701, size 1175, send_delta 8, trans_delta 2, recv_delta 10
P: seq 31702, size 921, send_delta 8, trans_delta 2, recv_delta 10
P: seq 31703, size 922, send_delta 8, trans_delta 2, recv_delta 10
RTP TS: 407096431, Frame Size: 15901, Encode 4, Net 10, Wait 57, Decode 4 E2E 75 
P: seq 31704, size 900, send_delta 0, trans_delta 1, recv_delta 1
P: seq 31705, size 901, send_delta 2, trans_delta 2, recv_delta 4
P: seq 31706, size 901, send_delta 3, trans_delta 1, recv_delta 4
P: seq 31707, size 941, send_delta 3, trans_delta 1, recv_delta 4
P: seq 31708, size 941, send_delta 3, trans_delta 1, recv_delta 4
P: seq 31709, size 942, send_delta 3, trans_delta 2, recv_delta 5
P: seq 31710, size 866, send_delta 3, trans_delta 2, recv_delta 5
P: seq 31711, size 867, send_delta 3, trans_delta 2, recv_delta 5
P: seq 31712, size 867, send_delta 5, trans_delta 1, recv_delta 6
P: seq 31713, size 812, send_delta 5, trans_delta 1, recv_delta 6
P: seq 31714, size 812, send_delta 5, trans_delta 1, recv_delta 6
P: seq 31715, size 813, send_delta 5, trans_delta 2, recv_delta 7
P: seq 31716, size 823, send_delta 5, trans_delta 2, recv_delta 7
P: seq 31717, size 823, send_delta 7, trans_delta 2, recv_delta 9
P: seq 31718, size 639, send_delta 7, trans_delta 2, recv_delta 9
P: seq 31719, size 639, send_delta 7, trans_delta 2, recv_delta 9
P: seq 31720, size 1037, send_delta 7, trans_delta 3, recv_delta 10
P: seq 31721, size 918, send_delta 8, trans_delta 2, recv_delta 10
P: seq 31722, size 919, send_delta 8, trans_delta 2, recv_delta 10
RTP TS: 407098051, Frame Size: 18332, Encode 3, Net 11, Wait 55, Decode 5 E2E 74 
P: seq 31723, size 1029, send_delta 0, trans_delta 1, recv_delta 1
P: seq 31724, size 1029, send_delta 2, trans_delta 2, recv_delta 4
P: seq 31725, size 1030, send_delta 2, trans_delta 2, recv_delta 4
P: seq 31726, size 1048, send_delta 2, trans_delta 3, recv_delta 5
P: seq 31727, size 1048, send_delta 2, trans_delta 3, recv_delta 5
P: seq 31728, size 1049, send_delta 4, trans_delta 1, recv_delta 5
P: seq 31729, size 987, send_delta 4, trans_delta 1, recv_delta 5
P: seq 31730, size 988, send_delta 4, trans_delta 1, recv_delta 5
P: seq 31731, size 988, send_delta 6, trans_delta 1, recv_delta 7
P: seq 31732, size 946, send_delta 6, trans_delta 1, recv_delta 7
P: seq 31733, size 946, send_delta 6, trans_delta 1, recv_delta 7
P: seq 31734, size 947, send_delta 6, trans_delta 2, recv_delta 8
P: seq 31735, size 1017, send_delta 6, trans_delta 2, recv_delta 8
P: seq 31736, size 1017, send_delta 9, trans_delta 0, recv_delta 9
P: seq 31737, size 735, send_delta 9, trans_delta 1, recv_delta 10
P: seq 31738, size 735, send_delta 9, trans_delta 1, recv_delta 10
P: seq 31739, size 682, send_delta 9, trans_delta 2, recv_delta 11
P: seq 31740, size 683, send_delta 9, trans_delta 2, recv_delta 11
P: seq 31741, size 957, send_delta 9, trans_delta 2, recv_delta 11
P: seq 31742, size 958, send_delta 9, trans_delta 2, recv_delta 11
RTP TS: 407099671, Frame Size: 16782, Encode 4, Net 10, Wait 55, Decode 4 E2E 73 
P: seq 31743, size 854, send_delta 0, trans_delta 1, recv_delta 1
P: seq 31744, size 854, send_delta 2, trans_delta 2, recv_delta 4
P: seq 31745, size 855, send_delta 2, trans_delta 2, recv_delta 4
P: seq 31746, size 907, send_delta 2, trans_delta 2, recv_delta 4
P: seq 31747, size 908, send_delta 3, trans_delta 2, recv_delta 5
P: seq 31748, size 908, send_delta 3, trans_delta 2, recv_delta 5
P: seq 31749, size 1070, send_delta 5, trans_delta 1, recv_delta 6
P: seq 31750, size 1071, send_delta 5, trans_delta 1, recv_delta 6
P: seq 31751, size 1071, send_delta 5, trans_delta 2, recv_delta 7
P: seq 31752, size 812, send_delta 5, trans_delta 2, recv_delta 7
P: seq 31753, size 812, send_delta 5, trans_delta 2, recv_delta 7
P: seq 31754, size 813, send_delta 5, trans_delta 2, recv_delta 7
P: seq 31755, size 933, send_delta 6, trans_delta 1, recv_delta 7
P: seq 31756, size 934, send_delta 6, trans_delta 1, recv_delta 7
P: seq 31757, size 636, send_delta 7, trans_delta 1, recv_delta 8
P: seq 31758, size 636, send_delta 7, trans_delta 1, recv_delta 8
P: seq 31759, size 690, send_delta 7, trans_delta 1, recv_delta 8
P: seq 31760, size 690, send_delta 7, trans_delta 2, recv_delta 9
P: seq 31761, size 907, send_delta 9, trans_delta 1, recv_delta 10
P: seq 31762, size 908, send_delta 9, trans_delta 1, recv_delta 10
RTP TS: 407101201, Frame Size: 16119, Encode 4, Net 9, Wait 55, Decode 4 E2E 72 
P: seq 31763, size 831, send_delta 0, trans_delta 0, recv_delta 0
P: seq 31764, size 831, send_delta 2, trans_delta 1, recv_delta 3
P: seq 31765, size 832, send_delta 2, trans_delta 1, recv_delta 3
P: seq 31766, size 1161, send_delta 2, trans_delta 1, recv_delta 3
P: seq 31767, size 1161, send_delta 2, trans_delta 2, recv_delta 4
P: seq 31768, size 919, send_delta 2, trans_delta 2, recv_delta 4
P: seq 31769, size 919, send_delta 4, trans_delta 1, recv_delta 5
P: seq 31770, size 919, send_delta 4, trans_delta 1, recv_delta 5
P: seq 31771, size 1085, send_delta 4, trans_delta 1, recv_delta 5
P: seq 31772, size 1085, send_delta 4, trans_delta 2, recv_delta 6
P: seq 31773, size 655, send_delta 4, trans_delta 2, recv_delta 6
P: seq 31774, size 655, send_delta 6, trans_delta 0, recv_delta 6
P: seq 31775, size 640, send_delta 6, trans_delta 0, recv_delta 6
P: seq 31776, size 640, send_delta 6, trans_delta 1, recv_delta 7
P: seq 31777, size 792, send_delta 6, trans_delta 1, recv_delta 7
P: seq 31778, size 792, send_delta 7, trans_delta 1, recv_delta 8
P: seq 31779, size 887, send_delta 7, trans_delta 1, recv_delta 8
P: seq 31780, size 888, send_delta 7, trans_delta 1, recv_delta 8
P: seq 31781, size 888, send_delta 8, trans_delta 1, recv_delta 9
RTP TS: 407102821, Frame Size: 19436, Encode 4, Net 11, Wait 52, Decode 5 E2E 72 
P: seq 31782, size 961, send_delta 0, trans_delta 1, recv_delta 1
P: seq 31783, size 962, send_delta 2, trans_delta 0, recv_delta 2
P: seq 31784, size 962, send_delta 2, trans_delta 0, recv_delta 2
P: seq 31785, size 930, send_delta 2, trans_delta 1, recv_delta 3
P: seq 31786, size 930, send_delta 2, trans_delta 2, recv_delta 4
P: seq 31787, size 930, send_delta 2, trans_delta 2, recv_delta 4
P: seq 31788, size 1186, send_delta 2, trans_delta 3, recv_delta 5
P: seq 31789, size 1186, send_delta 4, trans_delta 1, recv_delta 5
P: seq 31790, size 1187, send_delta 4, trans_delta 1, recv_delta 5
P: seq 31791, size 1027, send_delta 6, trans_delta 1, recv_delta 7
P: seq 31792, size 1028, send_delta 6, trans_delta 1, recv_delta 7
P: seq 31793, size 1028, send_delta 6, trans_delta 1, recv_delta 7
P: seq 31794, size 969, send_delta 6, trans_delta 1, recv_delta 7
P: seq 31795, size 969, send_delta 6, trans_delta 2, recv_delta 8
P: seq 31796, size 748, send_delta 8, trans_delta 2, recv_delta 10
P: seq 31797, size 749, send_delta 8, trans_delta 2, recv_delta 10
P: seq 31798, size 726, send_delta 8, trans_delta 2, recv_delta 10
P: seq 31799, size 727, send_delta 9, trans_delta 1, recv_delta 10
P: seq 31800, size 914, send_delta 9, trans_delta 1, recv_delta 10
P: seq 31801, size 915, send_delta 9, trans_delta 2, recv_delta 11
P: seq 31802, size 915, send_delta 9, trans_delta 2, recv_delta 11
RTP TS: 407104441, Frame Size: 18552, Encode 4, Net 12, Wait 52, Decode 5 E2E 73 
P: seq 31803, size 987, send_delta 0, trans_delta 1, recv_delta 1
P: seq 31804, size 987, send_delta 2, trans_delta 1, recv_delta 3
P: seq 31805, size 988, send_delta 2, trans_delta 1, recv_delta 3
P: seq 31806, size 1070, send_delta 2, trans_delta 1, recv_delta 3
P: seq 31807, size 1071, send_delta 4, trans_delta 1, recv_delta 5
P: seq 31808, size 1071, send_delta 4, trans_delta 1, recv_delta 5
P: seq 31809, size 1027, send_delta 4, trans_delta 2, recv_delta 6
P: seq 31810, size 1027, send_delta 4, trans_delta 2, recv_delta 6
P: seq 31811, size 1028, send_delta 6, trans_delta 1, recv_delta 7
P: seq 31812, size 917, send_delta 6, trans_delta 2, recv_delta 8
P: seq 31813, size 917, send_delta 6, trans_delta 2, recv_delta 8
P: seq 31814, size 918, send_delta 6, trans_delta 2, recv_delta 8
P: seq 31815, size 925, send_delta 6, trans_delta 2, recv_delta 8
P: seq 31816, size 926, send_delta 9, trans_delta 1, recv_delta 10
P: seq 31817, size 629, send_delta 9, trans_delta 1, recv_delta 10
P: seq 31818, size 630, send_delta 9, trans_delta 1, recv_delta 10
P: seq 31819, size 674, send_delta 9, trans_delta 2, recv_delta 11
P: seq 31820, size 674, send_delta 9, trans_delta 2, recv_delta 11
P: seq 31821, size 866, send_delta 9, trans_delta 2, recv_delta 11
P: seq 31822, size 866, send_delta 9, trans_delta 2, recv_delta 11
P: seq 31823, size 867, send_delta 9, trans_delta 2, recv_delta 11
RTP TS: 407106061, Frame Size: 17222, Encode 3, Net 12, Wait 53, Decode 5 E2E 73 
P: seq 31824, size 996, send_delta 0, trans_delta 2, recv_delta 2
P: seq 31825, size 996, send_delta 3, trans_delta 1, recv_delta 4
P: seq 31826, size 997, send_delta 3, trans_delta 1, recv_delta 4
P: seq 31827, size 1011, send_delta 3, trans_delta 1, recv_delta 4
P: seq 31828, size 1011, send_delta 3, trans_delta 1, recv_delta 4
P: seq 31829, size 1011, send_delta 5, trans_delta 0, recv_delta 5
P: seq 31830, size 1025, send_delta 5, trans_delta 0, recv_delta 5
P: seq 31831, size 1026, send_delta 5, trans_delta 1, recv_delta 6
P: seq 31832, size 1026, send_delta 5, trans_delta 1, recv_delta 6
P: seq 31833, size 1163, send_delta 5, trans_delta 2, recv_delta 7
P: seq 31834, size 1164, send_delta 7, trans_delta 1, recv_delta 8
P: seq 31835, size 739, send_delta 7, trans_delta 1, recv_delta 8
P: seq 31836, size 740, send_delta 7, trans_delta 1, recv_delta 8
P: seq 31837, size 1094, send_delta 7, trans_delta 2, recv_delta 9
P: seq 31838, size 1146, send_delta 7, trans_delta 2, recv_delta 9
P: seq 31839, size 836, send_delta 10, trans_delta 1, recv_delta 11
P: seq 31840, size 837, send_delta 10, trans_delta 2, recv_delta 12
P: seq 31841, size 837, send_delta 10, trans_delta 2, recv_delta 12
RTP TS: 407107681, Frame Size: 15015, Encode 3, Net 10, Wait 55, Decode 4 E2E 72 
P: seq 31842, size 815, send_delta 0, trans_delta 2, recv_delta 2
P: seq 31843, size 816, send_delta 2, trans_delta 2, recv_delta 4
P: seq 31844, size 816, send_delta 2, trans_delta 2, recv_delta 4
P: seq 31845, size 1174, send_delta 2, trans_delta 2, recv_delta 4
P: seq 31846, size 1175, send_delta 2, trans_delta 2, recv_delta 4
P: seq 31847, size 840, send_delta 5, trans_delta 0, recv_delta 5
P: seq 31848, size 841, send_delta 5, trans_delta 0, recv_delta 5
P: seq 31849, size 841, send_delta 5, trans_delta 1, recv_delta 6
P: seq 31850, size 1047, send_delta 5, trans_delta 1, recv_delta 6
P: seq 31851, size 1048, send_delta 5, trans_delta 1, recv_delta 6
P: seq 31852, size 658, send_delta 7, trans_delta 1, recv_delta 8
P: seq 31853, size 658, send_delta 7, trans_delta 1, recv_delta 8
P: seq 31854, size 909, send_delta 7, trans_delta 1, recv_delta 8
P: seq 31855, size 1075, send_delta 7, trans_delta 2, recv_delta 9
P: seq 31856, size 903, send_delta 7, trans_delta 2, recv_delta 9
P: seq 31857, size 903, send_delta 7, trans_delta 2, recv_delta 9
P: seq 31858, size 903, send_delta 9, trans_delta 1, recv_delta 10
RTP TS: 407109301, Frame Size: 19728, Encode 5, Net 12, Wait 52, Decode 5 E2E 74 
P: seq 31859, size 1124, send_delta 0, trans_delta 1, recv_delta 1
P: seq 31860, size 1125, send_delta 2, trans_delta 0, recv_delta 2
P: seq 31861, size 1125, send_delta 2, trans_delta 1, recv_delta 3
P: seq 31862, size 1062, send_delta 4, trans_delta 1, recv_delta 5
P: seq 31863, size 1062, send_delta 4, trans_delta 1, recv_delta 5
P: seq 31864, size 1063, send_delta 4, trans_delta 1, recv_delta 5
P: seq 31865, size 907, send_delta 4, trans_delta 1, recv_delta 5
P: seq 31866, size 908, send_delta 6, trans_delta 1, recv_delta 7
P: seq 31867, size 908, send_delta 6, trans_delta 1, recv_delta 7
P: seq 31868, size 908, send_delta 6, trans_delta 1, recv_delta 7
P: seq 31869, size 955, send_delta 6, trans_delta 2, recv_delta 8
P: seq 31870, size 956, send_delta 6, trans_delta 2, recv_delta 8
P: seq 31871, size 956, send_delta 6, trans_delta 2, recv_delta 8
P: seq 31872, size 1057, send_delta 8, trans_delta 2, recv_delta 10
P: seq 31873, size 1057, send_delta 9, trans_delta 1, recv_delta 10
P: seq 31874, size 739, send_delta 9, trans_delta 1, recv_delta 10
P: seq 31875, size 739, send_delta 9, trans_delta 1, recv_delta 10
P: seq 31876, size 668, send_delta 9, trans_delta 1, recv_delta 10
P: seq 31877, size 669, send_delta 9, trans_delta 2, recv_delta 11
P: seq 31878, size 1126, send_delta 9, trans_delta 2, recv_delta 11
P: seq 31879, size 1127, send_delta 11, trans_delta 1, recv_delta 12
RTP TS: 407110921, Frame Size: 16593, Encode 3, Net 10, Wait 55, Decode 4 E2E 72 
P: seq 31880, size 1040, send_delta 0, trans_delta 0, recv_delta 0
P: seq 31881, size 1040, send_delta 2, trans_delta 2, recv_delta 4
P: seq 31882, size 1041, send_delta 2, trans_delta 2, recv_delta 4
P: seq 31883, size 943, send_delta 3, trans_delta 1, recv_delta 4
P: seq 31884, size 943, send_delta 3, trans_delta 1, recv_delta 4
P: seq 31885, size 944, send_delta 3, trans_delta 2, recv_delta 5
P: seq 31886, size 1028, send_delta 5, trans_delta 1, recv_delta 6
P: seq 31887, size 1028, send_delta 5, trans_delta 1, recv_delta 6
P: seq 31888, size 1028, send_delta 5, trans_delta 2, recv_delta 7
P: seq 31889, size 883, send_delta 5, trans_delta 3, recv_delta 8
P: seq 31890, size 884, send_delta 6, trans_delta 2, recv_delta 8
P: seq 31891, size 884, send_delta 6, trans_delta 2, recv_delta 8
P: seq 31892, size 833, send_delta 6, trans_delta 3, recv_delta 9
P: seq 31893, size 833, send_delta 6, trans_delta 3, recv_delta 9
P: seq 31894, size 1048, send_delta 8, trans_delta 1, recv_delta 9
P: seq 31895, size 945, send_delta 8, trans_delta 1, recv_delta 9
P: seq 31896, size 840, send_delta 8, trans_delta 2, recv_delta 10
P: seq 31897, size 841, send_delta 8, trans_delta 2, recv_delta 10
RTP TS: 407112541, Frame Size: 18180, Encode 3, Net 11, Wait 53, Decode 5 E2E 72 
P: seq 31898, size 1029, send_delta 0, trans_delta 1, recv_delta 1
P: seq 31899, size 1029, send_delta 2, trans_delta 2, recv_delta 4
P: seq 31900, size 1029, send_delta 2, trans_delta 2, recv_delta 4
P: seq 31901, size 930, send_delta 2, trans_delta 3, recv_delta 5
P: seq 31902, size 930, send_delta 2, trans_delta 3, recv_delta 5
P: seq 31903, size 930, send_delta 4, trans_delta 1, recv_delta 5
P: seq 31904, size 1118, send_delta 4, trans_delta 2, recv_delta 6
P: seq 31905, size 1119, send_delta 4, trans_delta 2, recv_delta 6
P: seq 31906, size 1119, send_delta 4, trans_delta 2, recv_delta 6
P: seq 31907, size 879, send_delta 7, trans_delta 1, recv_delta 8
P: seq 31908, size 879, send_delta 7, trans_delta 1, recv_delta 8
P: seq 31909, size 880, send_delta 7, trans_delta 2, recv_delta 9
P: seq 31910, size 1071, send_delta 7, trans_delta 2, recv_delta 9
P: seq 31911, size 1072, send_delta 7, trans_delta 2, recv_delta 9
P: seq 31912, size 1157, send_delta 7, trans_delta 2, recv_delta 9
P: seq 31913, size 669, send_delta 9, trans_delta 0, recv_delta 9
P: seq 31914, size 670, send_delta 9, trans_delta 1, recv_delta 10
P: seq 31915, size 1065, send_delta 9, trans_delta 1, recv_delta 10
P: seq 31916, size 1065, send_delta 9, trans_delta 2, recv_delta 11
RTP TS: 407114071, Frame Size: 18842, Encode 4, Net 12, Wait 51, Decode 5 E2E 72 
P: seq 31917, size 1039, send_delta 0, trans_delta 1, recv_delta 1
P: seq 31918, size 1039, send_delta 2, trans_delta 1, recv_delta 3
P: seq 31919, size 1040, send_delta 2, trans_delta 2, recv_delta 4
P: seq 31920, size 1000, send_delta 2, trans_delta 2, recv_delta 4
P: seq 31921, size 1001, send_delta 2, trans_delta 3, recv_delta 5
P: seq 31922, size 1001, send_delta 5, trans_delta 1, recv_delta 6
P: seq 31923, size 1077, send_delta 5, trans_delta 1, recv_delta 6
P: seq 31924, size 1078, send_delta 5, trans_delta 1, recv_delta 6
P: seq 31925, size 1078, send_delta 5, trans_delta 1, recv_delta 6
P: seq 31926, size 971, send_delta 5, trans_delta 2, recv_delta 7
P: seq 31927, size 971, send_delta 7, trans_delta 1, recv_delta 8
P: seq 31928, size 972, send_delta 7, trans_delta 1, recv_delta 8
P: seq 31929, size 1138, send_delta 7, trans_delta 2, recv_delta 9
P: seq 31930, size 1139, send_delta 7, trans_delta 2, recv_delta 9
P: seq 31931, size 1132, send_delta 7, trans_delta 2, recv_delta 9
P: seq 31932, size 667, send_delta 8, trans_delta 2, recv_delta 10
P: seq 31933, size 668, send_delta 9, trans_delta 1, recv_delta 10
P: seq 31934, size 1145, send_delta 9, trans_delta 1, recv_delta 10
P: seq 31935, size 1146, send_delta 9, trans_delta 2, recv_delta 11
RTP TS: 407115691, Frame Size: 19951, Encode 4, Net 12, Wait 51, Decode 5 E2E 72 
P: seq 31936, size 1046, send_delta 0, trans_delta 0, recv_delta 0
P: seq 31937, size 1047, send_delta 2, trans_delta 1, recv_delta 3
P: seq 31938, size 1047, send_delta 2, trans_delta 1, recv_delta 3
P: seq 31939, size 1029, send_delta 2, trans_delta 1, recv_delta 3
P: seq 31940, size 1029, send_delta 4, trans_delta 1, recv_delta 5
P: seq 31941, size 1029, send_delta 4, trans_delta 1, recv_delta 5
P: seq 31942, size 1122, send_delta 4, trans_delta 2, recv_delta 6
P: seq 31943, size 1122, send_delta 4, trans_delta 2, recv_delta 6
P: seq 31944, size 1122, send_delta 4, trans_delta 2, recv_delta 6
P: seq 31945, size 844, send_delta 6, trans_delta 2, recv_delta 8
P: seq 31946, size 845, send_delta 6, trans_delta 2, recv_delta 8
P: seq 31947, size 845, send_delta 7, trans_delta 1, recv_delta 8
P: seq 31948, size 890, send_delta 7, trans_delta 1, recv_delta 8
P: seq 31949, size 891, send_delta 7, trans_delta 2, recv_delta 9
P: seq 31950, size 891, send_delta 7, trans_delta 2, recv_delta 9
P: seq 31951, size 688, send_delta 9, trans_delta 0, recv_delta 9
P: seq 31952, size 689, send_delta 9, trans_delta 1, recv_delta 10
P: seq 31953, size 746, send_delta 9, trans_delta 1, recv_delta 10
P: seq 31954, size 747, send_delta 9, trans_delta 1, recv_delta 10
P: seq 31955, size 940, send_delta 9, trans_delta 2, recv_delta 11
P: seq 31956, size 940, send_delta 9, trans_delta 2, recv_delta 11
P: seq 31957, size 941, send_delta 11, trans_delta 1, recv_delta 12
RTP TS: 407117311, Frame Size: 20386, Encode 4, Net 12, Wait 52, Decode 5 E2E 73 
P: seq 31958, size 953, send_delta 0, trans_delta 1, recv_delta 1
P: seq 31959, size 953, send_delta 2, trans_delta 1, recv_delta 3
P: seq 31960, size 954, send_delta 2, trans_delta 1, recv_delta 3
P: seq 31961, size 954, send_delta 2, trans_delta 1, recv_delta 3
P: seq 31962, size 1112, send_delta 2, trans_delta 1, recv_delta 3
P: seq 31963, size 1113, send_delta 4, trans_delta 1, recv_delta 5
P: seq 31964, size 1113, send_delta 4, trans_delta 2, recv_delta 6
P: seq 31965, size 1140, send_delta 4, trans_delta 2, recv_delta 6
P: seq 31966, size 1140, send_delta 4, trans_delta 2, recv_delta 6
P: seq 31967, size 1140, send_delta 4, trans_delta 3, recv_delta 7
P: seq 31968, size 884, send_delta 7, trans_delta 0, recv_delta 7
P: seq 31969, size 884, send_delta 7, trans_delta 1, recv_delta 8
P: seq 31970, size 885, send_delta 7, trans_delta 1, recv_delta 8
P: seq 31971, size 1033, send_delta 7, trans_delta 1, recv_delta 8
P: seq 31972, size 1034, send_delta 7, trans_delta 2, recv_delta 9
P: seq 31973, size 681, send_delta 9, trans_delta 1, recv_delta 10
P: seq 31974, size 681, send_delta 9, trans_delta 1, recv_delta 10
P: seq 31975, size 727, send_delta 9, trans_delta 1, recv_delta 10
P: seq 31976, size 728, send_delta 9, trans_delta 1, recv_delta 10
P: seq 31977, size 938, send_delta 9, trans_delta 1, recv_delta 10
P: seq 31978, size 939, send_delta 9, trans_delta 1, recv_delta 10
P: seq 31979, size 939, send_delta 11, trans_delta 1, recv_delta 12
RTP TS: 407118931, Frame Size: 19506, Encode 3, Net 11, Wait 54, Decode 5 E2E 73 
P: seq 31980, size 1150, send_delta 0, trans_delta 2, recv_delta 2
P: seq 31981, size 1150, send_delta 2, trans_delta 1, recv_delta 3
P: seq 31982, size 1151, send_delta 2, trans_delta 1, recv_delta 3
P: seq 31983, size 1010, send_delta 4, trans_delta 1, recv_delta 5
P: seq 31984, size 1010, send_delta 4, trans_delta 1, recv_delta 5
P: seq 31985, size 1010, send_delta 4, trans_delta 1, recv_delta 5
P: seq 31986, size 908, send_delta 4, trans_delta 1, recv_delta 5
P: seq 31987, size 908, send_delta 6, trans_delta 0, recv_delta 6
P: seq 31988, size 908, send_delta 6, trans_delta 0, recv_delta 6
P: seq 31989, size 871, send_delta 6, trans_delta 0, recv_delta 6
P: seq 31990, size 871, send_delta 6, trans_delta 1, recv_delta 7
P: seq 31991, size 872, send_delta 6, trans_delta 1, recv_delta 7
P: seq 31992, size 902, send_delta 6, trans_delta 1, recv_delta 7
P: seq 31993, size 902, send_delta 7, trans_delta 1, recv_delta 8
P: seq 31994, size 902, send_delta 8, trans_delta 0, recv_delta 8
P: seq 31995, size 721, send_delta 8, trans_delta 1, recv_delta 9
P: seq 31996, size 721, send_delta 8, trans_delta 1, recv_delta 9
P: seq 31997, size 710, send_delta 8, trans_delta 1, recv_delta 9
P: seq 31998, size 710, send_delta 10, trans_delta 1, recv_delta 11
P: seq 31999, size 886, send_delta 10, trans_delta 1, recv_delta 11
P: seq 32000, size 886, send_delta 10, trans_delta 1, recv_delta 11
P: seq 32001, size 886, send_delta 10, trans_delta 1, recv_delta 11
RTP TS: 407120551, Frame Size: 19705, Encode 4, Net 12, Wait 53, Decode 5 E2E 74 
P: seq 32002, size 886, send_delta 0, trans_delta 1, recv_delta 1
P: seq 32003, size 886, send_delta 2, trans_delta 1, recv_delta 3
P: seq 32004, size 886, send_delta 2, trans_delta 1, recv_delta 3
P: seq 32005, size 820, send_delta 2, trans_delta 1, recv_delta 3
P: seq 32006, size 820, send_delta 3, trans_delta 1, recv_delta 4
P: seq 32007, size 820, send_delta 3, trans_delta 1, recv_delta 4
P: seq 32008, size 976, send_delta 3, trans_delta 1, recv_delta 4
P: seq 32009, size 977, send_delta 4, trans_delta 1, recv_delta 5
P: seq 32010, size 977, send_delta 4, trans_delta 1, recv_delta 5
P: seq 32011, size 986, send_delta 4, trans_delta 1, recv_delta 5
P: seq 32012, size 986, send_delta 6, trans_delta 2, recv_delta 8
P: seq 32013, size 986, send_delta 6, trans_delta 2, recv_delta 8
P: seq 32014, size 1134, send_delta 6, trans_delta 2, recv_delta 8
P: seq 32015, size 1135, send_delta 6, trans_delta 3, recv_delta 9
P: seq 32016, size 697, send_delta 9, trans_delta 1, recv_delta 10
P: seq 32017, size 697, send_delta 9, trans_delta 1, recv_delta 10
P: seq 32018, size 901, send_delta 9, trans_delta 1, recv_delta 10
P: seq 32019, size 902, send_delta 9, trans_delta 2, recv_delta 11
P: seq 32020, size 943, send_delta 9, trans_delta 2, recv_delta 11
P: seq 32021, size 943, send_delta 9, trans_delta 2, recv_delta 11
P: seq 32022, size 943, send_delta 10, trans_delta 1, recv_delta 11
P: seq 32023, size 943, send_delta 10, trans_delta 2, recv_delta 12
RTP TS: 407122171, Frame Size: 18958, Encode 3, Net 11, Wait 54, Decode 5 E2E 73 
P: seq 32024, size 1181, send_delta 0, trans_delta 1, recv_delta 1
P: seq 32025, size 1182, send_delta 3, trans_delta 1, recv_delta 4
P: seq 32026, size 1117, send_delta 3, trans_delta 1, recv_delta 4
P: seq 32027, size 1117, send_delta 3, trans_delta 1, recv_delta 4
P: seq 32028, size 893, send_delta 3, trans_delta 1, recv_delta 4
P: seq 32029, size 893, send_delta 5, trans_delta 1, recv_delta 6
P: seq 32030, size 894, send_delta 5, trans_delta 1, recv_delta 6
P: seq 32031, size 900, send_delta 5, trans_delta 1, recv_delta 6
P: seq 32032, size 900, send_delta 5, trans_delta 1, recv_delta 6
P: seq 32033, size 900, send_delta 5, trans_delta 1, recv_delta 6
P: seq 32034, size 903, send_delta 5, trans_delta 1, recv_delta 6
P: seq 32035, size 903, send_delta 7, trans_delta 1, recv_delta 8
P: seq 32036, size 641, send_delta 7, trans_delta 2, recv_delta 9
P: seq 32037, size 641, send_delta 7, trans_delta 2, recv_delta 9
P: seq 32038, size 968, send_delta 7, trans_delta 2, recv_delta 9
P: seq 32039, size 969, send_delta 7, trans_delta 2, recv_delta 9
P: seq 32040, size 1110, send_delta 7, trans_delta 3, recv_delta 10
P: seq 32041, size 1111, send_delta 8, trans_delta 2, recv_delta 10
P: seq 32042, size 1111, send_delta 9, trans_delta 1, recv_delta 10
P: seq 32043, size 1111, send_delta 9, trans_delta 2, recv_delta 11
RTP TS: 407123701, Frame Size: 21258, Encode 4, Net 13, Wait 50, Decode 5 E2E 72 
P: seq 32044, size 816, send_delta 0, trans_delta 2, recv_delta 2
P: seq 32045, size 816, send_delta 3, trans_delta 1, recv_delta 4
P: seq 32046, size 816, send_delta 3, trans_delta 1, recv_delta 4
P: seq 32047, size 986, send_delta 3, trans_delta 1, recv_delta 4
P: seq 32048, size 986, send_delta 3, trans_delta 1, recv_delta 4
P: seq 32049, size 986, send_delta 3, trans_delta 2, recv_delta 5
P: seq 32050, size 1146, send_delta 5, trans_delta 1, recv_delta 6
P: seq 32051, size 1146, send_delta 5, trans_delta 1, recv_delta 6
P: seq 32052, size 1147, send_delta 5, trans_delta 1, recv_delta 6
P: seq 32053, size 867, send_delta 5, trans_delta 1, recv_delta 6
P: seq 32054, size 867, send_delta 5, trans_delta 1, recv_delta 6
P: seq 32055, size 868, send_delta 7, trans_delta 1, recv_delta 8
P: seq 32056, size 896, send_delta 7, trans_delta 1, recv_delta 8
P: seq 32057, size 896, send_delta 7, trans_delta 2, recv_delta 9
P: seq 32058, size 764, send_delta 7, trans_delta 2, recv_delta 9
P: seq 32059, size 765, send_delta 7, trans_delta 2, recv_delta 9
P: seq 32060, size 1177, send_delta 7, trans_delta 2, recv_delta 9
P: seq 32061, size 1178, send_delta 10, trans_delta 1, recv_delta 11
P: seq 32062, size 1168, send_delta 10, trans_delta 1, recv_delta 11
P: seq 32063, size 1168, send_delta 10, trans_delta 1, recv_delta 11
P: seq 32064, size 1169, send_delta 10, trans_delta 1, recv_delta 11
P: seq 32065, size 1169, send_delta 12, trans_delta 1, recv_delta 13
RTP TS: 407125321, Frame Size: 18893, Encode 4, Net 10, Wait 53, Decode 5 E2E 72 
P: seq 32066, size 1134, send_delta 0, trans_delta 1, recv_delta 1
P: seq 32067, size 1135, send_delta 2, trans_delta 1, recv_delta 3
P: seq 32068, size 1103, send_delta 2, trans_delta 1, recv_delta 3
P: seq 32069, size 1103, send_delta 2, trans_delta 1, recv_delta 3
P: seq 32070, size 836, send_delta 2, trans_delta 1, recv_delta 3
P: seq 32071, size 836, send_delta 4, trans_delta 1, recv_delta 5
P: seq 32072, size 836, send_delta 4, trans_delta 1, recv_delta 5
P: seq 32073, size 1145, send_delta 4, trans_delta 1, recv_delta 5
P: seq 32074, size 1146, send_delta 4, trans_delta 1, recv_delta 5
P: seq 32075, size 1018, send_delta 4, trans_delta 2, recv_delta 6
P: seq 32076, size 1019, send_delta 6, trans_delta 1, recv_delta 7
P: seq 32077, size 1044, send_delta 6, trans_delta 1, recv_delta 7
P: seq 32078, size 1044, send_delta 6, trans_delta 2, recv_delta 8
P: seq 32079, size 846, send_delta 6, trans_delta 2, recv_delta 8
P: seq 32080, size 846, send_delta 6, trans_delta 2, recv_delta 8
P: seq 32081, size 1065, send_delta 9, trans_delta 1, recv_delta 10
P: seq 32082, size 1066, send_delta 9, trans_delta 1, recv_delta 10
P: seq 32083, size 1066, send_delta 9, trans_delta 1, recv_delta 10
P: seq 32084, size 1066, send_delta 9, trans_delta 1, recv_delta 10
RTP TS: 407126941, Frame Size: 22856, Encode 4, Net 12, Wait 50, Decode 5 E2E 71 
P: seq 32085, size 1074, send_delta 0, trans_delta 1, recv_delta 1
P: seq 32086, size 1074, send_delta 2, trans_delta 1, recv_delta 3
P: seq 32087, size 1075, send_delta 2, trans_delta 1, recv_delta 3
P: seq 32088, size 1140, send_delta 2, trans_delta 1, recv_delta 3
P: seq 32089, size 1140, send_delta 2, trans_delta 2, recv_delta 4
P: seq 32090, size 1140, send_delta 4, trans_delta 1, recv_delta 5
P: seq 32091, size 1075, send_delta 4, trans_delta 1, recv_delta 5
P: seq 32092, size 1075, send_delta 4, trans_delta 1, recv_delta 5
P: seq 32093, size 1076, send_delta 4, trans_delta 1, recv_delta 5
P: seq 32094, size 940, send_delta 4, trans_delta 1, recv_delta 5
P: seq 32095, size 940, send_delta 6, trans_delta 1, recv_delta 7
P: seq 32096, size 940, send_delta 6, trans_delta 1, recv_delta 7
P: seq 32097, size 1085, send_delta 6, trans_delta 1, recv_delta 7
P: seq 32098, size 1086, send_delta 8, trans_delta 1, recv_delta 9
P: seq 32099, size 1086, send_delta 8, trans_delta 1, recv_delta 9
P: seq 32100, size 1014, send_delta 8, trans_delta 1, recv_delta 9
P: seq 32101, size 1014, send_delta 8, trans_delta 1, recv_delta 9
P: seq 32102, size 773, send_delta 8, trans_delta 2, recv_delta 10
P: seq 32103, size 773, send_delta 10, trans_delta 1, recv_delta 11
P: seq 32104, size 975, send_delta 10, trans_delta 2, recv_delta 12
P: seq 32105, size 975, send_delta 10, trans_delta 2, recv_delta 12
P: seq 32106, size 975, send_delta 10, trans_delta 2, recv_delta 12
P: seq 32107, size 976, send_delta 10, trans_delta 2, recv_delta 12
RTP TS: 407128561, Frame Size: 20820, Encode 3, Net 10, Wait 52, Decode 5 E2E 70 
P: seq 32108, size 930, send_delta 0, trans_delta 1, recv_delta 1
P: seq 32109, size 931, send_delta 2, trans_delta 1, recv_delta 3
P: seq 32110, size 931, send_delta 2, trans_delta 1, recv_delta 3
P: seq 32111, size 945, send_delta 2, trans_delta 1, recv_delta 3
P: seq 32112, size 945, send_delta 2, trans_delta 1, recv_delta 3
P: seq 32113, size 945, send_delta 2, trans_delta 1, recv_delta 3
P: seq 32114, size 922, send_delta 4, trans_delta 2, recv_delta 6
P: seq 32115, size 922, send_delta 4, trans_delta 2, recv_delta 6
P: seq 32116, size 923, send_delta 4, trans_delta 2, recv_delta 6
P: seq 32117, size 946, send_delta 4, trans_delta 2, recv_delta 6
P: seq 32118, size 946, send_delta 5, trans_delta 2, recv_delta 7
P: seq 32119, size 946, send_delta 5, trans_delta 2, recv_delta 7
P: seq 32120, size 885, send_delta 7, trans_delta 0, recv_delta 7
P: seq 32121, size 885, send_delta 7, trans_delta 1, recv_delta 8
P: seq 32122, size 885, send_delta 7, trans_delta 1, recv_delta 8
P: seq 32123, size 986, send_delta 7, trans_delta 1, recv_delta 8
P: seq 32124, size 986, send_delta 7, trans_delta 1, recv_delta 8
P: seq 32125, size 774, send_delta 8, trans_delta 1, recv_delta 9
P: seq 32126, size 775, send_delta 8, trans_delta 1, recv_delta 9
P: seq 32127, size 994, send_delta 8, trans_delta 1, recv_delta 9
P: seq 32128, size 994, send_delta 9, trans_delta 1, recv_delta 10
P: seq 32129, size 994, send_delta 9, trans_delta 1, recv_delta 10
P: seq 32130, size 995, send_delta 9, trans_delta 1, recv_delta 10
RTP TS: 407130181, Frame Size: 20784, Encode 4, Net 12, Wait 51, Decode 5 E2E 72 
P: seq 32131, size 1151, send_delta 0, trans_delta 1, recv_delta 1
P: seq 32132, size 1152, send_delta 2, trans_delta 1, recv_delta 3
P: seq 32133, size 868, send_delta 2, trans_delta 1, recv_delta 3
P: seq 32134, size 868, send_delta 2, trans_delta 1, recv_delta 3
P: seq 32135, size 868, send_delta 2, trans_delta 1, recv_delta 3
P: seq 32136, size 1060, send_delta 2, trans_delta 1, recv_delta 3
P: seq 32137, size 1060, send_delta 4, trans_delta 1, recv_delta 5
P: seq 32138, size 1061, send_delta 4, trans_delta 1, recv_delta 5
P: seq 32139, size 962, send_delta 4, trans_delta 1, recv_delta 5
P: seq 32140, size 962, send_delta 4, trans_delta 2, recv_delta 6
P: seq 32141, size 962, send_delta 4, trans_delta 2, recv_delta 6
P: seq 32142, size 1082, send_delta 6, trans_delta 1, recv_delta 7
P: seq 32143, size 1082, send_delta 6, trans_delta 1, recv_delta 7
P: seq 32144, size 991, send_delta 6, trans_delta 1, recv_delta 7
P: seq 32145, size 992, send_delta 8, trans_delta 1, recv_delta 9
P: seq 32146, size 911, send_delta 8, trans_delta 1, recv_delta 9
P: seq 32147, size 912, send_delta 8, trans_delta 1, recv_delta 9
P: seq 32148, size 1088, send_delta 8, trans_delta 1, recv_delta 9
P: seq 32149, size 1088, send_delta 8, trans_delta 2, recv_delta 10
P: seq 32150, size 1088, send_delta 10, trans_delta 1, recv_delta 11
P: seq 32151, size 1089, send_delta 10, trans_delta 2, recv_delta 12
RTP TS: 407131801, Frame Size: 21441, Encode 4, Net 12, Wait 52, Decode 5 E2E 73 
P: seq 32152, size 827, send_delta 0, trans_delta 1, recv_delta 1
P: seq 32153, size 827, send_delta 2, trans_delta 1, recv_delta 3
P: seq 32154, size 827, send_delta 2, trans_delta 1, recv_delta 3
P: seq 32155, size 900, send_delta 3, trans_delta 1, recv_delta 4
P: seq 32156, size 900, send_delta 3, trans_delta 1, recv_delta 4
P: seq 32157, size 901, send_delta 3, trans_delta 2, recv_delta 5
P: seq 32158, size 1078, send_delta 3, trans_delta 2, recv_delta 5
P: seq 32159, size 1079, send_delta 5, trans_delta 1, recv_delta 6
P: seq 32160, size 1079, send_delta 5, trans_delta 1, recv_delta 6
P: seq 32161, size 919, send_delta 5, trans_delta 1, recv_delta 6
P: seq 32162, size 919, send_delta 5, trans_delta 1, recv_delta 6
P: seq 32163, size 919, send_delta 7, trans_delta 1, recv_delta 8
P: seq 32164, size 1040, send_delta 7, trans_delta 1, recv_delta 8
P: seq 32165, size 1041, send_delta 7, trans_delta 1, recv_delta 8
P: seq 32166, size 769, send_delta 7, trans_delta 1, recv_delta 8
P: seq 32167, size 770, send_delta 7, trans_delta 1, recv_delta 8
P: seq 32168, size 931, send_delta 7, trans_delta 1, recv_delta 8
P: seq 32169, size 932, send_delta 8, trans_delta 2, recv_delta 10
P: seq 32170, size 932, send_delta 8, trans_delta 2, recv_delta 10
P: seq 32171, size 1104, send_delta 8, trans_delta 2, recv_delta 10
P: seq 32172, size 1104, send_delta 11, trans_delta 1, recv_delta 12
P: seq 32173, size 1104, send_delta 11, trans_delta 1, recv_delta 12
P: seq 32174, size 1104, send_delta 11, trans_delta 1, recv_delta 12
RTP TS: 407133421, Frame Size: 21499, Encode 4, Net 12, Wait 51, Decode 5 E2E 72 
P: seq 32175, size 921, send_delta 0, trans_delta 1, recv_delta 1
P: seq 32176, size 922, send_delta 2, trans_delta 2, recv_delta 4
P: seq 32177, size 922, send_delta 2, trans_delta 2, recv_delta 4
P: seq 32178, size 861, send_delta 2, trans_delta 2, recv_delta 4
P: seq 32179, size 861, send_delta 2, trans_delta 2, recv_delta 4
P: seq 32180, size 862, send_delta 2, trans_delta 3, recv_delta 5
P: seq 32181, size 911, send_delta 5, trans_delta 0, recv_delta 5
P: seq 32182, size 911, send_delta 5, trans_delta 0, recv_delta 5
P: seq 32183, size 911, send_delta 5, trans_delta 0, recv_delta 5
P: seq 32184, size 854, send_delta 5, trans_delta 1, recv_delta 6
P: seq 32185, size 854, send_delta 5, trans_delta 1, recv_delta 6
P: seq 32186, size 855, send_delta 5, trans_delta 2, recv_delta 7
P: seq 32187, size 1132, send_delta 8, trans_delta 1, recv_delta 9
P: seq 32188, size 1132, send_delta 8, trans_delta 1, recv_delta 9
P: seq 32189, size 917, send_delta 8, trans_delta 1, recv_delta 9
P: seq 32190, size 918, send_delta 8, trans_delta 1, recv_delta 9
P: seq 32191, size 869, send_delta 8, trans_delta 2, recv_delta 10
P: seq 32192, size 870, send_delta 8, trans_delta 2, recv_delta 10
P: seq 32193, size 870, send_delta 8, trans_delta 2, recv_delta 10
P: seq 32194, size 1177, send_delta 8, trans_delta 2, recv_delta 10
P: seq 32195, size 1178, send_delta 9, trans_delta 1, recv_delta 10
P: seq 32196, size 1178, send_delta 9, trans_delta 2, recv_delta 11
P: seq 32197, size 1178, send_delta 10, trans_delta 2, recv_delta 12
RTP TS: 407134951, Frame Size: 19895, Encode 4, Net 12, Wait 51, Decode 5 E2E 72 
P: seq 32198, size 894, send_delta 1, trans_delta 1, recv_delta 2
P: seq 32199, size 894, send_delta 3, trans_delta 1, recv_delta 4
P: seq 32200, size 895, send_delta 3, trans_delta 1, recv_delta 4
P: seq 32201, size 890, send_delta 3, trans_delta 1, recv_delta 4
P: seq 32202, size 890, send_delta 3, trans_delta 1, recv_delta 4
P: seq 32203, size 891, send_delta 3, trans_delta 1, recv_delta 4
P: seq 32204, size 1146, send_delta 5, trans_delta 1, recv_delta 6
P: seq 32205, size 1147, send_delta 5, trans_delta 2, recv_delta 7
P: seq 32206, size 1009, send_delta 5, trans_delta 2, recv_delta 7
P: seq 32207, size 1009, send_delta 5, trans_delta 2, recv_delta 7
P: seq 32208, size 935, send_delta 5, trans_delta 3, recv_delta 8
P: seq 32209, size 936, send_delta 7, trans_delta 1, recv_delta 8
P: seq 32210, size 854, send_delta 7, trans_delta 1, recv_delta 8
P: seq 32211, size 855, send_delta 7, trans_delta 1, recv_delta 8
P: seq 32212, size 1116, send_delta 7, trans_delta 1, recv_delta 8
P: seq 32213, size 1117, send_delta 9, trans_delta 1, recv_delta 10
P: seq 32214, size 986, send_delta 9, trans_delta 1, recv_delta 10
P: seq 32215, size 986, send_delta 9, trans_delta 1, recv_delta 10
P: seq 32216, size 986, send_delta 9, trans_delta 1, recv_delta 10
P: seq 32217, size 986, send_delta 9, trans_delta 2, recv_delta 11
P: seq 32218, size 986, send_delta 11, trans_delta 0, recv_delta 11
RTP TS: 407136571, Frame Size: 18144, Encode 4, Net 12, Wait 51, Decode 5 E2E 72 
P: seq 32219, size 884, send_delta 0, trans_delta 2, recv_delta 2
P: seq 32220, size 885, send_delta 2, trans_delta 2, recv_delta 4
P: seq 32221, size 885, send_delta 2, trans_delta 2, recv_delta 4
P: seq 32222, size 998, send_delta 3, trans_delta 1, recv_delta 4
P: seq 32223, size 998, send_delta 3, trans_delta 1, recv_delta 4
P: seq 32224, size 998, send_delta 3, trans_delta 2, recv_delta 5
P: seq 32225, size 895, send_delta 5, trans_delta 1, recv_delta 6
P: seq 32226, size 895, send_delta 5, trans_delta 1, recv_delta 6
P: seq 32227, size 896, send_delta 5, trans_delta 1, recv_delta 6
P: seq 32228, size 944, send_delta 5, trans_delta 1, recv_delta 6
P: seq 32229, size 945, send_delta 5, trans_delta 2, recv_delta 7
P: seq 32230, size 680, send_delta 7, trans_delta 1, recv_delta 8
P: seq 32231, size 680, send_delta 7, trans_delta 2, recv_delta 9
P: seq 32232, size 683, send_delta 7, trans_delta 2, recv_delta 9
P: seq 32233, size 684, send_delta 7, trans_delta 2, recv_delta 9
P: seq 32234, size 781, send_delta 7, trans_delta 2, recv_delta 9
P: seq 32235, size 782, send_delta 7, trans_delta 2, recv_delta 9
P: seq 32236, size 1036, send_delta 7, trans_delta 2, recv_delta 9
P: seq 32237, size 1036, send_delta 8, trans_delta 2, recv_delta 10
P: seq 32238, size 1036, send_delta 10, trans_delta 1, recv_delta 11
P: seq 32239, size 1036, send_delta 10, trans_delta 1, recv_delta 11
RTP TS: 407138191, Frame Size: 15379, Encode 3, Net 9, Wait 55, Decode 4 E2E 71 
P: seq 32240, size 1118, send_delta 0, trans_delta 2, recv_delta 2
P: seq 32241, size 1119, send_delta 3, trans_delta 1, recv_delta 4
P: seq 32242, size 868, send_delta 3, trans_delta 1, recv_delta 4
P: seq 32243, size 868, send_delta 3, trans_delta 1, recv_delta 4
P: seq 32244, size 902, send_delta 3, trans_delta 1, recv_delta 4
P: seq 32245, size 902, send_delta 3, trans_delta 2, recv_delta 5
P: seq 32246, size 1013, send_delta 5, trans_delta 1, recv_delta 6
P: seq 32247, size 1013, send_delta 5, trans_delta 1, recv_delta 6
P: seq 32248, size 810, send_delta 5, trans_delta 1, recv_delta 6
P: seq 32249, size 810, send_delta 5, trans_delta 1, recv_delta 6
P: seq 32250, size 913, send_delta 5, trans_delta 2, recv_delta 7
P: seq 32251, size 761, send_delta 7, trans_delta 1, recv_delta 8
P: seq 32252, size 762, send_delta 7, trans_delta 1, recv_delta 8
P: seq 32253, size 982, send_delta 7, trans_delta 1, recv_delta 8
P: seq 32254, size 982, send_delta 7, trans_delta 1, recv_delta 8
P: seq 32255, size 982, send_delta 7, trans_delta 2, recv_delta 9
P: seq 32256, size 982, send_delta 7, trans_delta 2, recv_delta 9
RTP TS: 407139811, Frame Size: 17199, Encode 3, Net 10, Wait 53, Decode 5 E2E 71 
P: seq 32257, size 1154, send_delta 0, trans_delta 2, recv_delta 2
P: seq 32258, size 1154, send_delta 2, trans_delta 1, recv_delta 3
P: seq 32259, size 1048, send_delta 2, trans_delta 1, recv_delta 3
P: seq 32260, size 1049, send_delta 4, trans_delta 1, recv_delta 5
P: seq 32261, size 1126, send_delta 4, trans_delta 1, recv_delta 5
P: seq 32262, size 1126, send_delta 4, trans_delta 1, recv_delta 5
P: seq 32263, size 864, send_delta 4, trans_delta 1, recv_delta 5
P: seq 32264, size 864, send_delta 4, trans_delta 2, recv_delta 6
P: seq 32265, size 864, send_delta 6, trans_delta 1, recv_delta 7
P: seq 32266, size 864, send_delta 6, trans_delta 1, recv_delta 7
P: seq 32267, size 1037, send_delta 6, trans_delta 1, recv_delta 7
P: seq 32268, size 1024, send_delta 6, trans_delta 1, recv_delta 7
P: seq 32269, size 1024, send_delta 6, trans_delta 2, recv_delta 8
P: seq 32270, size 1102, send_delta 8, trans_delta 1, recv_delta 9
P: seq 32271, size 1102, send_delta 8, trans_delta 2, recv_delta 10
P: seq 32272, size 1102, send_delta 8, trans_delta 2, recv_delta 10
P: seq 32273, size 1103, send_delta 8, trans_delta 2, recv_delta 10
RTP TS: 407141431, Frame Size: 14798, Encode 3, Net 9, Wait 54, Decode 4 E2E 70 
P: seq 32274, size 1114, send_delta 0, trans_delta 1, recv_delta 1
P: seq 32275, size 1115, send_delta 2, trans_delta 2, recv_delta 4
P: seq 32276, size 1105, send_delta 2, trans_delta 2, recv_delta 4
P: seq 32277, size 1106, send_delta 2, trans_delta 2, recv_delta 4
P: seq 32278, size 761, send_delta 2, trans_delta 2, recv_delta 4
P: seq 32279, size 762, send_delta 5, trans_delta 1, recv_delta 6
P: seq 32280, size 1070, send_delta 5, trans_delta 1, recv_delta 6
P: seq 32281, size 1154, send_delta 5, trans_delta 2, recv_delta 7
P: seq 32282, size 958, send_delta 5, trans_delta 2, recv_delta 7
P: seq 32283, size 1001, send_delta 5, trans_delta 2, recv_delta 7
P: seq 32284, size 1002, send_delta 7, trans_delta 0, recv_delta 7
P: seq 32285, size 1001, send_delta 7, trans_delta 1, recv_delta 8
P: seq 32286, size 1001, send_delta 7, trans_delta 1, recv_delta 8
P: seq 32287, size 1001, send_delta 7, trans_delta 1, recv_delta 8
P: seq 32288, size 1001, send_delta 7, trans_delta 2, recv_delta 9
RTP TS: 407143051, Frame Size: 18814, Encode 4, Net 11, Wait 51, Decode 5 E2E 71 
P: seq 32289, size 1016, send_delta 0, trans_delta 1, recv_delta 1
P: seq 32290, size 1016, send_delta 2, trans_delta 1, recv_delta 3
P: seq 32291, size 1016, send_delta 2, trans_delta 1, recv_delta 3
P: seq 32292, size 857, send_delta 2, trans_delta 1, recv_delta 3
P: seq 32293, size 857, send_delta 2, trans_delta 1, recv_delta 3
P: seq 32294, size 857, send_delta 2, trans_delta 1, recv_delta 3
P: seq 32295, size 996, send_delta 4, trans_delta 2, recv_delta 6
P: seq 32296, size 996, send_delta 4, trans_delta 2, recv_delta 6
P: seq 32297, size 993, send_delta 5, trans_delta 1, recv_delta 6
P: seq 32298, size 993, send_delta 5, trans_delta 1, recv_delta 6
P: seq 32299, size 947, send_delta 7, trans_delta 1, recv_delta 8
P: seq 32300, size 947, send_delta 7, trans_delta 1, recv_delta 8
P: seq 32301, size 635, send_delta 7, trans_delta 1, recv_delta 8
P: seq 32302, size 635, send_delta 7, trans_delta 1, recv_delta 8
P: seq 32303, size 1149, send_delta 7, trans_delta 2, recv_delta 9
P: seq 32304, size 1150, send_delta 7, trans_delta 2, recv_delta 9
P: seq 32305, size 1060, send_delta 8, trans_delta 1, recv_delta 9
P: seq 32306, size 1060, send_delta 8, trans_delta 1, recv_delta 9
P: seq 32307, size 1060, send_delta 8, trans_delta 2, recv_delta 10
P: seq 32308, size 1061, send_delta 9, trans_delta 2, recv_delta 11
RTP TS: 407144671, Frame Size: 15926, Encode 4, Net 10, Wait 53, Decode 5 E2E 72 
P: seq 32309, size 1064, send_delta 1, trans_delta 1, recv_delta 2
P: seq 32310, size 1065, send_delta 3, trans_delta 1, recv_delta 4
P: seq 32311, size 979, send_delta 3, trans_delta 1, recv_delta 4
P: seq 32312, size 979, send_delta 3, trans_delta 1, recv_delta 4
P: seq 32313, size 950, send_delta 3, trans_delta 1, recv_delta 4
P: seq 32314, size 951, send_delta 5, trans_delta 1, recv_delta 6
P: seq 32315, size 1196, send_delta 5, trans_delta 1, recv_delta 6
P: seq 32316, size 1196, send_delta 5, trans_delta 1, recv_delta 6
P: seq 32317, size 818, send_delta 5, trans_delta 1, recv_delta 6
P: seq 32318, size 819, send_delta 5, trans_delta 1, recv_delta 6
P: seq 32319, size 1161, send_delta 7, trans_delta 1, recv_delta 8
P: seq 32320, size 833, send_delta 7, trans_delta 2, recv_delta 9
P: seq 32321, size 834, send_delta 7, trans_delta 2, recv_delta 9
P: seq 32322, size 1154, send_delta 7, trans_delta 2, recv_delta 9
P: seq 32323, size 1154, send_delta 7, trans_delta 2, recv_delta 9
P: seq 32324, size 1155, send_delta 8, trans_delta 2, recv_delta 10
RTP TS: 407146201, Frame Size: 15142, Encode 3, Net 10, Wait 53, Decode 4 E2E 70 
P: seq 32325, size 1196, send_delta 0, trans_delta 2, recv_delta 2
P: seq 32326, size 1197, send_delta 3, trans_delta 1, recv_delta 4
P: seq 32327, size 1093, send_delta 3, trans_delta 1, recv_delta 4
P: seq 32328, size 1094, send_delta 3, trans_delta 1, recv_delta 4
P: seq 32329, size 806, send_delta 3, trans_delta 1, recv_delta 4
P: seq 32330, size 806, send_delta 5, trans_delta 1, recv_delta 6
P: seq 32331, size 1122, send_delta 5, trans_delta 1, recv_delta 6
P: seq 32332, size 1122, send_delta 5, trans_delta 1, recv_delta 6
P: seq 32333, size 689, send_delta 5, trans_delta 1, recv_delta 6
P: seq 32334, size 689, send_delta 5, trans_delta 2, recv_delta 7
P: seq 32335, size 1161, send_delta 5, trans_delta 2, recv_delta 7
P: seq 32336, size 879, send_delta 7, trans_delta 2, recv_delta 9
P: seq 32337, size 879, send_delta 7, trans_delta 2, recv_delta 9
P: seq 32338, size 930, send_delta 7, trans_delta 2, recv_delta 9
P: seq 32339, size 930, send_delta 7, trans_delta 2, recv_delta 9
P: seq 32340, size 931, send_delta 8, trans_delta 2, recv_delta 10
RTP TS: 407147821, Frame Size: 17306, Encode 3, Net 11, Wait 50, Decode 5 E2E 69 
P: seq 32341, size 965, send_delta 0, trans_delta 1, recv_delta 1
P: seq 32342, size 965, send_delta 2, trans_delta 1, recv_delta 3
P: seq 32343, size 966, send_delta 2, trans_delta 1, recv_delta 3
P: seq 32344, size 884, send_delta 2, trans_delta 1, recv_delta 3
P: seq 32345, size 884, send_delta 2, trans_delta 1, recv_delta 3
P: seq 32346, size 884, send_delta 2, trans_delta 2, recv_delta 4
P: seq 32347, size 1017, send_delta 4, trans_delta 2, recv_delta 6
P: seq 32348, size 1017, send_delta 4, trans_delta 2, recv_delta 6
P: seq 32349, size 966, send_delta 4, trans_delta 2, recv_delta 6
P: seq 32350, size 967, send_delta 4, trans_delta 2, recv_delta 6
P: seq 32351, size 1137, send_delta 5, trans_delta 2, recv_delta 7
P: seq 32352, size 686, send_delta 7, trans_delta 1, recv_delta 8
P: seq 32353, size 686, send_delta 7, trans_delta 1, recv_delta 8
P: seq 32354, size 1161, send_delta 7, trans_delta 1, recv_delta 8
P: seq 32355, size 1161, send_delta 7, trans_delta 1, recv_delta 8
P: seq 32356, size 1131, send_delta 7, trans_delta 2, recv_delta 9
P: seq 32357, size 1131, send_delta 10, trans_delta 1, recv_delta 11
P: seq 32358, size 1132, send_delta 10, trans_delta 1, recv_delta 11
RTP TS: 407149441, Frame Size: 15111, Encode 3, Net 8, Wait 54, Decode 4 E2E 69 
P: seq 32359, size 959, send_delta 0, trans_delta 1, recv_delta 1
P: seq 32360, size 959, send_delta 2, trans_delta 2, recv_delta 4
P: seq 32361, size 960, send_delta 3, trans_delta 1, recv_delta 4
P: seq 32362, size 1111, send_delta 3, trans_delta 1, recv_delta 4
P: seq 32363, size 1111, send_delta 3, trans_delta 1, recv_delta 4
P: seq 32364, size 922, send_delta 3, trans_delta 2, recv_delta 5
P: seq 32365, size 922, send_delta 3, trans_delta 2, recv_delta 5
P: seq 32366, size 763, send_delta 5, trans_delta 1, recv_delta 6
P: seq 32367, size 763, send_delta 5, trans_delta 1, recv_delta 6
P: seq 32368, size 992, send_delta 5, trans_delta 1, recv_delta 6
P: seq 32369, size 1146, send_delta 5, trans_delta 1, recv_delta 6
P: seq 32370, size 903, send_delta 5, trans_delta 2, recv_delta 7
P: seq 32371, size 904, send_delta 5, trans_delta 2, recv_delta 7
P: seq 32372, size 1025, send_delta 6, trans_delta 2, recv_delta 8
P: seq 32373, size 1026, send_delta 6, trans_delta 2, recv_delta 8
P: seq 32374, size 1026, send_delta 6, trans_delta 2, recv_delta 8
RTP TS: 407151061, Frame Size: 14587, Encode 3, Net 8, Wait 56, Decode 4 E2E 71 
P: seq 32375, size 873, send_delta 1, trans_delta 1, recv_delta 2
P: seq 32376, size 873, send_delta 3, trans_delta 0, recv_delta 3
P: seq 32377, size 873, send_delta 3, trans_delta 0, recv_delta 3
P: seq 32378, size 1033, send_delta 3, trans_delta 1, recv_delta 4
P: seq 32379, size 1033, send_delta 3, trans_delta 1, recv_delta 4
P: seq 32380, size 976, send_delta 3, trans_delta 1, recv_delta 4
P: seq 32381, size 977, send_delta 5, trans_delta 1, recv_delta 6
P: seq 32382, size 720, send_delta 5, trans_delta 1, recv_delta 6
P: seq 32383, size 720, send_delta 5, trans_delta 1, recv_delta 6
P: seq 32384, size 1126, send_delta 5, trans_delta 1, recv_delta 6
P: seq 32385, size 615, send_delta 5, trans_delta 1, recv_delta 6
P: seq 32386, size 616, send_delta 7, trans_delta 1, recv_delta 8
P: seq 32387, size 722, send_delta 7, trans_delta 1, recv_delta 8
P: seq 32388, size 722, send_delta 7, trans_delta 1, recv_delta 8
P: seq 32389, size 1038, send_delta 7, trans_delta 1, recv_delta 8
P: seq 32390, size 1039, send_delta 7, trans_delta 1, recv_delta 8
P: seq 32391, size 1039, send_delta 7, trans_delta 1, recv_delta 8
RTP TS: 407152681, Frame Size: 16001, Encode 3, Net 10, Wait 54, Decode 4 E2E 71 
P: seq 32392, size 821, send_delta 0, trans_delta 2, recv_delta 2
P: seq 32393, size 821, send_delta 2, trans_delta 2, recv_delta 4
P: seq 32394, size 822, send_delta 3, trans_delta 1, recv_delta 4
P: seq 32395, size 1069, send_delta 3, trans_delta 1, recv_delta 4
P: seq 32396, size 1070, send_delta 3, trans_delta 1, recv_delta 4
P: seq 32397, size 1106, send_delta 3, trans_delta 2, recv_delta 5
P: seq 32398, size 1107, send_delta 5, trans_delta 1, recv_delta 6
P: seq 32399, size 893, send_delta 5, trans_delta 1, recv_delta 6
P: seq 32400, size 894, send_delta 5, trans_delta 1, recv_delta 6
P: seq 32401, size 717, send_delta 5, trans_delta 1, recv_delta 6
P: seq 32402, size 718, send_delta 5, trans_delta 2, recv_delta 7
P: seq 32403, size 767, send_delta 5, trans_delta 2, recv_delta 7
P: seq 32404, size 768, send_delta 7, trans_delta 1, recv_delta 8
P: seq 32405, size 865, send_delta 7, trans_delta 2, recv_delta 9
P: seq 32406, size 865, send_delta 7, trans_delta 2, recv_delta 9
P: seq 32407, size 1044, send_delta 7, trans_delta 2, recv_delta 9
P: seq 32408, size 1044, send_delta 7, trans_delta 2, recv_delta 9
P: seq 32409, size 1045, send_delta 7, trans_delta 3, recv_delta 10
RTP TS: 407154301, Frame Size: 15721, Encode 3, Net 10, Wait 54, Decode 4 E2E 71 
P: seq 32410, size 1132, send_delta 0, trans_delta 1, recv_delta 1
P: seq 32411, size 1132, send_delta 2, trans_delta 1, recv_delta 3
P: seq 32412, size 919, send_delta 2, trans_delta 1, recv_delta 3
P: seq 32413, size 920, send_delta 2, trans_delta 1, recv_delta 3
P: seq 32414, size 899, send_delta 3, trans_delta 0, recv_delta 3
P: seq 32415, size 899, send_delta 3, trans_delta 0, recv_delta 3
P: seq 32416, size 861, send_delta 3, trans_delta 0, recv_delta 3
P: seq 32417, size 861, send_delta 4, trans_delta 0, recv_delta 4
P: seq 32418, size 626, send_delta 4, trans_delta 0, recv_delta 4
P: seq 32419, size 627, send_delta 4, trans_delta 1, recv_delta 5
P: seq 32420, size 825, send_delta 6, trans_delta 1, recv_delta 7
P: seq 32421, size 825, send_delta 6, trans_delta 1, recv_delta 7
P: seq 32422, size 858, send_delta 6, trans_delta 1, recv_delta 7
P: seq 32423, size 858, send_delta 6, trans_delta 1, recv_delta 7
P: seq 32424, size 859, send_delta 6, trans_delta 1, recv_delta 7
P: seq 32425, size 1018, send_delta 8, trans_delta 1, recv_delta 9
P: seq 32426, size 1018, send_delta 8, trans_delta 1, recv_delta 9
P: seq 32427, size 1019, send_delta 8, trans_delta 2, recv_delta 10
RTP TS: 407155921, Frame Size: 16638, Encode 3, Net 9, Wait 54, Decode 4 E2E 70 
P: seq 32428, size 1071, send_delta 0, trans_delta 1, recv_delta 1
P: seq 32429, size 1071, send_delta 2, trans_delta 2, recv_delta 4
P: seq 32430, size 1071, send_delta 3, trans_delta 1, recv_delta 4
P: seq 32431, size 1053, send_delta 3, trans_delta 1, recv_delta 4
P: seq 32432, size 1053, send_delta 3, trans_delta 1, recv_delta 4
P: seq 32433, size 1000, send_delta 3, trans_delta 2, recv_delta 5
P: seq 32434, size 1001, send_delta 5, trans_delta 1, recv_delta 6
P: seq 32435, size 764, send_delta 5, trans_delta 1, recv_delta 6
P: seq 32436, size 765, send_delta 5, trans_delta 1, recv_delta 6
P: seq 32437, size 1089, send_delta 5, trans_delta 1, recv_delta 6
P: seq 32438, size 744, send_delta 5, trans_delta 2, recv_delta 7
P: seq 32439, size 745, send_delta 7, trans_delta 1, recv_delta 8
P: seq 32440, size 1048, send_delta 7, trans_delta 1, recv_delta 8
P: seq 32441, size 1049, send_delta 7, trans_delta 1, recv_delta 8
P: seq 32442, size 1049, send_delta 7, trans_delta 2, recv_delta 9
P: seq 32443, size 833, send_delta 7, trans_delta 2, recv_delta 9
P: seq 32444, size 833, send_delta 7, trans_delta 2, recv_delta 9
P: seq 32445, size 833, send_delta 8, trans_delta 1, recv_delta 9
RTP TS: 407157541, Frame Size: 18683, Encode 3, Net 10, Wait 53, Decode 5 E2E 71 
P: seq 32446, size 1149, send_delta 0, trans_delta 1, recv_delta 1
P: seq 32447, size 1149, send_delta 2, trans_delta 1, recv_delta 3
P: seq 32448, size 1149, send_delta 2, trans_delta 1, recv_delta 3
P: seq 32449, size 849, send_delta 2, trans_delta 1, recv_delta 3
P: seq 32450, size 849, send_delta 2, trans_delta 2, recv_delta 4
P: seq 32451, size 849, send_delta 4, trans_delta 1, recv_delta 5
P: seq 32452, size 1154, send_delta 5, trans_delta 0, recv_delta 5
P: seq 32453, size 1154, send_delta 5, trans_delta 1, recv_delta 6
P: seq 32454, size 1032, send_delta 5, trans_delta 1, recv_delta 6
P: seq 32455, size 1032, send_delta 5, trans_delta 1, recv_delta 6
P: seq 32456, size 746, send_delta 7, trans_delta 1, recv_delta 8
P: seq 32457, size 747, send_delta 7, trans_delta 1, recv_delta 8
P: seq 32458, size 880, send_delta 7, trans_delta 1, recv_delta 8
P: seq 32459, size 880, send_delta 7, trans_delta 1, recv_delta 8
P: seq 32460, size 1094, send_delta 7, trans_delta 2, recv_delta 9
P: seq 32461, size 1094, send_delta 7, trans_delta 2, recv_delta 9
P: seq 32462, size 1094, send_delta 9, trans_delta 1, recv_delta 10
P: seq 32463, size 1121, send_delta 9, trans_delta 1, recv_delta 10
P: seq 32464, size 1122, send_delta 9, trans_delta 1, recv_delta 10
RTP TS: 407159071, Frame Size: 17170, Encode 4, Net 11, Wait 50, Decode 5 E2E 70 
P: seq 32465, size 937, send_delta 0, trans_delta 1, recv_delta 1
P: seq 32466, size 937, send_delta 2, trans_delta 2, recv_delta 4
P: seq 32467, size 938, send_delta 2, trans_delta 2, recv_delta 4
P: seq 32468, size 911, send_delta 2, trans_delta 2, recv_delta 4
P: seq 32469, size 912, send_delta 2, trans_delta 3, recv_delta 5
P: seq 32470, size 912, send_delta 3, trans_delta 2, recv_delta 5
P: seq 32471, size 963, send_delta 5, trans_delta 0, recv_delta 5
P: seq 32472, size 964, send_delta 5, trans_delta 1, recv_delta 6
P: seq 32473, size 964, send_delta 5, trans_delta 1, recv_delta 6
P: seq 32474, size 1168, send_delta 5, trans_delta 1, recv_delta 6
P: seq 32475, size 1168, send_delta 5, trans_delta 1, recv_delta 6
P: seq 32476, size 860, send_delta 7, trans_delta 1, recv_delta 8
P: seq 32477, size 861, send_delta 7, trans_delta 1, recv_delta 8
P: seq 32478, size 653, send_delta 7, trans_delta 1, recv_delta 8
P: seq 32479, size 654, send_delta 7, trans_delta 1, recv_delta 8
P: seq 32480, size 1161, send_delta 7, trans_delta 1, recv_delta 8
P: seq 32481, size 1161, send_delta 9, trans_delta 0, recv_delta 9
P: seq 32482, size 753, send_delta 9, trans_delta 1, recv_delta 10
P: seq 32483, size 754, send_delta 9, trans_delta 2, recv_delta 11
RTP TS: 407160691, Frame Size: 21674, Encode 5, Net 13, Wait 46, Decode 5 E2E 69 
P: seq 32484, size 936, send_delta 0, trans_delta 0, recv_delta 0
P: seq 32485, size 936, send_delta 2, trans_delta 0, recv_delta 2
P: seq 32486, size 937, send_delta 2, trans_delta 0, recv_delta 2
P: seq 32487, size 1185, send_delta 2, trans_delta 0, recv_delta 2
P: seq 32488, size 1186, send_delta 4, trans_delta 1, recv_delta 5
P: seq 32489, size 975, send_delta 4, trans_delta 1, recv_delta 5
P: seq 32490, size 975, send_delta 4, trans_delta 1, recv_delta 5
P: seq 32491, size 894, send_delta 4, trans_delta 1, recv_delta 5
P: seq 32492, size 894, send_delta 4, trans_delta 1, recv_delta 5
P: seq 32493, size 724, send_delta 5, trans_delta 2, recv_delta 7
P: seq 32494, size 724, send_delta 5, trans_delta 2, recv_delta 7
P: seq 32495, size 1147, send_delta 5, trans_delta 2, recv_delta 7
P: seq 32496, size 727, send_delta 7, trans_delta 1, recv_delta 8
P: seq 32497, size 728, send_delta 7, trans_delta 1, recv_delta 8
P: seq 32498, size 1155, send_delta 7, trans_delta 1, recv_delta 8
P: seq 32499, size 1155, send_delta 7, trans_delta 2, recv_delta 9
P: seq 32500, size 1155, send_delta 7, trans_delta 2, recv_delta 9
P: seq 32501, size 1155, send_delta 9, trans_delta 1, recv_delta 10
P: seq 32502, size 1156, send_delta 9, trans_delta 1, recv_delta 10
P: seq 32503, size 1156, send_delta 11, trans_delta 2, recv_delta 13
P: seq 32504, size 1156, send_delta 12, trans_delta 1, recv_delta 13
P: seq 32505, size 1156, send_delta 12, trans_delta 1, recv_delta 13
RTP TS: 407162311, Frame Size: 20817, Encode 4, Net 11, Wait 49, Decode 5 E2E 69 
P: seq 32506, size 1078, send_delta 0, trans_delta 1, recv_delta 1
P: seq 32507, size 1079, send_delta 2, trans_delta 1, recv_delta 3
P: seq 32508, size 946, send_delta 2, trans_delta 1, recv_delta 3
P: seq 32509, size 947, send_delta 2, trans_delta 2, recv_delta 4
P: seq 32510, size 879, send_delta 2, trans_delta 2, recv_delta 4
P: seq 32511, size 879, send_delta 3, trans_delta 2, recv_delta 5
P: seq 32512, size 896, send_delta 4, trans_delta 1, recv_delta 5
P: seq 32513, size 896, send_delta 4, trans_delta 1, recv_delta 5
P: seq 32514, size 711, send_delta 4, trans_delta 1, recv_delta 5
P: seq 32515, size 712, send_delta 6, trans_delta 1, recv_delta 7
P: seq 32516, size 772, send_delta 6, trans_delta 1, recv_delta 7
P: seq 32517, size 773, send_delta 6, trans_delta 1, recv_delta 7
P: seq 32518, size 1142, send_delta 6, trans_delta 1, recv_delta 7
P: seq 32519, size 1142, send_delta 6, trans_delta 2, recv_delta 8
P: seq 32520, size 1063, send_delta 6, trans_delta 2, recv_delta 8
P: seq 32521, size 1063, send_delta 8, trans_delta 2, recv_delta 10
P: seq 32522, size 1063, send_delta 8, trans_delta 2, recv_delta 10
P: seq 32523, size 1063, send_delta 8, trans_delta 2, recv_delta 10
P: seq 32524, size 1063, send_delta 8, trans_delta 2, recv_delta 10
P: seq 32525, size 1063, send_delta 9, trans_delta 1, recv_delta 10
P: seq 32526, size 1063, send_delta 10, trans_delta 1, recv_delta 11
P: seq 32527, size 1063, send_delta 10, trans_delta 1, recv_delta 11
RTP TS: 407163931, Frame Size: 20535, Encode 4, Net 10, Wait 51, Decode 5 E2E 70 
P: seq 32528, size 809, send_delta 0, trans_delta 1, recv_delta 1
P: seq 32529, size 809, send_delta 2, trans_delta 1, recv_delta 3
P: seq 32530, size 810, send_delta 2, trans_delta 1, recv_delta 3
P: seq 32531, size 1091, send_delta 2, trans_delta 1, recv_delta 3
P: seq 32532, size 1091, send_delta 2, trans_delta 1, recv_delta 3
P: seq 32533, size 882, send_delta 2, trans_delta 2, recv_delta 4
P: seq 32534, size 883, send_delta 4, trans_delta 1, recv_delta 5
P: seq 32535, size 1000, send_delta 4, trans_delta 1, recv_delta 5
P: seq 32536, size 1001, send_delta 4, trans_delta 2, recv_delta 6
P: seq 32537, size 743, send_delta 5, trans_delta 1, recv_delta 6
P: seq 32538, size 743, send_delta 5, trans_delta 1, recv_delta 6
P: seq 32539, size 1127, send_delta 7, trans_delta 1, recv_delta 8
P: seq 32540, size 1060, send_delta 7, trans_delta 1, recv_delta 8
P: seq 32541, size 1060, send_delta 7, trans_delta 1, recv_delta 8
P: seq 32542, size 1134, send_delta 7, trans_delta 2, recv_delta 9
P: seq 32543, size 1134, send_delta 7, trans_delta 2, recv_delta 9
P: seq 32544, size 1134, send_delta 9, trans_delta 1, recv_delta 10
P: seq 32545, size 1134, send_delta 9, trans_delta 1, recv_delta 10
P: seq 32546, size 1134, send_delta 9, trans_delta 1, recv_delta 10
P: seq 32547, size 1134, send_delta 9, trans_delta 1, recv_delta 10
P: seq 32548, size 1134, send_delta 9, trans_delta 1, recv_delta 10
RTP TS: 407165551, Frame Size: 18920, Encode 4, Net 11, Wait 50, Decode 5 E2E 70 
P: seq 32549, size 813, send_delta 0, trans_delta 2, recv_delta 2
P: seq 32550, size 814, send_delta 3, trans_delta 0, recv_delta 3
P: seq 32551, size 814, send_delta 3, trans_delta 0, recv_delta 3
P: seq 32552, size 1001, send_delta 3, trans_delta 0, recv_delta 3
P: seq 32553, size 1002, send_delta 3, trans_delta 1, recv_delta 4
P: seq 32554, size 946, send_delta 3, trans_delta 1, recv_delta 4
P: seq 32555, size 947, send_delta 5, trans_delta 1, recv_delta 6
P: seq 32556, size 877, send_delta 5, trans_delta 1, recv_delta 6
P: seq 32557, size 878, send_delta 5, trans_delta 1, recv_delta 6
P: seq 32558, size 790, send_delta 5, trans_delta 1, recv_delta 6
P: seq 32559, size 790, send_delta 5, trans_delta 1, recv_delta 6
P: seq 32560, size 1090, send_delta 5, trans_delta 1, recv_delta 6
P: seq 32561, size 1142, send_delta 7, trans_delta 1, recv_delta 8
P: seq 32562, size 1142, send_delta 7, trans_delta 1, recv_delta 8
P: seq 32563, size 1060, send_delta 7, trans_delta 1, recv_delta 8
P: seq 32564, size 1060, send_delta 7, trans_delta 2, recv_delta 9
P: seq 32565, size 1060, send_delta 8, trans_delta 1, recv_delta 9
P: seq 32566, size 1060, send_delta 8, trans_delta 2, recv_delta 10
P: seq 32567, size 1060, send_delta 9, trans_delta 2, recv_delta 11
P: seq 32568, size 1060, send_delta 9, trans_delta 2, recv_delta 11
RTP TS: 407167171, Frame Size: 21429, Encode 4, Net 12, Wait 49, Decode 6 E2E 71 
P: seq 32569, size 894, send_delta 1, trans_delta 1, recv_delta 2
P: seq 32570, size 895, send_delta 3, trans_delta 1, recv_delta 4
P: seq 32571, size 895, send_delta 3, trans_delta 1, recv_delta 4
P: seq 32572, size 842, send_delta 3, trans_delta 1, recv_delta 4
P: seq 32573, size 843, send_delta 3, trans_delta 1, recv_delta 4
P: seq 32574, size 843, send_delta 3, trans_delta 2, recv_delta 5
P: seq 32575, size 884, send_delta 3, trans_delta 3, recv_delta 6
P: seq 32576, size 885, send_delta 6, trans_delta 1, recv_delta 7
P: seq 32577, size 802, send_delta 6, trans_delta 1, recv_delta 7
P: seq 32578, size 803, send_delta 6, trans_delta 1, recv_delta 7
P: seq 32579, size 682, send_delta 6, trans_delta 1, recv_delta 7
P: seq 32580, size 683, send_delta 6, trans_delta 1, recv_delta 7
P: seq 32581, size 641, send_delta 6, trans_delta 1, recv_delta 7
P: seq 32582, size 641, send_delta 6, trans_delta 1, recv_delta 7
P: seq 32583, size 908, send_delta 8, trans_delta 1, recv_delta 9
P: seq 32584, size 909, send_delta 8, trans_delta 1, recv_delta 9
P: seq 32585, size 909, send_delta 8, trans_delta 1, recv_delta 9
P: seq 32586, size 1151, send_delta 8, trans_delta 1, recv_delta 9
P: seq 32587, size 1151, send_delta 8, trans_delta 2, recv_delta 10
P: seq 32588, size 1151, send_delta 8, trans_delta 2, recv_delta 10
P: seq 32589, size 1152, send_delta 9, trans_delta 2, recv_delta 11
P: seq 32590, size 1152, send_delta 9, trans_delta 2, recv_delta 11
P: seq 32591, size 1152, send_delta 11, trans_delta 1, recv_delta 12
P: seq 32592, size 1152, send_delta 11, trans_delta 1, recv_delta 12
RTP TS: 407168791, Frame Size: 20694, Encode 4, Net 12, Wait 50, Decode 5 E2E 71 
P: seq 32593, size 1180, send_delta 1, trans_delta 1, recv_delta 2
P: seq 32594, size 1180, send_delta 3, trans_delta 2, recv_delta 5
P: seq 32595, size 1054, send_delta 4, trans_delta 1, recv_delta 5
P: seq 32596, size 1055, send_delta 4, trans_delta 1, recv_delta 5
P: seq 32597, size 869, send_delta 4, trans_delta 1, recv_delta 5
P: seq 32598, size 870, send_delta 4, trans_delta 2, recv_delta 6
P: seq 32599, size 1029, send_delta 4, trans_delta 2, recv_delta 6
P: seq 32600, size 1029, send_delta 6, trans_delta 1, recv_delta 7
P: seq 32601, size 687, send_delta 6, trans_delta 1, recv_delta 7
P: seq 32602, size 688, send_delta 6, trans_delta 1, recv_delta 7
P: seq 32603, size 622, send_delta 6, trans_delta 1, recv_delta 7
P: seq 32604, size 622, send_delta 6, trans_delta 1, recv_delta 7
P: seq 32605, size 907, send_delta 6, trans_delta 1, recv_delta 7
P: seq 32606, size 907, send_delta 6, trans_delta 1, recv_delta 7
P: seq 32607, size 908, send_delta 8, trans_delta 2, recv_delta 10
P: seq 32608, size 1089, send_delta 8, trans_delta 2, recv_delta 10
P: seq 32609, size 1089, send_delta 8, trans_delta 2, recv_delta 10
P: seq 32610, size 1089, send_delta 9, trans_delta 1, recv_delta 10
P: seq 32611, size 1089, send_delta 9, trans_delta 2, recv_delta 11
P: seq 32612, size 1090, send_delta 10, trans_delta 1, recv_delta 11
P: seq 32613, size 1090, send_delta 10, trans_delta 2, recv_delta 12
P: seq 32614, size 1090, send_delta 11, trans_delta 1, recv_delta 12
RTP TS: 407170411, Frame Size: 21064, Encode 4, Net 12, Wait 49, Decode 6 E2E 71 
P: seq 32615, size 1078, send_delta 0, trans_delta 2, recv_delta 2
P: seq 32616, size 1079, send_delta 3, trans_delta 1, recv_delta 4
P: seq 32617, size 923, send_delta 3, trans_delta 1, recv_delta 4
P: seq 32618, size 924, send_delta 3, trans_delta 1, recv_delta 4
P: seq 32619, size 917, send_delta 3, trans_delta 1, recv_delta 4
P: seq 32620, size 917, send_delta 3, trans_delta 2, recv_delta 5
P: seq 32621, size 829, send_delta 3, trans_delta 2, recv_delta 5
P: seq 32622, size 829, send_delta 5, trans_delta 2, recv_delta 7
P: seq 32623, size 830, send_delta 5, trans_delta 2, recv_delta 7
P: seq 32624, size 661, send_delta 5, trans_delta 2, recv_delta 7
P: seq 32625, size 662, send_delta 5, trans_delta 2, recv_delta 7
P: seq 32626, size 658, send_delta 5, trans_delta 3, recv_delta 8
P: seq 32627, size 658, send_delta 5, trans_delta 3, recv_delta 8
P: seq 32628, size 865, send_delta 8, trans_delta 0, recv_delta 8
P: seq 32629, size 866, send_delta 8, trans_delta 0, recv_delta 8
P: seq 32630, size 866, send_delta 8, trans_delta 1, recv_delta 9
P: seq 32631, size 1152, send_delta 8, trans_delta 1, recv_delta 9
P: seq 32632, size 1152, send_delta 8, trans_delta 1, recv_delta 9
P: seq 32633, size 1152, send_delta 8, trans_delta 2, recv_delta 10
P: seq 32634, size 1152, send_delta 10, trans_delta 1, recv_delta 11
P: seq 32635, size 1153, send_delta 10, trans_delta 1, recv_delta 11
P: seq 32636, size 1153, send_delta 10, trans_delta 1, recv_delta 11
P: seq 32637, size 1153, send_delta 10, trans_delta 1, recv_delta 11
RTP TS: 407171941, Frame Size: 20720, Encode 4, Net 12, Wait 48, Decode 6 E2E 70 
P: seq 32638, size 1155, send_delta 0, trans_delta 1, recv_delta 1
P: seq 32639, size 1155, send_delta 2, trans_delta 1, recv_delta 3
P: seq 32640, size 1080, send_delta 2, trans_delta 1, recv_delta 3
P: seq 32641, size 1081, send_delta 4, trans_delta 1, recv_delta 5
P: seq 32642, size 903, send_delta 4, trans_delta 1, recv_delta 5
P: seq 32643, size 903, send_delta 4, trans_delta 1, recv_delta 5
P: seq 32644, size 1015, send_delta 4, trans_delta 1, recv_delta 5
P: seq 32645, size 1016, send_delta 4, trans_delta 2, recv_delta 6
P: seq 32646, size 661, send_delta 6, trans_delta 1, recv_delta 7
P: seq 32647, size 662, send_delta 6, trans_delta 1, recv_delta 7
P: seq 32648, size 620, send_delta 6, trans_delta 2, recv_delta 8
P: seq 32649, size 621, send_delta 6, trans_delta 2, recv_delta 8
P: seq 32650, size 1191, send_delta 6, trans_delta 3, recv_delta 9
P: seq 32651, size 1192, send_delta 6, trans_delta 3, recv_delta 9
P: seq 32652, size 1139, send_delta 6, trans_delta 3, recv_delta 9
P: seq 32653, size 1139, send_delta 8, trans_delta 1, recv_delta 9
P: seq 32654, size 1140, send_delta 8, trans_delta 1, recv_delta 9
P: seq 32655, size 1140, send_delta 10, trans_delta 1, recv_delta 11
P: seq 32656, size 1140, send_delta 10, trans_delta 1, recv_delta 11
P: seq 32657, size 1140, send_delta 10, trans_delta 1, recv_delta 11
P: seq 32658, size 1140, send_delta 10, trans_delta 2, recv_delta 12
RTP TS: 407173561, Frame Size: 12543, Encode 3, Net 8, Wait 52, Decode 5 E2E 68 
P: seq 32659, size 971, send_delta 0, trans_delta 1, recv_delta 1
P: seq 32660, size 972, send_delta 2, trans_delta 1, recv_delta 3
P: seq 32661, size 987, send_delta 2, trans_delta 1, recv_delta 3
P: seq 32662, size 988, send_delta 2, trans_delta 1, recv_delta 3
P: seq 32663, size 799, send_delta 2, trans_delta 1, recv_delta 3
P: seq 32664, size 799, send_delta 2, trans_delta 2, recv_delta 4
P: seq 32665, size 745, send_delta 4, trans_delta 2, recv_delta 6
P: seq 32666, size 746, send_delta 4, trans_delta 2, recv_delta 6
P: seq 32667, size 1042, send_delta 5, trans_delta 1, recv_delta 6
P: seq 32668, size 1189, send_delta 5, trans_delta 1, recv_delta 6
P: seq 32669, size 1093, send_delta 5, trans_delta 2, recv_delta 7
P: seq 32670, size 1094, send_delta 7, trans_delta 0, recv_delta 7
P: seq 32671, size 723, send_delta 7, trans_delta 1, recv_delta 8
P: seq 32672, size 724, send_delta 7, trans_delta 1, recv_delta 8
RTP TS: 407175181, Frame Size: 13563, Encode 3, Net 9, Wait 52, Decode 5 E2E 69 
P: seq 32673, size 1005, send_delta 1, trans_delta 1, recv_delta 2
P: seq 32674, size 1005, send_delta 3, trans_delta 1, recv_delta 4
P: seq 32675, size 1020, send_delta 3, trans_delta 1, recv_delta 4
P: seq 32676, size 1021, send_delta 3, trans_delta 2, recv_delta 5
P: seq 32677, size 1015, send_delta 3, trans_delta 2, recv_delta 5
P: seq 32678, size 1015, send_delta 5, trans_delta 0, recv_delta 5
P: seq 32679, size 709, send_delta 5, trans_delta 1, recv_delta 6
P: seq 32680, size 710, send_delta 5, trans_delta 1, recv_delta 6
P: seq 32681, size 626, send_delta 5, trans_delta 1, recv_delta 6
P: seq 32682, size 627, send_delta 5, trans_delta 1, recv_delta 6
P: seq 32683, size 641, send_delta 5, trans_delta 2, recv_delta 7
P: seq 32684, size 642, send_delta 7, trans_delta 1, recv_delta 8
P: seq 32685, size 1061, send_delta 7, trans_delta 1, recv_delta 8
P: seq 32686, size 1062, send_delta 7, trans_delta 1, recv_delta 8
P: seq 32687, size 893, send_delta 7, trans_delta 1, recv_delta 8
P: seq 32688, size 894, send_delta 7, trans_delta 2, recv_delta 9
RTP TS: 407176801, Frame Size: 10049, Encode 3, Net 5, Wait 55, Decode 3 E2E 66 
P: seq 32689, size 998, send_delta 0, trans_delta 1, recv_delta 1
P: seq 32690, size 999, send_delta 2, trans_delta 0, recv_delta 2
P: seq 32691, size 923, send_delta 2, trans_delta 1, recv_delta 3
P: seq 32692, size 923, send_delta 2, trans_delta 1, recv_delta 3
P: seq 32693, size 725, send_delta 2, trans_delta 1, recv_delta 3
P: seq 32694, size 726, send_delta 2, trans_delta 1, recv_delta 3
P: seq 32695, size 1017, send_delta 2, trans_delta 2, recv_delta 4
P: seq 32696, size 960, send_delta 4, trans_delta 1, recv_delta 5
P: seq 32697, size 917, send_delta 4, trans_delta 1, recv_delta 5
P: seq 32698, size 1109, send_delta 4, trans_delta 1, recv_delta 5
P: seq 32699, size 1000, send_delta 4, trans_delta 1, recv_delta 5
RTP TS: 407178421, Frame Size: 42452, Encode 6, Net 22, Wait 36, Decode 8 E2E 72 
P: seq 32700, size 1056, send_delta 0, trans_delta 2, recv_delta 2
P: seq 32701, size 1057, send_delta 3, trans_delta 1, recv_delta 4
P: seq 32702, size 1057, send_delta 3, trans_delta 1, recv_delta 4
P: seq 32703, size 1057, send_delta 3, trans_delta 1, recv_delta 4
P: seq 32704, size 1057, send_delta 3, trans_delta 1, recv_delta 4
P: seq 32705, size 1090, send_delta 5, trans_delta 1, recv_delta 6
P: seq 32706, size 1090, send_delta 5, trans_delta 1, recv_delta 6
P: seq 32707, size 1090, send_delta 5, trans_delta 1, recv_delta 6
P: seq 32708, size 1090, send_delta 5, trans_delta 1, recv_delta 6
P: seq 32709, size 1067, send_delta 5, trans_delta 1, recv_delta 6
P: seq 32710, size 1067, send_delta 7, trans_delta 2, recv_delta 9
P: seq 32711, size 1068, send_delta 7, trans_delta 3, recv_delta 10
P: seq 32712, size 1068, send_delta 7, trans_delta 3, recv_delta 10
P: seq 32713, size 1114, send_delta 7, trans_delta 3, recv_delta 10
P: seq 32714, size 1115, send_delta 7, trans_delta 3, recv_delta 10
P: seq 32715, size 1115, send_delta 9, trans_delta 1, recv_delta 10
P: seq 32716, size 1115, send_delta 9, trans_delta 1, recv_delta 10
P: seq 32717, size 1069, send_delta 9, trans_delta 2, recv_delta 11
P: seq 32718, size 1069, send_delta 11, trans_delta 0, recv_delta 11
P: seq 32719, size 1070, send_delta 11, trans_delta 1, recv_delta 12
P: seq 32720, size 1070, send_delta 11, trans_delta 2, recv_delta 13
P: seq 32721, size 1070, send_delta 11, trans_delta 2, recv_delta 13
P: seq 32722, size 1130, send_delta 11, trans_delta 2, recv_delta 13
P: seq 32723, size 1130, send_delta 13, trans_delta 1, recv_delta 14
P: seq 32724, size 1131, send_delta 13, trans_delta 1, recv_delta 14
P: seq 32725, size 1131, send_delta 13, trans_delta 1, recv_delta 14
P: seq 32726, size 1127, send_delta 13, trans_delta 2, recv_delta 15
P: seq 32727, size 1127, send_delta 16, trans_delta 1, recv_delta 17
P: seq 32728, size 1128, send_delta 16, trans_delta 1, recv_delta 17
P: seq 32729, size 1128, send_delta 16, trans_delta 1, recv_delta 17
P: seq 32730, size 1186, send_delta 16, trans_delta 2, recv_delta 18
P: seq 32731, size 1186, send_delta 16, trans_delta 2, recv_delta 18
P: seq 32732, size 1186, send_delta 16, trans_delta 2, recv_delta 18
P: seq 32733, size 1187, send_delta 18, trans_delta 2, recv_delta 20
P: seq 32734, size 1187, send_delta 18, trans_delta 2, recv_delta 20
P: seq 32735, size 1187, send_delta 18, trans_delta 2, recv_delta 20
P: seq 32736, size 1187, send_delta 19, trans_delta 1, recv_delta 20
P: seq 32737, size 1187, send_delta 21, trans_delta 1, recv_delta 22
P: seq 32738, size 1187, send_delta 21, trans_delta 1, recv_delta 22
RTP TS: 407180041, Frame Size: 16044, Encode 4, Net 14, Wait 45, Decode 4 E2E 67 
P: seq 32739, size 647, send_delta 5, trans_delta 1, recv_delta 6
P: seq 32740, size 648, send_delta 5, trans_delta 1, recv_delta 6
P: seq 32741, size 656, send_delta 5, trans_delta 2, recv_delta 7
P: seq 32742, size 656, send_delta 7, trans_delta 1, recv_delta 8
P: seq 32743, size 724, send_delta 7, trans_delta 1, recv_delta 8
P: seq 32744, size 725, send_delta 7, trans_delta 1, recv_delta 8
P: seq 32745, size 1008, send_delta 7, trans_delta 1, recv_delta 8
P: seq 32746, size 1008, send_delta 7, trans_delta 1, recv_delta 8
P: seq 32747, size 966, send_delta 7, trans_delta 2, recv_delta 9
P: seq 32748, size 966, send_delta 9, trans_delta 1, recv_delta 10
P: seq 32749, size 966, send_delta 9, trans_delta 1, recv_delta 10
P: seq 32750, size 815, send_delta 9, trans_delta 1, recv_delta 10
P: seq 32751, size 815, send_delta 9, trans_delta 2, recv_delta 11
P: seq 32752, size 816, send_delta 9, trans_delta 2, recv_delta 11
P: seq 32753, size 745, send_delta 9, trans_delta 2, recv_delta 11
P: seq 32754, size 746, send_delta 12, trans_delta 1, recv_delta 13
P: seq 32755, size 906, send_delta 12, trans_delta 1, recv_delta 13
P: seq 32756, size 906, send_delta 12, trans_delta 1, recv_delta 13
P: seq 32757, size 906, send_delta 12, trans_delta 1, recv_delta 13
P: seq 32758, size 906, send_delta 12, trans_delta 2, recv_delta 14
RTP TS: 407181661, Frame Size: 15380, Encode 3, Net 11, Wait 50, Decode 4 E2E 68 
P: seq 32759, size 1073, send_delta 0, trans_delta 2, recv_delta 2
P: seq 32760, size 1074, send_delta 3, trans_delta 1, recv_delta 4
P: seq 32761, size 899, send_delta 3, trans_delta 1, recv_delta 4
P: seq 32762, size 900, send_delta 3, trans_delta 1, recv_delta 4
P: seq 32763, size 805, send_delta 3, trans_delta 1, recv_delta 4
P: seq 32764, size 806, send_delta 3, trans_delta 2, recv_delta 5
P: seq 32765, size 1011, send_delta 5, trans_delta 1, recv_delta 6
P: seq 32766, size 1012, send_delta 5, trans_delta 1, recv_delta 6
P: seq 32767, size 923, send_delta 5, trans_delta 2, recv_delta 7
P: seq 32768, size 923, send_delta 5, trans_delta 2, recv_delta 7
P: seq 32769, size 924, send_delta 5, trans_delta 2, recv_delta 7
P: seq 32770, size 997, send_delta 7, trans_delta 1, recv_delta 8
P: seq 32771, size 997, send_delta 7, trans_delta 1, recv_delta 8
P: seq 32772, size 875, send_delta 7, trans_delta 1, recv_delta 8
P: seq 32773, size 875, send_delta 7, trans_delta 1, recv_delta 8
P: seq 32774, size 847, send_delta 7, trans_delta 2, recv_delta 9
P: seq 32775, size 848, send_delta 9, trans_delta 2, recv_delta 11
RTP TS: 407183281, Frame Size: 15343, Encode 3, Net 10, Wait 51, Decode 4 E2E 68 
P: seq 32776, size 1124, send_delta 0, trans_delta 1, recv_delta 1
P: seq 32777, size 1125, send_delta 2, trans_delta 1, recv_delta 3
P: seq 32778, size 931, send_delta 2, trans_delta 1, recv_delta 3
P: seq 32779, size 931, send_delta 4, trans_delta 1, recv_delta 5
P: seq 32780, size 922, send_delta 4, trans_delta 1, recv_delta 5
P: seq 32781, size 923, send_delta 4, trans_delta 1, recv_delta 5
P: seq 32782, size 1193, send_delta 4, trans_delta 1, recv_delta 5
P: seq 32783, size 1193, send_delta 4, trans_delta 2, recv_delta 6
P: seq 32784, size 846, send_delta 6, trans_delta 1, recv_delta 7
P: seq 32785, size 846, send_delta 6, trans_delta 1, recv_delta 7
P: seq 32786, size 846, send_delta 6, trans_delta 2, recv_delta 8
P: seq 32787, size 855, send_delta 6, trans_delta 2, recv_delta 8
P: seq 32788, size 855, send_delta 6, trans_delta 2, recv_delta 8
P: seq 32789, size 762, send_delta 6, trans_delta 2, recv_delta 8
P: seq 32790, size 763, send_delta 6, trans_delta 2, recv_delta 8
P: seq 32791, size 818, send_delta 9, trans_delta 1, recv_delta 10
P: seq 32792, size 819, send_delta 9, trans_delta 1, recv_delta 10
RTP TS: 407184901, Frame Size: 15795, Encode 3, Net 9, Wait 52, Decode 4 E2E 68 
P: seq 32793, size 1005, send_delta 0, trans_delta 2, recv_delta 2
P: seq 32794, size 1005, send_delta 3, trans_delta 0, recv_delta 3
P: seq 32795, size 819, send_delta 3, trans_delta 1, recv_delta 4
P: seq 32796, size 819, send_delta 3, trans_delta 1, recv_delta 4
P: seq 32797, size 1175, send_delta 3, trans_delta 1, recv_delta 4
P: seq 32798, size 1176, send_delta 5, trans_delta 1, recv_delta 6
P: seq 32799, size 843, send_delta 5, trans_delta 1, recv_delta 6
P: seq 32800, size 844, send_delta 5, trans_delta 1, recv_delta 6
P: seq 32801, size 844, send_delta 5, trans_delta 1, recv_delta 6
P: seq 32802, size 1152, send_delta 5, trans_delta 2, recv_delta 7
P: seq 32803, size 1153, send_delta 5, trans_delta 2, recv_delta 7
P: seq 32804, size 707, send_delta 7, trans_delta 1, recv_delta 8
P: seq 32805, size 708, send_delta 7, trans_delta 1, recv_delta 8
P: seq 32806, size 795, send_delta 7, trans_delta 1, recv_delta 8
P: seq 32807, size 796, send_delta 7, trans_delta 1, recv_delta 8
P: seq 32808, size 1181, send_delta 7, trans_delta 2, recv_delta 9
P: seq 32809, size 1182, send_delta 7, trans_delta 2, recv_delta 9
RTP TS: 407186521, Frame Size: 17104, Encode 4, Net 10, Wait 51, Decode 4 E2E 69 
P: seq 32810, size 1148, send_delta 0, trans_delta 1, recv_delta 1
P: seq 32811, size 1149, send_delta 2, trans_delta 2, recv_delta 4
P: seq 32812, size 1177, send_delta 2, trans_delta 2, recv_delta 4
P: seq 32813, size 1178, send_delta 2, trans_delta 3, recv_delta 5
P: seq 32814, size 990, send_delta 2, trans_delta 3, recv_delta 5
P: seq 32815, size 991, send_delta 5, trans_delta 1, recv_delta 6
P: seq 32816, size 991, send_delta 5, trans_delta 1, recv_delta 6
P: seq 32817, size 847, send_delta 5, trans_delta 1, recv_delta 6
P: seq 32818, size 847, send_delta 5, trans_delta 1, recv_delta 6
P: seq 32819, size 848, send_delta 5, trans_delta 2, recv_delta 7
P: seq 32820, size 827, send_delta 5, trans_delta 2, recv_delta 7
P: seq 32821, size 827, send_delta 8, trans_delta 0, recv_delta 8
P: seq 32822, size 828, send_delta 8, trans_delta 0, recv_delta 8
P: seq 32823, size 689, send_delta 8, trans_delta 0, recv_delta 8
P: seq 32824, size 689, send_delta 8, trans_delta 1, recv_delta 9
P: seq 32825, size 682, send_delta 8, trans_delta 1, recv_delta 9
P: seq 32826, size 682, send_delta 8, trans_delta 1, recv_delta 9
P: seq 32827, size 1087, send_delta 8, trans_delta 2, recv_delta 10
P: seq 32828, size 1088, send_delta 8, trans_delta 2, recv_delta 10
RTP TS: 407188141, Frame Size: 19290, Encode 4, Net 11, Wait 50, Decode 5 E2E 70 
P: seq 32829, size 921, send_delta 0, trans_delta 1, recv_delta 1
P: seq 32830, size 921, send_delta 1, trans_delta 1, recv_delta 2
P: seq 32831, size 921, send_delta 1, trans_delta 1, recv_delta 2
P: seq 32832, size 944, send_delta 2, trans_delta 1, recv_delta 3
P: seq 32833, size 944, send_delta 2, trans_delta 1, recv_delta 3
P: seq 32834, size 944, send_delta 2, trans_delta 1, recv_delta 3
P: seq 32835, size 923, send_delta 4, trans_delta 2, recv_delta 6
P: seq 32836, size 923, send_delta 4, trans_delta 2, recv_delta 6
P: seq 32837, size 924, send_delta 4, trans_delta 2, recv_delta 6
P: seq 32838, size 924, send_delta 5, trans_delta 1, recv_delta 6
P: seq 32839, size 952, send_delta 5, trans_delta 2, recv_delta 7
P: seq 32840, size 953, send_delta 7, trans_delta 1, recv_delta 8
P: seq 32841, size 953, send_delta 7, trans_delta 1, recv_delta 8
P: seq 32842, size 906, send_delta 7, trans_delta 1, recv_delta 8
P: seq 32843, size 906, send_delta 7, trans_delta 1, recv_delta 8
P: seq 32844, size 907, send_delta 7, trans_delta 2, recv_delta 9
P: seq 32845, size 1164, send_delta 7, trans_delta 2, recv_delta 9
P: seq 32846, size 804, send_delta 8, trans_delta 1, recv_delta 9
P: seq 32847, size 804, send_delta 8, trans_delta 1, recv_delta 9
P: seq 32848, size 1082, send_delta 8, trans_delta 1, recv_delta 9
P: seq 32849, size 1082, send_delta 9, trans_delta 2, recv_delta 11
RTP TS: 407189761, Frame Size: 16806, Encode 3, Net 10, Wait 53, Decode 4 E2E 70 
P: seq 32850, size 873, send_delta 0, trans_delta 1, recv_delta 1
P: seq 32851, size 874, send_delta 2, trans_delta 2, recv_delta 4
P: seq 32852, size 874, send_delta 2, trans_delta 2, recv_delta 4
P: seq 32853, size 1190, send_delta 2, trans_delta 2, recv_delta 4
P: seq 32854, size 1190, send_delta 2, trans_delta 2, recv_delta 4
P: seq 32855, size 1065, send_delta 2, trans_delta 3, recv_delta 5
P: seq 32856, size 1065, send_delta 5, trans_delta 1, recv_delta 6
P: seq 32857, size 1065, send_delta 5, trans_delta 1, recv_delta 6
P: seq 32858, size 1105, send_delta 5, trans_delta 1, recv_delta 6
P: seq 32859, size 1106, send_delta 5, trans_delta 2, recv_delta 7
P: seq 32860, size 1198, send_delta 7, trans_delta 0, recv_delta 7
P: seq 32861, size 1198, send_delta 7, trans_delta 1, recv_delta 8
P: seq 32862, size 1046, send_delta 7, trans_delta 1, recv_delta 8
P: seq 32863, size 1174, send_delta 7, trans_delta 2, recv_delta 9
P: seq 32864, size 1082, send_delta 7, trans_delta 2, recv_delta 9
P: seq 32865, size 1082, send_delta 9, trans_delta 1, recv_delta 10
RTP TS: 407191291, Frame Size: 17759, Encode 3, Net 11, Wait 52, Decode 4 E2E 70 
P: seq 32866, size 954, send_delta 0, trans_delta 1, recv_delta 1
P: seq 32867, size 954, send_delta 2, trans_delta 0, recv_delta 2
P: seq 32868, size 955, send_delta 2, trans_delta 1, recv_delta 3
P: seq 32869, size 853, send_delta 2, trans_delta 2, recv_delta 4
P: seq 32870, size 853, send_delta 2, trans_delta 2, recv_delta 4
P: seq 32871, size 853, send_delta 2, trans_delta 3, recv_delta 5
P: seq 32872, size 811, send_delta 2, trans_delta 3, recv_delta 5
P: seq 32873, size 811, send_delta 4, trans_delta 2, recv_delta 6
P: seq 32874, size 811, send_delta 4, trans_delta 2, recv_delta 6
P: seq 32875, size 854, send_delta 4, trans_delta 2, recv_delta 6
P: seq 32876, size 855, send_delta 4, trans_delta 3, recv_delta 7
P: seq 32877, size 855, send_delta 6, trans_delta 1, recv_delta 7
P: seq 32878, size 928, send_delta 6, trans_delta 2, recv_delta 8
P: seq 32879, size 928, send_delta 6, trans_delta 2, recv_delta 8
P: seq 32880, size 928, send_delta 6, trans_delta 3, recv_delta 9
P: seq 32881, size 768, send_delta 6, trans_delta 3, recv_delta 9
P: seq 32882, size 769, send_delta 6, trans_delta 3, recv_delta 9
P: seq 32883, size 652, send_delta 8, trans_delta 2, recv_delta 10
P: seq 32884, size 653, send_delta 8, trans_delta 2, recv_delta 10
P: seq 32885, size 1113, send_delta 8, trans_delta 3, recv_delta 11
P: seq 32886, size 1114, send_delta 9, trans_delta 2, recv_delta 11
RTP TS: 407192911, Frame Size: 16549, Encode 3, Net 12, Wait 51, Decode 4 E2E 70 
P: seq 32887, size 914, send_delta 1, trans_delta 0, recv_delta 1
P: seq 32888, size 915, send_delta 3, trans_delta 0, recv_delta 3
P: seq 32889, size 915, send_delta 3, trans_delta 1, recv_delta 4
P: seq 32890, size 1028, send_delta 3, trans_delta 1, recv_delta 4
P: seq 32891, size 1029, send_delta 3, trans_delta 2, recv_delta 5
P: seq 32892, size 1067, send_delta 3, trans_delta 3, recv_delta 6
P: seq 32893, size 1068, send_delta 5, trans_delta 2, recv_delta 7
P: seq 32894, size 814, send_delta 5, trans_delta 2, recv_delta 7
P: seq 32895, size 814, send_delta 5, trans_delta 2, recv_delta 7
P: seq 32896, size 814, send_delta 5, trans_delta 2, recv_delta 7
P: seq 32897, size 816, send_delta 5, trans_delta 3, recv_delta 8
P: seq 32898, size 817, send_delta 7, trans_delta 2, recv_delta 9
P: seq 32899, size 817, send_delta 7, trans_delta 2, recv_delta 9
P: seq 32900, size 981, send_delta 7, trans_delta 3, recv_delta 10
P: seq 32901, size 982, send_delta 7, trans_delta 3, recv_delta 10
P: seq 32902, size 695, send_delta 7, trans_delta 3, recv_delta 10
P: seq 32903, size 695, send_delta 8, trans_delta 2, recv_delta 10
P: seq 32904, size 914, send_delta 8, trans_delta 3, recv_delta 11
P: seq 32905, size 915, send_delta 8, trans_delta 4, recv_delta 12
RTP TS: 407194531, Frame Size: 17320, Encode 3, Net 11, Wait 52, Decode 4 E2E 70 
P: seq 32906, size 807, send_delta 0, trans_delta 1, recv_delta 1
P: seq 32907, size 808, send_delta 2, trans_delta 1, recv_delta 3
P: seq 32908, size 808, send_delta 2, trans_delta 2, recv_delta 4
P: seq 32909, size 1022, send_delta 2, trans_delta 2, recv_delta 4
P: seq 32910, size 1022, send_delta 2, trans_delta 2, recv_delta 4
P: seq 32911, size 1096, send_delta 2, trans_delta 3, recv_delta 5
P: seq 32912, size 1097, send_delta 4, trans_delta 2, recv_delta 6
P: seq 32913, size 1158, send_delta 4, trans_delta 2, recv_delta 6
P: seq 32914, size 1158, send_delta 4, trans_delta 3, recv_delta 7
P: seq 32915, size 939, send_delta 4, trans_delta 4, recv_delta 8
P: seq 32916, size 939, send_delta 4, trans_delta 4, recv_delta 8
P: seq 32917, size 940, send_delta 5, trans_delta 4, recv_delta 9
P: seq 32918, size 1079, send_delta 6, trans_delta 3, recv_delta 9
P: seq 32919, size 1080, send_delta 6, trans_delta 3, recv_delta 9
P: seq 32920, size 794, send_delta 8, trans_delta 2, recv_delta 10
P: seq 32921, size 795, send_delta 8, trans_delta 3, recv_delta 11
P: seq 32922, size 1106, send_delta 8, trans_delta 3, recv_delta 11
P: seq 32923, size 1107, send_delta 8, trans_delta 3, recv_delta 11
RTP TS: 407196151, Frame Size: 17766, Encode 3, Net 11, Wait 50, Decode 5 E2E 69 
P: seq 32924, size 1003, send_delta 0, trans_delta 1, recv_delta 1
P: seq 32925, size 1003, send_delta 2, trans_delta 1, recv_delta 3
P: seq 32926, size 1082, send_delta 2, trans_delta 2, recv_delta 4
P: seq 32927, size 1083, send_delta 2, trans_delta 2, recv_delta 4
P: seq 32928, size 999, send_delta 2, trans_delta 2, recv_delta 4
P: seq 32929, size 999, send_delta 2, trans_delta 3, recv_delta 5
P: seq 32930, size 1161, send_delta 4, trans_delta 2, recv_delta 6
P: seq 32931, size 1161, send_delta 4, trans_delta 2, recv_delta 6
P: seq 32932, size 1016, send_delta 4, trans_delta 3, recv_delta 7
P: seq 32933, size 1016, send_delta 4, trans_delta 4, recv_delta 8
P: seq 32934, size 1017, send_delta 6, trans_delta 2, recv_delta 8
P: seq 32935, size 902, send_delta 6, trans_delta 3, recv_delta 9
P: seq 32936, size 902, send_delta 6, trans_delta 3, recv_delta 9
P: seq 32937, size 903, send_delta 6, trans_delta 3, recv_delta 9
P: seq 32938, size 934, send_delta 8, trans_delta 1, recv_delta 9
P: seq 32939, size 934, send_delta 8, trans_delta 2, recv_delta 10
P: seq 32940, size 1043, send_delta 8, trans_delta 3, recv_delta 11
P: seq 32941, size 1043, send_delta 8, trans_delta 3, recv_delta 11
RTP TS: 407197771, Frame Size: 16253, Encode 3, Net 12, Wait 51, Decode 4 E2E 70 
P: seq 32942, size 744, send_delta 0, trans_delta 2, recv_delta 2
P: seq 32943, size 744, send_delta 2, trans_delta 1, recv_delta 3
P: seq 32944, size 902, send_delta 2, trans_delta 3, recv_delta 5
P: seq 32945, size 902, send_delta 2, trans_delta 3, recv_delta 5
P: seq 32946, size 941, send_delta 2, trans_delta 3, recv_delta 5
P: seq 32947, size 941, send_delta 2, trans_delta 4, recv_delta 6
P: seq 32948, size 957, send_delta 5, trans_delta 1, recv_delta 6
P: seq 32949, size 957, send_delta 5, trans_delta 1, recv_delta 6
P: seq 32950, size 1107, send_delta 5, trans_delta 1, recv_delta 6
P: seq 32951, size 1108, send_delta 5, trans_delta 2, recv_delta 7
P: seq 32952, size 1108, send_delta 5, trans_delta 2, recv_delta 7
P: seq 32953, size 917, send_delta 6, trans_delta 2, recv_delta 8
P: seq 32954, size 917, send_delta 6, trans_delta 3, recv_delta 9
P: seq 32955, size 917, send_delta 6, trans_delta 4, recv_delta 10
P: seq 32956, size 997, send_delta 7, trans_delta 3, recv_delta 10
P: seq 32957, size 998, send_delta 7, trans_delta 4, recv_delta 11
P: seq 32958, size 765, send_delta 9, trans_delta 2, recv_delta 11
P: seq 32959, size 766, send_delta 9, trans_delta 3, recv_delta 12
RTP TS: 407199391, Frame Size: 17791, Encode 4, Net 12, Wait 50, Decode 4 E2E 70 
P: seq 32960, size 901, send_delta 0, trans_delta 2, recv_delta 2
P: seq 32961, size 902, send_delta 2, trans_delta 1, recv_delta 3
P: seq 32962, size 1005, send_delta 2, trans_delta 2, recv_delta 4
P: seq 32963, size 1006, send_delta 2, trans_delta 2, recv_delta 4
P: seq 32964, size 999, send_delta 4, trans_delta 0, recv_delta 4
P: seq 32965, size 1000, send_delta 4, trans_delta 1, recv_delta 5
P: seq 32966, size 901, send_delta 4, trans_delta 1, recv_delta 5
P: seq 32967, size 901, send_delta 4, trans_delta 2, recv_delta 6
P: seq 32968, size 902, send_delta 4, trans_delta 3, recv_delta 7
P: seq 32969, size 1148, send_delta 4, trans_delta 4, recv_delta 8
P: seq 32970, size 1148, send_delta 6, trans_delta 2, recv_delta 8
P: seq 32971, size 1148, send_delta 6, trans_delta 3, recv_delta 9
P: seq 32972, size 855, send_delta 6, trans_delta 3, recv_delta 9
P: seq 32973, size 856, send_delta 8, trans_delta 1, recv_delta 9
P: seq 32974, size 856, send_delta 8, trans_delta 2, recv_delta 10
P: seq 32975, size 1032, send_delta 8, trans_delta 3, recv_delta 11
P: seq 32976, size 1032, send_delta 8, trans_delta 3, recv_delta 11
P: seq 32977, size 830, send_delta 8, trans_delta 3, recv_delta 11
P: seq 32978, size 830, send_delta 10, trans_delta 2, recv_delta 12
RTP TS: 407201011, Frame Size: 16779, Encode 3, Net 12, Wait 51, Decode 4 E2E 70 
P: seq 32979, size 943, send_delta 0, trans_delta 1, recv_delta 1
P: seq 32980, size 944, send_delta 3, trans_delta 0, recv_delta 3
P: seq 32981, size 790, send_delta 3, trans_delta 2, recv_delta 5
P: seq 32982, size 791, send_delta 3, trans_delta 2, recv_delta 5
P: seq 32983, size 1042, send_delta 3, trans_delta 2, recv_delta 5
P: seq 32984, size 1042, send_delta 3, trans_delta 3, recv_delta 6
P: seq 32985, size 881, send_delta 6, trans_delta 1, recv_delta 7
P: seq 32986, size 881, send_delta 6, trans_delta 1, recv_delta 7
P: seq 32987, size 881, send_delta 6, trans_delta 1, recv_delta 7
P: seq 32988, size 1029, send_delta 6, trans_delta 2, recv_delta 8
P: seq 32989, size 1030, send_delta 6, trans_delta 3, recv_delta 9
P: seq 32990, size 1030, send_delta 6, trans_delta 3, recv_delta 9
P: seq 32991, size 1178, send_delta 6, trans_delta 4, recv_delta 10
P: seq 32992, size 1178, send_delta 6, trans_delta 4, recv_delta 10
P: seq 32993, size 932, send_delta 7, trans_delta 4, recv_delta 11
P: seq 32994, size 933, send_delta 7, trans_delta 4, recv_delta 11
P: seq 32995, size 854, send_delta 7, trans_delta 5, recv_delta 12
P: seq 32996, size 855, send_delta 8, trans_delta 4, recv_delta 12
RTP TS: 407202631, Frame Size: 17759, Encode 4, Net 12, Wait 50, Decode 5 E2E 71 
P: seq 32997, size 842, send_delta 0, trans_delta 1, recv_delta 1
P: seq 32998, size 842, send_delta 2, trans_delta 1, recv_delta 3
P: seq 32999, size 843, send_delta 2, trans_delta 2, recv_delta 4
P: seq 33000, size 1042, send_delta 2, trans_delta 2, recv_delta 4
P: seq 33001, size 1042, send_delta 4, trans_delta 1, recv_delta 5
P: seq 33002, size 1137, send_delta 4, trans_delta 2, recv_delta 6
P: seq 33003, size 1137, send_delta 4, trans_delta 3, recv_delta 7
P: seq 33004, size 956, send_delta 4, trans_delta 3, recv_delta 7
P: seq 33005, size 956, send_delta 4, trans_delta 3, recv_delta 7
P: seq 33006, size 957, send_delta 6, trans_delta 2, recv_delta 8
P: seq 33007, size 893, send_delta 6, trans_delta 3, recv_delta 9
P: seq 33008, size 893, send_delta 6, trans_delta 3, recv_delta 9
P: seq 33009, size 893, send_delta 6, trans_delta 4, recv_delta 10
P: seq 33010, size 935, send_delta 6, trans_delta 4, recv_delta 10
P: seq 33011, size 935, send_delta 8, trans_delta 2, recv_delta 10
P: seq 33012, size 818, send_delta 8, trans_delta 3, recv_delta 11
P: seq 33013, size 819, send_delta 8, trans_delta 3, recv_delta 11
P: seq 33014, size 1140, send_delta 8, trans_delta 4, recv_delta 12
P: seq 33015, size 1140, send_delta 10, trans_delta 2, recv_delta 12
RTP TS: 407204161, Frame Size: 17720, Encode 3, Net 12, Wait 49, Decode 5 E2E 69 
P: seq 33016, size 867, send_delta 0, trans_delta 1, recv_delta 1
P: seq 33017, size 867, send_delta 2, trans_delta 1, recv_delta 3
P: seq 33018, size 868, send_delta 2, trans_delta 2, recv_delta 4
P: seq 33019, size 1059, send_delta 2, trans_delta 2, recv_delta 4
P: seq 33020, size 1060, send_delta 2, trans_delta 2, recv_delta 4
P: seq 33021, size 849, send_delta 4, trans_delta 2, recv_delta 6
P: seq 33022, size 849, send_delta 4, trans_delta 2, recv_delta 6
P: seq 33023, size 849, send_delta 4, trans_delta 2, recv_delta 6
P: seq 33024, size 882, send_delta 4, trans_delta 3, recv_delta 7
P: seq 33025, size 882, send_delta 4, trans_delta 3, recv_delta 7
P: seq 33026, size 883, send_delta 4, trans_delta 3, recv_delta 7
P: seq 33027, size 813, send_delta 7, trans_delta 2, recv_delta 9
P: seq 33028, size 813, send_delta 7, trans_delta 2, recv_delta 9
P: seq 33029, size 814, send_delta 7, trans_delta 3, recv_delta 10
P: seq 33030, size 860, send_delta 7, trans_delta 3, recv_delta 10
P: seq 33031, size 861, send_delta 7, trans_delta 3, recv_delta 10
P: seq 33032, size 801, send_delta 7, trans_delta 4, recv_delta 11
P: seq 33033, size 801, send_delta 9, trans_delta 2, recv_delta 11
P: seq 33034, size 851, send_delta 9, trans_delta 3, recv_delta 12
P: seq 33035, size 852, send_delta 9, trans_delta 3, recv_delta 12
P: seq 33036, size 852, send_delta 9, trans_delta 3, recv_delta 12
RTP TS: 407205781, Frame Size: 17928, Encode 4, Net 11, Wait 50, Decode 4 E2E 69 
P: seq 33037, size 1038, send_delta 0, trans_delta 1, recv_delta 1
P: seq 33038, size 1038, send_delta 2, trans_delta 1, recv_delta 3
P: seq 33039, size 995, send_delta 2, trans_delta 1, recv_delta 3
P: seq 33040, size 995, send_delta 2, trans_delta 2, recv_delta 4
P: seq 33041, size 950, send_delta 2, trans_delta 2, recv_delta 4
P: seq 33042, size 950, send_delta 4, trans_delta 1, recv_delta 5
P: seq 33043, size 951, send_delta 4, trans_delta 2, recv_delta 6
P: seq 33044, size 964, send_delta 4, trans_delta 2, recv_delta 6
P: seq 33045, size 964, send_delta 4, trans_delta 2, recv_delta 6
P: seq 33046, size 965, send_delta 4, trans_delta 2, recv_delta 6
P: seq 33047, size 842, send_delta 4, trans_delta 4, recv_delta 8
P: seq 33048, size 842, send_delta 6, trans_delta 2, recv_delta 8
P: seq 33049, size 843, send_delta 6, trans_delta 2, recv_delta 8
P: seq 33050, size 824, send_delta 6, trans_delta 3, recv_delta 9
P: seq 33051, size 824, send_delta 8, trans_delta 1, recv_delta 9
P: seq 33052, size 759, send_delta 8, trans_delta 1, recv_delta 9
P: seq 33053, size 759, send_delta 8, trans_delta 2, recv_delta 10
P: seq 33054, size 970, send_delta 8, trans_delta 3, recv_delta 11
P: seq 33055, size 971, send_delta 8, trans_delta 3, recv_delta 11
P: seq 33056, size 971, send_delta 8, trans_delta 3, recv_delta 11
RTP TS: 407207401, Frame Size: 20491, Encode 4, Net 13, Wait 48, Decode 5 E2E 70 
P: seq 33057, size 855, send_delta 0, trans_delta 1, recv_delta 1
P: seq 33058, size 856, send_delta 2, trans_delta 1, recv_delta 3
P: seq 33059, size 856, send_delta 2, trans_delta 1, recv_delta 3
P: seq 33060, size 849, send_delta 2, trans_delta 1, recv_delta 3
P: seq 33061, size 850, send_delta 2, trans_delta 2, recv_delta 4
P: seq 33062, size 850, send_delta 2, trans_delta 2, recv_delta 4
P: seq 33063, size 1196, send_delta 2, trans_delta 2, recv_delta 4
P: seq 33064, size 1196, send_delta 4, trans_delta 1, recv_delta 5
P: seq 33065, size 1197, send_delta 4, trans_delta 1, recv_delta 5
P: seq 33066, size 1099, send_delta 6, trans_delta 1, recv_delta 7
P: seq 33067, size 1099, send_delta 6, trans_delta 2, recv_delta 8
P: seq 33068, size 1100, send_delta 6, trans_delta 2, recv_delta 8
P: seq 33069, size 929, send_delta 6, trans_delta 2, recv_delta 8
P: seq 33070, size 930, send_delta 6, trans_delta 3, recv_delta 9
P: seq 33071, size 930, send_delta 8, trans_delta 2, recv_delta 10
P: seq 33072, size 735, send_delta 8, trans_delta 2, recv_delta 10
P: seq 33073, size 736, send_delta 8, trans_delta 3, recv_delta 11
P: seq 33074, size 894, send_delta 8, trans_delta 3, recv_delta 11
P: seq 33075, size 895, send_delta 8, trans_delta 3, recv_delta 11
P: seq 33076, size 992, send_delta 8, trans_delta 4, recv_delta 12
P: seq 33077, size 993, send_delta 10, trans_delta 2, recv_delta 12
P: seq 33078, size 993, send_delta 10, trans_delta 3, recv_delta 13
RTP TS: 407209021, Frame Size: 17660, Encode 3, Net 10, Wait 53, Decode 4 E2E 70 
P: seq 33079, size 1140, send_delta 0, trans_delta 2, recv_delta 2
P: seq 33080, size 1140, send_delta 3, trans_delta 1, recv_delta 4
P: seq 33081, size 1099, send_delta 3, trans_delta 1, recv_delta 4
P: seq 33082, size 1099, send_delta 3, trans_delta 2, recv_delta 5
P: seq 33083, size 939, send_delta 3, trans_delta 2, recv_delta 5
P: seq 33084, size 939, send_delta 3, trans_delta 2, recv_delta 5
P: seq 33085, size 939, send_delta 5, trans_delta 1, recv_delta 6
P: seq 33086, size 934, send_delta 5, trans_delta 1, recv_delta 6
P: seq 33087, size 935, send_delta 5, trans_delta 2, recv_delta 7
P: seq 33088, size 935, send_delta 6, trans_delta 1, recv_delta 7
P: seq 33089, size 910, send_delta 6, trans_delta 1, recv_delta 7
P: seq 33090, size 910, send_delta 6, trans_delta 2, recv_delta 8
P: seq 33091, size 910, send_delta 8, trans_delta 0, recv_delta 8
P: seq 33092, size 626, send_delta 8, trans_delta 0, recv_delta 8
P: seq 33093, size 626, send_delta 8, trans_delta 1, recv_delta 9
P: seq 33094, size 638, send_delta 8, trans_delta 1, recv_delta 9
P: seq 33095, size 638, send_delta 8, trans_delta 1, recv_delta 9
P: seq 33096, size 930, send_delta 8, trans_delta 2, recv_delta 10
P: seq 33097, size 930, send_delta 9, trans_delta 1, recv_delta 10
P: seq 33098, size 930, send_delta 9, trans_delta 1, recv_delta 10
RTP TS: 407210641, Frame Size: 17974, Encode 4, Net 12, Wait 50, Decode 4 E2E 70 
P: seq 33099, size 1116, send_delta 1, trans_delta 1, recv_delta 2
P: seq 33100, size 1116, send_delta 3, trans_delta 1, recv_delta 4
P: seq 33101, size 1106, send_delta 3, trans_delta 1, recv_delta 4
P: seq 33102, size 1107, send_delta 3, trans_delta 2, recv_delta 5
P: seq 33103, size 849, send_delta 3, trans_delta 2, recv_delta 5
P: seq 33104, size 849, send_delta 3, trans_delta 2, recv_delta 5
P: seq 33105, size 850, send_delta 4, trans_delta 2, recv_delta 6
P: seq 33106, size 906, send_delta 6, trans_delta 1, recv_delta 7
P: seq 33107, size 906, send_delta 6, trans_delta 1, recv_delta 7
P: seq 33108, size 906, send_delta 6, trans_delta 1, recv_delta 7
P: seq 33109, size 995, send_delta 6, trans_delta 1, recv_delta 7
P: seq 33110, size 995, send_delta 6, trans_delta 2, recv_delta 8
P: seq 33111, size 996, send_delta 8, trans_delta 1, recv_delta 9
P: seq 33112, size 876, send_delta 8, trans_delta 1, recv_delta 9
P: seq 33113, size 876, send_delta 8, trans_delta 1, recv_delta 9
P: seq 33114, size 700, send_delta 8, trans_delta 1, recv_delta 9
P: seq 33115, size 700, send_delta 8, trans_delta 1, recv_delta 9
P: seq 33116, size 870, send_delta 8, trans_delta 2, recv_delta 10
P: seq 33117, size 871, send_delta 8, trans_delta 2, recv_delta 10
P: seq 33118, size 871, send_delta 10, trans_delta 2, recv_delta 12
RTP TS: 407212261, Frame Size: 16937, Encode 3, Net 10, Wait 53, Decode 4 E2E 70 
P: seq 33119, size 1043, send_delta 0, trans_delta 2, recv_delta 2
P: seq 33120, size 1044, send_delta 2, trans_delta 2, recv_delta 4
P: seq 33121, size 935, send_delta 3, trans_delta 1, recv_delta 4
P: seq 33122, size 936, send_delta 3, trans_delta 1, recv_delta 4
P: seq 33123, size 946, send_delta 3, trans_delta 1, recv_delta 4
P: seq 33124, size 947, send_delta 5, trans_delta 1, recv_delta 6
P: seq 33125, size 1124, send_delta 5, trans_delta 1, recv_delta 6
P: seq 33126, size 1124, send_delta 5, trans_delta 1, recv_delta 6
P: seq 33127, size 930, send_delta 5, trans_delta 1, recv_delta 6
P: seq 33128, size 930, send_delta 5, trans_delta 2, recv_delta 7
P: seq 33129, size 931, send_delta 7, trans_delta 1, recv_delta 8
P: seq 33130, size 1075, send_delta 7, trans_delta 1, recv_delta 8
P: seq 33131, size 1076, send_delta 7, trans_delta 1, recv_delta 8
P: seq 33132, size 786, send_delta 7, trans_delta 1, recv_delta 8
P: seq 33133, size 786, send_delta 7, trans_delta 2, recv_delta 9
P: seq 33134, size 919, send_delta 7, trans_delta 2, recv_delta 9
P: seq 33135, size 920, send_delta 7, trans_delta 2, recv_delta 9
P: seq 33136, size 920, send_delta 9, trans_delta 1, recv_delta 10
RTP TS: 407213881, Frame Size: 16268, Encode 3, Net 11, Wait 52, Decode 4 E2E 70 
P: seq 33137, size 823, send_delta 0, trans_delta 2, recv_delta 2
P: seq 33138, size 824, send_delta 2, trans_delta 1, recv_delta 3
P: seq 33139, size 901, send_delta 2, trans_delta 1, recv_delta 3
P: seq 33140, size 901, send_delta 2, trans_delta 1, recv_delta 3
P: seq 33141, size 929, send_delta 4, trans_delta 1, recv_delta 5
P: seq 33142, size 929, send_delta 4, trans_delta 1, recv_delta 5
P: seq 33143, size 964, send_delta 4, trans_delta 2, recv_delta 6
P: seq 33144, size 965, send_delta 4, trans_delta 2, recv_delta 6
P: seq 33145, size 912, send_delta 4, trans_delta 2, recv_delta 6
P: seq 33146, size 912, send_delta 4, trans_delta 2, recv_delta 6
P: seq 33147, size 913, send_delta 7, trans_delta 1, recv_delta 8
P: seq 33148, size 1146, send_delta 7, trans_delta 1, recv_delta 8
P: seq 33149, size 1146, send_delta 7, trans_delta 1, recv_delta 8
P: seq 33150, size 919, send_delta 7, trans_delta 1, recv_delta 8
P: seq 33151, size 919, send_delta 7, trans_delta 2, recv_delta 9
P: seq 33152, size 866, send_delta 9, trans_delta 1, recv_delta 10
P: seq 33153, size 867, send_delta 9, trans_delta 1, recv_delta 10
P: seq 33154, size 867, send_delta 9, trans_delta 2, recv_delta 11
RTP TS: 407215501, Frame Size: 18321, Encode 4, Net 11, Wait 51, Decode 5 E2E 71 
P: seq 33155, size 907, send_delta 0, trans_delta 2, recv_delta 2
P: seq 33156, size 908, send_delta 2, trans_delta 1, recv_delta 3
P: seq 33157, size 829, send_delta 2, trans_delta 1, recv_delta 3
P: seq 33158, size 829, send_delta 2, trans_delta 1, recv_delta 3
P: seq 33159, size 829, send_delta 4, trans_delta 1, recv_delta 5
P: seq 33160, size 948, send_delta 4, trans_delta 1, recv_delta 5
P: seq 33161, size 948, send_delta 4, trans_delta 1, recv_delta 5
P: seq 33162, size 1092, send_delta 4, trans_delta 1, recv_delta 5
P: seq 33163, size 1093, send_delta 4, trans_delta 2, recv_delta 6
P: seq 33164, size 1059, send_delta 6, trans_delta 1, recv_delta 7
P: seq 33165, size 1059, send_delta 6, trans_delta 1, recv_delta 7
P: seq 33166, size 1059, send_delta 6, trans_delta 2, recv_delta 8
P: seq 33167, size 920, send_delta 6, trans_delta 2, recv_delta 8
P: seq 33168, size 920, send_delta 6, trans_delta 2, recv_delta 8
P: seq 33169, size 921, send_delta 9, trans_delta 1, recv_delta 10
P: seq 33170, size 1143, send_delta 9, trans_delta 1, recv_delta 10
P: seq 33171, size 1143, send_delta 9, trans_delta 2, recv_delta 11
P: seq 33172, size 1087, send_delta 9, trans_delta 2, recv_delta 11
P: seq 33173, size 1088, send_delta 9, trans_delta 2, recv_delta 11
RTP TS: 407217121, Frame Size: 17880, Encode 4, Net 11, Wait 51, Decode 4 E2E 70 
P: seq 33174, size 760, send_delta 0, trans_delta 1, recv_delta 1
P: seq 33175, size 760, send_delta 2, trans_delta 1, recv_delta 3
P: seq 33176, size 1198, send_delta 2, trans_delta 1, recv_delta 3
P: seq 33177, size 1198, send_delta 2, trans_delta 1, recv_delta 3
P: seq 33178, size 915, send_delta 2, trans_delta 2, recv_delta 4
P: seq 33179, size 915, send_delta 2, trans_delta 2, recv_delta 4
P: seq 33180, size 1137, send_delta 4, trans_delta 1, recv_delta 5
P: seq 33181, size 1137, send_delta 4, trans_delta 1, recv_delta 5
P: seq 33182, size 1039, send_delta 4, trans_delta 2, recv_delta 6
P: seq 33183, size 1039, send_delta 6, trans_delta 1, recv_delta 7
P: seq 33184, size 1040, send_delta 6, trans_delta 1, recv_delta 7
P: seq 33185, size 1007, send_delta 6, trans_delta 1, recv_delta 7
P: seq 33186, size 1007, send_delta 6, trans_delta 1, recv_delta 7
P: seq 33187, size 1007, send_delta 6, trans_delta 2, recv_delta 8
P: seq 33188, size 1059, send_delta 9, trans_delta 1, recv_delta 10
P: seq 33189, size 1060, send_delta 9, trans_delta 1, recv_delta 10
P: seq 33190, size 1018, send_delta 9, trans_delta 2, recv_delta 11
P: seq 33191, size 1019, send_delta 9, trans_delta 2, recv_delta 11
RTP TS: 407218651, Frame Size: 19317, Encode 3, Net 12, Wait 49, Decode 5 E2E 69 
P: seq 33192, size 930, send_delta 0, trans_delta 0, recv_delta 0
P: seq 33193, size 931, send_delta 3, trans_delta 1, recv_delta 4
P: seq 33194, size 830, send_delta 3, trans_delta 1, recv_delta 4
P: seq 33195, size 830, send_delta 3, trans_delta 1, recv_delta 4
P: seq 33196, size 830, send_delta 3, trans_delta 1, recv_delta 4
P: seq 33197, size 1070, send_delta 3, trans_delta 2, recv_delta 5
P: seq 33198, size 1071, send_delta 3, trans_delta 2, recv_delta 5
P: seq 33199, size 825, send_delta 3, trans_delta 2, recv_delta 5
P: seq 33200, size 826, send_delta 5, trans_delta 1, recv_delta 6
P: seq 33201, size 826, send_delta 5, trans_delta 1, recv_delta 6
P: seq 33202, size 1112, send_delta 5, trans_delta 1, recv_delta 6
P: seq 33203, size 1112, send_delta 5, trans_delta 2, recv_delta 7
P: seq 33204, size 1113, send_delta 5, trans_delta 2, recv_delta 7
P: seq 33205, size 942, send_delta 7, trans_delta 2, recv_delta 9
P: seq 33206, size 942, send_delta 8, trans_delta 1, recv_delta 9
P: seq 33207, size 942, send_delta 8, trans_delta 1, recv_delta 9
P: seq 33208, size 1195, send_delta 8, trans_delta 1, recv_delta 9
P: seq 33209, size 1196, send_delta 8, trans_delta 2, recv_delta 10
P: seq 33210, size 1140, send_delta 10, trans_delta 1, recv_delta 11
P: seq 33211, size 1141, send_delta 10, trans_delta 2, recv_delta 12
RTP TS: 407220271, Frame Size: 17748, Encode 3, Net 10, Wait 51, Decode 4 E2E 68 
P: seq 33212, size 967, send_delta 0, trans_delta 0, recv_delta 0
P: seq 33213, size 967, send_delta 2, trans_delta 1, recv_delta 3
P: seq 33214, size 1035, send_delta 2, trans_delta 1, recv_delta 3
P: seq 33215, size 1036, send_delta 2, trans_delta 1, recv_delta 3
P: seq 33216, size 842, send_delta 2, trans_delta 2, recv_delta 4
P: seq 33217, size 842, send_delta 2, trans_delta 2, recv_delta 4
P: seq 33218, size 1192, send_delta 5, trans_delta 1, recv_delta 6
P: seq 33219, size 1192, send_delta 5, trans_delta 1, recv_delta 6
P: seq 33220, size 1068, send_delta 5, trans_delta 2, recv_delta 7
P: seq 33221, size 1068, send_delta 5, trans_delta 3, recv_delta 8
P: seq 33222, size 1069, send_delta 6, trans_delta 2, recv_delta 8
P: seq 33223, size 840, send_delta 6, trans_delta 2, recv_delta 8
P: seq 33224, size 841, send_delta 6, trans_delta 3, recv_delta 9
P: seq 33225, size 841, send_delta 6, trans_delta 3, recv_delta 9
P: seq 33226, size 1076, send_delta 8, trans_delta 1, recv_delta 9
P: seq 33227, size 1076, send_delta 8, trans_delta 1, recv_delta 9
P: seq 33228, size 1115, send_delta 8, trans_delta 1, recv_delta 9
P: seq 33229, size 1116, send_delta 8, trans_delta 2, recv_delta 10
RTP TS: 407221891, Frame Size: 17474, Encode 4, Net 10, Wait 50, Decode 5 E2E 69 
P: seq 33230, size 1037, send_delta 0, trans_delta 1, recv_delta 1
P: seq 33231, size 1038, send_delta 1, trans_delta 1, recv_delta 2
P: seq 33232, size 1015, send_delta 1, trans_delta 1, recv_delta 2
P: seq 33233, size 1015, send_delta 1, trans_delta 1, recv_delta 2
P: seq 33234, size 979, send_delta 2, trans_delta 2, recv_delta 4
P: seq 33235, size 979, send_delta 2, trans_delta 2, recv_delta 4
P: seq 33236, size 827, send_delta 4, trans_delta 1, recv_delta 5
P: seq 33237, size 827, send_delta 4, trans_delta 1, recv_delta 5
P: seq 33238, size 828, send_delta 4, trans_delta 1, recv_delta 5
P: seq 33239, size 1003, send_delta 4, trans_delta 1, recv_delta 5
P: seq 33240, size 1003, send_delta 6, trans_delta 1, recv_delta 7
P: seq 33241, size 1004, send_delta 6, trans_delta 1, recv_delta 7
P: seq 33242, size 1014, send_delta 6, trans_delta 1, recv_delta 7
P: seq 33243, size 1014, send_delta 6, trans_delta 1, recv_delta 7
P: seq 33244, size 962, send_delta 8, trans_delta 1, recv_delta 9
P: seq 33245, size 963, send_delta 8, trans_delta 1, recv_delta 9
P: seq 33246, size 809, send_delta 8, trans_delta 1, recv_delta 9
P: seq 33247, size 809, send_delta 8, trans_delta 1, recv_delta 9
P: seq 33248, size 809, send_delta 8, trans_delta 2, recv_delta 10
RTP TS: 407223511, Frame Size: 16949, Encode 4, Net 10, Wait 51, Decode 4 E2E 69 
P: seq 33249, size 1000, send_delta 0, trans_delta 1, recv_delta 1
P: seq 33250, size 1000, send_delta 2, trans_delta 1, recv_delta 3
P: seq 33251, size 858, send_delta 2, trans_delta 1, recv_delta 3
P: seq 33252, size 859, send_delta 2, trans_delta 1, recv_delta 3
P: seq 33253, size 1048, send_delta 2, trans_delta 2, recv_delta 4
P: seq 33254, size 1049, send_delta 2, trans_delta 2, recv_delta 4
P: seq 33255, size 853, send_delta 4, trans_delta 2, recv_delta 6
P: seq 33256, size 854, send_delta 4, trans_delta 2, recv_delta 6
P: seq 33257, size 854, send_delta 4, trans_delta 3, recv_delta 7
P: seq 33258, size 878, send_delta 4, trans_delta 3, recv_delta 7
P: seq 33259, size 879, send_delta 4, trans_delta 3, recv_delta 7
P: seq 33260, size 879, send_delta 7, trans_delta 0, recv_delta 7
P: seq 33261, size 964, send_delta 7, trans_delta 0, recv_delta 7
P: seq 33262, size 965, send_delta 7, trans_delta 1, recv_delta 8
P: seq 33263, size 869, send_delta 7, trans_delta 2, recv_delta 9
P: seq 33264, size 870, send_delta 7, trans_delta 2, recv_delta 9
P: seq 33265, size 910, send_delta 7, trans_delta 2, recv_delta 9
P: seq 33266, size 910, send_delta 8, trans_delta 1, recv_delta 9
P: seq 33267, size 911, send_delta 8, trans_delta 2, recv_delta 10
RTP TS: 407225131, Frame Size: 18876, Encode 4, Net 11, Wait 50, Decode 5 E2E 70 
P: seq 33268, size 907, send_delta 0, trans_delta 1, recv_delta 1
P: seq 33269, size 907, send_delta 2, trans_delta 1, recv_delta 3
P: seq 33270, size 908, send_delta 2, trans_delta 1, recv_delta 3
P: seq 33271, size 1107, send_delta 2, trans_delta 1, recv_delta 3
P: seq 33272, size 1107, send_delta 2, trans_delta 1, recv_delta 3
P: seq 33273, size 822, send_delta 4, trans_delta 2, recv_delta 6
P: seq 33274, size 822, send_delta 4, trans_delta 2, recv_delta 6
P: seq 33275, size 823, send_delta 4, trans_delta 3, recv_delta 7
P: seq 33276, size 1009, send_delta 4, trans_delta 3, recv_delta 7
P: seq 33277, size 1009, send_delta 4, trans_delta 3, recv_delta 7
P: seq 33278, size 1010, send_delta 5, trans_delta 2, recv_delta 7
P: seq 33279, size 913, send_delta 7, trans_delta 0, recv_delta 7
P: seq 33280, size 914, send_delta 7, trans_delta 0, recv_delta 7
P: seq 33281, size 914, send_delta 7, trans_delta 1, recv_delta 8
P: seq 33282, size 907, send_delta 7, trans_delta 1, recv_delta 8
P: seq 33283, size 908, send_delta 7, trans_delta 1, recv_delta 8
P: seq 33284, size 774, send_delta 9, trans_delta 1, recv_delta 10
P: seq 33285, size 774, send_delta 9, trans_delta 1, recv_delta 10
P: seq 33286, size 951, send_delta 9, trans_delta 1, recv_delta 10
P: seq 33287, size 951, send_delta 9, trans_delta 1, recv_delta 10
P: seq 33288, size 952, send_delta 9, trans_delta 2, recv_delta 11
RTP TS: 407226751, Frame Size: 18625, Encode 3, Net 11, Wait 50, Decode 5 E2E 69 
P: seq 33289, size 1108, send_delta 0, trans_delta 1, recv_delta 1
P: seq 33290, size 1109, send_delta 2, trans_delta 1, recv_delta 3
P: seq 33291, size 1078, send_delta 2, trans_delta 1, recv_delta 3
P: seq 33292, size 1079, send_delta 2, trans_delta 1, recv_delta 3
P: seq 33293, size 1024, send_delta 2, trans_delta 2, recv_delta 4
P: seq 33294, size 1024, send_delta 4, trans_delta 1, recv_delta 5
P: seq 33295, size 1024, send_delta 4, trans_delta 1, recv_delta 5
P: seq 33296, size 1040, send_delta 4, trans_delta 2, recv_delta 6
P: seq 33297, size 1041, send_delta 5, trans_delta 1, recv_delta 6
P: seq 33298, size 1041, send_delta 6, trans_delta 1, recv_delta 7
P: seq 33299, size 983, send_delta 6, trans_delta 1, recv_delta 7
P: seq 33300, size 984, send_delta 6, trans_delta 1, recv_delta 7
P: seq 33301, size 984, send_delta 7, trans_delta 1, recv_delta 8
P: seq 33302, size 734, send_delta 7, trans_delta 1, recv_delta 8
P: seq 33303, size 734, send_delta 7, trans_delta 1, recv_delta 8
P: seq 33304, size 651, send_delta 9, trans_delta 1, recv_delta 10
P: seq 33305, size 651, send_delta 9, trans_delta 1, recv_delta 10
P: seq 33306, size 941, send_delta 9, trans_delta 1, recv_delta 10
P: seq 33307, size 941, send_delta 9, trans_delta 2, recv_delta 11
P: seq 33308, size 941, send_delta 9, trans_delta 2, recv_delta 11
RTP TS: 407228281, Frame Size: 20098, Encode 4, Net 12, Wait 47, Decode 5 E2E 68 
P: seq 33309, size 828, send_delta 0, trans_delta 1, recv_delta 1
P: seq 33310, size 828, send_delta 2, trans_delta 1, recv_delta 3
P: seq 33311, size 828, send_delta 2, trans_delta 2, recv_delta 4
P: seq 33312, size 1109, send_delta 2, trans_delta 2, recv_delta 4
P: seq 33313, size 1110, send_delta 2, trans_delta 2, recv_delta 4
P: seq 33314, size 1057, send_delta 3, trans_delta 1, recv_delta 4
P: seq 33315, size 1057, send_delta 3, trans_delta 2, recv_delta 5
P: seq 33316, size 1058, send_delta 5, trans_delta 1, recv_delta 6
P: seq 33317, size 1084, send_delta 5, trans_delta 1, recv_delta 6
P: seq 33318, size 1084, send_delta 5, trans_delta 1, recv_delta 6
P: seq 33319, size 1084, send_delta 5, trans_delta 1, recv_delta 6
P: seq 33320, size 1056, send_delta 6, trans_delta 1, recv_delta 7
P: seq 33321, size 1057, send_delta 6, trans_delta 1, recv_delta 7
P: seq 33322, size 1057, send_delta 6, trans_delta 1, recv_delta 7
P: seq 33323, size 909, send_delta 7, trans_delta 1, recv_delta 8
P: seq 33324, size 909, send_delta 7, trans_delta 2, recv_delta 9
P: seq 33325, size 795, send_delta 9, trans_delta 2, recv_delta 11
P: seq 33326, size 795, send_delta 9, trans_delta 2, recv_delta 11
P: seq 33327, size 968, send_delta 9, trans_delta 2, recv_delta 11
P: seq 33328, size 969, send_delta 10, trans_delta 1, recv_delta 11
P: seq 33329, size 969, send_delta 10, trans_delta 2, recv_delta 12
RTP TS: 407229901, Frame Size: 18126, Encode 4, Net 10, Wait 49, Decode 5 E2E 68 
P: seq 33330, size 978, send_delta 0, trans_delta 0, recv_delta 0
P: seq 33331, size 979, send_delta 2, trans_delta 1, recv_delta 3
P: seq 33332, size 1097, send_delta 2, trans_delta 1, recv_delta 3
P: seq 33333, size 1097, send_delta 2, trans_delta 1, recv_delta 3
P: seq 33334, size 833, send_delta 2, trans_delta 1, recv_delta 3
P: seq 33335, size 833, send_delta 4, trans_delta 1, recv_delta 5
P: seq 33336, size 834, send_delta 4, trans_delta 1, recv_delta 5
P: seq 33337, size 969, send_delta 4, trans_delta 1, recv_delta 5
P: seq 33338, size 969, send_delta 4, trans_delta 2, recv_delta 6
P: seq 33339, size 969, send_delta 4, trans_delta 3, recv_delta 7
P: seq 33340, size 961, send_delta 4, trans_delta 3, recv_delta 7
P: seq 33341, size 961, send_delta 5, trans_delta 2, recv_delta 7
P: seq 33342, size 962, send_delta 5, trans_delta 2, recv_delta 7
P: seq 33343, size 979, send_delta 5, trans_delta 2, recv_delta 7
P: seq 33344, size 979, send_delta 8, trans_delta 1, recv_delta 9
P: seq 33345, size 782, send_delta 8, trans_delta 1, recv_delta 9
P: seq 33346, size 783, send_delta 8, trans_delta 1, recv_delta 9
P: seq 33347, size 882, send_delta 8, trans_delta 1, recv_delta 9
P: seq 33348, size 883, send_delta 8, trans_delta 2, recv_delta 10
P: seq 33349, size 883, send_delta 8, trans_delta 2, recv_delta 10
RTP TS: 407231521, Frame Size: 16356, Encode 4, Net 10, Wait 51, Decode 4 E2E 69 
P: seq 33350, size 843, send_delta 0, trans_delta 1, recv_delta 1
P: seq 33351, size 844, send_delta 2, trans_delta 0, recv_delta 2
P: seq 33352, size 873, send_delta 2, trans_delta 1, recv_delta 3
P: seq 33353, size 874, send_delta 2, trans_delta 1, recv_delta 3
P: seq 33354, size 1019, send_delta 4, trans_delta 1, recv_delta 5
P: seq 33355, size 1019, send_delta 4, trans_delta 1, recv_delta 5
P: seq 33356, size 987, send_delta 4, trans_delta 1, recv_delta 5
P: seq 33357, size 987, send_delta 4, trans_delta 1, recv_delta 5
P: seq 33358, size 869, send_delta 4, trans_delta 2, recv_delta 6
P: seq 33359, size 869, send_delta 6, trans_delta 1, recv_delta 7
P: seq 33360, size 870, send_delta 6, trans_delta 1, recv_delta 7
P: seq 33361, size 1148, send_delta 6, trans_delta 2, recv_delta 8
P: seq 33362, size 1148, send_delta 6, trans_delta 2, recv_delta 8
P: seq 33363, size 881, send_delta 6, trans_delta 2, recv_delta 8
P: seq 33364, size 881, send_delta 8, trans_delta 1, recv_delta 9
P: seq 33365, size 893, send_delta 9, trans_delta 1, recv_delta 10
P: seq 33366, size 893, send_delta 9, trans_delta 1, recv_delta 10
P: seq 33367, size 893, send_delta 9, trans_delta 1, recv_delta 10
RTP TS: 407233141, Frame Size: 19016, Encode 3, Net 11, Wait 50, Decode 5 E2E 69 
P: seq 33368, size 683, send_delta 0, trans_delta 1, recv_delta 1
P: seq 33369, size 683, send_delta 1, trans_delta 1, recv_delta 2
P: seq 33370, size 949, send_delta 1, trans_delta 1, recv_delta 2
P: seq 33371, size 950, send_delta 1, trans_delta 2, recv_delta 3
P: seq 33372, size 1082, send_delta 2, trans_delta 1, recv_delta 3
P: seq 33373, size 1083, send_delta 2, trans_delta 1, recv_delta 3
P: seq 33374, size 1127, send_delta 4, trans_delta 1, recv_delta 5
P: seq 33375, size 1128, send_delta 4, trans_delta 1, recv_delta 5
P: seq 33376, size 1051, send_delta 4, trans_delta 1, recv_delta 5
P: seq 33377, size 1051, send_delta 4, trans_delta 2, recv_delta 6
P: seq 33378, size 1051, send_delta 6, trans_delta 1, recv_delta 7
P: seq 33379, size 959, send_delta 6, trans_delta 1, recv_delta 7
P: seq 33380, size 960, send_delta 6, trans_delta 2, recv_delta 8
P: seq 33381, size 960, send_delta 6, trans_delta 2, recv_delta 8
P: seq 33382, size 881, send_delta 6, trans_delta 2, recv_delta 8
P: seq 33383, size 881, send_delta 8, trans_delta 2, recv_delta 10
P: seq 33384, size 881, send_delta 8, trans_delta 2, recv_delta 10
P: seq 33385, size 1047, send_delta 8, trans_delta 2, recv_delta 10
P: seq 33386, size 1048, send_delta 8, trans_delta 2, recv_delta 10
P: seq 33387, size 1048, send_delta 9, trans_delta 2, recv_delta 11
RTP TS: 407234761, Frame Size: 21475, Encode 5, Net 13, Wait 47, Decode 5 E2E 70 
P: seq 33388, size 1000, send_delta 0, trans_delta 1, recv_delta 1
P: seq 33389, size 910, send_delta 2, trans_delta 1, recv_delta 3
P: seq 33390, size 911, send_delta 2, trans_delta 1, recv_delta 3
P: seq 33391, size 1081, send_delta 2, trans_delta 1, recv_delta 3
P: seq 33392, size 1082, send_delta 2, trans_delta 1, recv_delta 3
P: seq 33393, size 815, send_delta 2, trans_delta 2, recv_delta 4
P: seq 33394, size 816, send_delta 4, trans_delta 2, recv_delta 6
P: seq 33395, size 816, send_delta 4, trans_delta 2, recv_delta 6
P: seq 33396, size 1182, send_delta 4, trans_delta 2, recv_delta 6
P: seq 33397, size 1182, send_delta 4, trans_delta 2, recv_delta 6
P: seq 33398, size 1182, send_delta 5, trans_delta 2, recv_delta 7
P: seq 33399, size 956, send_delta 6, trans_delta 1, recv_delta 7
P: seq 33400, size 956, send_delta 6, trans_delta 1, recv_delta 7
P: seq 33401, size 956, send_delta 6, trans_delta 2, recv_delta 8
P: seq 33402, size 956, send_delta 7, trans_delta 1, recv_delta 8
P: seq 33403, size 1116, send_delta 7, trans_delta 1, recv_delta 8
P: seq 33404, size 1117, send_delta 7, trans_delta 1, recv_delta 8
P: seq 33405, size 1117, send_delta 9, trans_delta 1, recv_delta 10
P: seq 33406, size 965, send_delta 9, trans_delta 1, recv_delta 10
P: seq 33407, size 965, send_delta 9, trans_delta 1, recv_delta 10
P: seq 33408, size 966, send_delta 9, trans_delta 1, recv_delta 10
P: seq 33409, size 966, send_delta 11, trans_delta 2, recv_delta 13
RTP TS: 407236381, Frame Size: 25213, Encode 5, Net 15, Wait 45, Decode 6 E2E 71 
P: seq 33410, size 644, send_delta 1, trans_delta 1, recv_delta 2
P: seq 33411, size 645, send_delta 3, trans_delta 1, recv_delta 4
P: seq 33412, size 933, send_delta 3, trans_delta 1, recv_delta 4
P: seq 33413, size 933, send_delta 3, trans_delta 1, recv_delta 4
P: seq 33414, size 842, send_delta 3, trans_delta 2, recv_delta 5
P: seq 33415, size 842, send_delta 3, trans_delta 2, recv_delta 5
P: seq 33416, size 842, send_delta 3, trans_delta 2, recv_delta 5
P: seq 33417, size 1185, send_delta 5, trans_delta 2, recv_delta 7
P: seq 33418, size 1185, send_delta 5, trans_delta 2, recv_delta 7
P: seq 33419, size 1051, send_delta 5, trans_delta 3, recv_delta 8
P: seq 33420, size 1052, send_delta 5, trans_delta 3, recv_delta 8
P: seq 33421, size 1052, send_delta 6, trans_delta 2, recv_delta 8
P: seq 33422, size 1052, send_delta 8, trans_delta 1, recv_delta 9
P: seq 33423, size 1017, send_delta 8, trans_delta 1, recv_delta 9
P: seq 33424, size 1017, send_delta 8, trans_delta 2, recv_delta 10
P: seq 33425, size 1018, send_delta 8, trans_delta 2, recv_delta 10
P: seq 33426, size 1018, send_delta 8, trans_delta 2, recv_delta 10
P: seq 33427, size 1042, send_delta 10, trans_delta 1, recv_delta 11
P: seq 33428, size 1043, send_delta 10, trans_delta 1, recv_delta 11
P: seq 33429, size 1043, send_delta 10, trans_delta 2, recv_delta 12
P: seq 33430, size 1043, send_delta 10, trans_delta 2, recv_delta 12
P: seq 33431, size 1071, send_delta 10, trans_delta 2, recv_delta 12
P: seq 33432, size 1071, send_delta 13, trans_delta 1, recv_delta 14
P: seq 33433, size 1071, send_delta 13, trans_delta 1, recv_delta 14
P: seq 33434, size 1072, send_delta 13, trans_delta 2, recv_delta 15
P: seq 33435, size 1072, send_delta 13, trans_delta 2, recv_delta 15
RTP TS: 407238001, Frame Size: 25950, Encode 5, Net 15, Wait 46, Decode 6 E2E 72 
P: seq 33436, size 1083, send_delta 0, trans_delta 1, recv_delta 1
P: seq 33437, size 1083, send_delta 2, trans_delta 1, recv_delta 3
P: seq 33438, size 817, send_delta 2, trans_delta 1, recv_delta 3
P: seq 33439, size 817, send_delta 4, trans_delta 1, recv_delta 5
P: seq 33440, size 817, send_delta 4, trans_delta 1, recv_delta 5
P: seq 33441, size 854, send_delta 4, trans_delta 1, recv_delta 5
P: seq 33442, size 855, send_delta 4, trans_delta 1, recv_delta 5
P: seq 33443, size 855, send_delta 4, trans_delta 1, recv_delta 5
P: seq 33444, size 1169, send_delta 4, trans_delta 2, recv_delta 6
P: seq 33445, size 1170, send_delta 6, trans_delta 1, recv_delta 7
P: seq 33446, size 1154, send_delta 6, trans_delta 1, recv_delta 7
P: seq 33447, size 1155, send_delta 6, trans_delta 2, recv_delta 8
P: seq 33448, size 1155, send_delta 6, trans_delta 2, recv_delta 8
P: seq 33449, size 938, send_delta 6, trans_delta 2, recv_delta 8
P: seq 33450, size 939, send_delta 8, trans_delta 1, recv_delta 9
P: seq 33451, size 939, send_delta 8, trans_delta 1, recv_delta 9
P: seq 33452, size 939, send_delta 8, trans_delta 1, recv_delta 9
P: seq 33453, size 1036, send_delta 10, trans_delta 1, recv_delta 11
P: seq 33454, size 1037, send_delta 10, trans_delta 1, recv_delta 11
P: seq 33455, size 1037, send_delta 10, trans_delta 2, recv_delta 12
P: seq 33456, size 1037, send_delta 10, trans_delta 2, recv_delta 12
P: seq 33457, size 1141, send_delta 10, trans_delta 2, recv_delta 12
P: seq 33458, size 1141, send_delta 11, trans_delta 2, recv_delta 13
P: seq 33459, size 1141, send_delta 11, trans_delta 2, recv_delta 13
P: seq 33460, size 1142, send_delta 12, trans_delta 1, recv_delta 13
P: seq 33461, size 1142, send_delta 14, trans_delta 1, recv_delta 15
RTP TS: 407239531, Frame Size: 26963, Encode 5, Net 15, Wait 45, Decode 6 E2E 71 
P: seq 33462, size 809, send_delta 0, trans_delta 1, recv_delta 1
P: seq 33463, size 809, send_delta 2, trans_delta 1, recv_delta 3
P: seq 33464, size 809, send_delta 2, trans_delta 1, recv_delta 3
P: seq 33465, size 897, send_delta 2, trans_delta 1, recv_delta 3
P: seq 33466, size 898, send_delta 4, trans_delta 1, recv_delta 5
P: seq 33467, size 898, send_delta 4, trans_delta 1, recv_delta 5
P: seq 33468, size 889, send_delta 4, trans_delta 1, recv_delta 5
P: seq 33469, size 889, send_delta 4, trans_delta 2, recv_delta 6
P: seq 33470, size 889, send_delta 4, trans_delta 2, recv_delta 6
P: seq 33471, size 869, send_delta 4, trans_delta 2, recv_delta 6
P: seq 33472, size 869, send_delta 6, trans_delta 1, recv_delta 7
P: seq 33473, size 870, send_delta 6, trans_delta 1, recv_delta 7
P: seq 33474, size 984, send_delta 6, trans_delta 1, recv_delta 7
P: seq 33475, size 985, send_delta 6, trans_delta 2, recv_delta 8
P: seq 33476, size 985, send_delta 6, trans_delta 3, recv_delta 9
P: seq 33477, size 985, send_delta 8, trans_delta 1, recv_delta 9
P: seq 33478, size 1063, send_delta 8, trans_delta 1, recv_delta 9
P: seq 33479, size 1063, send_delta 8, trans_delta 1, recv_delta 9
P: seq 33480, size 1064, send_delta 10, trans_delta 1, recv_delta 11
P: seq 33481, size 1000, send_delta 10, trans_delta 1, recv_delta 11
P: seq 33482, size 1000, send_delta 10, trans_delta 2, recv_delta 12
P: seq 33483, size 1001, send_delta 10, trans_delta 2, recv_delta 12
P: seq 33484, size 1001, send_delta 10, trans_delta 2, recv_delta 12
P: seq 33485, size 1026, send_delta 12, trans_delta 2, recv_delta 14
P: seq 33486, size 1026, send_delta 12, trans_delta 2, recv_delta 14
P: seq 33487, size 1026, send_delta 12, trans_delta 3, recv_delta 15
P: seq 33488, size 1026, send_delta 12, trans_delta 3, recv_delta 15
P: seq 33489, size 1027, send_delta 13, trans_delta 2, recv_delta 15
P: seq 33490, size 1027, send_delta 13, trans_delta 2, recv_delta 15
RTP TS: 407241151, Frame Size: 25237, Encode 4, Net 15, Wait 44, Decode 6 E2E 69 
P: seq 33491, size 900, send_delta 0, trans_delta 1, recv_delta 1
P: seq 33492, size 900, send_delta 2, trans_delta 0, recv_delta 2
P: seq 33493, size 900, send_delta 2, trans_delta 0, recv_delta 2
P: seq 33494, size 957, send_delta 2, trans_delta 1, recv_delta 3
P: seq 33495, size 958, send_delta 2, trans_delta 2, recv_delta 4
P: seq 33496, size 958, send_delta 2, trans_delta 2, recv_delta 4
P: seq 33497, size 810, send_delta 4, trans_delta 1, recv_delta 5
P: seq 33498, size 810, send_delta 4, trans_delta 1, recv_delta 5
P: seq 33499, size 810, send_delta 4, trans_delta 1, recv_delta 5
P: seq 33500, size 849, send_delta 6, trans_delta 1, recv_delta 7
P: seq 33501, size 849, send_delta 6, trans_delta 1, recv_delta 7
P: seq 33502, size 849, send_delta 6, trans_delta 1, recv_delta 7
P: seq 33503, size 1046, send_delta 6, trans_delta 2, recv_delta 8
P: seq 33504, size 1047, send_delta 6, trans_delta 2, recv_delta 8
P: seq 33505, size 1047, send_delta 6, trans_delta 3, recv_delta 9
P: seq 33506, size 1057, send_delta 7, trans_delta 2, recv_delta 9
P: seq 33507, size 1058, send_delta 7, trans_delta 2, recv_delta 9
P: seq 33508, size 1058, send_delta 7, trans_delta 3, recv_delta 10
P: seq 33509, size 1166, send_delta 8, trans_delta 2, recv_delta 10
P: seq 33510, size 1167, send_delta 9, trans_delta 1, recv_delta 10
P: seq 33511, size 1167, send_delta 11, trans_delta 1, recv_delta 12
P: seq 33512, size 1103, send_delta 11, trans_delta 1, recv_delta 12
P: seq 33513, size 1103, send_delta 11, trans_delta 2, recv_delta 13
P: seq 33514, size 1103, send_delta 11, trans_delta 2, recv_delta 13
P: seq 33515, size 1104, send_delta 11, trans_delta 2, recv_delta 13
P: seq 33516, size 1104, send_delta 14, trans_delta 1, recv_delta 15
RTP TS: 407242771, Frame Size: 33132, Encode 5, Net 18, Wait 42, Decode 7 E2E 72 
P: seq 33517, size 1155, send_delta 1, trans_delta 1, recv_delta 2
P: seq 33518, size 1156, send_delta 3, trans_delta 1, recv_delta 4
P: seq 33519, size 1156, send_delta 3, trans_delta 1, recv_delta 4
P: seq 33520, size 940, send_delta 3, trans_delta 2, recv_delta 5
P: seq 33521, size 940, send_delta 3, trans_delta 2, recv_delta 5
P: seq 33522, size 940, send_delta 5, trans_delta 1, recv_delta 6
P: seq 33523, size 941, send_delta 5, trans_delta 1, recv_delta 6
P: seq 33524, size 1124, send_delta 5, trans_delta 1, recv_delta 6
P: seq 33525, size 1125, send_delta 5, trans_delta 2, recv_delta 7
P: seq 33526, size 1125, send_delta 5, trans_delta 2, recv_delta 7
P: seq 33527, size 964, send_delta 7, trans_delta 1, recv_delta 8
P: seq 33528, size 964, send_delta 7, trans_delta 1, recv_delta 8
P: seq 33529, size 964, send_delta 7, trans_delta 2, recv_delta 9
P: seq 33530, size 965, send_delta 7, trans_delta 2, recv_delta 9
P: seq 33531, size 917, send_delta 9, trans_delta 0, recv_delta 9
P: seq 33532, size 917, send_delta 9, trans_delta 1, recv_delta 10
P: seq 33533, size 918, send_delta 9, trans_delta 1, recv_delta 10
P: seq 33534, size 918, send_delta 9, trans_delta 1, recv_delta 10
P: seq 33535, size 1192, send_delta 9, trans_delta 1, recv_delta 10
P: seq 33536, size 1192, send_delta 11, trans_delta 2, recv_delta 13
P: seq 33537, size 1192, send_delta 11, trans_delta 2, recv_delta 13
P: seq 33538, size 963, send_delta 11, trans_delta 3, recv_delta 14
P: seq 33539, size 963, send_delta 11, trans_delta 3, recv_delta 14
P: seq 33540, size 963, send_delta 13, trans_delta 1, recv_delta 14
P: seq 33541, size 963, send_delta 13, trans_delta 2, recv_delta 15
P: seq 33542, size 1196, send_delta 13, trans_delta 2, recv_delta 15
P: seq 33543, size 1196, send_delta 13, trans_delta 2, recv_delta 15
P: seq 33544, size 1196, send_delta 15, trans_delta 1, recv_delta 16
P: seq 33545, size 1196, send_delta 15, trans_delta 2, recv_delta 17
P: seq 33546, size 1196, send_delta 15, trans_delta 3, recv_delta 18
P: seq 33547, size 1197, send_delta 15, trans_delta 3, recv_delta 18
P: seq 33548, size 1197, send_delta 17, trans_delta 1, recv_delta 18
RTP TS: 407244391, Frame Size: 29286, Encode 5, Net 17, Wait 43, Decode 6 E2E 71 
P: seq 33549, size 1054, send_delta 0, trans_delta 1, recv_delta 1
P: seq 33550, size 1054, send_delta 2, trans_delta 1, recv_delta 3
P: seq 33551, size 1054, send_delta 2, trans_delta 1, recv_delta 3
P: seq 33552, size 1018, send_delta 2, trans_delta 2, recv_delta 4
P: seq 33553, size 1018, send_delta 2, trans_delta 2, recv_delta 4
P: seq 33554, size 1019, send_delta 4, trans_delta 1, recv_delta 5
P: seq 33555, size 1132, send_delta 4, trans_delta 1, recv_delta 5
P: seq 33556, size 1133, send_delta 5, trans_delta 2, recv_delta 7
P: seq 33557, size 1133, send_delta 5, trans_delta 2, recv_delta 7
P: seq 33558, size 944, send_delta 5, trans_delta 2, recv_delta 7
P: seq 33559, size 944, send_delta 8, trans_delta 1, recv_delta 9
P: seq 33560, size 944, send_delta 8, trans_delta 1, recv_delta 9
P: seq 33561, size 945, send_delta 8, trans_delta 1, recv_delta 9
P: seq 33562, size 972, send_delta 8, trans_delta 2, recv_delta 10
P: seq 33563, size 972, send_delta 8, trans_delta 2, recv_delta 10
P: seq 33564, size 973, send_delta 8, trans_delta 2, recv_delta 10
P: seq 33565, size 973, send_delta 8, trans_delta 3, recv_delta 11
P: seq 33566, size 947, send_delta 8, trans_delta 3, recv_delta 11
P: seq 33567, size 947, send_delta 10, trans_delta 2, recv_delta 12
P: seq 33568, size 947, send_delta 10, trans_delta 2, recv_delta 12
P: seq 33569, size 948, send_delta 10, trans_delta 2, recv_delta 12
P: seq 33570, size 1030, send_delta 10, trans_delta 3, recv_delta 13
P: seq 33571, size 1030, send_delta 10, trans_delta 3, recv_delta 13
P: seq 33572, size 1031, send_delta 13, trans_delta 1, recv_delta 14
P: seq 33573, size 1169, send_delta 13, trans_delta 1, recv_delta 14
P: seq 33574, size 1169, send_delta 13, trans_delta 1, recv_delta 14
P: seq 33575, size 1169, send_delta 13, trans_delta 2, recv_delta 15
P: seq 33576, size 1169, send_delta 15, trans_delta 1, recv_delta 16
P: seq 33577, size 1169, send_delta 16, trans_delta 1, recv_delta 17
RTP TS: 407246011, Frame Size: 27686, Encode 5, Net 15, Wait 45, Decode 6 E2E 71 
P: seq 33578, size 873, send_delta 0, trans_delta 1, recv_delta 1
P: seq 33579, size 873, send_delta 2, trans_delta 1, recv_delta 3
P: seq 33580, size 873, send_delta 2, trans_delta 1, recv_delta 3
P: seq 33581, size 994, send_delta 2, trans_delta 1, recv_delta 3
P: seq 33582, size 994, send_delta 2, trans_delta 2, recv_delta 4
P: seq 33583, size 995, send_delta 2, trans_delta 2, recv_delta 4
P: seq 33584, size 996, send_delta 4, trans_delta 2, recv_delta 6
P: seq 33585, size 996, send_delta 4, trans_delta 2, recv_delta 6
P: seq 33586, size 996, send_delta 5, trans_delta 2, recv_delta 7
P: seq 33587, size 989, send_delta 5, trans_delta 2, recv_delta 7
P: seq 33588, size 989, send_delta 5, trans_delta 2, recv_delta 7
P: seq 33589, size 989, send_delta 6, trans_delta 2, recv_delta 8
P: seq 33590, size 913, send_delta 6, trans_delta 2, recv_delta 8
P: seq 33591, size 913, send_delta 6, trans_delta 2, recv_delta 8
P: seq 33592, size 913, send_delta 7, trans_delta 1, recv_delta 8
P: seq 33593, size 913, send_delta 7, trans_delta 1, recv_delta 8
P: seq 33594, size 938, send_delta 7, trans_delta 1, recv_delta 8
P: seq 33595, size 939, send_delta 9, trans_delta 1, recv_delta 10
P: seq 33596, size 939, send_delta 9, trans_delta 1, recv_delta 10
P: seq 33597, size 939, send_delta 9, trans_delta 1, recv_delta 10
P: seq 33598, size 990, send_delta 9, trans_delta 2, recv_delta 11
P: seq 33599, size 990, send_delta 9, trans_delta 2, recv_delta 11
P: seq 33600, size 990, send_delta 11, trans_delta 1, recv_delta 12
P: seq 33601, size 991, send_delta 11, trans_delta 1, recv_delta 12
P: seq 33602, size 1096, send_delta 11, trans_delta 2, recv_delta 13
P: seq 33603, size 1096, send_delta 11, trans_delta 2, recv_delta 13
P: seq 33604, size 1096, send_delta 13, trans_delta 2, recv_delta 15
P: seq 33605, size 1097, send_delta 13, trans_delta 2, recv_delta 15
P: seq 33606, size 1097, send_delta 13, trans_delta 2, recv_delta 15
RTP TS: 407247631, Frame Size: 26580, Encode 5, Net 14, Wait 46, Decode 6 E2E 71 
P: seq 33607, size 965, send_delta 0, trans_delta 1, recv_delta 1
P: seq 33608, size 965, send_delta 2, trans_delta 0, recv_delta 2
P: seq 33609, size 965, send_delta 2, trans_delta 2, recv_delta 4
P: seq 33610, size 1195, send_delta 2, trans_delta 2, recv_delta 4
P: seq 33611, size 1195, send_delta 2, trans_delta 3, recv_delta 5
P: seq 33612, size 824, send_delta 2, trans_delta 3, recv_delta 5
P: seq 33613, size 825, send_delta 4, trans_delta 2, recv_delta 6
P: seq 33614, size 825, send_delta 4, trans_delta 2, recv_delta 6
P: seq 33615, size 907, send_delta 4, trans_delta 2, recv_delta 6
P: seq 33616, size 907, send_delta 4, trans_delta 3, recv_delta 7
P: seq 33617, size 907, send_delta 4, trans_delta 3, recv_delta 7
P: seq 33618, size 1041, send_delta 7, trans_delta 2, recv_delta 9
P: seq 33619, size 1041, send_delta 7, trans_delta 2, recv_delta 9
P: seq 33620, size 1042, send_delta 7, trans_delta 3, recv_delta 10
P: seq 33621, size 1185, send_delta 8, trans_delta 2, recv_delta 10
P: seq 33622, size 1186, send_delta 8, trans_delta 2, recv_delta 10
P: seq 33623, size 1186, send_delta 8, trans_delta 3, recv_delta 11
P: seq 33624, size 1041, send_delta 8, trans_delta 3, recv_delta 11
P: seq 33625, size 1041, send_delta 10, trans_delta 2, recv_delta 12
P: seq 33626, size 1042, send_delta 10, trans_delta 2, recv_delta 12
P: seq 33627, size 1042, send_delta 10, trans_delta 2, recv_delta 12
P: seq 33628, size 1179, send_delta 10, trans_delta 3, recv_delta 13
P: seq 33629, size 1179, send_delta 12, trans_delta 1, recv_delta 13
P: seq 33630, size 1179, send_delta 12, trans_delta 1, recv_delta 13
P: seq 33631, size 1179, send_delta 12, trans_delta 2, recv_delta 14
P: seq 33632, size 1180, send_delta 12, trans_delta 2, recv_delta 14
RTP TS: 407249251, Frame Size: 26479, Encode 5, Net 14, Wait 46, Decode 6 E2E 71 
P: seq 33633, size 978, send_delta 0, trans_delta 1, recv_delta 1
P: seq 33634, size 978, send_delta 2, trans_delta 1, recv_delta 3
P: seq 33635, size 978, send_delta 2, trans_delta 1, recv_delta 3
P: seq 33636, size 859, send_delta 2, trans_delta 1, recv_delta 3
P: seq 33637, size 859, send_delta 2, trans_delta 3, recv_delta 5
P: seq 33638, size 859, send_delta 2, trans_delta 3, recv_delta 5
P: seq 33639, size 1010, send_delta 4, trans_delta 1, recv_delta 5
P: seq 33640, size 1010, send_delta 4, trans_delta 1, recv_delta 5
P: seq 33641, size 1011, send_delta 4, trans_delta 2, recv_delta 6
P: seq 33642, size 1159, send_delta 6, trans_delta 1, recv_delta 7
P: seq 33643, size 1160, send_delta 6, trans_delta 1, recv_delta 7
P: seq 33644, size 906, send_delta 6, trans_delta 2, recv_delta 8
P: seq 33645, size 906, send_delta 6, trans_delta 2, recv_delta 8
P: seq 33646, size 906, send_delta 6, trans_delta 2, recv_delta 8
P: seq 33647, size 1145, send_delta 7, trans_delta 2, recv_delta 9
P: seq 33648, size 1146, send_delta 7, trans_delta 2, recv_delta 9
P: seq 33649, size 1146, send_delta 7, trans_delta 3, recv_delta 10
P: seq 33650, size 1142, send_delta 8, trans_delta 2, recv_delta 10
P: seq 33651, size 1142, send_delta 9, trans_delta 1, recv_delta 10
P: seq 33652, size 1142, send_delta 11, trans_delta 1, recv_delta 12
P: seq 33653, size 1142, send_delta 11, trans_delta 1, recv_delta 12
P: seq 33654, size 1107, send_delta 11, trans_delta 1, recv_delta 12
P: seq 33655, size 1107, send_delta 11, trans_delta 1, recv_delta 12
P: seq 33656, size 1108, send_delta 11, trans_delta 2, recv_delta 13
P: seq 33657, size 1108, send_delta 13, trans_delta 1, recv_delta 14
P: seq 33658, size 1108, send_delta 13, trans_delta 1, recv_delta 14
RTP TS: 407250871, Frame Size: 25964, Encode 4, Net 15, Wait 45, Decode 6 E2E 70 
P: seq 33659, size 1086, send_delta 0, trans_delta 1, recv_delta 1
P: seq 33660, size 1087, send_delta 3, trans_delta 1, recv_delta 4
P: seq 33661, size 1087, send_delta 3, trans_delta 1, recv_delta 4
P: seq 33662, size 1016, send_delta 3, trans_delta 2, recv_delta 5
P: seq 33663, size 1016, send_delta 3, trans_delta 2, recv_delta 5
P: seq 33664, size 1016, send_delta 4, trans_delta 1, recv_delta 5
P: seq 33665, size 971, send_delta 4, trans_delta 2, recv_delta 6
P: seq 33666, size 972, send_delta 4, trans_delta 2, recv_delta 6
P: seq 33667, size 972, send_delta 5, trans_delta 1, recv_delta 6
P: seq 33668, size 988, send_delta 5, trans_delta 2, recv_delta 7
P: seq 33669, size 989, send_delta 5, trans_delta 2, recv_delta 7
P: seq 33670, size 844, send_delta 7, trans_delta 1, recv_delta 8
P: seq 33671, size 845, send_delta 7, trans_delta 1, recv_delta 8
P: seq 33672, size 845, send_delta 7, trans_delta 1, recv_delta 8
P: seq 33673, size 1185, send_delta 7, trans_delta 2, recv_delta 9
P: seq 33674, size 1185, send_delta 7, trans_delta 2, recv_delta 9
P: seq 33675, size 1186, send_delta 9, trans_delta 1, recv_delta 10
P: seq 33676, size 1023, send_delta 9, trans_delta 1, recv_delta 10
P: seq 33677, size 1023, send_delta 9, trans_delta 2, recv_delta 11
P: seq 33678, size 1024, send_delta 11, trans_delta 1, recv_delta 12
P: seq 33679, size 1024, send_delta 11, trans_delta 1, recv_delta 12
P: seq 33680, size 1044, send_delta 11, trans_delta 2, recv_delta 13
P: seq 33681, size 1044, send_delta 11, trans_delta 2, recv_delta 13
P: seq 33682, size 1045, send_delta 13, trans_delta 1, recv_delta 14
P: seq 33683, size 1045, send_delta 13, trans_delta 1, recv_delta 14
P: seq 33684, size 1045, send_delta 13, trans_delta 1, recv_delta 14
RTP TS: 407252491, Frame Size: 26387, Encode 5, Net 14, Wait 45, Decode 6 E2E 70 
P: seq 33685, size 1175, send_delta 0, trans_delta 2, recv_delta 2
P: seq 33686, size 1175, send_delta 3, trans_delta 1, recv_delta 4
P: seq 33687, size 1176, send_delta 3, trans_delta 1, recv_delta 4
P: seq 33688, size 1131, send_delta 3, trans_delta 2, recv_delta 5
P: seq 33689, size 1131, send_delta 3, trans_delta 2, recv_delta 5
P: seq 33690, size 1131, send_delta 5, trans_delta 1, recv_delta 6
P: seq 33691, size 1072, send_delta 5, trans_delta 1, recv_delta 6
P: seq 33692, size 1073, send_delta 5, trans_delta 1, recv_delta 6
P: seq 33693, size 1073, send_delta 5, trans_delta 2, recv_delta 7
P: seq 33694, size 1025, send_delta 7, trans_delta 2, recv_delta 9
P: seq 33695, size 1025, send_delta 7, trans_delta 2, recv_delta 9
P: seq 33696, size 955, send_delta 7, trans_delta 3, recv_delta 10
P: seq 33697, size 955, send_delta 7, trans_delta 3, recv_delta 10
P: seq 33698, size 956, send_delta 8, trans_delta 2, recv_delta 10
P: seq 33699, size 1071, send_delta 8, trans_delta 3, recv_delta 11
P: seq 33700, size 1072, send_delta 8, trans_delta 3, recv_delta 11
P: seq 33701, size 1072, send_delta 10, trans_delta 1, recv_delta 11
P: seq 33702, size 976, send_delta 10, trans_delta 2, recv_delta 12
P: seq 33703, size 976, send_delta 10, trans_delta 2, recv_delta 12
P: seq 33704, size 976, send_delta 10, trans_delta 2, recv_delta 12
P: seq 33705, size 976, send_delta 10, trans_delta 3, recv_delta 13
P: seq 33706, size 976, send_delta 12, trans_delta 1, recv_delta 13
P: seq 33707, size 970, send_delta 12, trans_delta 1, recv_delta 13
P: seq 33708, size 970, send_delta 12, trans_delta 1, recv_delta 13
P: seq 33709, size 971, send_delta 12, trans_delta 1, recv_delta 13
P: seq 33710, size 971, send_delta 12, trans_delta 2, recv_delta 14
RTP TS: 407254111, Frame Size: 19790, Encode 3, Net 12, Wait 47, Decode 5 E2E 67 
P: seq 33711, size 949, send_delta 0, trans_delta 2, recv_delta 2
P: seq 33712, size 950, send_delta 2, trans_delta 1, recv_delta 3
P: seq 33713, size 857, send_delta 2, trans_delta 1, recv_delta 3
P: seq 33714, size 858, send_delta 2, trans_delta 1, recv_delta 3
P: seq 33715, size 885, send_delta 2, trans_delta 2, recv_delta 4
P: seq 33716, size 886, send_delta 4, trans_delta 1, recv_delta 5
P: seq 33717, size 886, send_delta 4, trans_delta 1, recv_delta 5
P: seq 33718, size 956, send_delta 4, trans_delta 1, recv_delta 5
P: seq 33719, size 957, send_delta 4, trans_delta 3, recv_delta 7
P: seq 33720, size 912, send_delta 5, trans_delta 2, recv_delta 7
P: seq 33721, size 912, send_delta 6, trans_delta 1, recv_delta 7
P: seq 33722, size 912, send_delta 6, trans_delta 2, recv_delta 8
P: seq 33723, size 941, send_delta 6, trans_delta 3, recv_delta 9
P: seq 33724, size 941, send_delta 7, trans_delta 2, recv_delta 9
P: seq 33725, size 941, send_delta 7, trans_delta 2, recv_delta 9
P: seq 33726, size 1084, send_delta 7, trans_delta 3, recv_delta 10
P: seq 33727, size 1085, send_delta 9, trans_delta 1, recv_delta 10
P: seq 33728, size 1085, send_delta 9, trans_delta 1, recv_delta 10
P: seq 33729, size 1102, send_delta 9, trans_delta 2, recv_delta 11
P: seq 33730, size 1102, send_delta 9, trans_delta 3, recv_delta 12
P: seq 33731, size 1102, send_delta 9, trans_delta 3, recv_delta 12
RTP TS: 407255911, Frame Size: 19760, Encode 5, Net 12, Wait 47, Decode 5 E2E 69 
P: seq 33732, size 721, send_delta 1, trans_delta 1, recv_delta 2
P: seq 33733, size 721, send_delta 3, trans_delta 1, recv_delta 4
P: seq 33734, size 864, send_delta 3, trans_delta 2, recv_delta 5
P: seq 33735, size 865, send_delta 3, trans_delta 2, recv_delta 5
P: seq 33736, size 929, send_delta 3, trans_delta 2, recv_delta 5
P: seq 33737, size 930, send_delta 3, trans_delta 3, recv_delta 6
P: seq 33738, size 930, send_delta 3, trans_delta 3, recv_delta 6
P: seq 33739, size 1064, send_delta 5, trans_delta 1, recv_delta 6
P: seq 33740, size 1064, send_delta 5, trans_delta 2, recv_delta 7
P: seq 33741, size 825, send_delta 5, trans_delta 2, recv_delta 7
P: seq 33742, size 825, send_delta 5, trans_delta 3, recv_delta 8
P: seq 33743, size 826, send_delta 5, trans_delta 3, recv_delta 8
P: seq 33744, size 1148, send_delta 8, trans_delta 0, recv_delta 8
P: seq 33745, size 1149, send_delta 8, trans_delta 1, recv_delta 9
P: seq 33746, size 1082, send_delta 8, trans_delta 2, recv_delta 10
P: seq 33747, size 1083, send_delta 8, trans_delta 2, recv_delta 10
P: seq 33748, size 1083, send_delta 8, trans_delta 2, recv_delta 10
P: seq 33749, size 1041, send_delta 8, trans_delta 3, recv_delta 11
P: seq 33750, size 1041, send_delta 10, trans_delta 1, recv_delta 11
P: seq 33751, size 1041, send_delta 10, trans_delta 2, recv_delta 12
P: seq 33752, size 1041, send_delta 10, trans_delta 2, recv_delta 12
RTP TS: 407257531, Frame Size: 21039, Encode 4, Net 13, Wait 47, Decode 5 E2E 69 
P: seq 33753, size 1039, send_delta 0, trans_delta 1, recv_delta 1
P: seq 33754, size 1040, send_delta 2, trans_delta 1, recv_delta 3
P: seq 33755, size 1052, send_delta 2, trans_delta 1, recv_delta 3
P: seq 33756, size 1052, send_delta 2, trans_delta 2, recv_delta 4
P: seq 33757, size 1042, send_delta 2, trans_delta 2, recv_delta 4
P: seq 33758, size 1042, send_delta 4, trans_delta 2, recv_delta 6
P: seq 33759, size 1043, send_delta 5, trans_delta 1, recv_delta 6
P: seq 33760, size 1167, send_delta 5, trans_delta 2, recv_delta 7
P: seq 33761, size 1168, send_delta 5, trans_delta 2, recv_delta 7
P: seq 33762, size 810, send_delta 5, trans_delta 2, recv_delta 7
P: seq 33763, size 810, send_delta 5, trans_delta 3, recv_delta 8
P: seq 33764, size 810, send_delta 7, trans_delta 1, recv_delta 8
P: seq 33765, size 840, send_delta 7, trans_delta 1, recv_delta 8
P: seq 33766, size 840, send_delta 7, trans_delta 1, recv_delta 8
P: seq 33767, size 840, send_delta 7, trans_delta 2, recv_delta 9
P: seq 33768, size 1038, send_delta 7, trans_delta 3, recv_delta 10
P: seq 33769, size 1038, send_delta 9, trans_delta 2, recv_delta 11
P: seq 33770, size 1038, send_delta 9, trans_delta 2, recv_delta 11
P: seq 33771, size 967, send_delta 9, trans_delta 3, recv_delta 12
P: seq 33772, size 967, send_delta 10, trans_delta 2, recv_delta 12
P: seq 33773, size 967, send_delta 10, trans_delta 2, recv_delta 12
P: seq 33774, size 968, send_delta 10, trans_delta 3, recv_delta 13
RTP TS: 407259151, Frame Size: 21471, Encode 4, Net 13, Wait 48, Decode 5 E2E 70 
P: seq 33775, size 851, send_delta 0, trans_delta 1, recv_delta 1
P: seq 33776, size 852, send_delta 2, trans_delta 1, recv_delta 3
P: seq 33777, size 852, send_delta 2, trans_delta 1, recv_delta 3
P: seq 33778, size 977, send_delta 2, trans_delta 1, recv_delta 3
P: seq 33779, size 977, send_delta 2, trans_delta 2, recv_delta 4
P: seq 33780, size 977, send_delta 2, trans_delta 2, recv_delta 4
P: seq 33781, size 881, send_delta 4, trans_delta 1, recv_delta 5
P: seq 33782, size 881, send_delta 4, trans_delta 1, recv_delta 5
P: seq 33783, size 881, send_delta 4, trans_delta 1, recv_delta 5
P: seq 33784, size 832, send_delta 4, trans_delta 2, recv_delta 6
P: seq 33785, size 833, send_delta 4, trans_delta 3, recv_delta 7
P: seq 33786, size 833, send_delta 6, trans_delta 1, recv_delta 7
P: seq 33787, size 1108, send_delta 6, trans_delta 1, recv_delta 7
P: seq 33788, size 1109, send_delta 6, trans_delta 2, recv_delta 8
P: seq 33789, size 862, send_delta 6, trans_delta 2, recv_delta 8
P: seq 33790, size 863, send_delta 6, trans_delta 2, recv_delta 8
P: seq 33791, size 863, send_delta 8, trans_delta 2, recv_delta 10
P: seq 33792, size 945, send_delta 9, trans_delta 2, recv_delta 11
P: seq 33793, size 945, send_delta 9, trans_delta 2, recv_delta 11
P: seq 33794, size 946, send_delta 9, trans_delta 2, recv_delta 11
P: seq 33795, size 948, send_delta 9, trans_delta 3, recv_delta 12
P: seq 33796, size 948, send_delta 11, trans_delta 1, recv_delta 12
P: seq 33797, size 949, send_delta 11, trans_delta 1, recv_delta 12
P: seq 33798, size 949, send_delta 11, trans_delta 2, recv_delta 13
RTP TS: 407260681, Frame Size: 22125, Encode 4, Net 13, Wait 45, Decode 6 E2E 68 
P: seq 33799, size 987, send_delta 0, trans_delta 1, recv_delta 1
P: seq 33800, size 988, send_delta 2, trans_delta 0, recv_delta 2
P: seq 33801, size 988, send_delta 2, trans_delta 2, recv_delta 4
P: seq 33802, size 948, send_delta 2, trans_delta 2, recv_delta 4
P: seq 33803, size 949, send_delta 2, trans_delta 3, recv_delta 5
P: seq 33804, size 949, send_delta 2, trans_delta 3, recv_delta 5
P: seq 33805, size 872, send_delta 5, trans_delta 1, recv_delta 6
P: seq 33806, size 873, send_delta 5, trans_delta 1, recv_delta 6
P: seq 33807, size 873, send_delta 5, trans_delta 1, recv_delta 6
P: seq 33808, size 1042, send_delta 5, trans_delta 2, recv_delta 7
P: seq 33809, size 1043, send_delta 5, trans_delta 2, recv_delta 7
P: seq 33810, size 1143, send_delta 5, trans_delta 3, recv_delta 8
P: seq 33811, size 1143, send_delta 7, trans_delta 1, recv_delta 8
P: seq 33812, size 885, send_delta 7, trans_delta 1, recv_delta 8
P: seq 33813, size 886, send_delta 7, trans_delta 2, recv_delta 9
P: seq 33814, size 886, send_delta 7, trans_delta 2, recv_delta 9
P: seq 33815, size 1033, send_delta 7, trans_delta 3, recv_delta 10
P: seq 33816, size 1033, send_delta 10, trans_delta 1, recv_delta 11
P: seq 33817, size 1033, send_delta 10, trans_delta 2, recv_delta 12
P: seq 33818, size 1034, send_delta 10, trans_delta 2, recv_delta 12
P: seq 33819, size 1034, send_delta 10, trans_delta 2, recv_delta 12
P: seq 33820, size 1034, send_delta 10, trans_delta 3, recv_delta 13
P: seq 33821, size 1034, send_delta 11, trans_delta 2, recv_delta 13
RTP TS: 407262301, Frame Size: 21781, Encode 4, Net 13, Wait 46, Decode 5 E2E 68 
P: seq 33822, size 861, send_delta 0, trans_delta 1, recv_delta 1
P: seq 33823, size 862, send_delta 1, trans_delta 0, recv_delta 1
P: seq 33824, size 862, send_delta 1, trans_delta 0, recv_delta 1
P: seq 33825, size 852, send_delta 1, trans_delta 0, recv_delta 1
P: seq 33826, size 852, send_delta 2, trans_delta 2, recv_delta 4
P: seq 33827, size 852, send_delta 2, trans_delta 3, recv_delta 5
P: seq 33828, size 862, send_delta 3, trans_delta 2, recv_delta 5
P: seq 33829, size 862, send_delta 3, trans_delta 2, recv_delta 5
P: seq 33830, size 863, send_delta 5, trans_delta 1, recv_delta 6
P: seq 33831, size 841, send_delta 5, trans_delta 1, recv_delta 6
P: seq 33832, size 842, send_delta 5, trans_delta 1, recv_delta 6
P: seq 33833, size 1146, send_delta 5, trans_delta 2, recv_delta 7
P: seq 33834, size 1146, send_delta 5, trans_delta 2, recv_delta 7
P: seq 33835, size 888, send_delta 6, trans_delta 1, recv_delta 7
P: seq 33836, size 888, send_delta 6, trans_delta 2, recv_delta 8
P: seq 33837, size 888, send_delta 6, trans_delta 3, recv_delta 9
P: seq 33838, size 1020, send_delta 6, trans_delta 3, recv_delta 9
P: seq 33839, size 1021, send_delta 7, trans_delta 2, recv_delta 9
P: seq 33840, size 1021, send_delta 8, trans_delta 2, recv_delta 10
P: seq 33841, size 988, send_delta 10, trans_delta 1, recv_delta 11
P: seq 33842, size 988, send_delta 10, trans_delta 2, recv_delta 12
P: seq 33843, size 989, send_delta 10, trans_delta 2, recv_delta 12
P: seq 33844, size 989, send_delta 10, trans_delta 2, recv_delta 12
P: seq 33845, size 989, send_delta 10, trans_delta 2, recv_delta 12
RTP TS: 407263921, Frame Size: 23715, Encode 4, Net 13, Wait 44, Decode 6 E2E 67 
P: seq 33846, size 1027, send_delta 0, trans_delta 1, recv_delta 1
P: seq 33847, size 1028, send_delta 2, trans_delta 1, recv_delta 3
P: seq 33848, size 1028, send_delta 2, trans_delta 2, recv_delta 4
P: seq 33849, size 1134, send_delta 2, trans_delta 2, recv_delta 4
P: seq 33850, size 1134, send_delta 2, trans_delta 3, recv_delta 5
P: seq 33851, size 1134, send_delta 2, trans_delta 4, recv_delta 6
P: seq 33852, size 886, send_delta 4, trans_delta 2, recv_delta 6
P: seq 33853, size 886, send_delta 4, trans_delta 2, recv_delta 6
P: seq 33854, size 887, send_delta 4, trans_delta 2, recv_delta 6
P: seq 33855, size 946, send_delta 5, trans_delta 2, recv_delta 7
P: seq 33856, size 947, send_delta 5, trans_delta 2, recv_delta 7
P: seq 33857, size 861, send_delta 5, trans_delta 2, recv_delta 7
P: seq 33858, size 861, send_delta 6, trans_delta 2, recv_delta 8
P: seq 33859, size 861, send_delta 6, trans_delta 2, recv_delta 8
P: seq 33860, size 1122, send_delta 6, trans_delta 2, recv_delta 8
P: seq 33861, size 1122, send_delta 6, trans_delta 3, recv_delta 9
P: seq 33862, size 963, send_delta 9, trans_delta 0, recv_delta 9
P: seq 33863, size 963, send_delta 9, trans_delta 0, recv_delta 9
P: seq 33864, size 963, send_delta 9, trans_delta 1, recv_delta 10
P: seq 33865, size 963, send_delta 9, trans_delta 2, recv_delta 11
P: seq 33866, size 1147, send_delta 9, trans_delta 2, recv_delta 11
P: seq 33867, size 1147, send_delta 11, trans_delta 1, recv_delta 12
P: seq 33868, size 1148, send_delta 11, trans_delta 1, recv_delta 12
P: seq 33869, size 1148, send_delta 11, trans_delta 2, recv_delta 13
RTP TS: 407265541, Frame Size: 22889, Encode 4, Net 14, Wait 44, Decode 6 E2E 68 
P: seq 33870, size 1022, send_delta 1, trans_delta 1, recv_delta 2
P: seq 33871, size 1022, send_delta 3, trans_delta 1, recv_delta 4
P: seq 33872, size 1023, send_delta 3, trans_delta 2, recv_delta 5
P: seq 33873, size 843, send_delta 3, trans_delta 2, recv_delta 5
P: seq 33874, size 844, send_delta 3, trans_delta 2, recv_delta 5
P: seq 33875, size 844, send_delta 3, trans_delta 2, recv_delta 5
P: seq 33876, size 925, send_delta 5, trans_delta 1, recv_delta 6
P: seq 33877, size 925, send_delta 6, trans_delta 1, recv_delta 7
P: seq 33878, size 925, send_delta 6, trans_delta 1, recv_delta 7
P: seq 33879, size 984, send_delta 6, trans_delta 2, recv_delta 8
P: seq 33880, size 985, send_delta 6, trans_delta 3, recv_delta 9
P: seq 33881, size 831, send_delta 6, trans_delta 3, recv_delta 9
P: seq 33882, size 831, send_delta 6, trans_delta 3, recv_delta 9
P: seq 33883, size 831, send_delta 8, trans_delta 2, recv_delta 10
P: seq 33884, size 815, send_delta 8, trans_delta 2, recv_delta 10
P: seq 33885, size 816, send_delta 8, trans_delta 2, recv_delta 10
P: seq 33886, size 816, send_delta 8, trans_delta 2, recv_delta 10
P: seq 33887, size 1026, send_delta 8, trans_delta 3, recv_delta 11
P: seq 33888, size 1027, send_delta 8, trans_delta 4, recv_delta 12
P: seq 33889, size 1027, send_delta 10, trans_delta 2, recv_delta 12
P: seq 33890, size 1028, send_delta 10, trans_delta 2, recv_delta 12
P: seq 33891, size 1029, send_delta 10, trans_delta 3, recv_delta 13
P: seq 33892, size 1029, send_delta 10, trans_delta 3, recv_delta 13
P: seq 33893, size 1029, send_delta 12, trans_delta 1, recv_delta 13
P: seq 33894, size 1029, send_delta 12, trans_delta 2, recv_delta 14
RTP TS: 407267161, Frame Size: 24925, Encode 4, Net 15, Wait 43, Decode 6 E2E 68 
P: seq 33895, size 1178, send_delta 1, trans_delta 1, recv_delta 2
P: seq 33896, size 1179, send_delta 3, trans_delta 1, recv_delta 4
P: seq 33897, size 1179, send_delta 3, trans_delta 1, recv_delta 4
P: seq 33898, size 887, send_delta 3, trans_delta 2, recv_delta 5
P: seq 33899, size 887, send_delta 3, trans_delta 2, recv_delta 5
P: seq 33900, size 887, send_delta 3, trans_delta 2, recv_delta 5
P: seq 33901, size 937, send_delta 5, trans_delta 2, recv_delta 7
P: seq 33902, size 937, send_delta 5, trans_delta 2, recv_delta 7
P: seq 33903, size 938, send_delta 5, trans_delta 2, recv_delta 7
P: seq 33904, size 975, send_delta 5, trans_delta 3, recv_delta 8
P: seq 33905, size 976, send_delta 6, trans_delta 2, recv_delta 8
P: seq 33906, size 1176, send_delta 6, trans_delta 3, recv_delta 9
P: seq 33907, size 1176, send_delta 8, trans_delta 1, recv_delta 9
P: seq 33908, size 875, send_delta 8, trans_delta 2, recv_delta 10
P: seq 33909, size 875, send_delta 8, trans_delta 2, recv_delta 10
P: seq 33910, size 876, send_delta 8, trans_delta 2, recv_delta 10
P: seq 33911, size 1004, send_delta 8, trans_delta 3, recv_delta 11
P: seq 33912, size 1004, send_delta 10, trans_delta 2, recv_delta 12
P: seq 33913, size 1004, send_delta 10, trans_delta 3, recv_delta 13
P: seq 33914, size 1004, send_delta 10, trans_delta 3, recv_delta 13
P: seq 33915, size 1117, send_delta 10, trans_delta 4, recv_delta 14
P: seq 33916, size 1117, send_delta 11, trans_delta 3, recv_delta 14
P: seq 33917, size 1118, send_delta 11, trans_delta 3, recv_delta 14
P: seq 33918, size 1118, send_delta 13, trans_delta 2, recv_delta 15
P: seq 33919, size 1118, send_delta 13, trans_delta 2, recv_delta 15
RTP TS: 407268781, Frame Size: 23436, Encode 4, Net 15, Wait 44, Decode 6 E2E 69 
P: seq 33920, size 914, send_delta 0, trans_delta 2, recv_delta 2
P: seq 33921, size 914, send_delta 3, trans_delta 1, recv_delta 4
P: seq 33922, size 915, send_delta 3, trans_delta 1, recv_delta 4
P: seq 33923, size 982, send_delta 3, trans_delta 1, recv_delta 4
P: seq 33924, size 982, send_delta 3, trans_delta 2, recv_delta 5
P: seq 33925, size 982, send_delta 3, trans_delta 2, recv_delta 5
P: seq 33926, size 926, send_delta 3, trans_delta 2, recv_delta 5
P: seq 33927, size 926, send_delta 5, trans_delta 2, recv_delta 7
P: seq 33928, size 926, send_delta 5, trans_delta 2, recv_delta 7
P: seq 33929, size 999, send_delta 5, trans_delta 2, recv_delta 7
P: seq 33930, size 999, send_delta 6, trans_delta 2, recv_delta 8
P: seq 33931, size 830, send_delta 6, trans_delta 2, recv_delta 8
P: seq 33932, size 830, send_delta 6, trans_delta 2, recv_delta 8
P: seq 33933, size 831, send_delta 8, trans_delta 1, recv_delta 9
P: seq 33934, size 1080, send_delta 8, trans_delta 1, recv_delta 9
P: seq 33935, size 1080, send_delta 8, trans_delta 2, recv_delta 10
P: seq 33936, size 1158, send_delta 8, trans_delta 2, recv_delta 10
P: seq 33937, size 1159, send_delta 8, trans_delta 3, recv_delta 11
P: seq 33938, size 1159, send_delta 10, trans_delta 2, recv_delta 12
P: seq 33939, size 1087, send_delta 10, trans_delta 2, recv_delta 12
P: seq 33940, size 1087, send_delta 10, trans_delta 3, recv_delta 13
P: seq 33941, size 1087, send_delta 10, trans_delta 4, recv_delta 14
P: seq 33942, size 1087, send_delta 10, trans_delta 4, recv_delta 14
P: seq 33943, size 1087, send_delta 12, trans_delta 2, recv_delta 14
RTP TS: 407270401, Frame Size: 22860, Encode 4, Net 13, Wait 46, Decode 5 E2E 68 
P: seq 33944, size 968, send_delta 0, trans_delta 1, recv_delta 1
P: seq 33945, size 968, send_delta 4, trans_delta 1, recv_delta 5
P: seq 33946, size 968, send_delta 4, trans_delta 1, recv_delta 5
P: seq 33947, size 1079, send_delta 4, trans_delta 2, recv_delta 6
P: seq 33948, size 1080, send_delta 4, trans_delta 2, recv_delta 6
P: seq 33949, size 1080, send_delta 4, trans_delta 2, recv_delta 6
P: seq 33950, size 858, send_delta 4, trans_delta 3, recv_delta 7
P: seq 33951, size 859, send_delta 4, trans_delta 3, recv_delta 7
P: seq 33952, size 859, send_delta 4, trans_delta 4, recv_delta 8
P: seq 33953, size 981, send_delta 4, trans_delta 4, recv_delta 8
P: seq 33954, size 981, send_delta 6, trans_delta 2, recv_delta 8
P: seq 33955, size 880, send_delta 6, trans_delta 3, recv_delta 9
P: seq 33956, size 881, send_delta 6, trans_delta 3, recv_delta 9
P: seq 33957, size 881, send_delta 6, trans_delta 3, recv_delta 9
P: seq 33958, size 896, send_delta 8, trans_delta 2, recv_delta 10
P: seq 33959, size 897, send_delta 8, trans_delta 2, recv_delta 10
P: seq 33960, size 1074, send_delta 8, trans_delta 2, recv_delta 10
P: seq 33961, size 1074, send_delta 8, trans_delta 3, recv_delta 11
P: seq 33962, size 1074, send_delta 8, trans_delta 4, recv_delta 12
P: seq 33963, size 1022, send_delta 11, trans_delta 1, recv_delta 12
P: seq 33964, size 1022, send_delta 11, trans_delta 2, recv_delta 13
P: seq 33965, size 1023, send_delta 11, trans_delta 2, recv_delta 13
P: seq 33966, size 1023, send_delta 11, trans_delta 2, recv_delta 13
P: seq 33967, size 1023, send_delta 11, trans_delta 2, recv_delta 13
RTP TS: 407272021, Frame Size: 22248, Encode 4, Net 12, Wait 47, Decode 5 E2E 68 
P: seq 33968, size 929, send_delta 0, trans_delta 1, recv_delta 1
P: seq 33969, size 929, send_delta 2, trans_delta 2, recv_delta 4
P: seq 33970, size 930, send_delta 3, trans_delta 1, recv_delta 4
P: seq 33971, size 994, send_delta 3, trans_delta 1, recv_delta 4
P: seq 33972, size 995, send_delta 3, trans_delta 1, recv_delta 4
P: seq 33973, size 995, send_delta 3, trans_delta 2, recv_delta 5
P: seq 33974, size 1126, send_delta 5, trans_delta 1, recv_delta 6
P: seq 33975, size 1126, send_delta 5, trans_delta 1, recv_delta 6
P: seq 33976, size 971, send_delta 5, trans_delta 1, recv_delta 6
P: seq 33977, size 971, send_delta 5, trans_delta 1, recv_delta 6
P: seq 33978, size 1174, send_delta 5, trans_delta 2, recv_delta 7
P: seq 33979, size 1175, send_delta 5, trans_delta 2, recv_delta 7
P: seq 33980, size 1047, send_delta 7, trans_delta 2, recv_delta 9
P: seq 33981, size 1047, send_delta 7, trans_delta 2, recv_delta 9
P: seq 33982, size 924, send_delta 7, trans_delta 3, recv_delta 10
P: seq 33983, size 924, send_delta 7, trans_delta 3, recv_delta 10
P: seq 33984, size 925, send_delta 9, trans_delta 1, recv_delta 10
P: seq 33985, size 1121, send_delta 9, trans_delta 1, recv_delta 10
P: seq 33986, size 1121, send_delta 9, trans_delta 1, recv_delta 10
P: seq 33987, size 1121, send_delta 11, trans_delta 1, recv_delta 12
P: seq 33988, size 1121, send_delta 11, trans_delta 1, recv_delta 12
P: seq 33989, size 1121, send_delta 11, trans_delta 1, recv_delta 12
RTP TS: 407273551, Frame Size: 20875, Encode 4, Net 11, Wait 47, Decode 5 E2E 67 
P: seq 33990, size 948, send_delta 0, trans_delta 1, recv_delta 1
P: seq 33991, size 948, send_delta 1, trans_delta 1, recv_delta 2
P: seq 33992, size 948, send_delta 1, trans_delta 1, recv_delta 2
P: seq 33993, size 923, send_delta 2, trans_delta 1, recv_delta 3
P: seq 33994, size 924, send_delta 2, trans_delta 1, recv_delta 3
P: seq 33995, size 924, send_delta 4, trans_delta 2, recv_delta 6
P: seq 33996, size 1031, send_delta 4, trans_delta 2, recv_delta 6
P: seq 33997, size 1031, send_delta 4, trans_delta 3, recv_delta 7
P: seq 33998, size 1140, send_delta 4, trans_delta 3, recv_delta 7
P: seq 33999, size 1141, send_delta 5, trans_delta 2, recv_delta 7
P: seq 34000, size 928, send_delta 7, trans_delta 0, recv_delta 7
P: seq 34001, size 928, send_delta 7, trans_delta 1, recv_delta 8
P: seq 34002, size 974, send_delta 7, trans_delta 1, recv_delta 8
P: seq 34003, size 975, send_delta 7, trans_delta 1, recv_delta 8
P: seq 34004, size 1006, send_delta 7, trans_delta 2, recv_delta 9
P: seq 34005, size 1006, send_delta 7, trans_delta 2, recv_delta 9
P: seq 34006, size 1122, send_delta 7, trans_delta 2, recv_delta 9
P: seq 34007, size 1122, send_delta 9, trans_delta 1, recv_delta 10
P: seq 34008, size 1123, send_delta 9, trans_delta 1, recv_delta 10
P: seq 34009, size 1123, send_delta 9, trans_delta 1, recv_delta 10
P: seq 34010, size 1123, send_delta 9, trans_delta 2, recv_delta 11
RTP TS: 407275171, Frame Size: 20521, Encode 4, Net 11, Wait 47, Decode 5 E2E 67 
P: seq 34011, size 900, send_delta 0, trans_delta 1, recv_delta 1
P: seq 34012, size 901, send_delta 1, trans_delta 1, recv_delta 2
P: seq 34013, size 901, send_delta 1, trans_delta 1, recv_delta 2
P: seq 34014, size 848, send_delta 1, trans_delta 1, recv_delta 2
P: seq 34015, size 848, send_delta 2, trans_delta 1, recv_delta 3
P: seq 34016, size 848, send_delta 2, trans_delta 2, recv_delta 4
P: seq 34017, size 1002, send_delta 2, trans_delta 2, recv_delta 4
P: seq 34018, size 1003, send_delta 5, trans_delta 1, recv_delta 6
P: seq 34019, size 827, send_delta 5, trans_delta 1, recv_delta 6
P: seq 34020, size 827, send_delta 5, trans_delta 1, recv_delta 6
P: seq 34021, size 827, send_delta 5, trans_delta 1, recv_delta 6
P: seq 34022, size 1134, send_delta 5, trans_delta 2, recv_delta 7
P: seq 34023, size 1135, send_delta 5, trans_delta 2, recv_delta 7
P: seq 34024, size 1029, send_delta 7, trans_delta 1, recv_delta 8
P: seq 34025, size 1029, send_delta 7, trans_delta 1, recv_delta 8
P: seq 34026, size 928, send_delta 7, trans_delta 1, recv_delta 8
P: seq 34027, size 928, send_delta 7, trans_delta 1, recv_delta 8
P: seq 34028, size 1029, send_delta 7, trans_delta 2, recv_delta 9
P: seq 34029, size 1029, send_delta 8, trans_delta 2, recv_delta 10
P: seq 34030, size 1029, send_delta 9, trans_delta 1, recv_delta 10
P: seq 34031, size 1029, send_delta 9, trans_delta 1, recv_delta 10
P: seq 34032, size 1029, send_delta 9, trans_delta 1, recv_delta 10
RTP TS: 407276791, Frame Size: 20871, Encode 4, Net 12, Wait 47, Decode 5 E2E 68 
P: seq 34033, size 940, send_delta 0, trans_delta 1, recv_delta 1
P: seq 34034, size 941, send_delta 3, trans_delta 1, recv_delta 4
P: seq 34035, size 941, send_delta 3, trans_delta 1, recv_delta 4
P: seq 34036, size 872, send_delta 3, trans_delta 1, recv_delta 4
P: seq 34037, size 872, send_delta 3, trans_delta 1, recv_delta 4
P: seq 34038, size 872, send_delta 3, trans_delta 2, recv_delta 5
P: seq 34039, size 1075, send_delta 5, trans_delta 1, recv_delta 6
P: seq 34040, size 1075, send_delta 5, trans_delta 1, recv_delta 6
P: seq 34041, size 915, send_delta 5, trans_delta 1, recv_delta 6
P: seq 34042, size 915, send_delta 5, trans_delta 1, recv_delta 6
P: seq 34043, size 915, send_delta 5, trans_delta 2, recv_delta 7
P: seq 34044, size 1126, send_delta 5, trans_delta 2, recv_delta 7
P: seq 34045, size 1126, send_delta 7, trans_delta 2, recv_delta 9
P: seq 34046, size 1160, send_delta 7, trans_delta 2, recv_delta 9
P: seq 34047, size 1160, send_delta 8, trans_delta 1, recv_delta 9
P: seq 34048, size 950, send_delta 8, trans_delta 2, recv_delta 10
P: seq 34049, size 951, send_delta 8, trans_delta 2, recv_delta 10
P: seq 34050, size 1144, send_delta 10, trans_delta 1, recv_delta 11
P: seq 34051, size 1144, send_delta 10, trans_delta 1, recv_delta 11
P: seq 34052, size 1145, send_delta 10, trans_delta 1, recv_delta 11
P: seq 34053, size 1145, send_delta 10, trans_delta 2, recv_delta 12
RTP TS: 407278411, Frame Size: 17365, Encode 3, Net 11, Wait 48, Decode 5 E2E 67 
P: seq 34054, size 1097, send_delta 0, trans_delta 2, recv_delta 2
P: seq 34055, size 1098, send_delta 3, trans_delta 1, recv_delta 4
P: seq 34056, size 1043, send_delta 3, trans_delta 1, recv_delta 4
P: seq 34057, size 1044, send_delta 3, trans_delta 1, recv_delta 4
P: seq 34058, size 1075, send_delta 3, trans_delta 2, recv_delta 5
P: seq 34059, size 1075, send_delta 5, trans_delta 1, recv_delta 6
P: seq 34060, size 983, send_delta 5, trans_delta 1, recv_delta 6
P: seq 34061, size 984, send_delta 5, trans_delta 1, recv_delta 6
P: seq 34062, size 1115, send_delta 5, trans_delta 1, recv_delta 6
P: seq 34063, size 1115, send_delta 5, trans_delta 2, recv_delta 7
P: seq 34064, size 893, send_delta 7, trans_delta 1, recv_delta 8
P: seq 34065, size 893, send_delta 7, trans_delta 2, recv_delta 9
P: seq 34066, size 935, send_delta 7, trans_delta 2, recv_delta 9
P: seq 34067, size 936, send_delta 7, trans_delta 2, recv_delta 9
P: seq 34068, size 1162, send_delta 7, trans_delta 2, recv_delta 9
P: seq 34069, size 1163, send_delta 8, trans_delta 2, recv_delta 10
P: seq 34070, size 1163, send_delta 10, trans_delta 1, recv_delta 11
RTP TS: 407280031, Frame Size: 15734, Encode 3, Net 8, Wait 53, Decode 4 E2E 68 
P: seq 34071, size 1060, send_delta 0, trans_delta 0, recv_delta 0
P: seq 34072, size 1060, send_delta 2, trans_delta 2, recv_delta 4
P: seq 34073, size 897, send_delta 2, trans_delta 2, recv_delta 4
P: seq 34074, size 897, send_delta 2, trans_delta 2, recv_delta 4
P: seq 34075, size 994, send_delta 3, trans_delta 1, recv_delta 4
P: seq 34076, size 994, send_delta 3, trans_delta 2, recv_delta 5
P: seq 34077, size 904, send_delta 5, trans_delta 1, recv_delta 6
P: seq 34078, size 904, send_delta 5, trans_delta 1, recv_delta 6
P: seq 34079, size 962, send_delta 5, trans_delta 1, recv_delta 6
P: seq 34080, size 963, send_delta 5, trans_delta 2, recv_delta 7
P: seq 34081, size 860, send_delta 5, trans_delta 2, recv_delta 7
P: seq 34082, size 860, send_delta 5, trans_delta 2, recv_delta 7
P: seq 34083, size 725, send_delta 6, trans_delta 1, recv_delta 7
P: seq 34084, size 725, send_delta 6, trans_delta 1, recv_delta 7
P: seq 34085, size 1112, send_delta 7, trans_delta 1, recv_delta 8
P: seq 34086, size 1113, send_delta 7, trans_delta 1, recv_delta 8
P: seq 34087, size 1113, send_delta 7, trans_delta 1, recv_delta 8
RTP TS: 407281651, Frame Size: 15944, Encode 3, Net 10, Wait 49, Decode 4 E2E 66 
P: seq 34088, size 1129, send_delta 0, trans_delta 0, recv_delta 0
P: seq 34089, size 1130, send_delta 2, trans_delta 2, recv_delta 4
P: seq 34090, size 979, send_delta 2, trans_delta 2, recv_delta 4
P: seq 34091, size 979, send_delta 3, trans_delta 1, recv_delta 4
P: seq 34092, size 903, send_delta 3, trans_delta 1, recv_delta 4
P: seq 34093, size 904, send_delta 3, trans_delta 2, recv_delta 5
P: seq 34094, size 902, send_delta 5, trans_delta 1, recv_delta 6
P: seq 34095, size 902, send_delta 5, trans_delta 1, recv_delta 6
P: seq 34096, size 1130, send_delta 5, trans_delta 2, recv_delta 7
P: seq 34097, size 1131, send_delta 5, trans_delta 2, recv_delta 7
P: seq 34098, size 831, send_delta 5, trans_delta 2, recv_delta 7
P: seq 34099, size 831, send_delta 5, trans_delta 3, recv_delta 8
P: seq 34100, size 713, send_delta 6, trans_delta 2, recv_delta 8
P: seq 34101, size 713, send_delta 7, trans_delta 1, recv_delta 8
P: seq 34102, size 1058, send_delta 7, trans_delta 2, recv_delta 9
P: seq 34103, size 1059, send_delta 7, trans_delta 2, recv_delta 9
P: seq 34104, size 1059, send_delta 9, trans_delta 0, recv_delta 9
RTP TS: 407283271, Frame Size: 18199, Encode 3, Net 10, Wait 50, Decode 5 E2E 68 
P: seq 34105, size 886, send_delta 0, trans_delta 1, recv_delta 1
P: seq 34106, size 886, send_delta 2, trans_delta 1, recv_delta 3
P: seq 34107, size 887, send_delta 2, trans_delta 1, recv_delta 3
P: seq 34108, size 983, send_delta 2, trans_delta 2, recv_delta 4
P: seq 34109, size 984, send_delta 2, trans_delta 2, recv_delta 4
P: seq 34110, size 1182, send_delta 2, trans_delta 2, recv_delta 4
P: seq 34111, size 1183, send_delta 4, trans_delta 1, recv_delta 5
P: seq 34112, size 1091, send_delta 4, trans_delta 1, recv_delta 5
P: seq 34113, size 1091, send_delta 4, trans_delta 2, recv_delta 6
P: seq 34114, size 1179, send_delta 4, trans_delta 2, recv_delta 6
P: seq 34115, size 1179, send_delta 6, trans_delta 1, recv_delta 7
P: seq 34116, size 934, send_delta 6, trans_delta 1, recv_delta 7
P: seq 34117, size 934, send_delta 6, trans_delta 2, recv_delta 8
P: seq 34118, size 828, send_delta 8, trans_delta 1, recv_delta 9
P: seq 34119, size 828, send_delta 8, trans_delta 1, recv_delta 9
P: seq 34120, size 1193, send_delta 8, trans_delta 1, recv_delta 9
P: seq 34121, size 1193, send_delta 8, trans_delta 2, recv_delta 10
P: seq 34122, size 1193, send_delta 8, trans_delta 2, recv_delta 10
RTP TS: 407284801, Frame Size: 17754, Encode 4, Net 10, Wait 47, Decode 5 E2E 66 
P: seq 34123, size 1065, send_delta 0, trans_delta 1, recv_delta 1
P: seq 34124, size 1065, send_delta 1, trans_delta 1, recv_delta 2
P: seq 34125, size 1065, send_delta 1, trans_delta 1, recv_delta 2
P: seq 34126, size 819, send_delta 1, trans_delta 1, recv_delta 2
P: seq 34127, size 820, send_delta 2, trans_delta 2, recv_delta 4
P: seq 34128, size 820, send_delta 3, trans_delta 1, recv_delta 4
P: seq 34129, size 1033, send_delta 3, trans_delta 1, recv_delta 4
P: seq 34130, size 1033, send_delta 5, trans_delta 1, recv_delta 6
P: seq 34131, size 872, send_delta 5, trans_delta 1, recv_delta 6
P: seq 34132, size 873, send_delta 5, trans_delta 1, recv_delta 6
P: seq 34133, size 1008, send_delta 5, trans_delta 1, recv_delta 6
P: seq 34134, size 1008, send_delta 5, trans_delta 2, recv_delta 7
P: seq 34135, size 842, send_delta 7, trans_delta 1, recv_delta 8
P: seq 34136, size 843, send_delta 7, trans_delta 1, recv_delta 8
P: seq 34137, size 796, send_delta 7, trans_delta 1, recv_delta 8
P: seq 34138, size 797, send_delta 7, trans_delta 1, recv_delta 8
P: seq 34139, size 1152, send_delta 7, trans_delta 2, recv_delta 9
P: seq 34140, size 1152, send_delta 7, trans_delta 2, recv_delta 9
P: seq 34141, size 1152, send_delta 9, trans_delta 1, recv_delta 10
RTP TS: 407286421, Frame Size: 17974, Encode 4, Net 11, Wait 47, Decode 5 E2E 67 
P: seq 34142, size 1024, send_delta 0, trans_delta 2, recv_delta 2
P: seq 34143, size 1024, send_delta 3, trans_delta 1, recv_delta 4
P: seq 34144, size 1025, send_delta 3, trans_delta 1, recv_delta 4
P: seq 34145, size 841, send_delta 3, trans_delta 1, recv_delta 4
P: seq 34146, size 841, send_delta 3, trans_delta 1, recv_delta 4
P: seq 34147, size 841, send_delta 3, trans_delta 1, recv_delta 4
P: seq 34148, size 1150, send_delta 5, trans_delta 2, recv_delta 7
P: seq 34149, size 1150, send_delta 5, trans_delta 2, recv_delta 7
P: seq 34150, size 888, send_delta 5, trans_delta 2, recv_delta 7
P: seq 34151, size 889, send_delta 5, trans_delta 2, recv_delta 7
P: seq 34152, size 1051, send_delta 5, trans_delta 3, recv_delta 8
P: seq 34153, size 1051, send_delta 6, trans_delta 2, recv_delta 8
P: seq 34154, size 984, send_delta 8, trans_delta 1, recv_delta 9
P: seq 34155, size 984, send_delta 8, trans_delta 1, recv_delta 9
P: seq 34156, size 723, send_delta 8, trans_delta 1, recv_delta 9
P: seq 34157, size 724, send_delta 8, trans_delta 1, recv_delta 9
P: seq 34158, size 1081, send_delta 8, trans_delta 2, recv_delta 10
P: seq 34159, size 1082, send_delta 8, trans_delta 2, recv_delta 10
P: seq 34160, size 1082, send_delta 9, trans_delta 2, recv_delta 11
RTP TS: 407288041, Frame Size: 18444, Encode 4, Net 11, Wait 47, Decode 5 E2E 67 
P: seq 34161, size 1188, send_delta 0, trans_delta 2, recv_delta 2
P: seq 34162, size 1189, send_delta 3, trans_delta 0, recv_delta 3
P: seq 34163, size 895, send_delta 3, trans_delta 1, recv_delta 4
P: seq 34164, size 896, send_delta 3, trans_delta 2, recv_delta 5
P: seq 34165, size 896, send_delta 3, trans_delta 2, recv_delta 5
P: seq 34166, size 877, send_delta 3, trans_delta 2, recv_delta 5
P: seq 34167, size 877, send_delta 4, trans_delta 2, recv_delta 6
P: seq 34168, size 877, send_delta 6, trans_delta 1, recv_delta 7
P: seq 34169, size 911, send_delta 6, trans_delta 1, recv_delta 7
P: seq 34170, size 912, send_delta 6, trans_delta 1, recv_delta 7
P: seq 34171, size 1027, send_delta 6, trans_delta 1, recv_delta 7
P: seq 34172, size 1027, send_delta 6, trans_delta 2, recv_delta 8
P: seq 34173, size 990, send_delta 6, trans_delta 2, recv_delta 8
P: seq 34174, size 991, send_delta 8, trans_delta 1, recv_delta 9
P: seq 34175, size 955, send_delta 8, trans_delta 1, recv_delta 9
P: seq 34176, size 956, send_delta 8, trans_delta 1, recv_delta 9
P: seq 34177, size 1147, send_delta 8, trans_delta 2, recv_delta 10
P: seq 34178, size 1147, send_delta 8, trans_delta 2, recv_delta 10
P: seq 34179, size 1147, send_delta 10, trans_delta 1, recv_delta 11
RTP TS: 407289661, Frame Size: 18495, Encode 4, Net 12, Wait 46, Decode 5 E2E 67 
P: seq 34180, size 843, send_delta 0, trans_delta 2, recv_delta 2
P: seq 34181, size 843, send_delta 3, trans_delta 1, recv_delta 4
P: seq 34182, size 844, send_delta 3, trans_delta 1, recv_delta 4
P: seq 34183, size 864, send_delta 3, trans_delta 1, recv_delta 4
P: seq 34184, size 865, send_delta 3, trans_delta 1, recv_delta 4
P: seq 34185, size 865, send_delta 3, trans_delta 1, recv_delta 4
P: seq 34186, size 941, send_delta 5, trans_delta 1, recv_delta 6
P: seq 34187, size 942, send_delta 5, trans_delta 1, recv_delta 6
P: seq 34188, size 942, send_delta 5, trans_delta 1, recv_delta 6
P: seq 34189, size 1045, send_delta 5, trans_delta 1, recv_delta 6
P: seq 34190, size 1045, send_delta 5, trans_delta 2, recv_delta 7
P: seq 34191, size 1045, send_delta 5, trans_delta 2, recv_delta 7
P: seq 34192, size 1045, send_delta 7, trans_delta 2, recv_delta 9
P: seq 34193, size 869, send_delta 7, trans_delta 2, recv_delta 9
P: seq 34194, size 869, send_delta 7, trans_delta 2, recv_delta 9
P: seq 34195, size 994, send_delta 7, trans_delta 2, recv_delta 9
P: seq 34196, size 994, send_delta 8, trans_delta 2, recv_delta 10
P: seq 34197, size 1042, send_delta 8, trans_delta 2, recv_delta 10
P: seq 34198, size 1042, send_delta 10, trans_delta 1, recv_delta 11
P: seq 34199, size 1043, send_delta 10, trans_delta 1, recv_delta 11
RTP TS: 407291281, Frame Size: 19301, Encode 4, Net 12, Wait 47, Decode 5 E2E 68 
P: seq 34200, size 812, send_delta 0, trans_delta 2, recv_delta 2
P: seq 34201, size 812, send_delta 2, trans_delta 1, recv_delta 3
P: seq 34202, size 813, send_delta 2, trans_delta 1, recv_delta 3
P: seq 34203, size 1099, send_delta 2, trans_delta 1, recv_delta 3
P: seq 34204, size 1100, send_delta 4, trans_delta 0, recv_delta 4
P: seq 34205, size 1083, send_delta 4, trans_delta 0, recv_delta 4
P: seq 34206, size 1083, send_delta 4, trans_delta 1, recv_delta 5
P: seq 34207, size 1084, send_delta 4, trans_delta 1, recv_delta 5
P: seq 34208, size 834, send_delta 4, trans_delta 1, recv_delta 5
P: seq 34209, size 835, send_delta 5, trans_delta 1, recv_delta 6
P: seq 34210, size 835, send_delta 5, trans_delta 1, recv_delta 6
P: seq 34211, size 1144, send_delta 5, trans_delta 2, recv_delta 7
P: seq 34212, size 1144, send_delta 6, trans_delta 1, recv_delta 7
P: seq 34213, size 994, send_delta 8, trans_delta 1, recv_delta 9
P: seq 34214, size 994, send_delta 8, trans_delta 1, recv_delta 9
P: seq 34215, size 1067, send_delta 8, trans_delta 1, recv_delta 9
P: seq 34216, size 1068, send_delta 8, trans_delta 1, recv_delta 9
P: seq 34217, size 995, send_delta 8, trans_delta 2, recv_delta 10
P: seq 34218, size 996, send_delta 10, trans_delta 2, recv_delta 12
P: seq 34219, size 996, send_delta 10, trans_delta 2, recv_delta 12
RTP TS: 407292901, Frame Size: 17318, Encode 4, Net 10, Wait 49, Decode 5 E2E 68 
P: seq 34220, size 867, send_delta 0, trans_delta 1, recv_delta 1
P: seq 34221, size 867, send_delta 2, trans_delta 2, recv_delta 4
P: seq 34222, size 867, send_delta 3, trans_delta 1, recv_delta 4
P: seq 34223, size 867, send_delta 3, trans_delta 1, recv_delta 4
P: seq 34224, size 868, send_delta 3, trans_delta 1, recv_delta 4
P: seq 34225, size 984, send_delta 3, trans_delta 2, recv_delta 5
P: seq 34226, size 984, send_delta 3, trans_delta 2, recv_delta 5
P: seq 34227, size 985, send_delta 5, trans_delta 1, recv_delta 6
P: seq 34228, size 1193, send_delta 5, trans_delta 1, recv_delta 6
P: seq 34229, size 1193, send_delta 5, trans_delta 2, recv_delta 7
P: seq 34230, size 889, send_delta 5, trans_delta 2, recv_delta 7
P: seq 34231, size 890, send_delta 5, trans_delta 2, recv_delta 7
P: seq 34232, size 780, send_delta 7, trans_delta 2, recv_delta 9
P: seq 34233, size 781, send_delta 7, trans_delta 2, recv_delta 9
P: seq 34234, size 898, send_delta 7, trans_delta 2, recv_delta 9
P: seq 34235, size 898, send_delta 7, trans_delta 2, recv_delta 9
P: seq 34236, size 989, send_delta 8, trans_delta 2, recv_delta 10
P: seq 34237, size 989, send_delta 8, trans_delta 2, recv_delta 10
P: seq 34238, size 990, send_delta 9, trans_delta 1, recv_delta 10
RTP TS: 407294521, Frame Size: 21430, Encode 4, Net 12, Wait 47, Decode 5 E2E 68 
P: seq 34239, size 1133, send_delta 0, trans_delta 0, recv_delta 0
P: seq 34240, size 1133, send_delta 2, trans_delta 2, recv_delta 4
P: seq 34241, size 1134, send_delta 2, trans_delta 2, recv_delta 4
P: seq 34242, size 857, send_delta 2, trans_delta 2, recv_delta 4
P: seq 34243, size 857, send_delta 2, trans_delta 3, recv_delta 5
P: seq 34244, size 858, send_delta 5, trans_delta 2, recv_delta 7
P: seq 34245, size 1051, send_delta 5, trans_delta 2, recv_delta 7
P: seq 34246, size 1051, send_delta 5, trans_delta 3, recv_delta 8
P: seq 34247, size 1051, send_delta 6, trans_delta 2, recv_delta 8
P: seq 34248, size 916, send_delta 6, trans_delta 2, recv_delta 8
P: seq 34249, size 917, send_delta 6, trans_delta 2, recv_delta 8
P: seq 34250, size 917, send_delta 6, trans_delta 2, recv_delta 8
P: seq 34251, size 1054, send_delta 6, trans_delta 3, recv_delta 9
P: seq 34252, size 1054, send_delta 8, trans_delta 1, recv_delta 9
P: seq 34253, size 965, send_delta 8, trans_delta 1, recv_delta 9
P: seq 34254, size 965, send_delta 8, trans_delta 1, recv_delta 9
P: seq 34255, size 1130, send_delta 8, trans_delta 2, recv_delta 10
P: seq 34256, size 1130, send_delta 8, trans_delta 2, recv_delta 10
P: seq 34257, size 949, send_delta 10, trans_delta 2, recv_delta 12
P: seq 34258, size 949, send_delta 10, trans_delta 2, recv_delta 12
P: seq 34259, size 949, send_delta 10, trans_delta 2, recv_delta 12
P: seq 34260, size 949, send_delta 11, trans_delta 1, recv_delta 12
RTP TS: 407296051, Frame Size: 18533, Encode 4, Net 11, Wait 47, Decode 5 E2E 67 
P: seq 34261, size 882, send_delta 0, trans_delta 1, recv_delta 1
P: seq 34262, size 883, send_delta 2, trans_delta 1, recv_delta 3
P: seq 34263, size 883, send_delta 2, trans_delta 1, recv_delta 3
P: seq 34264, size 991, send_delta 2, trans_delta 1, recv_delta 3
P: seq 34265, size 992, send_delta 2, trans_delta 2, recv_delta 4
P: seq 34266, size 855, send_delta 2, trans_delta 2, recv_delta 4
P: seq 34267, size 856, send_delta 4, trans_delta 1, recv_delta 5
P: seq 34268, size 856, send_delta 4, trans_delta 2, recv_delta 6
P: seq 34269, size 1194, send_delta 4, trans_delta 2, recv_delta 6
P: seq 34270, size 1194, send_delta 4, trans_delta 2, recv_delta 6
P: seq 34271, size 999, send_delta 4, trans_delta 2, recv_delta 6
P: seq 34272, size 1000, send_delta 7, trans_delta 1, recv_delta 8
P: seq 34273, size 819, send_delta 7, trans_delta 1, recv_delta 8
P: seq 34274, size 820, send_delta 7, trans_delta 1, recv_delta 8
P: seq 34275, size 945, send_delta 7, trans_delta 1, recv_delta 8
P: seq 34276, size 946, send_delta 7, trans_delta 2, recv_delta 9
P: seq 34277, size 976, send_delta 7, trans_delta 2, recv_delta 9
P: seq 34278, size 976, send_delta 9, trans_delta 2, recv_delta 11
P: seq 34279, size 976, send_delta 10, trans_delta 1, recv_delta 11
P: seq 34280, size 977, send_delta 10, trans_delta 1, recv_delta 11
RTP TS: 407297671, Frame Size: 20106, Encode 4, Net 11, Wait 46, Decode 5 E2E 66 
P: seq 34281, size 989, send_delta 0, trans_delta 1, recv_delta 1
P: seq 34282, size 989, send_delta 2, trans_delta 1, recv_delta 3
P: seq 34283, size 990, send_delta 2, trans_delta 1, recv_delta 3
P: seq 34284, size 941, send_delta 2, trans_delta 1, recv_delta 3
P: seq 34285, size 941, send_delta 2, trans_delta 1, recv_delta 3
P: seq 34286, size 942, send_delta 2, trans_delta 2, recv_delta 4
P: seq 34287, size 878, send_delta 4, trans_delta 1, recv_delta 5
P: seq 34288, size 878, send_delta 4, trans_delta 1, recv_delta 5
P: seq 34289, size 879, send_delta 4, trans_delta 1, recv_delta 5
P: seq 34290, size 1118, send_delta 4, trans_delta 2, recv_delta 6
P: seq 34291, size 1118, send_delta 4, trans_delta 2, recv_delta 6
P: seq 34292, size 816, send_delta 5, trans_delta 2, recv_delta 7
P: seq 34293, size 816, send_delta 5, trans_delta 2, recv_delta 7
P: seq 34294, size 816, send_delta 6, trans_delta 1, recv_delta 7
P: seq 34295, size 752, send_delta 6, trans_delta 1, recv_delta 7
P: seq 34296, size 753, send_delta 6, trans_delta 1, recv_delta 7
P: seq 34297, size 1003, send_delta 9, trans_delta 1, recv_delta 10
P: seq 34298, size 1004, send_delta 9, trans_delta 1, recv_delta 10
P: seq 34299, size 1005, send_delta 9, trans_delta 2, recv_delta 11
P: seq 34300, size 1005, send_delta 9, trans_delta 2, recv_delta 11
P: seq 34301, size 1006, send_delta 9, trans_delta 2, recv_delta 11
P: seq 34302, size 1006, send_delta 9, trans_delta 2, recv_delta 11
RTP TS: 407299291, Frame Size: 19824, Encode 4, Net 12, Wait 46, Decode 5 E2E 67 
P: seq 34303, size 894, send_delta 1, trans_delta 1, recv_delta 2
P: seq 34304, size 894, send_delta 3, trans_delta 1, recv_delta 4
P: seq 34305, size 894, send_delta 3, trans_delta 1, recv_delta 4
P: seq 34306, size 977, send_delta 3, trans_delta 1, recv_delta 4
P: seq 34307, size 978, send_delta 3, trans_delta 2, recv_delta 5
P: seq 34308, size 978, send_delta 3, trans_delta 2, recv_delta 5
P: seq 34309, size 896, send_delta 3, trans_delta 2, recv_delta 5
P: seq 34310, size 896, send_delta 5, trans_delta 2, recv_delta 7
P: seq 34311, size 897, send_delta 6, trans_delta 1, recv_delta 7
P: seq 34312, size 835, send_delta 6, trans_delta 1, recv_delta 7
P: seq 34313, size 835, send_delta 6, trans_delta 1, recv_delta 7
P: seq 34314, size 836, send_delta 6, trans_delta 1, recv_delta 7
P: seq 34315, size 1148, send_delta 6, trans_delta 2, recv_delta 8
P: seq 34316, size 1149, send_delta 8, trans_delta 1, recv_delta 9
P: seq 34317, size 715, send_delta 8, trans_delta 1, recv_delta 9
P: seq 34318, size 716, send_delta 8, trans_delta 1, recv_delta 9
P: seq 34319, size 984, send_delta 8, trans_delta 1, recv_delta 9
P: seq 34320, size 984, send_delta 8, trans_delta 2, recv_delta 10
P: seq 34321, size 964, send_delta 8, trans_delta 2, recv_delta 10
P: seq 34322, size 964, send_delta 8, trans_delta 2, recv_delta 10
P: seq 34323, size 964, send_delta 10, trans_delta 2, recv_delta 12
P: seq 34324, size 965, send_delta 10, trans_delta 2, recv_delta 12
RTP TS: 407300911, Frame Size: 18714, Encode 3, Net 11, Wait 49, Decode 5 E2E 68 
P: seq 34325, size 1161, send_delta 1, trans_delta 0, recv_delta 1
P: seq 34326, size 1161, send_delta 3, trans_delta 1, recv_delta 4
P: seq 34327, size 845, send_delta 3, trans_delta 1, recv_delta 4
P: seq 34328, size 845, send_delta 3, trans_delta 1, recv_delta 4
P: seq 34329, size 846, send_delta 3, trans_delta 1, recv_delta 4
P: seq 34330, size 916, send_delta 3, trans_delta 2, recv_delta 5
P: seq 34331, size 916, send_delta 5, trans_delta 1, recv_delta 6
P: seq 34332, size 917, send_delta 5, trans_delta 1, recv_delta 6
P: seq 34333, size 986, send_delta 5, trans_delta 1, recv_delta 6
P: seq 34334, size 986, send_delta 5, trans_delta 1, recv_delta 6
P: seq 34335, size 1154, send_delta 5, trans_delta 2, recv_delta 7
P: seq 34336, size 1155, send_delta 8, trans_delta 0, recv_delta 8
P: seq 34337, size 679, send_delta 8, trans_delta 1, recv_delta 9
P: seq 34338, size 679, send_delta 8, trans_delta 1, recv_delta 9
P: seq 34339, size 1000, send_delta 8, trans_delta 1, recv_delta 9
P: seq 34340, size 1001, send_delta 8, trans_delta 2, recv_delta 10
P: seq 34341, size 988, send_delta 8, trans_delta 2, recv_delta 10
P: seq 34342, size 988, send_delta 8, trans_delta 2, recv_delta 10
P: seq 34343, size 989, send_delta 10, trans_delta 1, recv_delta 11
P: seq 34344, size 989, send_delta 10, trans_delta 1, recv_delta 11
RTP TS: 407302531, Frame Size: 20466, Encode 3, Net 12, Wait 46, Decode 5 E2E 66 
P: seq 34345, size 865, send_delta 0, trans_delta 1, recv_delta 1
P: seq 34346, size 865, send_delta 2, trans_delta 1, recv_delta 3
P: seq 34347, size 866, send_delta 2, trans_delta 1, recv_delta 3
P: seq 34348, size 872, send_delta 2, trans_delta 1, recv_delta 3
P: seq 34349, size 872, send_delta 2, trans_delta 1, recv_delta 3
P: seq 34350, size 873, send_delta 2, trans_delta 2, recv_delta 4
P: seq 34351, size 1022, send_delta 3, trans_delta 1, recv_delta 4
P: seq 34352, size 1022, send_delta 3, trans_delta 2, recv_delta 5
P: seq 34353, size 1022, send_delta 3, trans_delta 2, recv_delta 5
P: seq 34354, size 1166, send_delta 5, trans_delta 1, recv_delta 6
P: seq 34355, size 1166, send_delta 5, trans_delta 1, recv_delta 6
P: seq 34356, size 827, send_delta 5, trans_delta 1, recv_delta 6
P: seq 34357, size 828, send_delta 5, trans_delta 1, recv_delta 6
P: seq 34358, size 828, send_delta 7, trans_delta 1, recv_delta 8
P: seq 34359, size 806, send_delta 7, trans_delta 1, recv_delta 8
P: seq 34360, size 807, send_delta 7, trans_delta 1, recv_delta 8
P: seq 34361, size 1114, send_delta 7, trans_delta 1, recv_delta 8
P: seq 34362, size 1115, send_delta 7, trans_delta 2, recv_delta 9
P: seq 34363, size 1017, send_delta 9, trans_delta 2, recv_delta 11
P: seq 34364, size 1017, send_delta 10, trans_delta 1, recv_delta 11
P: seq 34365, size 1017, send_delta 10, trans_delta 2, recv_delta 12
P: seq 34366, size 1018, send_delta 10, trans_delta 2, recv_delta 12
RTP TS: 407304151, Frame Size: 16130, Encode 3, Net 10, Wait 50, Decode 4 E2E 67 
P: seq 34367, size 1083, send_delta 0, trans_delta 0, recv_delta 0
P: seq 34368, size 1083, send_delta 3, trans_delta 1, recv_delta 4
P: seq 34369, size 813, send_delta 3, trans_delta 1, recv_delta 4
P: seq 34370, size 813, send_delta 3, trans_delta 1, recv_delta 4
P: seq 34371, size 813, send_delta 3, trans_delta 1, recv_delta 4
P: seq 34372, size 829, send_delta 3, trans_delta 2, recv_delta 5
P: seq 34373, size 829, send_delta 3, trans_delta 2, recv_delta 5
P: seq 34374, size 829, send_delta 5, trans_delta 1, recv_delta 6
P: seq 34375, size 847, send_delta 5, trans_delta 1, recv_delta 6
P: seq 34376, size 847, send_delta 5, trans_delta 1, recv_delta 6
P: seq 34377, size 923, send_delta 5, trans_delta 1, recv_delta 6
P: seq 34378, size 923, send_delta 5, trans_delta 2, recv_delta 7
P: seq 34379, size 739, send_delta 5, trans_delta 2, recv_delta 7
P: seq 34380, size 740, send_delta 8, trans_delta 1, recv_delta 9
P: seq 34381, size 797, send_delta 8, trans_delta 1, recv_delta 9
P: seq 34382, size 798, send_delta 8, trans_delta 2, recv_delta 10
P: seq 34383, size 961, send_delta 8, trans_delta 2, recv_delta 10
P: seq 34384, size 962, send_delta 8, trans_delta 2, recv_delta 10
P: seq 34385, size 962, send_delta 8, trans_delta 2, recv_delta 10
RTP TS: 407305771, Frame Size: 16843, Encode 3, Net 10, Wait 49, Decode 5 E2E 67 
P: seq 34386, size 838, send_delta 0, trans_delta 1, recv_delta 1
P: seq 34387, size 838, send_delta 2, trans_delta 1, recv_delta 3
P: seq 34388, size 1103, send_delta 2, trans_delta 1, recv_delta 3
P: seq 34389, size 1103, send_delta 2, trans_delta 1, recv_delta 3
P: seq 34390, size 1071, send_delta 2, trans_delta 1, recv_delta 3
P: seq 34391, size 1071, send_delta 2, trans_delta 2, recv_delta 4
P: seq 34392, size 768, send_delta 4, trans_delta 2, recv_delta 6
P: seq 34393, size 769, send_delta 4, trans_delta 2, recv_delta 6
P: seq 34394, size 1025, send_delta 5, trans_delta 1, recv_delta 6
P: seq 34395, size 1026, send_delta 5, trans_delta 2, recv_delta 7
P: seq 34396, size 1086, send_delta 5, trans_delta 2, recv_delta 7
P: seq 34397, size 1086, send_delta 7, trans_delta 0, recv_delta 7
P: seq 34398, size 1111, send_delta 7, trans_delta 1, recv_delta 8
P: seq 34399, size 1111, send_delta 7, trans_delta 1, recv_delta 8
P: seq 34400, size 1082, send_delta 7, trans_delta 1, recv_delta 8
P: seq 34401, size 1082, send_delta 7, trans_delta 2, recv_delta 9
P: seq 34402, size 1082, send_delta 9, trans_delta 1, recv_delta 10
RTP TS: 407307391, Frame Size: 17090, Encode 4, Net 9, Wait 48, Decode 5 E2E 66 
P: seq 34403, size 796, send_delta 0, trans_delta 0, recv_delta 0
P: seq 34404, size 797, send_delta 1, trans_delta 1, recv_delta 2
P: seq 34405, size 969, send_delta 1, trans_delta 2, recv_delta 3
P: seq 34406, size 969, send_delta 1, trans_delta 2, recv_delta 3
P: seq 34407, size 1040, send_delta 3, trans_delta 1, recv_delta 4
P: seq 34408, size 1041, send_delta 3, trans_delta 1, recv_delta 4
P: seq 34409, size 845, send_delta 3, trans_delta 1, recv_delta 4
P: seq 34410, size 845, send_delta 5, trans_delta 1, recv_delta 6
P: seq 34411, size 999, send_delta 5, trans_delta 1, recv_delta 6
P: seq 34412, size 1000, send_delta 5, trans_delta 1, recv_delta 6
P: seq 34413, size 810, send_delta 5, trans_delta 2, recv_delta 7
P: seq 34414, size 811, send_delta 6, trans_delta 2, recv_delta 8
P: seq 34415, size 811, send_delta 6, trans_delta 2, recv_delta 8
P: seq 34416, size 1138, send_delta 6, trans_delta 2, recv_delta 8
P: seq 34417, size 1139, send_delta 6, trans_delta 3, recv_delta 9
P: seq 34418, size 1171, send_delta 8, trans_delta 1, recv_delta 9
P: seq 34419, size 1172, send_delta 8, trans_delta 1, recv_delta 9
P: seq 34420, size 1172, send_delta 8, trans_delta 1, recv_delta 9
RTP TS: 407308921, Frame Size: 20738, Encode 4, Net 10, Wait 47, Decode 5 E2E 66 
P: seq 34421, size 1138, send_delta 0, trans_delta 1, recv_delta 1
P: seq 34422, size 1138, send_delta 2, trans_delta 1, recv_delta 3
P: seq 34423, size 1189, send_delta 2, trans_delta 1, recv_delta 3
P: seq 34424, size 1190, send_delta 2, trans_delta 1, recv_delta 3
P: seq 34425, size 877, send_delta 2, trans_delta 2, recv_delta 4
P: seq 34426, size 877, send_delta 2, trans_delta 2, recv_delta 4
P: seq 34427, size 877, send_delta 4, trans_delta 2, recv_delta 6
P: seq 34428, size 1140, send_delta 5, trans_delta 1, recv_delta 6
P: seq 34429, size 1140, send_delta 5, trans_delta 1, recv_delta 6
P: seq 34430, size 810, send_delta 5, trans_delta 1, recv_delta 6
P: seq 34431, size 810, send_delta 5, trans_delta 2, recv_delta 7
P: seq 34432, size 811, send_delta 7, trans_delta 1, recv_delta 8
P: seq 34433, size 846, send_delta 7, trans_delta 1, recv_delta 8
P: seq 34434, size 847, send_delta 7, trans_delta 1, recv_delta 8
P: seq 34435, size 847, send_delta 7, trans_delta 1, recv_delta 8
P: seq 34436, size 900, send_delta 7, trans_delta 1, recv_delta 8
P: seq 34437, size 901, send_delta 7, trans_delta 2, recv_delta 9
P: seq 34438, size 901, send_delta 7, trans_delta 2, recv_delta 9
P: seq 34439, size 1009, send_delta 8, trans_delta 1, recv_delta 9
P: seq 34440, size 1009, send_delta 8, trans_delta 2, recv_delta 10
P: seq 34441, size 1010, send_delta 9, trans_delta 1, recv_delta 10
P: seq 34442, size 1010, send_delta 9, trans_delta 1, recv_delta 10
RTP TS: 407310541, Frame Size: 19524, Encode 4, Net 11, Wait 47, Decode 5 E2E 67 
P: seq 34443, size 931, send_delta 0, trans_delta 2, recv_delta 2
P: seq 34444, size 931, send_delta 2, trans_delta 1, recv_delta 3
P: seq 34445, size 932, send_delta 2, trans_delta 1, recv_delta 3
P: seq 34446, size 821, send_delta 2, trans_delta 1, recv_delta 3
P: seq 34447, size 822, send_delta 2, trans_delta 1, recv_delta 3
P: seq 34448, size 822, send_delta 4, trans_delta 1, recv_delta 5
P: seq 34449, size 1049, send_delta 4, trans_delta 2, recv_delta 6
P: seq 34450, size 1050, send_delta 4, trans_delta 2, recv_delta 6
P: seq 34451, size 1053, send_delta 5, trans_delta 1, recv_delta 6
P: seq 34452, size 1053, send_delta 5, trans_delta 2, recv_delta 7
P: seq 34453, size 993, send_delta 7, trans_delta 1, recv_delta 8
P: seq 34454, size 993, send_delta 7, trans_delta 1, recv_delta 8
P: seq 34455, size 1118, send_delta 7, trans_delta 1, recv_delta 8
P: seq 34456, size 1118, send_delta 7, trans_delta 1, recv_delta 8
P: seq 34457, size 897, send_delta 7, trans_delta 2, recv_delta 9
P: seq 34458, size 897, send_delta 9, trans_delta 1, recv_delta 10
P: seq 34459, size 897, send_delta 9, trans_delta 1, recv_delta 10
P: seq 34460, size 915, send_delta 9, trans_delta 1, recv_delta 10
P: seq 34461, size 915, send_delta 9, trans_delta 1, recv_delta 10
P: seq 34462, size 915, send_delta 9, trans_delta 2, recv_delta 11
P: seq 34463, size 915, send_delta 9, trans_delta 2, recv_delta 11
RTP TS: 407312161, Frame Size: 18672, Encode 4, Net 11, Wait 47, Decode 5 E2E 67 
P: seq 34464, size 912, send_delta 0, trans_delta 2, recv_delta 2
P: seq 34465, size 912, send_delta 3, trans_delta 1, recv_delta 4
P: seq 34466, size 1074, send_delta 3, trans_delta 1, recv_delta 4
P: seq 34467, size 1075, send_delta 3, trans_delta 1, recv_delta 4
P: seq 34468, size 885, send_delta 3, trans_delta 1, recv_delta 4
P: seq 34469, size 886, send_delta 3, trans_delta 2, recv_delta 5
P: seq 34470, size 886, send_delta 5, trans_delta 1, recv_delta 6
P: seq 34471, size 1134, send_delta 5, trans_delta 1, recv_delta 6
P: seq 34472, size 1135, send_delta 5, trans_delta 1, recv_delta 6
P: seq 34473, size 1023, send_delta 5, trans_delta 1, recv_delta 6
P: seq 34474, size 1023, send_delta 5, trans_delta 1, recv_delta 6
P: seq 34475, size 1037, send_delta 7, trans_delta 1, recv_delta 8
P: seq 34476, size 1038, send_delta 7, trans_delta 2, recv_delta 9
P: seq 34477, size 945, send_delta 7, trans_delta 2, recv_delta 9
P: seq 34478, size 945, send_delta 7, trans_delta 2, recv_delta 9
P: seq 34479, size 946, send_delta 7, trans_delta 2, recv_delta 9
P: seq 34480, size 1092, send_delta 8, trans_delta 2, recv_delta 10
P: seq 34481, size 1092, send_delta 10, trans_delta 1, recv_delta 11
P: seq 34482, size 1093, send_delta 10, trans_delta 1, recv_delta 11
RTP TS: 407313781, Frame Size: 20687, Encode 4, Net 12, Wait 45, Decode 5 E2E 66 
P: seq 34483, size 1082, send_delta 0, trans_delta 1, recv_delta 1
P: seq 34484, size 1083, send_delta 2, trans_delta 1, recv_delta 3
P: seq 34485, size 868, send_delta 2, trans_delta 1, recv_delta 3
P: seq 34486, size 868, send_delta 2, trans_delta 2, recv_delta 4
P: seq 34487, size 869, send_delta 2, trans_delta 2, recv_delta 4
P: seq 34488, size 1016, send_delta 2, trans_delta 2, recv_delta 4
P: seq 34489, size 1017, send_delta 4, trans_delta 1, recv_delta 5
P: seq 34490, size 1017, send_delta 4, trans_delta 1, recv_delta 5
P: seq 34491, size 860, send_delta 4, trans_delta 1, recv_delta 5
P: seq 34492, size 860, send_delta 5, trans_delta 1, recv_delta 6
P: seq 34493, size 861, send_delta 5, trans_delta 1, recv_delta 6
P: seq 34494, size 1071, send_delta 5, trans_delta 1, recv_delta 6
P: seq 34495, size 1071, send_delta 6, trans_delta 1, recv_delta 7
P: seq 34496, size 892, send_delta 6, trans_delta 2, recv_delta 8
P: seq 34497, size 893, send_delta 6, trans_delta 2, recv_delta 8
P: seq 34498, size 923, send_delta 8, trans_delta 1, recv_delta 9
P: seq 34499, size 924, send_delta 9, trans_delta 1, recv_delta 10
P: seq 34500, size 924, send_delta 9, trans_delta 1, recv_delta 10
P: seq 34501, size 1031, send_delta 9, trans_delta 1, recv_delta 10
P: seq 34502, size 1032, send_delta 9, trans_delta 1, recv_delta 10
P: seq 34503, size 1032, send_delta 11, trans_delta 1, recv_delta 12
P: seq 34504, size 1032, send_delta 11, trans_delta 1, recv_delta 12
RTP TS: 407315401, Frame Size: 22534, Encode 4, Net 12, Wait 46, Decode 5 E2E 67 
P: seq 34505, size 875, send_delta 0, trans_delta 2, recv_delta 2
P: seq 34506, size 876, send_delta 2, trans_delta 2, recv_delta 4
P: seq 34507, size 876, send_delta 3, trans_delta 1, recv_delta 4
P: seq 34508, size 938, send_delta 3, trans_delta 1, recv_delta 4
P: seq 34509, size 938, send_delta 3, trans_delta 1, recv_delta 4
P: seq 34510, size 939, send_delta 3, trans_delta 2, recv_delta 5
P: seq 34511, size 1086, send_delta 5, trans_delta 2, recv_delta 7
P: seq 34512, size 1087, send_delta 5, trans_delta 2, recv_delta 7
P: seq 34513, size 1087, send_delta 5, trans_delta 2, recv_delta 7
P: seq 34514, size 902, send_delta 5, trans_delta 2, recv_delta 7
P: seq 34515, size 902, send_delta 6, trans_delta 1, recv_delta 7
P: seq 34516, size 903, send_delta 6, trans_delta 2, recv_delta 8
P: seq 34517, size 1079, send_delta 6, trans_delta 2, recv_delta 8
P: seq 34518, size 1079, send_delta 6, trans_delta 2, recv_delta 8
P: seq 34519, size 867, send_delta 8, trans_delta 1, recv_delta 9
P: seq 34520, size 867, send_delta 8, trans_delta 1, recv_delta 9
P: seq 34521, size 942, send_delta 8, trans_delta 1, recv_delta 9
P: seq 34522, size 942, send_delta 8, trans_delta 1, recv_delta 9
P: seq 34523, size 943, send_delta 8, trans_delta 2, recv_delta 10
P: seq 34524, size 999, send_delta 10, trans_delta 1, recv_delta 11
P: seq 34525, size 999, send_delta 10, trans_delta 2, recv_delta 12
P: seq 34526, size 999, send_delta 10, trans_delta 2, recv_delta 12
P: seq 34527, size 1000, send_delta 10, trans_delta 2, recv_delta 12
P: seq 34528, size 1000, send_delta 10, trans_delta 2, recv_delta 12
RTP TS: 407317021, Frame Size: 21698, Encode 4, Net 12, Wait 46, Decode 5 E2E 67 
P: seq 34529, size 893, send_delta 0, trans_delta 2, recv_delta 2
P: seq 34530, size 893, send_delta 2, trans_delta 2, recv_delta 4
P: seq 34531, size 894, send_delta 2, trans_delta 2, recv_delta 4
P: seq 34532, size 875, send_delta 2, trans_delta 2, recv_delta 4
P: seq 34533, size 875, send_delta 2, trans_delta 2, recv_delta 4
P: seq 34534, size 876, send_delta 3, trans_delta 1, recv_delta 4
P: seq 34535, size 1096, send_delta 3, trans_delta 1, recv_delta 4
P: seq 34536, size 1097, send_delta 5, trans_delta 1, recv_delta 6
P: seq 34537, size 1097, send_delta 5, trans_delta 1, recv_delta 6
P: seq 34538, size 967, send_delta 5, trans_delta 1, recv_delta 6
P: seq 34539, size 967, send_delta 5, trans_delta 1, recv_delta 6
P: seq 34540, size 967, send_delta 5, trans_delta 2, recv_delta 7
P: seq 34541, size 1075, send_delta 7, trans_delta 2, recv_delta 9
P: seq 34542, size 1075, send_delta 7, trans_delta 2, recv_delta 9
P: seq 34543, size 759, send_delta 7, trans_delta 2, recv_delta 9
P: seq 34544, size 760, send_delta 7, trans_delta 2, recv_delta 9
P: seq 34545, size 1167, send_delta 8, trans_delta 2, recv_delta 10
P: seq 34546, size 1167, send_delta 8, trans_delta 2, recv_delta 10
P: seq 34547, size 1184, send_delta 10, trans_delta 0, recv_delta 10
P: seq 34548, size 1184, send_delta 10, trans_delta 1, recv_delta 11
P: seq 34549, size 1184, send_delta 10, trans_delta 1, recv_delta 11
P: seq 34550, size 1185, send_delta 10, trans_delta 1, recv_delta 11
RTP TS: 407318641, Frame Size: 21003, Encode 4, Net 12, Wait 46, Decode 5 E2E 67 
P: seq 34551, size 864, send_delta 0, trans_delta 1, recv_delta 1
P: seq 34552, size 864, send_delta 2, trans_delta 1, recv_delta 3
P: seq 34553, size 865, send_delta 2, trans_delta 1, recv_delta 3
P: seq 34554, size 868, send_delta 2, trans_delta 1, recv_delta 3
P: seq 34555, size 868, send_delta 2, trans_delta 1, recv_delta 3
P: seq 34556, size 868, send_delta 4, trans_delta 1, recv_delta 5
P: seq 34557, size 1113, send_delta 4, trans_delta 1, recv_delta 5
P: seq 34558, size 1114, send_delta 4, trans_delta 1, recv_delta 5
P: seq 34559, size 1114, send_delta 4, trans_delta 1, recv_delta 5
P: seq 34560, size 912, send_delta 4, trans_delta 2, recv_delta 6
P: seq 34561, size 912, send_delta 6, trans_delta 1, recv_delta 7
P: seq 34562, size 913, send_delta 6, trans_delta 1, recv_delta 7
P: seq 34563, size 1113, send_delta 6, trans_delta 1, recv_delta 7
P: seq 34564, size 1114, send_delta 6, trans_delta 2, recv_delta 8
P: seq 34565, size 770, send_delta 6, trans_delta 2, recv_delta 8
P: seq 34566, size 771, send_delta 7, trans_delta 2, recv_delta 9
P: seq 34567, size 1170, send_delta 7, trans_delta 2, recv_delta 9
P: seq 34568, size 1171, send_delta 9, trans_delta 1, recv_delta 10
P: seq 34569, size 1039, send_delta 9, trans_delta 1, recv_delta 10
P: seq 34570, size 1039, send_delta 9, trans_delta 1, recv_delta 10
P: seq 34571, size 1040, send_delta 9, trans_delta 1, recv_delta 10
P: seq 34572, size 1040, send_delta 9, trans_delta 2, recv_delta 11
RTP TS: 407320171, Frame Size: 22460, Encode 4, Net 11, Wait 47, Decode 5 E2E 67 
P: seq 34573, size 958, send_delta 0, trans_delta 1, recv_delta 1
P: seq 34574, size 958, send_delta 2, trans_delta 1, recv_delta 3
P: seq 34575, size 959, send_delta 2, trans_delta 1, recv_delta 3
P: seq 34576, size 1023, send_delta 2, trans_delta 1, recv_delta 3
P: seq 34577, size 1024, send_delta 2, trans_delta 1, recv_delta 3
P: seq 34578, size 1024, send_delta 4, trans_delta 0, recv_delta 4
P: seq 34579, size 921, send_delta 4, trans_delta 1, recv_delta 5
P: seq 34580, size 921, send_delta 4, trans_delta 2, recv_delta 6
P: seq 34581, size 921, send_delta 4, trans_delta 2, recv_delta 6
P: seq 34582, size 922, send_delta 4, trans_delta 2, recv_delta 6
P: seq 34583, size 915, send_delta 4, trans_delta 2, recv_delta 6
P: seq 34584, size 915, send_delta 7, trans_delta 1, recv_delta 8
P: seq 34585, size 915, send_delta 7, trans_delta 1, recv_delta 8
P: seq 34586, size 1112, send_delta 7, trans_delta 1, recv_delta 8
P: seq 34587, size 1113, send_delta 7, trans_delta 1, recv_delta 8
P: seq 34588, size 803, send_delta 7, trans_delta 2, recv_delta 9
P: seq 34589, size 803, send_delta 7, trans_delta 2, recv_delta 9
P: seq 34590, size 862, send_delta 8, trans_delta 1, recv_delta 9
P: seq 34591, size 862, send_delta 8, trans_delta 1, recv_delta 9
P: seq 34592, size 862, send_delta 8, trans_delta 1, recv_delta 9
P: seq 34593, size 1064, send_delta 8, trans_delta 2, recv_delta 10
P: seq 34594, size 1064, send_delta 9, trans_delta 2, recv_delta 11
P: seq 34595, size 1065, send_delta 10, trans_delta 1, recv_delta 11
P: seq 34596, size 1065, send_delta 10, trans_delta 1, recv_delta 11
RTP TS: 407321791, Frame Size: 21792, Encode 4, Net 12, Wait None, Decode None E2E None 
P: seq 34597, size 1008, send_delta 0, trans_delta 1, recv_delta 1
P: seq 34598, size 1009, send_delta 2, trans_delta 1, recv_delta 3
P: seq 34599, size 1009, send_delta 2, trans_delta 1, recv_delta 3
P: seq 34600, size 998, send_delta 2, trans_delta 1, recv_delta 3
P: seq 34601, size 998, send_delta 2, trans_delta 2, recv_delta 4
P: seq 34602, size 998, send_delta 2, trans_delta 2, recv_delta 4
P: seq 34603, size 1137, send_delta 4, trans_delta 2, recv_delta 6
P: seq 34604, size 1137, send_delta 5, trans_delta 1, recv_delta 6
P: seq 34605, size 1138, send_delta 5, trans_delta 1, recv_delta 6
P: seq 34606, size 840, send_delta 5, trans_delta 1, recv_delta 6
P: seq 34607, size 840, send_delta 5, trans_delta 1, recv_delta 6
P: seq 34608, size 840, send_delta 7, trans_delta 1, recv_delta 8
P: seq 34609, size 1029, send_delta 7, trans_delta 1, recv_delta 8
P: seq 34610, size 1029, send_delta 7, trans_delta 1, recv_delta 8
P: seq 34611, size 862, send_delta 7, trans_delta 1, recv_delta 8
P: seq 34612, size 863, send_delta 7, trans_delta 2, recv_delta 9
P: seq 34613, size 853, send_delta 7, trans_delta 2, recv_delta 9
P: seq 34614, size 853, send_delta 9, trans_delta 2, recv_delta 11
P: seq 34615, size 854, send_delta 9, trans_delta 2, recv_delta 11
P: seq 34616, size 1015, send_delta 9, trans_delta 2, recv_delta 11
P: seq 34617, size 1015, send_delta 10, trans_delta 1, recv_delta 11
P: seq 34618, size 1016, send_delta 10, trans_delta 1, recv_delta 11
P: seq 34619, size 1016, send_delta 10, trans_delta 2, recv_delta 12
RTP TS: 407323411, Frame Size: 22688, Encode 4, Net 12, Wait None, Decode None E2E None 
P: seq 34620, size 999, send_delta 0, trans_delta 1, recv_delta 1
P: seq 34621, size 999, send_delta 2, trans_delta 1, recv_delta 3
P: seq 34622, size 999, send_delta 2, trans_delta 1, recv_delta 3
P: seq 34623, size 1105, send_delta 2, trans_delta 1, recv_delta 3
P: seq 34624, size 1105, send_delta 2, trans_delta 1, recv_delta 3
P: seq 34625, size 1106, send_delta 4, trans_delta 1, recv_delta 5
P: seq 34626, size 1114, send_delta 4, trans_delta 1, recv_delta 5
P: seq 34627, size 1114, send_delta 4, trans_delta 2, recv_delta 6
P: seq 34628, size 1114, send_delta 4, trans_delta 2, recv_delta 6
P: seq 34629, size 847, send_delta 4, trans_delta 2, recv_delta 6
P: seq 34630, size 848, send_delta 4, trans_delta 2, recv_delta 6
P: seq 34631, size 848, send_delta 6, trans_delta 1, recv_delta 7
P: seq 34632, size 1037, send_delta 6, trans_delta 1, recv_delta 7
P: seq 34633, size 1037, send_delta 6, trans_delta 1, recv_delta 7
P: seq 34634, size 884, send_delta 7, trans_delta 1, recv_delta 8
P: seq 34635, size 885, send_delta 7, trans_delta 1, recv_delta 8
P: seq 34636, size 907, send_delta 7, trans_delta 1, recv_delta 8
P: seq 34637, size 908, send_delta 8, trans_delta 1, recv_delta 9
P: seq 34638, size 908, send_delta 8, trans_delta 1, recv_delta 9
P: seq 34639, size 1122, send_delta 8, trans_delta 1, recv_delta 9
P: seq 34640, size 1122, send_delta 10, trans_delta 2, recv_delta 12
P: seq 34641, size 1122, send_delta 10, trans_delta 2, recv_delta 12
P: seq 34642, size 1123, send_delta 11, trans_delta 1, recv_delta 12
RTP TS: 407325031, Frame Size: 21618, Encode 4, Net 13, Wait None, Decode None E2E None 
P: seq 34643, size 1072, send_delta 0, trans_delta 1, recv_delta 1
P: seq 34644, size 1072, send_delta 2, trans_delta 1, recv_delta 3
P: seq 34645, size 1072, send_delta 2, trans_delta 1, recv_delta 3
P: seq 34646, size 1055, send_delta 2, trans_delta 1, recv_delta 3
P: seq 34647, size 1055, send_delta 4, trans_delta 1, recv_delta 5
P: seq 34648, size 1056, send_delta 4, trans_delta 1, recv_delta 5
P: seq 34649, size 883, send_delta 4, trans_delta 1, recv_delta 5
P: seq 34650, size 884, send_delta 4, trans_delta 1, recv_delta 5
P: seq 34651, size 884, send_delta 4, trans_delta 2, recv_delta 6
P: seq 34652, size 1131, send_delta 6, trans_delta 2, recv_delta 8
P: seq 34653, size 1131, send_delta 6, trans_delta 2, recv_delta 8
P: seq 34654, size 1101, send_delta 6, trans_delta 2, recv_delta 8
P: seq 34655, size 1102, send_delta 7, trans_delta 2, recv_delta 9
P: seq 34656, size 1015, send_delta 7, trans_delta 2, recv_delta 9
P: seq 34657, size 1016, send_delta 7, trans_delta 2, recv_delta 9
P: seq 34658, size 858, send_delta 9, trans_delta 1, recv_delta 10
P: seq 34659, size 859, send_delta 9, trans_delta 1, recv_delta 10
P: seq 34660, size 859, send_delta 9, trans_delta 1, recv_delta 10
P: seq 34661, size 1013, send_delta 9, trans_delta 1, recv_delta 10
P: seq 34662, size 1013, send_delta 9, trans_delta 2, recv_delta 11
P: seq 34663, size 1013, send_delta 11, trans_delta 2, recv_delta 13
P: seq 34664, size 1013, send_delta 11, trans_delta 2, recv_delta 13
RTP TS: 407326651, Frame Size: 20858, Encode 4, Net None, Wait None, Decode None E2E None 
P: seq 34665, size 1060, send_delta 0, trans_delta 1, recv_delta 1
P: seq 34666, size 1061, send_delta 2, trans_delta 1, recv_delta 3
P: seq 34667, size 1061, send_delta 2, trans_delta 1, recv_delta 3
P: seq 34668, size 977, send_delta 2, trans_delta 1, recv_delta 3
P: seq 34669, size 978, send_delta 4, trans_delta 1, recv_delta 5
P: seq 34670, size 978, send_delta 4, trans_delta 1, recv_delta 5
P: seq 34671, size 1011, send_delta 4, trans_delta 1, recv_delta 5
P: seq 34672, size 1011, send_delta 4, trans_delta 1, recv_delta 5
P: seq 34673, size 1012, send_delta 4, trans_delta 2, recv_delta 6
P: seq 34674, size 1103, send_delta 6, trans_delta 1, recv_delta 7
P: seq 34675, size 1104, send_delta 6, trans_delta 2, recv_delta 8
P: seq 34676, size 927, send_delta 6, trans_delta 2, recv_delta 8
P: seq 34677, size 927, send_delta 6, trans_delta 2, recv_delta 8
P: seq 34678, size 860, send_delta 6, trans_delta "lost", recv_delta None
P: seq 34679, size 861, send_delta 7, trans_delta "lost", recv_delta None
P: seq 34680, size 882, send_delta 9, trans_delta "lost", recv_delta None
P: seq 34681, size 883, send_delta 9, trans_delta "lost", recv_delta None
P: seq 34682, size 883, send_delta 9, trans_delta "lost", recv_delta None
P: seq 34683, size 954, send_delta 9, trans_delta "lost", recv_delta None
P: seq 34684, size 954, send_delta 9, trans_delta "lost", recv_delta None
P: seq 34685, size 955, send_delta 9, trans_delta "lost", recv_delta None
P: seq 34686, size 955, send_delta 11, trans_delta "lost", recv_delta None
RTP TS: 407328271, Frame Size: 20576, Encode 4, Net None, Wait None, Decode None E2E None 
P: seq 34687, size 1012, send_delta 0, trans_delta "lost", recv_delta None
P: seq 34688, size 1012, send_delta 2, trans_delta "lost", recv_delta None
P: seq 34689, size 1013, send_delta 2, trans_delta "lost", recv_delta None
P: seq 34690, size 974, send_delta 3, trans_delta "lost", recv_delta None
P: seq 34691, size 975, send_delta 3, trans_delta "lost", recv_delta None
P: seq 34692, size 975, send_delta 3, trans_delta "lost", recv_delta None
P: seq 34693, size 1170, send_delta 5, trans_delta "lost", recv_delta None
P: seq 34694, size 1170, send_delta 5, trans_delta "lost", recv_delta None
P: seq 34695, size 1170, send_delta 5, trans_delta "lost", recv_delta None
P: seq 34696, size 1144, send_delta 5, trans_delta "lost", recv_delta None
P: seq 34697, size 1144, send_delta 5, trans_delta "lost", recv_delta None
P: seq 34698, size 992, send_delta 7, trans_delta "lost", recv_delta None
P: seq 34699, size 992, send_delta 7, trans_delta "lost", recv_delta None
P: seq 34700, size 748, send_delta 7, trans_delta "lost", recv_delta None
P: seq 34701, size 749, send_delta 7, trans_delta "lost", recv_delta None
P: seq 34702, size 829, send_delta 7, trans_delta "lost", recv_delta None
P: seq 34703, size 830, send_delta 7, trans_delta "lost", recv_delta None
P: seq 34704, size 830, send_delta 8, trans_delta "lost", recv_delta None
P: seq 34705, size 1120, send_delta 10, trans_delta "lost", recv_delta None
P: seq 34706, size 1120, send_delta 10, trans_delta "lost", recv_delta None
P: seq 34707, size 1120, send_delta 10, trans_delta "lost", recv_delta None
RTP TS: 407329891, Frame Size: 20419, Encode 4, Net None, Wait None, Decode None E2E None 
P: seq 34708, size 1058, send_delta 0, trans_delta "lost", recv_delta None
P: seq 34709, size 1058, send_delta 2, trans_delta "lost", recv_delta None
P: seq 34710, size 1058, send_delta 3, trans_delta "lost", recv_delta None
P: seq 34711, size 902, send_delta 3, trans_delta "lost", recv_delta None
P: seq 34712, size 902, send_delta 3, trans_delta "lost", recv_delta None
P: seq 34713, size 902, send_delta 3, trans_delta "lost", recv_delta None
P: seq 34714, size 1178, send_delta 3, trans_delta "lost", recv_delta None
P: seq 34715, size 1178, send_delta 5, trans_delta "lost", recv_delta None
P: seq 34716, size 1178, send_delta 5, trans_delta "lost", recv_delta None
P: seq 34717, size 1145, send_delta 5, trans_delta "lost", recv_delta None
P: seq 34718, size 1146, send_delta 5, trans_delta "lost", recv_delta None
P: seq 34719, size 953, send_delta 7, trans_delta "lost", recv_delta None
P: seq 34720, size 954, send_delta 7, trans_delta "lost", recv_delta None
P: seq 34721, size 817, send_delta 7, trans_delta "lost", recv_delta None
P: seq 34722, size 818, send_delta 7, trans_delta "lost", recv_delta None
P: seq 34723, size 1134, send_delta 7, trans_delta "lost", recv_delta None
P: seq 34724, size 1135, send_delta 8, trans_delta "lost", recv_delta None
P: seq 34725, size 1130, send_delta 9, trans_delta "lost", recv_delta None
P: seq 34726, size 1130, send_delta 9, trans_delta "lost", recv_delta None
P: seq 34727, size 1130, send_delta 10, trans_delta "lost", recv_delta None
RTP TS: 407331421, Frame Size: 19089, Encode 4, Net None, Wait None, Decode None E2E None 
P: seq 34728, size 1015, send_delta 0, trans_delta "lost", recv_delta None
P: seq 34729, size 1015, send_delta 2, trans_delta "lost", recv_delta None
P: seq 34730, size 1015, send_delta 2, trans_delta "lost", recv_delta None
P: seq 34731, size 808, send_delta 2, trans_delta "lost", recv_delta None
P: seq 34732, size 808, send_delta 2, trans_delta "lost", recv_delta None
P: seq 34733, size 808, send_delta 2, trans_delta "lost", recv_delta None
P: seq 34734, size 1088, send_delta 5, trans_delta "lost", recv_delta None
P: seq 34735, size 1088, send_delta 5, trans_delta "lost", recv_delta None
P: seq 34736, size 1088, send_delta 5, trans_delta "lost", recv_delta None
P: seq 34737, size 912, send_delta 5, trans_delta "lost", recv_delta None
P: seq 34738, size 912, send_delta 5, trans_delta "lost", recv_delta None
P: seq 34739, size 1046, send_delta 5, trans_delta "lost", recv_delta None
P: seq 34740, size 1047, send_delta 7, trans_delta "lost", recv_delta None
P: seq 34741, size 859, send_delta 7, trans_delta "lost", recv_delta None
P: seq 34742, size 859, send_delta 7, trans_delta "lost", recv_delta None
